Outlet_ID,cqr_lower,cqr_upper
OUT_00001,899.2484,1144.4739
OUT_00002,906.0529,1211.282
OUT_00003,890.6377,1101.8619
OUT_00004,929.28064,1147.0327
OUT_00005,909.6155,1091.3896
OUT_00006,905.7312,1368.209
OUT_00007,907.73065,1134.9276
OUT_00008,884.9347,1146.6182
OUT_00009,893.5565,1404.5664
OUT_00010,892.9381,1260.7395
OUT_00011,884.383,1162.1443
OUT_00012,900.49976,1090.6658
OUT_00013,902.33887,1110.6184
OUT_00014,898.69073,1106.3151
OUT_00015,920.6661,1320.6122
OUT_00016,1050.4401,1667.5461
OUT_00017,907.2473,1271.7661
OUT_00018,890.43396,1167.3857
OUT_00019,915.1459,1519.7628
OUT_00020,914.15546,1344.7411
OUT_00021,915.14386,1511.7407
OUT_00022,923.98376,1214.0912
OUT_00023,915.92786,1424.2985
OUT_00024,900.7449,1092.6956
OUT_00025,963.2793,1592.0027
OUT_00026,912.0163,1402.7761
OUT_00027,924.4819,1260.3411
OUT_00028,904.7774,1252.5092
OUT_00029,912.88196,1125.0476
OUT_00030,890.05597,1061.9944
OUT_00031,917.58966,1401.4666
OUT_00032,914.6706,1406.0236
OUT_00033,900.9957,1204.8096
OUT_00034,902.8702,1343.2292
OUT_00035,906.97614,1133.0635
OUT_00036,903.7353,1217.5189
OUT_00037,932.7151,1171.359
OUT_00038,902.731,1118.6926
OUT_00039,919.576,1160.5361
OUT_00040,912.14716,1546.3577
OUT_00041,891.551,1280.4894
OUT_00042,914.32916,1082.0895
OUT_00043,877.39136,1136.5958
OUT_00044,913.3754,1412.9125
OUT_00045,901.11237,1278.7717
OUT_00046,483.6625,1142.8666
OUT_00047,925.392,1409.7961
OUT_00048,909.6609,1138.2356
OUT_00049,926.5999,1264.8359
OUT_00050,895.0176,1193.5209
OUT_00051,883.45135,1127.6935
OUT_00052,897.55634,1157.6411
OUT_00053,857.1365,1511.1483
OUT_00054,925.94366,1401.029
OUT_00055,911.0548,1178.1459
OUT_00056,911.53033,1452.234
OUT_00057,911.54663,1121.473
OUT_00058,925.4034,1127.28
OUT_00059,916.3524,1179.5245
OUT_00060,893.13855,1182.8285
OUT_00061,913.0145,1266.154
OUT_00062,909.9814,1169.46
OUT_00063,903.95746,1104.2487
OUT_00064,890.51263,1054.1436
OUT_00065,888.2709,1135.8068
OUT_00066,912.02295,1144.6777
OUT_00067,907.29144,1081.4434
OUT_00068,895.1567,1080.4232
OUT_00069,888.3583,1121.2336
OUT_00070,900.5069,1070.6404
OUT_00071,930.6003,1401.029
OUT_00072,923.50995,1142.717
OUT_00073,898.7132,1075.6442
OUT_00074,916.58997,1334.0302
OUT_00075,889.8351,1093.7015
OUT_00076,893.1354,1151.8911
OUT_00077,915.4805,1252.6117
OUT_00078,896.7796,1271.8757
OUT_00079,896.42615,1199.2079
OUT_00080,890.4483,1242.7589
OUT_00081,895.96234,1102.6699
OUT_00082,896.2515,1043.1702
OUT_00083,878.2276,1145.3103
OUT_00084,863.64136,1152.1858
OUT_00085,893.67694,1048.596
OUT_00086,921.90894,1353.2218
OUT_00087,892.2408,1070.8308
OUT_00088,895.89014,1122.4374
OUT_00089,889.88025,1080.6008
OUT_00090,901.9189,1091.459
OUT_00091,860.8978,1136.4783
OUT_00092,914.80536,1069.2217
OUT_00093,897.9346,1074.9829
OUT_00094,875.5449,1128.1461
OUT_00095,921.43756,1118.4426
OUT_00096,912.1037,1129.3071
OUT_00097,912.94446,1138.858
OUT_00098,885.78894,1197.1304
OUT_00099,878.17505,1140.6846
OUT_00100,887.41736,1050.2084
OUT_00101,898.01294,1213.8307
OUT_00102,916.4953,1180.474
OUT_00103,897.54144,1252.0807
OUT_00104,895.5029,1081.2185
OUT_00105,931.8963,1524.4341
OUT_00106,895.2587,1107.3016
OUT_00107,904.1608,1249.11
OUT_00108,898.60815,1081.7349
OUT_00109,903.992,1066.8665
OUT_00110,928.1504,1232.9094
OUT_00111,917.35175,1189.5884
OUT_00112,908.91595,1286.2051
OUT_00113,915.4974,1480.861
OUT_00114,888.1415,1143.2881
OUT_00115,829.01465,1107.855
OUT_00116,892.2971,1178.1183
OUT_00117,934.04834,1209.6627
OUT_00118,916.19507,1138.4274
OUT_00119,880.096,1206.6466
OUT_00120,900.43115,1183.3435
OUT_00121,895.45807,1273.4382
OUT_00122,898.86816,1116.0001
OUT_00123,898.7526,1064.5792
OUT_00124,886.83167,1171.4573
OUT_00125,889.7426,1061.8483
OUT_00126,873.0481,1168.2335
OUT_00127,890.24786,1232.0117
OUT_00128,905.2335,1106.0568
OUT_00129,899.0727,1199.2145
OUT_00130,911.1303,1345.6365
OUT_00131,923.6367,1139.6007
OUT_00132,906.4912,1215.9182
OUT_00133,909.104,1341.4115
OUT_00134,895.09955,1048.1233
OUT_00135,912.6279,1161.4464
OUT_00136,892.3379,1202.0751
OUT_00137,920.2519,1139.8973
OUT_00138,894.0431,1176.3549
OUT_00139,894.3847,1223.1123
OUT_00140,897.1007,1088.5486
OUT_00141,900.09717,1267.5208
OUT_00142,963.9396,1528.5779
OUT_00143,897.26715,1085.8818
OUT_00144,925.45514,1530.5365
OUT_00145,901.159,1115.834
OUT_00146,953.7534,1543.3367
OUT_00147,888.51794,1069.3914
OUT_00148,905.2353,1326.893
OUT_00149,890.0108,1111.0945
OUT_00150,920.5606,1127.1449
OUT_00151,902.24457,1339.1161
OUT_00152,897.20264,1193.3398
OUT_00153,886.1357,1076.3722
OUT_00154,454.97955,1069.6927
OUT_00155,915.53644,1120.0596
OUT_00156,895.8879,1270.6118
OUT_00157,932.7274,1227.4718
OUT_00158,919.0606,1312.3295
OUT_00159,899.23816,1260.6995
OUT_00160,895.58606,1266.1201
OUT_00161,489.9269,1080.8933
OUT_00162,903.74384,1073.198
OUT_00163,898.70276,1070.046
OUT_00164,903.39417,1101.082
OUT_00165,899.6625,1090.0775
OUT_00166,892.3281,1171.299
OUT_00167,929.4699,1260.3411
OUT_00168,924.137,1447.5009
OUT_00169,898.6491,1086.0337
OUT_00170,893.51025,1063.1511
OUT_00171,891.9853,1103.6304
OUT_00172,893.37396,1043.6534
OUT_00173,893.7525,1102.7655
OUT_00174,880.7693,1037.3145
OUT_00175,917.1414,1102.4662
OUT_00176,876.07733,1128.1902
OUT_00177,896.53986,1093.09
OUT_00178,932.0912,1209.8114
OUT_00179,871.83136,1174.459
OUT_00180,895.733,1259.1282
OUT_00181,890.9539,1069.1786
OUT_00182,921.19495,1405.3218
OUT_00183,909.1097,1104.3276
OUT_00184,868.7646,1067.0487
OUT_00185,903.74396,1182.7416
OUT_00186,919.9074,1187.7787
OUT_00187,892.8871,1113.4509
OUT_00188,913.70465,1367.2144
OUT_00189,487.01395,1084.8226
OUT_00190,899.39056,1174.1484
OUT_00191,885.31635,1076.0826
OUT_00192,878.9485,1144.6709
OUT_00193,891.3295,1073.3463
OUT_00194,908.01556,1169.8008
OUT_00195,885.64954,1134.3015
OUT_00196,890.03174,1181.216
OUT_00197,870.9238,1135.156
OUT_00198,916.53186,1185.6295
OUT_00199,912.1325,1131.1068
OUT_00200,887.26733,1081.5446
OUT_00201,356.97546,878.5837
OUT_00202,885.4293,1062.3969
OUT_00203,907.6083,1118.6637
OUT_00204,901.8844,1092.0122
OUT_00205,925.8877,1142.717
OUT_00206,895.0328,1052.7391
OUT_00207,903.0821,1087.3273
OUT_00208,885.422,1318.4786
OUT_00209,453.50977,1026.6785
OUT_00210,903.11334,1111.2086
OUT_00211,895.03973,1066.2053
OUT_00212,909.9158,1325.0942
OUT_00213,917.9565,1063.3973
OUT_00214,895.6312,1255.3141
OUT_00215,902.75275,1281.9944
OUT_00216,914.7295,1179.9733
OUT_00217,904.65076,1085.8539
OUT_00218,907.7818,1179.3442
OUT_00219,905.05286,1160.1437
OUT_00220,901.12897,1372.618
OUT_00221,920.0131,1170.8623
OUT_00222,887.8352,1231.0641
OUT_00223,891.8838,1015.9791
OUT_00224,898.52484,1095.1931
OUT_00225,897.0218,1181.6654
OUT_00226,1039.4597,1123.8477
OUT_00227,897.74115,1077.2902
OUT_00228,904.0873,1116.535
OUT_00229,902.1199,1265.5084
OUT_00230,896.69617,1083.253
OUT_00231,906.9841,1095.9518
OUT_00232,930.5209,1378.6003
OUT_00233,893.5754,1068.426
OUT_00234,892.3714,1110.5381
OUT_00235,881.8237,1067.1621
OUT_00236,901.4708,1241.5294
OUT_00237,847.9657,1189.0758
OUT_00238,916.0293,1129.1644
OUT_00239,887.9251,1098.4016
OUT_00240,896.7921,1214.1779
OUT_00241,400.2434,1048.8076
OUT_00242,883.5224,1144.245
OUT_00243,926.5131,1090.5359
OUT_00244,797.8534,1052.3369
OUT_00245,905.2654,1128.3617
OUT_00246,896.7348,1249.3142
OUT_00247,933.9192,1175.4138
OUT_00248,885.1198,1272.5477
OUT_00249,897.2374,1063.1511
OUT_00250,899.7447,1256.1565
OUT_00251,876.06665,1135.2642
OUT_00252,904.9987,1083.4291
OUT_00253,887.55054,1081.7632
OUT_00254,452.982,1113.2848
OUT_00255,913.3005,1303.8378
OUT_00256,892.1102,1132.7864
OUT_00257,900.7332,1100.7687
OUT_00258,908.8244,1089.3854
OUT_00259,892.5715,1228.9786
OUT_00260,877.41364,1186.9717
OUT_00261,920.6678,1176.1157
OUT_00262,903.49493,1193.7777
OUT_00263,889.36017,1230.5453
OUT_00264,899.4423,1107.135
OUT_00265,934.1057,1184.5353
OUT_00266,925.65063,1281.054
OUT_00267,904.9448,1099.9375
OUT_00268,892.4611,1059.2031
OUT_00269,912.3801,1324.7755
OUT_00270,891.5424,1120.6448
OUT_00271,916.4343,1084.4875
OUT_00272,898.39703,1114.7085
OUT_00273,918.031,1171.1401
OUT_00274,891.0248,1270.2305
OUT_00275,924.65326,1096.2031
OUT_00276,880.9279,1067.6696
OUT_00277,893.0009,1239.7579
OUT_00278,917.11774,1141.3159
OUT_00279,893.6637,1073.1898
OUT_00280,885.9221,1165.9423
OUT_00281,908.21356,1179.6398
OUT_00282,902.0836,1051.6731
OUT_00283,897.3345,1094.2582
OUT_00284,888.0919,1187.6404
OUT_00285,904.5688,1083.6727
OUT_00286,898.90924,1248.5018
OUT_00287,882.3037,1152.2883
OUT_00288,913.4376,1186.8245
OUT_00289,905.83636,1116.4143
OUT_00290,924.88165,1086.1724
OUT_00291,905.48883,1109.8387
OUT_00292,900.3974,1123.8939
OUT_00293,899.8991,1101.8127
OUT_00294,892.5233,1080.8258
OUT_00295,886.2693,1211.3151
OUT_00296,481.56503,1125.3002
OUT_00297,927.9667,1477.2572
OUT_00298,878.18005,1174.5425
OUT_00299,911.0084,1144.0485
OUT_00300,894.79456,1063.1796
OUT_00301,901.3794,1157.8568
OUT_00302,907.69635,1345.3356
OUT_00303,913.5993,1298.3527
OUT_00304,889.9832,1199.2808
OUT_00305,796.23615,1075.9916
OUT_00306,900.0223,1078.2612
OUT_00307,901.2491,1086.7804
OUT_00308,896.04083,1100.8049
OUT_00309,903.127,1067.0459
OUT_00310,900.63605,1119.7186
OUT_00311,915.55524,1131.1068
OUT_00312,898.342,1248.059
OUT_00313,935.57733,1384.023
OUT_00314,834.7994,1014.439
OUT_00315,899.1082,1058.5159
OUT_00316,901.5445,1236.9564
OUT_00317,894.5876,1072.7029
OUT_00318,922.24664,1099.9504
OUT_00319,883.65576,1182.2571
OUT_00320,899.10254,1251.3293
OUT_00321,920.3231,1322.8347
OUT_00322,904.16113,1092.3171
OUT_00323,916.513,1347.4458
OUT_00324,802.0347,1009.9946
OUT_00325,916.6664,1097.1504
OUT_00326,918.86127,1220.1575
OUT_00327,897.8829,1248.059
OUT_00328,908.588,1274.5228
OUT_00329,887.7258,1145.8231
OUT_00330,917.0882,1176.3229
OUT_00331,442.73572,1078.296
OUT_00332,902.65375,1046.1003
OUT_00333,914.8235,1218.317
OUT_00334,899.79004,1126.898
OUT_00335,896.8391,1212.1173
OUT_00336,912.6743,1247.8058
OUT_00337,904.4301,1135.5017
OUT_00338,920.3052,1103.6389
OUT_00339,919.54236,1097.0874
OUT_00340,919.0056,1389.7644
OUT_00341,896.8916,1081.3746
OUT_00342,896.2663,1075.6442
OUT_00343,903.6104,1079.1498
OUT_00344,889.2734,1083.2798
OUT_00345,894.4298,1147.1091
OUT_00346,914.9207,1094.6108
OUT_00347,906.804,1252.5823
OUT_00348,895.4031,1057.3518
OUT_00349,887.96185,1069.1467
OUT_00350,912.4019,1128.2319
OUT_00351,925.8661,1390.3726
OUT_00352,889.7715,1202.506
OUT_00353,940.2168,1280.241
OUT_00354,911.6418,1440.617
OUT_00355,912.77246,1306.1217
OUT_00356,892.7684,1361.3749
OUT_00357,889.0783,1067.4443
OUT_00358,878.74585,1148.0143
OUT_00359,901.92255,1114.9078
OUT_00360,898.5285,1101.1461
OUT_00361,911.98083,1181.4491
OUT_00362,910.2895,1430.6926
OUT_00363,924.29205,1440.6123
OUT_00364,900.6302,1110.2463
OUT_00365,880.6973,1085.9513
OUT_00366,878.11084,997.6427
OUT_00367,907.5555,1306.886
OUT_00368,900.4367,1054.6943
OUT_00369,899.74536,1100.5698
OUT_00370,913.5006,1177.4298
OUT_00371,895.29736,1384.577
OUT_00372,895.04175,1154.6522
OUT_00373,899.69507,1184.7725
OUT_00374,894.6524,1178.3298
OUT_00375,896.9921,1057.4977
OUT_00376,893.5303,1065.5592
OUT_00377,905.58704,1098.1729
OUT_00378,902.54565,1214.0662
OUT_00379,901.9084,1096.2621
OUT_00380,894.0057,1144.0682
OUT_00381,933.46857,1461.5223
OUT_00382,895.4421,1160.7678
OUT_00383,894.52734,1114.9196
OUT_00384,904.9838,1304.8818
OUT_00385,919.9839,1179.2312
OUT_00386,891.0859,1013.7541
OUT_00387,890.71326,1140.3639
OUT_00388,889.64484,1190.2031
OUT_00389,884.67365,1196.1147
OUT_00390,900.50104,1266.8175
OUT_00391,367.74127,941.42554
OUT_00392,904.5396,1148.4348
OUT_00393,902.4823,1102.6129
OUT_00394,916.2852,1110.0898
OUT_00395,905.3752,1091.5977
OUT_00396,911.39374,1256.5411
OUT_00397,897.10205,1318.0145
OUT_00398,902.5275,1096.9268
OUT_00399,889.2545,1142.631
OUT_00400,913.7518,1346.5571
OUT_00401,59.66509,192.37721
OUT_00402,912.5442,1140.9948
OUT_00403,259.25952,426.9268
OUT_00404,53.56631,177.51688
OUT_00405,283.60822,404.67636
OUT_00406,52.469997,174.98904
OUT_00407,83.30661,199.07535
OUT_00408,70.82698,193.93462
OUT_00409,244.6291,407.04846
OUT_00410,253.55934,433.48016
OUT_00411,73.75049,199.72182
OUT_00412,59.80102,188.1089
OUT_00413,902.1303,1084.1616
OUT_00414,62.864635,194.86407
OUT_00415,66.44385,200.02905
OUT_00416,289.40088,427.15652
OUT_00417,884.9983,1084.6823
OUT_00418,281.61273,412.10513
OUT_00419,48.94891,175.97182
OUT_00420,64.02556,201.35017
OUT_00421,238.16292,412.1199
OUT_00422,235.3843,357.97974
OUT_00423,899.68024,1121.6708
OUT_00424,894.3299,1139.1176
OUT_00425,69.58121,194.06328
OUT_00426,274.93158,409.16418
OUT_00427,245.68703,410.06293
OUT_00428,918.059,1140.2656
OUT_00429,240.16756,405.52115
OUT_00430,63.344173,187.47794
OUT_00431,86.797104,196.55994
OUT_00432,920.26196,1390.3726
OUT_00433,256.64124,435.11606
OUT_00434,915.8609,1088.6602
OUT_00435,277.5965,405.94388
OUT_00436,72.86598,200.64468
OUT_00437,74.16853,202.52411
OUT_00438,278.84717,415.73218
OUT_00439,262.555,407.62387
OUT_00440,75.41855,201.07497
OUT_00441,76.96489,202.01593
OUT_00442,92.415146,198.88354
OUT_00443,237.90352,403.46808
OUT_00444,248.4344,409.2205
OUT_00445,884.8943,1283.0706
OUT_00446,75.303055,204.22429
OUT_00447,67.478455,192.44922
OUT_00448,67.45279,198.0834
OUT_00449,1583.5344,2143.329
OUT_00450,934.2454,1119.7804
OUT_00451,58.708523,185.04051
OUT_00452,72.31955,204.9237
OUT_00453,222.83687,408.40497
OUT_00454,239.74629,403.40353
OUT_00455,1886.175,2137.9595
OUT_00456,250.907,410.42935
OUT_00457,906.54425,1117.9966
OUT_00458,69.61752,200.7742
OUT_00459,221.334,404.97235
OUT_00460,261.0442,403.4721
OUT_00461,53.160664,177.54048
OUT_00462,62.597424,187.65996
OUT_00463,895.3129,1084.2874
OUT_00464,85.33853,218.64609
OUT_00465,281.9496,436.02234
OUT_00466,909.4546,1129.4786
OUT_00467,53.091816,181.0421
OUT_00468,903.3962,1104.3633
OUT_00469,87.50191,205.6136
OUT_00470,59.11034,183.98076
OUT_00471,228.79726,403.2821
OUT_00472,246.68507,403.46808
OUT_00473,59.399395,177.18541
OUT_00474,53.929546,178.87149
OUT_00475,55.00729,179.82864
OUT_00476,259.61578,428.26157
OUT_00477,78.999115,203.47818
OUT_00478,249.95094,362.95306
OUT_00479,77.318344,206.06743
OUT_00480,87.65318,203.44803
OUT_00481,67.65964,199.3782
OUT_00482,279.88812,409.0206
OUT_00483,74.31853,222.76738
OUT_00484,53.857357,183.52632
OUT_00485,262.52942,413.40308
OUT_00486,269.75238,414.7303
OUT_00487,73.7372,199.47923
OUT_00488,68.71329,197.97006
OUT_00489,251.33644,416.96585
OUT_00490,66.778336,198.07
OUT_00491,68.09413,192.57864
OUT_00492,886.95416,1114.537
OUT_00493,302.0844,682.49
OUT_00494,60.7236,186.9144
OUT_00495,52.090298,169.18506
OUT_00496,83.42438,202.29092
OUT_00497,287.11957,424.97214
OUT_00498,261.42255,433.61884
OUT_00499,265.58368,404.08032
OUT_00500,73.6151,208.407
OUT_00501,273.89624,410.32156
OUT_00502,244.92091,413.39395
OUT_00503,895.2906,1064.7286
OUT_00504,242.34425,394.7095
OUT_00505,76.38684,220.956
OUT_00506,924.1629,1140.8738
OUT_00507,921.1546,1139.9838
OUT_00508,252.1592,404.7356
OUT_00509,286.9687,434.6036
OUT_00510,233.40907,405.3438
OUT_00511,281.85516,421.28674
OUT_00512,56.495,173.2793
OUT_00513,70.595566,196.2439
OUT_00514,70.46979,199.8211
OUT_00515,923.27856,1106.7981
OUT_00516,84.95413,200.50067
OUT_00517,252.62111,403.46808
OUT_00518,241.39766,404.1891
OUT_00519,73.8967,203.91586
OUT_00520,57.999928,180.82768
OUT_00521,77.32672,194.91936
OUT_00522,68.55559,196.40678
OUT_00523,68.91943,193.9585
OUT_00524,85.99184,209.09785
OUT_00525,894.3072,1093.0453
OUT_00526,239.66762,410.2901
OUT_00527,262.3354,435.60513
OUT_00528,273.794,419.96777
OUT_00529,269.50098,403.46808
OUT_00530,930.0065,1237.5819
OUT_00531,61.7486,172.35805
OUT_00532,77.00679,201.47055
OUT_00533,85.216934,203.7356
OUT_00534,902.9256,1278.9697
OUT_00535,49.088886,187.6753
OUT_00536,55.49261,179.5613
OUT_00537,55.349888,178.9897
OUT_00538,77.581406,200.04024
OUT_00539,922.83997,1088.1012
OUT_00540,72.567215,198.25127
OUT_00541,282.95337,425.34186
OUT_00542,62.962597,193.75014
OUT_00543,67.17618,198.67479
OUT_00544,62.551548,184.72261
OUT_00545,241.0331,406.29684
OUT_00546,229.2093,426.08966
OUT_00547,78.76337,203.7459
OUT_00548,66.330444,186.81161
OUT_00549,58.978764,183.77574
OUT_00550,250.98244,432.02405
OUT_00551,897.9602,1141.8738
OUT_00552,75.25447,212.64941
OUT_00553,228.8904,384.779
OUT_00554,67.9503,195.12405
OUT_00555,71.32295,197.46176
OUT_00556,249.22774,396.94406
OUT_00557,62.988003,185.2468
OUT_00558,56.389286,180.44684
OUT_00559,62.34937,189.2502
OUT_00560,252.40016,404.0763
OUT_00561,77.753235,201.26877
OUT_00562,73.24689,193.11844
OUT_00563,91.92226,216.35213
OUT_00564,78.404816,199.25331
OUT_00565,254.29323,429.04547
OUT_00566,102.21721,241.34866
OUT_00567,922.4561,1117.653
OUT_00568,1939.665,2137.9595
OUT_00569,56.397686,188.25179
OUT_00570,886.122,1077.9904
OUT_00571,68.76007,193.73734
OUT_00572,69.61594,196.6879
OUT_00573,910.48065,1092.2107
OUT_00574,293.01846,619.4497
OUT_00575,75.07524,192.72435
OUT_00576,239.71083,389.34348
OUT_00577,920.83514,1089.8864
OUT_00578,82.938675,196.44934
OUT_00579,1620.8296,2143.329
OUT_00580,925.5932,1132.4727
OUT_00581,901.0042,1089.1113
OUT_00582,253.20473,411.31653
OUT_00583,74.83273,198.07036
OUT_00584,65.11058,195.07623
OUT_00585,251.07301,418.47363
OUT_00586,216.54256,384.59302
OUT_00587,239.69527,404.25363
OUT_00588,28.371311,138.93661
OUT_00589,900.38086,1126.8528
OUT_00590,280.79883,409.42212
OUT_00591,884.7951,1050.692
OUT_00592,63.985332,190.46407
OUT_00593,72.45892,195.72195
OUT_00594,254.36537,425.80997
OUT_00595,239.50087,409.662
OUT_00596,71.574615,194.04547
OUT_00597,59.375675,187.7903
OUT_00598,51.162853,167.91534
OUT_00599,79.8156,202.55646
OUT_00600,875.9524,1098.3662
OUT_00601,282.5417,446.59326
OUT_00602,78.04068,203.41893
OUT_00603,889.9282,1207.034
OUT_00604,248.03127,413.10794
OUT_00605,70.88196,196.79869
OUT_00606,895.1273,1169.4634
OUT_00607,884.002,1150.1881
OUT_00608,288.836,428.3496
OUT_00609,263.18225,405.52115
OUT_00610,882.0107,1070.0153
OUT_00611,81.00554,210.45259
OUT_00612,94.68495,203.03845
OUT_00613,76.42523,199.01349
OUT_00614,932.9842,1106.1857
OUT_00615,53.06934,188.4612
OUT_00616,248.09547,407.22598
OUT_00617,241.37166,411.7507
OUT_00618,276.14282,404.01175
OUT_00619,1644.2324,2150.743
OUT_00620,287.74976,436.30243
OUT_00621,271.33777,409.9041
OUT_00622,62.32485,186.20065
OUT_00623,80.88083,206.32819
OUT_00624,252.83815,425.2654
OUT_00625,255.74635,429.0316
OUT_00626,912.165,1156.7837
OUT_00627,204.28651,331.04654
OUT_00628,68.26297,195.8505
OUT_00629,256.956,432.65854
OUT_00630,69.21689,198.34662
OUT_00631,76.577515,199.73047
OUT_00632,47.94782,170.73091
OUT_00633,902.7434,1123.1584
OUT_00634,285.1407,427.01605
OUT_00635,284.4359,438.10114
OUT_00636,243.31062,391.0278
OUT_00637,240.57991,426.36392
OUT_00638,254.12837,439.15088
OUT_00639,831.1572,1085.7067
OUT_00640,278.31824,438.77182
OUT_00641,114.25368,295.51547
OUT_00642,246.96675,393.50467
OUT_00643,235.63786,380.36084
OUT_00644,283.69617,431.77176
OUT_00645,250.00887,410.9931
OUT_00646,68.17702,190.69722
OUT_00647,67.899765,191.35349
OUT_00648,249.24092,413.42767
OUT_00649,925.33356,1409.7961
OUT_00650,262.67535,428.93274
OUT_00651,70.608765,199.37796
OUT_00652,237.20284,404.01175
OUT_00653,51.229122,171.87668
OUT_00654,85.45685,204.48405
OUT_00655,75.05888,195.68687
OUT_00656,252.28987,447.10263
OUT_00657,66.07213,190.89752
OUT_00658,297.39166,797.78
OUT_00659,72.645996,200.82466
OUT_00660,905.4023,1287.7303
OUT_00661,273.0567,404.08032
OUT_00662,286.78613,435.47137
OUT_00663,283.83795,424.3074
OUT_00664,62.79308,195.45981
OUT_00665,76.870575,195.55289
OUT_00666,915.545,1134.9226
OUT_00667,257.08417,407.08835
OUT_00668,56.684467,180.8137
OUT_00669,73.1947,217.30994
OUT_00670,250.0453,410.00662
OUT_00671,277.4052,413.4372
OUT_00672,74.65578,202.92195
OUT_00673,276.6089,421.9677
OUT_00674,378.31738,937.4659
OUT_00675,80.70932,202.1399
OUT_00676,59.369244,191.41139
OUT_00677,261.55194,444.05634
OUT_00678,67.18338,195.7918
OUT_00679,86.33626,200.52559
OUT_00680,245.31349,407.16693
OUT_00681,63.092533,177.01418
OUT_00682,62.50639,188.74484
OUT_00683,234.70259,407.34494
OUT_00684,925.06866,1139.3239
OUT_00685,68.24837,190.66191
OUT_00686,895.155,1282.187
OUT_00687,897.0976,1068.9636
OUT_00688,67.29379,194.82469
OUT_00689,1881.6431,2137.9595
OUT_00690,73.188934,202.41345
OUT_00691,926.7477,1392.3319
OUT_00692,69.83981,192.93622
OUT_00693,280.48035,411.71362
OUT_00694,908.3971,1296.613
OUT_00695,72.34874,194.76593
OUT_00696,67.02989,197.84499
OUT_00697,280.43347,411.60477
OUT_00698,906.63245,1086.9705
OUT_00699,882.5571,1077.8029
OUT_00700,67.56482,192.61917
OUT_00701,71.35718,176.39168
OUT_00702,60.996708,186.9899
OUT_00703,232.05708,407.04984
OUT_00704,258.56268,404.49902
OUT_00705,82.8584,201.37943
OUT_00706,242.11269,412.05023
OUT_00707,68.301544,194.05602
OUT_00708,52.619686,182.7033
OUT_00709,72.64644,193.86206
OUT_00710,249.16463,409.7558
OUT_00711,77.429886,212.39546
OUT_00712,890.9363,1054.7336
OUT_00713,72.96001,199.92323
OUT_00714,42.50716,168.18968
OUT_00715,285.43976,427.35812
OUT_00716,55.627728,181.52138
OUT_00717,913.86597,1131.014
OUT_00718,57.835384,181.27003
OUT_00719,74.81056,202.8865
OUT_00720,906.1952,1103.0283
OUT_00721,73.51938,206.91104
OUT_00722,247.26753,406.33096
OUT_00723,75.86885,192.70569
OUT_00724,64.137344,192.6947
OUT_00725,49.708675,169.48372
OUT_00726,917.2038,1133.6782
OUT_00727,276.04272,410.92606
OUT_00728,904.4843,1272.7246
OUT_00729,61.506184,183.0293
OUT_00730,281.68732,441.15396
OUT_00731,890.29266,1215.3967
OUT_00732,278.46838,409.5884
OUT_00733,273.2699,416.1072
OUT_00734,1014.8946,1132.3187
OUT_00735,76.13747,219.92546
OUT_00736,906.52246,1083.2831
OUT_00737,902.73926,1144.9535
OUT_00738,58.570637,179.11685
OUT_00739,92.36766,208.96516
OUT_00740,246.5107,412.65228
OUT_00741,88.3459,198.43585
OUT_00742,1646.7556,2143.329
OUT_00743,77.88617,196.43733
OUT_00744,196.18211,397.58847
OUT_00745,278.4297,418.33627
OUT_00746,899.39624,1160.8264
OUT_00747,286.11975,815.29724
OUT_00748,103.71965,203.90166
OUT_00749,257.4629,432.77957
OUT_00750,242.1277,402.28732
OUT_00751,71.73863,196.36847
OUT_00752,66.40387,197.70914
OUT_00753,903.65924,1082.7657
OUT_00754,75.03792,207.98424
OUT_00755,919.549,1058.7523
OUT_00756,242.4828,395.96832
OUT_00757,216.92287,351.38284
OUT_00758,66.26428,190.43898
OUT_00759,43.912197,163.48108
OUT_00760,65.42435,192.0965
OUT_00761,244.56764,404.7356
OUT_00762,66.47034,195.88506
OUT_00763,53.76254,175.4947
OUT_00764,289.0677,418.6755
OUT_00765,61.356205,188.21085
OUT_00766,62.376324,191.21265
OUT_00767,267.8777,407.9359
OUT_00768,47.119274,175.27348
OUT_00769,279.35785,408.62213
OUT_00770,59.14236,183.58249
OUT_00771,260.5614,425.7646
OUT_00772,221.96681,412.2218
OUT_00773,896.11163,1107.1385
OUT_00774,73.34042,203.96437
OUT_00775,267.08234,405.3438
OUT_00776,67.940506,192.46965
OUT_00777,70.47391,191.69154
OUT_00778,1885.7173,2137.9595
OUT_00779,240.30031,404.0763
OUT_00780,62.848743,192.27734
OUT_00781,72.777756,194.14735
OUT_00782,48.42526,160.53896
OUT_00783,61.36768,186.1245
OUT_00784,66.55501,194.98584
OUT_00785,281.10474,414.4926
OUT_00786,92.5327,241.4148
OUT_00787,267.54504,411.7812
OUT_00788,243.77345,412.59314
OUT_00789,899.1192,1231.8706
OUT_00790,75.54639,196.31215
OUT_00791,1515.5977,2105.9329
OUT_00792,899.9321,1174.6946
OUT_00793,197.6302,384.044
OUT_00794,55.775517,181.30586
OUT_00795,915.15686,1068.5569
OUT_00796,65.91998,196.0185
OUT_00797,285.5489,415.31796
OUT_00798,229.20497,410.96014
OUT_00799,903.78674,1099.695
OUT_00800,902.7978,1088.3553
OUT_00801,61.479633,181.7477
OUT_00802,64.33469,189.21352
OUT_00803,248.48048,412.59314
OUT_00804,65.30817,194.4689
OUT_00805,70.98038,193.85934
OUT_00806,68.92418,196.28648
OUT_00807,86.29341,201.84032
OUT_00808,232.07625,404.33447
OUT_00809,275.77448,408.62213
OUT_00810,68.728806,195.64835
OUT_00811,59.586422,186.0763
OUT_00812,73.085495,199.87682
OUT_00813,64.76018,192.66554
OUT_00814,70.504486,201.71509
OUT_00815,1646.5894,2143.329
OUT_00816,77.03407,199.51955
OUT_00817,72.46042,218.9125
OUT_00818,73.762344,200.79408
OUT_00819,54.81078,179.18588
OUT_00820,51.98789,180.88306
OUT_00821,64.74402,187.09071
OUT_00822,236.13454,423.86038
OUT_00823,897.8488,1160.3037
OUT_00824,59.796574,181.28143
OUT_00825,251.53566,412.37045
OUT_00826,278.9823,408.54166
OUT_00827,79.23195,204.85841
OUT_00828,250.99153,420.53577
OUT_00829,59.344463,185.36848
OUT_00830,81.343216,197.10086
OUT_00831,65.48067,193.45332
OUT_00832,74.19035,202.66794
OUT_00833,239.20845,405.94388
OUT_00834,256.23004,424.35062
OUT_00835,252.33803,434.60757
OUT_00836,265.36353,436.53662
OUT_00837,907.00885,1121.6323
OUT_00838,247.777,409.57278
OUT_00839,70.87924,196.47928
OUT_00840,914.85547,1082.0895
OUT_00841,96.526535,193.25937
OUT_00842,82.90765,208.28224
OUT_00843,287.1147,427.6739
OUT_00844,70.595505,198.64613
OUT_00845,249.04713,408.20926
OUT_00846,49.250805,175.53416
OUT_00847,227.46895,404.54962
OUT_00848,269.31213,404.01175
OUT_00849,275.0547,404.25766
OUT_00850,74.28636,202.38614
OUT_00851,64.17001,190.39278
OUT_00852,236.91835,408.8068
OUT_00853,1532.405,2137.9595
OUT_00854,271.8883,412.48926
OUT_00855,68.42044,200.54692
OUT_00856,933.74805,1139.2542
OUT_00857,907.08185,1095.561
OUT_00858,69.58986,198.87146
OUT_00859,74.41441,202.23486
OUT_00860,56.292446,181.2472
OUT_00861,86.10545,206.13661
OUT_00862,85.301025,199.99107
OUT_00863,66.63953,190.21858
OUT_00864,67.23682,197.04045
OUT_00865,254.60591,425.29907
OUT_00866,247.68477,409.36383
OUT_00867,232.45186,404.08032
OUT_00868,77.106964,205.98718
OUT_00869,70.95761,195.31409
OUT_00870,264.76257,415.60983
OUT_00871,893.09424,1083.9735
OUT_00872,92.6107,208.41385
OUT_00873,910.20355,1345.9872
OUT_00874,241.10298,404.0763
OUT_00875,69.27176,195.32542
OUT_00876,69.43907,196.35446
OUT_00877,910.3962,1285.227
OUT_00878,253.62825,424.43527
OUT_00879,277.26508,415.31796
OUT_00880,66.20061,196.24063
OUT_00881,898.95844,1256.0166
OUT_00882,82.991684,203.30313
OUT_00883,90.926285,198.83041
OUT_00884,273.0384,405.3438
OUT_00885,249.105,412.86008
OUT_00886,920.6274,1103.0215
OUT_00887,80.35445,200.6811
OUT_00888,55.0535,179.59795
OUT_00889,279.15442,413.9252
OUT_00890,250.74745,396.1444
OUT_00891,287.58942,428.4076
OUT_00892,74.88162,201.75963
OUT_00893,79.63214,199.14723
OUT_00894,70.58046,199.63
OUT_00895,231.57442,354.5064
OUT_00896,82.37776,205.19054
OUT_00897,281.75012,412.85287
OUT_00898,80.594696,198.23094
OUT_00899,78.9982,200.58507
OUT_00900,60.934536,200.46065
OUT_00901,83.10626,222.0245
OUT_00902,53.655148,186.69212
OUT_00903,921.79236,1314.6367
OUT_00904,61.11388,188.35098
OUT_00905,55.81622,190.68521
OUT_00906,919.0778,1095.7533
OUT_00907,91.392654,209.66953
OUT_00908,79.322845,205.5654
OUT_00909,70.8587,196.95477
OUT_00910,83.721725,208.21504
OUT_00911,80.68553,193.79565
OUT_00912,916.7606,1251.9135
OUT_00913,283.64594,425.83957
OUT_00914,246.2707,405.94388
OUT_00915,60.038662,189.41074
OUT_00916,275.19562,425.39056
OUT_00917,253.52486,415.335
OUT_00918,940.6932,1246.246
OUT_00919,77.01158,199.36354
OUT_00920,262.02124,404.26224
OUT_00921,282.81433,413.93765
OUT_00922,76.15523,198.11786
OUT_00923,901.865,1070.8636
OUT_00924,254.86,432.5342
OUT_00925,78.32573,198.30711
OUT_00926,59.199833,195.44127
OUT_00927,67.77365,195.92891
OUT_00928,73.3802,206.43407
OUT_00929,246.92351,446.1362
OUT_00930,271.34534,414.3973
OUT_00931,62.797176,187.30626
OUT_00932,77.35574,201.16698
OUT_00933,911.4339,1240.9711
OUT_00934,892.3957,1148.1735
OUT_00935,285.99725,430.66388
OUT_00936,72.8154,200.28336
OUT_00937,892.69745,1062.1307
OUT_00938,238.65962,385.13718
OUT_00939,80.90781,201.7537
OUT_00940,84.706635,217.46222
OUT_00941,259.43018,404.54962
OUT_00942,255.21376,423.6437
OUT_00943,887.07227,1149.8859
OUT_00944,86.14708,221.55206
OUT_00945,284.85388,427.82562
OUT_00946,80.4039,199.92699
OUT_00947,76.99434,195.3157
OUT_00948,93.488266,211.95273
OUT_00949,59.503895,197.40692
OUT_00950,66.449005,191.42435
OUT_00951,244.45662,403.4721
OUT_00952,883.11005,1069.4502
OUT_00953,79.83479,204.5666
OUT_00954,820.5907,1003.5982
OUT_00955,260.66766,430.9694
OUT_00956,244.93733,405.3438
OUT_00957,69.35278,190.5462
OUT_00958,70.77452,194.7559
OUT_00959,69.47189,200.32143
OUT_00960,888.0337,1191.2737
OUT_00961,38.97858,157.80289
OUT_00962,264.55896,417.44638
OUT_00963,242.04414,392.1645
OUT_00964,31.590199,149.7011
OUT_00965,1676.5793,2150.5842
OUT_00966,69.28534,194.7854
OUT_00967,75.91824,202.39694
OUT_00968,69.775024,199.5938
OUT_00969,252.13496,434.4028
OUT_00970,59.438244,190.26588
OUT_00971,79.58264,202.81241
OUT_00972,286.96234,431.86975
OUT_00973,896.74854,1196.1433
OUT_00974,60.842342,189.77106
OUT_00975,75.411194,194.9445
OUT_00976,271.65533,410.3398
OUT_00977,73.081696,202.40898
OUT_00978,77.60724,200.39229
OUT_00979,75.83626,199.2968
OUT_00980,72.633835,203.36316
OUT_00981,265.74084,404.68497
OUT_00982,73.31566,198.62395
OUT_00983,70.03299,223.825
OUT_00984,77.39099,199.30049
OUT_00985,221.82161,402.4626
OUT_00986,886.5798,1043.5
OUT_00987,62.55988,197.55354
OUT_00988,252.81905,408.523
OUT_00989,80.9908,201.90063
OUT_00990,897.57605,1255.652
OUT_00991,73.879715,201.88972
OUT_00992,276.9829,713.72375
OUT_00993,68.33525,193.9039
OUT_00994,904.2787,1099.695
OUT_00995,911.0834,1322.7192
OUT_00996,1888.5947,2128.486
OUT_00997,233.01381,384.78302
OUT_00998,246.7159,427.4183
OUT_00999,271.404,405.3438
OUT_01000,80.14726,198.33505
OUT_01001,67.19223,191.30937
OUT_01002,60.350628,188.00372
OUT_01003,78.91972,201.93
OUT_01004,69.34161,198.26332
OUT_01005,233.44984,404.0763
OUT_01006,1889.0952,2156.6733
OUT_01007,71.94112,197.69965
OUT_01008,255.26027,433.0397
OUT_01009,77.57616,202.61671
OUT_01010,280.6269,426.09576
OUT_01011,274.36536,420.4021
OUT_01012,282.79773,425.12253
OUT_01013,80.06282,205.20847
OUT_01014,252.27138,423.8484
OUT_01015,269.2973,404.97327
OUT_01016,251.25905,415.335
OUT_01017,66.2578,191.75047
OUT_01018,913.41504,1164.6896
OUT_01019,73.17442,194.40434
OUT_01020,71.076996,195.02213
OUT_01021,87.34169,212.24026
OUT_01022,87.89543,197.20918
OUT_01023,792.71045,1066.0569
OUT_01024,76.41589,205.241
OUT_01025,253.4582,418.4684
OUT_01026,239.23848,408.3819
OUT_01027,73.42694,200.83745
OUT_01028,90.12224,199.34433
OUT_01029,58.42911,187.20721
OUT_01030,70.04648,194.0079
OUT_01031,71.18413,183.38763
OUT_01032,1882.7263,2137.9595
OUT_01033,83.357315,207.31773
OUT_01034,56.7103,179.1204
OUT_01035,254.02577,411.57852
OUT_01036,925.53107,1125.6726
OUT_01037,248.26991,409.94693
OUT_01038,242.61201,411.9042
OUT_01039,295.74896,619.2035
OUT_01040,261.23767,422.38904
OUT_01041,251.98744,441.5337
OUT_01042,71.48964,199.42778
OUT_01043,60.044827,190.93771
OUT_01044,2010.9042,2137.9595
OUT_01045,65.508804,189.23552
OUT_01046,56.139202,186.917
OUT_01047,59.3437,188.36455
OUT_01048,54.26643,182.90172
OUT_01049,282.9687,408.2714
OUT_01050,87.85857,295.5076
OUT_01051,285.1634,404.25363
OUT_01052,38.913006,152.48566
OUT_01053,86.14723,202.02257
OUT_01054,258.96442,428.9005
OUT_01055,59.413677,188.43057
OUT_01056,224.97548,359.5128
OUT_01057,64.82614,191.37566
OUT_01058,254.96089,407.49088
OUT_01059,276.17804,404.1891
OUT_01060,254.26143,413.64346
OUT_01061,1889.074,2137.9595
OUT_01062,73.56566,192.74564
OUT_01063,53.50117,174.34154
OUT_01064,72.60722,202.23732
OUT_01065,56.44296,173.83624
OUT_01066,68.12381,199.74501
OUT_01067,63.829426,192.91005
OUT_01068,70.31433,190.90071
OUT_01069,240.62325,403.2821
OUT_01070,72.92003,198.42694
OUT_01071,68.17049,195.4901
OUT_01072,241.35683,403.40353
OUT_01073,914.66113,1105.9562
OUT_01074,269.5431,406.93704
OUT_01075,266.581,415.76782
OUT_01076,289.88934,438.8896
OUT_01077,69.321945,198.97751
OUT_01078,57.73457,185.43289
OUT_01079,903.1264,1090.0576
OUT_01080,218.48958,353.18646
OUT_01081,80.62436,204.60672
OUT_01082,70.70764,193.04178
OUT_01083,47.541393,161.32108
OUT_01084,61.405613,190.84076
OUT_01085,888.6519,1114.2726
OUT_01086,250.69148,410.37326
OUT_01087,54.854923,180.1695
OUT_01088,76.96088,202.09912
OUT_01089,51.513943,163.09636
OUT_01090,895.7492,1165.9557
OUT_01091,56.03335,182.22902
OUT_01092,73.04883,199.73685
OUT_01093,266.48633,417.27374
OUT_01094,78.774536,201.0202
OUT_01095,83.24133,216.38077
OUT_01096,71.958374,194.92851
OUT_01097,286.31183,433.6113
OUT_01098,70.660324,193.54764
OUT_01099,915.9311,1094.7003
OUT_01100,1581.5144,2190.062
OUT_01101,65.77696,196.2687
OUT_01102,236.34035,355.94537
OUT_01103,86.18828,201.99704
OUT_01104,62.154903,191.06992
OUT_01105,908.1428,1251.0852
OUT_01106,67.67839,192.36545
OUT_01107,898.9777,1072.3948
OUT_01108,1889.6235,2134.4724
OUT_01109,244.24934,405.9425
OUT_01110,276.59393,430.46872
OUT_01111,264.54224,454.76794
OUT_01112,70.17203,193.20616
OUT_01113,63.5044,186.84142
OUT_01114,72.214355,198.11606
OUT_01115,284.38873,425.4351
OUT_01116,278.23352,428.26157
OUT_01117,66.89807,215.28998
OUT_01118,64.038086,191.89937
OUT_01119,54.648914,178.62294
OUT_01120,77.46655,216.51562
OUT_01121,279.52448,411.33868
OUT_01122,76.96016,199.15775
OUT_01123,246.32448,411.217
OUT_01124,2011.515,2139.9197
OUT_01125,78.273895,204.0454
OUT_01126,78.42517,200.60466
OUT_01127,80.59746,216.66296
OUT_01128,75.72302,204.78508
OUT_01129,79.20007,204.21849
OUT_01130,901.4317,1078.3553
OUT_01131,72.879944,196.05704
OUT_01132,77.7513,202.57994
OUT_01133,906.4856,1278.3937
OUT_01134,920.6082,1424.9126
OUT_01135,901.486,1104.1484
OUT_01136,77.52211,200.26613
OUT_01137,245.8426,402.4119
OUT_01138,251.37386,409.94693
OUT_01139,63.04714,186.93135
OUT_01140,57.22958,187.35635
OUT_01141,55.256413,161.02928
OUT_01142,246.75258,417.70215
OUT_01143,66.92665,199.81717
OUT_01144,82.500244,199.39133
OUT_01145,288.02063,426.4249
OUT_01146,920.9839,1129.0288
OUT_01147,69.530975,184.81982
OUT_01148,219.51698,333.63974
OUT_01149,254.93117,402.61795
OUT_01150,63.485165,189.09346
OUT_01151,75.551636,198.7802
OUT_01152,1887.5161,2125.5393
OUT_01153,897.68536,1080.3085
OUT_01154,67.773926,194.41464
OUT_01155,55.33733,179.15254
OUT_01156,220.17824,407.62387
OUT_01157,244.15242,394.9045
OUT_01158,69.44972,217.53157
OUT_01159,54.465862,171.24077
OUT_01160,45.620617,161.6281
OUT_01161,72.95706,201.72363
OUT_01162,63.106434,193.97089
OUT_01163,59.303455,191.41858
OUT_01164,920.2487,1114.8187
OUT_01165,75.48181,197.73134
OUT_01166,239.0992,407.36972
OUT_01167,106.38591,303.84396
OUT_01168,79.84404,196.13297
OUT_01169,75.501755,194.13371
OUT_01170,66.55501,196.78
OUT_01171,72.03021,206.55089
OUT_01172,52.64493,179.8779
OUT_01173,233.47444,406.7615
OUT_01174,57.97009,182.94556
OUT_01175,898.39197,1077.2902
OUT_01176,282.0279,447.10263
OUT_01177,58.57358,177.53888
OUT_01178,894.944,1076.0598
OUT_01179,237.03963,405.51978
OUT_01180,244.0453,402.28458
OUT_01181,76.41757,199.38316
OUT_01182,233.41158,414.79333
OUT_01183,67.6277,189.12831
OUT_01184,80.43646,203.25291
OUT_01185,55.252537,186.52742
OUT_01186,42.18938,148.88892
OUT_01187,48.393536,170.01636
OUT_01188,72.37729,198.58899
OUT_01189,77.92813,201.20728
OUT_01190,70.39633,212.02057
OUT_01191,248.66304,412.51898
OUT_01192,60.405384,203.57088
OUT_01193,47.32899,167.5497
OUT_01194,75.183624,200.18233
OUT_01195,265.66077,411.23752
OUT_01196,54.766758,184.99248
OUT_01197,883.301,1206.5476
OUT_01198,259.23102,404.33447
OUT_01199,60.338795,180.31326
OUT_01200,43.344173,159.52933
OUT_01201,81.97482,205.36871
OUT_01202,59.457752,184.66832
OUT_01203,934.8975,1284.4254
OUT_01204,281.73035,414.497
OUT_01205,56.030025,185.87383
OUT_01206,73.29825,196.33594
OUT_01207,930.95917,1401.029
OUT_01208,72.9893,198.26483
OUT_01209,68.93202,192.69894
OUT_01210,278.51733,424.5583
OUT_01211,258.69647,435.91742
OUT_01212,1555.4897,2151.5054
OUT_01213,56.23293,184.9845
OUT_01214,898.36285,1165.1338
OUT_01215,914.28357,1090.6658
OUT_01216,75.00084,198.48405
OUT_01217,898.93506,1254.9984
OUT_01218,291.3518,432.0219
OUT_01219,75.42871,197.87288
OUT_01220,237.95308,405.3438
OUT_01221,1512.9729,2115.5662
OUT_01222,71.936066,188.39424
OUT_01223,237.44893,404.0763
OUT_01224,241.70271,404.54962
OUT_01225,247.10542,405.76654
OUT_01226,75.25949,201.488
OUT_01227,60.7003,200.17549
OUT_01228,62.81777,189.03825
OUT_01229,81.514206,205.32518
OUT_01230,259.3277,427.42804
OUT_01231,79.39255,214.60779
OUT_01232,79.0267,201.9645
OUT_01233,249.58595,410.11646
OUT_01234,77.0141,212.73679
OUT_01235,242.3968,403.57114
OUT_01236,915.8722,1259.6771
OUT_01237,60.007458,190.92111
OUT_01238,285.51282,417.77194
OUT_01239,937.7935,1265.863
OUT_01240,67.8875,193.1902
OUT_01241,1580.511,2158.5332
OUT_01242,86.22377,217.39796
OUT_01243,74.886765,202.73593
OUT_01244,82.8421,221.07076
OUT_01245,72.93753,199.98871
OUT_01246,892.67725,1141.2062
OUT_01247,50.894596,181.52647
OUT_01248,55.15939,173.53407
OUT_01249,80.625626,205.1469
OUT_01250,253.09627,426.63013
OUT_01251,84.42128,194.47952
OUT_01252,78.78705,195.7758
OUT_01253,858.0616,1104.3844
OUT_01254,70.37558,195.56944
OUT_01255,69.47969,199.41576
OUT_01256,81.083664,198.5626
OUT_01257,83.72574,205.17102
OUT_01258,249.98286,403.1444
OUT_01259,45.28935,165.128
OUT_01260,52.878803,193.26706
OUT_01261,65.70412,195.14113
OUT_01262,890.4775,1068.3612
OUT_01263,896.02484,1083.4724
OUT_01264,85.980515,217.87566
OUT_01265,262.71442,405.5943
OUT_01266,251.18953,408.8314
OUT_01267,904.6166,1142.0043
OUT_01268,278.22736,412.1199
OUT_01269,69.85388,198.94055
OUT_01270,904.9456,1186.7686
OUT_01271,63.392887,186.18437
OUT_01272,255.91377,418.18216
OUT_01273,910.8437,1087.7576
OUT_01274,73.903076,195.57237
OUT_01275,80.729034,198.86766
OUT_01276,65.351166,183.51344
OUT_01277,66.06671,193.41893
OUT_01278,59.53996,185.40523
OUT_01279,270.05066,417.34692
OUT_01280,80.06802,195.12909
OUT_01281,298.63055,674.93567
OUT_01282,70.18353,200.83916
OUT_01283,60.48846,187.8757
OUT_01284,237.18459,410.6713
OUT_01285,74.2688,198.21568
OUT_01286,67.05177,193.48235
OUT_01287,882.0605,1059.2905
OUT_01288,911.6702,1222.3875
OUT_01289,66.41527,196.41304
OUT_01290,260.52448,411.17297
OUT_01291,899.12396,1122.6984
OUT_01292,906.1074,1106.4646
OUT_01293,280.8849,412.00125
OUT_01294,73.03787,198.12424
OUT_01295,270.16846,411.84573
OUT_01296,65.09335,190.1047
OUT_01297,62.915142,195.60132
OUT_01298,235.0049,404.33447
OUT_01299,2010.9042,2137.9595
OUT_01300,238.94008,404.48495
OUT_01301,75.03822,202.91692
OUT_01302,68.97211,207.43153
OUT_01303,74.58035,205.55399
OUT_01304,890.88684,1042.6199
OUT_01305,74.50397,198.68065
OUT_01306,249.23189,409.342
OUT_01307,262.26715,428.2255
OUT_01308,26.315998,133.23135
OUT_01309,102.51961,206.51595
OUT_01310,70.29376,205.59732
OUT_01311,63.033947,195.68666
OUT_01312,74.10928,196.83011
OUT_01313,71.64586,198.60481
OUT_01314,241.64778,405.3438
OUT_01315,57.53178,180.85074
OUT_01316,1581.5144,2125.6208
OUT_01317,76.811615,201.6438
OUT_01318,63.231403,190.91101
OUT_01319,67.91025,195.36388
OUT_01320,63.316532,192.66971
OUT_01321,53.84257,175.19301
OUT_01322,77.38727,199.5692
OUT_01323,290.0658,741.9861
OUT_01324,57.316494,186.96443
OUT_01325,250.70155,404.26224
OUT_01326,73.957275,197.712
OUT_01327,58.166386,181.63313
OUT_01328,58.182873,191.50908
OUT_01329,97.10454,224.68253
OUT_01330,58.846775,182.24048
OUT_01331,898.37415,1113.1392
OUT_01332,292.7152,436.92746
OUT_01333,66.242966,197.02498
OUT_01334,277.13873,416.01556
OUT_01335,68.07799,200.5707
OUT_01336,60.76144,191.55693
OUT_01337,82.10364,202.12073
OUT_01338,894.7679,1082.1954
OUT_01339,62.46233,195.44896
OUT_01340,71.161896,192.28854
OUT_01341,68.20796,190.85158
OUT_01342,259.68823,435.69174
OUT_01343,61.847256,187.83421
OUT_01344,72.26419,198.07294
OUT_01345,45.10532,170.31934
OUT_01346,287.90692,429.58426
OUT_01347,251.25581,411.7678
OUT_01348,267.93604,408.15082
OUT_01349,76.340225,196.40274
OUT_01350,242.85786,408.97403
OUT_01351,71.78725,198.73827
OUT_01352,906.5018,1245.1826
OUT_01353,70.934875,196.1217
OUT_01354,67.4536,195.90582
OUT_01355,885.7094,1129.7284
OUT_01356,273.53058,404.1877
OUT_01357,64.67149,190.03676
OUT_01358,240.44936,403.97073
OUT_01359,71.9503,193.7688
OUT_01360,270.71338,404.08032
OUT_01361,73.46489,196.68825
OUT_01362,921.76215,1119.9679
OUT_01363,80.22836,209.5589
OUT_01364,255.34517,404.49902
OUT_01365,66.61171,171.96
OUT_01366,271.36804,405.3438
OUT_01367,286.5749,438.0144
OUT_01368,76.58809,243.90408
OUT_01369,902.7847,1219.609
OUT_01370,57.59325,179.49013
OUT_01371,39.30585,178.4836
OUT_01372,231.46028,404.0763
OUT_01373,230.38539,403.67242
OUT_01374,274.00293,407.8643
OUT_01375,905.5307,1095.3596
OUT_01376,1583.7493,2143.329
OUT_01377,214.40651,403.2821
OUT_01378,47.41518,188.10846
OUT_01379,74.28403,198.86955
OUT_01380,258.156,416.44525
OUT_01381,51.149334,166.17995
OUT_01382,914.5227,1138.935
OUT_01383,260.3382,403.2821
OUT_01384,65.81581,190.6527
OUT_01385,250.29726,414.9501
OUT_01386,223.80232,405.18863
OUT_01387,72.49486,190.87029
OUT_01388,74.39935,204.09561
OUT_01389,913.8263,1093.8082
OUT_01390,92.594864,204.22552
OUT_01391,915.5224,1154.103
OUT_01392,123.13194,207.46419
OUT_01393,76.68309,205.09544
OUT_01394,81.20047,205.33429
OUT_01395,274.78918,417.66183
OUT_01396,917.26526,1131.468
OUT_01397,52.20422,158.92168
OUT_01398,65.78534,193.75845
OUT_01399,65.792816,193.92735
OUT_01400,904.94836,1095.3645
OUT_01401,213.49889,388.70068
OUT_01402,71.75606,199.05067
OUT_01403,222.16951,403.2821
OUT_01404,81.56111,205.14545
OUT_01405,59.274136,181.11446
OUT_01406,61.201153,179.96463
OUT_01407,63.212597,192.17848
OUT_01408,250.94655,423.47983
OUT_01409,894.13116,1226.1261
OUT_01410,927.8118,1122.5143
OUT_01411,877.5807,1059.76
OUT_01412,272.71234,404.7356
OUT_01413,247.9842,413.66064
OUT_01414,83.30621,206.28049
OUT_01415,58.95438,186.04309
OUT_01416,70.83293,195.51778
OUT_01417,247.58882,405.3038
OUT_01418,234.59743,405.4168
OUT_01419,253.4814,419.75333
OUT_01420,906.6873,1096.9569
OUT_01421,56.631435,182.6457
OUT_01422,67.43881,195.85045
OUT_01423,51.515163,174.74527
OUT_01424,74.91884,188.16718
OUT_01425,276.00134,409.15903
OUT_01426,84.7775,201.65802
OUT_01427,77.73312,202.96239
OUT_01428,263.50183,415.18015
OUT_01429,54.991932,183.76349
OUT_01430,76.92116,195.5418
OUT_01431,71.04089,187.09319
OUT_01432,73.50838,200.10066
OUT_01433,66.76607,186.73024
OUT_01434,61.97291,184.62315
OUT_01435,49.660862,181.94447
OUT_01436,258.97388,404.68497
OUT_01437,886.9624,1044.7673
OUT_01438,72.02922,196.59119
OUT_01439,250.27162,412.51898
OUT_01440,1886.9438,2137.9595
OUT_01441,249.29347,409.94693
OUT_01442,227.61427,387.16708
OUT_01443,68.70657,200.38322
OUT_01444,243.54976,403.46808
OUT_01445,254.80672,434.5676
OUT_01446,82.38251,202.30524
OUT_01447,895.5899,1071.9564
OUT_01448,265.95166,392.5851
OUT_01449,245.52242,411.82767
OUT_01450,63.32217,194.39098
OUT_01451,256.9317,426.4249
OUT_01452,64.01077,192.6823
OUT_01453,907.8132,1120.7747
OUT_01454,65.98204,189.87782
OUT_01455,77.00946,215.33896
OUT_01456,75.54364,200.36029
OUT_01457,67.54372,195.92203
OUT_01458,287.83496,425.7723
OUT_01459,50.149868,191.6868
OUT_01460,213.5218,412.5066
OUT_01461,891.2408,1172.9509
OUT_01462,57.684093,173.25078
OUT_01463,48.97842,173.2488
OUT_01464,69.36789,192.85687
OUT_01465,65.4418,189.33371
OUT_01466,76.52048,193.10269
OUT_01467,70.96663,190.3422
OUT_01468,70.012436,191.93156
OUT_01469,75.89427,197.05504
OUT_01470,251.92195,398.15384
OUT_01471,924.9604,1139.6007
OUT_01472,1584.1799,2215.1436
OUT_01473,894.20557,1075.7073
OUT_01474,75.71864,197.83537
OUT_01475,62.7682,189.04337
OUT_01476,272.98737,400.54974
OUT_01477,72.60097,194.58046
OUT_01478,63.68472,197.60378
OUT_01479,67.7959,191.31943
OUT_01480,73.19939,199.70273
OUT_01481,886.2513,1206.3735
OUT_01482,73.59584,194.37123
OUT_01483,228.68745,404.09515
OUT_01484,73.87033,198.15086
OUT_01485,889.37683,1230.5453
OUT_01486,79.44147,191.57755
OUT_01487,88.64192,204.98227
OUT_01488,64.87579,195.98457
OUT_01489,51.965214,178.6336
OUT_01490,271.33728,404.25363
OUT_01491,75.56937,200.64342
OUT_01492,68.92532,199.53468
OUT_01493,54.66184,177.71382
OUT_01494,55.87434,188.51659
OUT_01495,239.51924,405.76654
OUT_01496,67.3418,184.1114
OUT_01497,241.24092,413.5936
OUT_01498,221.54283,343.37027
OUT_01499,264.4711,390.67554
OUT_01500,903.24915,1104.8694
OUT_01501,93.45686,205.72705
OUT_01502,252.26985,408.10208
OUT_01503,915.00653,1106.869
OUT_01504,241.73158,403.46808
OUT_01505,1891.8379,2132.4763
OUT_01506,911.50726,1382.8027
OUT_01507,893.6763,1199.2902
OUT_01508,61.0769,194.64009
OUT_01509,67.14935,194.9623
OUT_01510,253.2748,422.63583
OUT_01511,51.67293,175.08717
OUT_01512,61.76604,189.94157
OUT_01513,56.97891,192.69385
OUT_01514,920.9456,1190.7526
OUT_01515,55.68823,182.38632
OUT_01516,84.26816,178.71394
OUT_01517,70.27956,201.62273
OUT_01518,244.39955,406.7615
OUT_01519,65.3813,199.03398
OUT_01520,911.1325,1296.7418
OUT_01521,274.7989,404.93448
OUT_01522,72.8154,202.84302
OUT_01523,260.7044,436.89
OUT_01524,272.97937,414.85767
OUT_01525,74.9453,193.73894
OUT_01526,288.62604,436.3601
OUT_01527,916.96985,1135.076
OUT_01528,1580.1711,2158.5332
OUT_01529,82.144424,201.49858
OUT_01530,70.506,196.77467
OUT_01531,74.61116,195.5872
OUT_01532,896.71204,1096.1943
OUT_01533,67.68555,190.09464
OUT_01534,76.6656,201.19078
OUT_01535,53.583508,175.48581
OUT_01536,84.994934,204.22102
OUT_01537,81.86928,200.06677
OUT_01538,79.14252,200.2649
OUT_01539,65.84303,193.79646
OUT_01540,916.3348,1119.9679
OUT_01541,90.706955,220.24327
OUT_01542,66.66188,198.17807
OUT_01543,66.92703,207.88684
OUT_01544,84.61932,202.33669
OUT_01545,279.87384,408.27286
OUT_01546,257.971,441.06317
OUT_01547,278.53003,426.97543
OUT_01548,52.586636,175.31245
OUT_01549,259.60876,427.45914
OUT_01550,214.78871,339.8575
OUT_01551,57.38766,189.60631
OUT_01552,279.94196,404.1891
OUT_01553,259.72162,425.8861
OUT_01554,1546.9534,2150.4453
OUT_01555,55.776295,180.21559
OUT_01556,77.56033,202.61105
OUT_01557,2037.8173,2164.1191
OUT_01558,47.32477,176.00737
OUT_01559,914.65533,1094.2656
OUT_01560,900.4816,1068.7588
OUT_01561,68.14699,188.82185
OUT_01562,58.496387,184.67642
OUT_01563,277.87177,411.82767
OUT_01564,76.7946,188.36168
OUT_01565,218.68678,405.27078
OUT_01566,78.67911,193.73662
OUT_01567,1602.9985,2159.874
OUT_01568,70.65784,196.4222
OUT_01569,78.13873,203.88628
OUT_01570,903.3166,1106.5807
OUT_01571,77.923355,194.80623
OUT_01572,283.818,436.69275
OUT_01573,73.59712,195.6271
OUT_01574,80.71983,200.04697
OUT_01575,63.50236,184.89928
OUT_01576,63.0713,191.46489
OUT_01577,251.67549,412.79318
OUT_01578,239.67879,404.54962
OUT_01579,68.752106,191.05276
OUT_01580,78.11554,195.8495
OUT_01581,231.40889,386.2526
OUT_01582,911.3284,1095.123
OUT_01583,268.41467,393.23935
OUT_01584,73.15425,198.96326
OUT_01585,72.30612,195.72926
OUT_01586,74.8006,201.97318
OUT_01587,62.001232,188.00874
OUT_01588,255.92726,425.25653
OUT_01589,234.5837,406.73523
OUT_01590,61.36291,184.73749
OUT_01591,66.57048,203.97124
OUT_01592,65.75072,193.2226
OUT_01593,899.1199,1190.2747
OUT_01594,273.72803,411.49252
OUT_01595,917.91705,1122.5143
OUT_01596,279.8211,414.56516
OUT_01597,64.70056,191.1332
OUT_01598,278.70392,425.7512
OUT_01599,74.64702,196.29524
OUT_01600,85.47006,201.68277
OUT_01601,53.14941,184.60208
OUT_01602,290.78497,428.9036
OUT_01603,70.079285,200.02345
OUT_01604,71.92514,198.62584
OUT_01605,908.93115,1322.7192
OUT_01606,72.13159,197.95987
OUT_01607,43.289036,167.64897
OUT_01608,69.80315,220.40611
OUT_01609,220.08754,326.0072
OUT_01610,224.22835,385.86053
OUT_01611,46.429028,165.8243
OUT_01612,58.328724,182.44069
OUT_01613,53.767284,183.95078
OUT_01614,62.563923,188.57788
OUT_01615,40.334103,137.46231
OUT_01616,70.62894,192.1739
OUT_01617,63.605373,185.83842
OUT_01618,85.14647,207.2983
OUT_01619,275.65912,446.8405
OUT_01620,250.70424,407.7453
OUT_01621,902.10425,1057.4348
OUT_01622,66.63971,188.78378
OUT_01623,72.92345,200.0444
OUT_01624,1553.5466,2129.91
OUT_01625,78.85756,195.57123
OUT_01626,71.05937,199.15172
OUT_01627,71.11162,197.98822
OUT_01628,63.69752,192.98431
OUT_01629,865.6476,1147.7957
OUT_01630,66.08772,192.09676
OUT_01631,66.84021,194.99352
OUT_01632,65.704575,196.74489
OUT_01633,73.25815,200.05005
OUT_01634,900.3363,1093.9286
OUT_01635,270.03613,417.72455
OUT_01636,236.57613,408.15082
OUT_01637,60.104984,185.49432
OUT_01638,269.18274,403.97073
OUT_01639,904.1864,1259.8661
OUT_01640,922.6914,1122.0768
OUT_01641,1662.5774,2143.329
OUT_01642,68.09537,187.64975
OUT_01643,73.16052,198.95769
OUT_01644,96.505356,256.79712
OUT_01645,64.638535,192.77312
OUT_01646,59.013233,181.02345
OUT_01647,47.434345,174.96944
OUT_01648,80.47893,204.23987
OUT_01649,73.860916,200.4262
OUT_01650,1886.3901,2137.9595
OUT_01651,80.06789,206.47244
OUT_01652,64.758514,197.73036
OUT_01653,235.774,407.4543
OUT_01654,903.97174,1105.2751
OUT_01655,60.016895,180.26344
OUT_01656,959.9455,1554.8899
OUT_01657,77.642365,203.1282
OUT_01658,85.38988,207.17477
OUT_01659,73.585556,200.20378
OUT_01660,274.44604,404.7356
OUT_01661,249.22017,414.12524
OUT_01662,255.09834,415.17697
OUT_01663,61.906246,187.0537
OUT_01664,44.882572,175.15282
OUT_01665,1889.6235,2135.8591
OUT_01666,890.3546,1165.159
OUT_01667,249.0436,409.61713
OUT_01668,83.66611,203.08052
OUT_01669,66.4904,195.22261
OUT_01670,65.480194,196.61351
OUT_01671,74.20729,199.76283
OUT_01672,196.23268,384.63168
OUT_01673,62.28609,185.38708
OUT_01674,66.5654,190.9449
OUT_01675,211.17781,389.47574
OUT_01676,239.98518,411.19016
OUT_01677,60.703068,171.02931
OUT_01678,54.409145,182.4935
OUT_01679,890.14264,1114.7853
OUT_01680,80.50534,200.99721
OUT_01681,70.88843,195.01428
OUT_01682,76.6499,204.92863
OUT_01683,73.88263,199.49773
OUT_01684,67.22038,200.73552
OUT_01685,78.403534,201.36806
OUT_01686,237.58162,405.52115
OUT_01687,77.79938,198.19525
OUT_01688,274.92572,407.36972
OUT_01689,86.734116,199.30801
OUT_01690,73.24423,201.1441
OUT_01691,919.3465,1122.0768
OUT_01692,282.05658,415.70062
OUT_01693,72.155045,200.78918
OUT_01694,896.1284,1091.7224
OUT_01695,251.17354,406.00894
OUT_01696,64.17264,195.82283
OUT_01697,55.03619,172.5697
OUT_01698,61.974186,184.95636
OUT_01699,61.05821,189.8558
OUT_01700,82.08615,204.55324
OUT_01701,248.09828,404.7356
OUT_01702,63.6841,189.59784
OUT_01703,74.52977,200.895
OUT_01704,218.0168,407.62857
OUT_01705,901.7139,1106.5807
OUT_01706,66.254425,200.64166
OUT_01707,68.15376,186.8284
OUT_01708,239.84242,421.4169
OUT_01709,77.16434,199.35434
OUT_01710,251.8672,414.8964
OUT_01711,52.59985,172.94754
OUT_01712,1661.0808,2148.2014
OUT_01713,50.895367,178.4996
OUT_01714,54.251087,173.80733
OUT_01715,245.92116,409.26648
OUT_01716,1555.8474,2159.874
OUT_01717,81.95741,194.55208
OUT_01718,275.3719,398.7551
OUT_01719,61.10081,187.14333
OUT_01720,91.16307,203.34486
OUT_01721,80.547165,204.3569
OUT_01722,83.3033,204.84737
OUT_01723,238.527,421.9526
OUT_01724,78.97693,200.86249
OUT_01725,1589.7576,2150.702
OUT_01726,65.01074,190.03952
OUT_01727,75.23695,201.43726
OUT_01728,61.056698,180.10841
OUT_01729,85.84924,204.44162
OUT_01730,262.10376,434.82007
OUT_01731,253.90407,415.31796
OUT_01732,253.07368,422.01965
OUT_01733,71.68686,190.87663
OUT_01734,248.85475,420.43982
OUT_01735,905.8902,1124.7198
OUT_01736,921.3299,1137.2842
OUT_01737,898.1243,1145.1053
OUT_01738,221.23482,328.73224
OUT_01739,237.95894,391.47137
OUT_01740,894.0445,1090.7137
OUT_01741,233.636,422.45703
OUT_01742,248.46675,408.78763
OUT_01743,45.711018,170.36815
OUT_01744,76.612335,203.1969
OUT_01745,79.36426,201.70097
OUT_01746,236.01521,405.7376
OUT_01747,67.42062,202.3099
OUT_01748,78.04988,203.40115
OUT_01749,903.2264,1087.4994
OUT_01750,61.236324,189.22533
OUT_01751,78.239105,201.28108
OUT_01752,68.5789,199.0664
OUT_01753,60.83823,192.68129
OUT_01754,264.09967,409.27747
OUT_01755,286.3932,429.99982
OUT_01756,287.22772,426.4051
OUT_01757,889.7693,1072.3849
OUT_01758,935.8225,1239.9363
OUT_01759,78.56572,195.49832
OUT_01760,924.02295,1216.1483
OUT_01761,75.344376,202.66316
OUT_01762,71.34944,199.0583
OUT_01763,281.7459,408.9046
OUT_01764,83.071335,227.37683
OUT_01765,82.91702,208.21068
OUT_01766,898.35583,1235.3337
OUT_01767,909.2503,1097.3094
OUT_01768,252.77376,421.1082
OUT_01769,64.06491,182.89854
OUT_01770,250.57454,413.10333
OUT_01771,78.03859,202.24475
OUT_01772,253.81972,414.225
OUT_01773,70.3156,202.36307
OUT_01774,250.53365,412.37045
OUT_01775,890.283,1157.9951
OUT_01776,74.3593,196.73744
OUT_01777,69.37718,194.44109
OUT_01778,244.20686,392.98032
OUT_01779,75.4003,203.51932
OUT_01780,278.94043,435.33246
OUT_01781,59.425007,185.67427
OUT_01782,1875.9136,2132.4006
OUT_01783,69.61435,193.4306
OUT_01784,68.939606,197.01772
OUT_01785,900.5777,1078.5265
OUT_01786,72.9453,201.34653
OUT_01787,54.519764,182.1255
OUT_01788,263.36334,433.10382
OUT_01789,56.286724,184.4834
OUT_01790,79.90933,200.93477
OUT_01791,48.0526,174.50337
OUT_01792,66.09544,199.55855
OUT_01793,62.135067,179.59654
OUT_01794,248.9894,412.61142
OUT_01795,243.8207,404.79593
OUT_01796,52.095654,182.03302
OUT_01797,61.032314,194.12837
OUT_01798,244.71877,416.75455
OUT_01799,63.535572,196.07628
OUT_01800,218.14595,384.59302
OUT_01801,892.0236,1247.9655
OUT_01802,915.9429,1197.368
OUT_01803,896.6034,1174.8024
OUT_01804,275.0235,461.1414
OUT_01805,258.11096,442.61014
OUT_01806,926.28174,1305.3793
OUT_01807,84.506805,203.57982
OUT_01808,282.4265,425.64328
OUT_01809,283.0869,414.6778
OUT_01810,62.941174,193.42236
OUT_01811,76.90854,205.53922
OUT_01812,51.601414,188.28625
OUT_01813,279.00232,430.3688
OUT_01814,278.7373,410.00662
OUT_01815,79.62004,202.03941
OUT_01816,92.442795,203.32765
OUT_01817,99.21898,224.30698
OUT_01818,82.66325,200.31119
OUT_01819,74.614624,196.71687
OUT_01820,234.97871,404.1891
OUT_01821,2010.9042,2139.2354
OUT_01822,77.69078,202.47853
OUT_01823,83.424255,198.59625
OUT_01824,82.09334,203.2825
OUT_01825,925.103,1310.7134
OUT_01826,921.3897,1406.2574
OUT_01827,907.4124,1224.4838
OUT_01828,253.29976,412.1199
OUT_01829,63.58659,195.9708
OUT_01830,66.831055,192.24768
OUT_01831,49.05151,181.4631
OUT_01832,56.366085,186.07336
OUT_01833,69.53841,201.4452
OUT_01834,920.53784,1182.3567
OUT_01835,892.6172,1054.0636
OUT_01836,72.45599,193.1264
OUT_01837,84.68349,198.34401
OUT_01838,251.78548,412.10513
OUT_01839,279.11914,411.33868
OUT_01840,70.96814,203.71289
OUT_01841,1549.5891,2159.874
OUT_01842,264.90704,404.43448
OUT_01843,79.46019,204.94969
OUT_01844,884.20355,1124.8652
OUT_01845,75.356094,206.15236
OUT_01846,59.5357,192.12364
OUT_01847,919.0618,1200.8506
OUT_01848,242.85677,403.2821
OUT_01849,80.78377,204.23422
OUT_01850,266.3722,424.36316
OUT_01851,891.1078,1128.8751
OUT_01852,894.2493,1049.2815
OUT_01853,286.1687,437.14157
OUT_01854,897.87195,1174.9749
OUT_01855,69.59302,195.94958
OUT_01856,283.90784,412.88843
OUT_01857,83.37138,199.71237
OUT_01858,65.68338,190.87227
OUT_01859,101.79245,192.07869
OUT_01860,250.62666,412.72742
OUT_01861,270.94208,412.27383
OUT_01862,74.586426,204.07616
OUT_01863,242.36507,405.91
OUT_01864,238.7961,403.66595
OUT_01865,78.40489,196.06583
OUT_01866,71.29654,198.1362
OUT_01867,72.39575,201.46384
OUT_01868,190.90733,319.69073
OUT_01869,1887.335,2132.5632
OUT_01870,71.28554,194.358
OUT_01871,75.40851,201.44908
OUT_01872,227.53755,403.67242
OUT_01873,252.62178,418.0441
OUT_01874,62.97224,210.94595
OUT_01875,246.94771,416.01556
OUT_01876,254.2369,433.64963
OUT_01877,893.567,1162.6198
OUT_01878,889.5132,1200.1853
OUT_01879,1627.4084,2127.8826
OUT_01880,208.97499,409.61255
OUT_01881,72.67946,197.8241
OUT_01882,80.623795,199.82144
OUT_01883,69.70564,196.35812
OUT_01884,63.47639,187.74013
OUT_01885,247.74995,413.17883
OUT_01886,70.030426,199.34421
OUT_01887,922.9878,1403.7599
OUT_01888,65.246796,194.53699
OUT_01889,256.46588,427.09357
OUT_01890,68.22325,199.8288
OUT_01891,910.5817,1302.6885
OUT_01892,276.8814,446.4487
OUT_01893,59.756588,185.86067
OUT_01894,245.3423,420.4558
OUT_01895,77.21611,196.95146
OUT_01896,71.48566,197.88474
OUT_01897,908.5818,1326.3528
OUT_01898,260.04932,430.73395
OUT_01899,902.49493,1112.1001
OUT_01900,66.08415,202.69534
OUT_01901,1633.2661,2159.874
OUT_01902,76.502594,199.06198
OUT_01903,1556.5388,2159.874
OUT_01904,75.01073,199.52194
OUT_01905,57.502865,179.24629
OUT_01906,1606.2625,2132.157
OUT_01907,912.2703,1077.5581
OUT_01908,889.8251,1173.5905
OUT_01909,71.50453,192.17911
OUT_01910,60.666637,182.3066
OUT_01911,242.75551,404.38162
OUT_01912,77.9653,181.74115
OUT_01913,253.73189,412.27686
OUT_01914,82.801926,205.16138
OUT_01915,76.859695,194.98703
OUT_01916,66.30133,194.61389
OUT_01917,227.43672,387.94818
OUT_01918,67.99771,199.54306
OUT_01919,71.02141,196.36458
OUT_01920,74.03949,194.31305
OUT_01921,59.896435,187.58397
OUT_01922,73.04071,194.78636
OUT_01923,72.74112,199.10637
OUT_01924,77.89586,202.2533
OUT_01925,895.25916,1149.6981
OUT_01926,897.27124,1155.2793
OUT_01927,289.47296,435.311
OUT_01928,918.22906,1136.5629
OUT_01929,275.98822,408.17923
OUT_01930,68.686264,201.88876
OUT_01931,60.458332,186.24107
OUT_01932,244.28749,394.01733
OUT_01933,50.038517,177.70087
OUT_01934,65.79152,189.91504
OUT_01935,65.81477,190.42798
OUT_01936,75.27792,204.32892
OUT_01937,929.4235,1401.029
OUT_01938,249.56776,394.35504
OUT_01939,262.5783,431.77176
OUT_01940,70.21828,197.80511
OUT_01941,251.85634,433.57626
OUT_01942,49.813885,171.63428
OUT_01943,59.52328,183.81158
OUT_01944,1581.2878,2190.062
OUT_01945,50.233326,166.05612
OUT_01946,282.30334,412.97495
OUT_01947,57.3747,180.33096
OUT_01948,285.724,440.09702
OUT_01949,78.270584,195.11592
OUT_01950,80.16603,203.18544
OUT_01951,893.9781,1076.7657
OUT_01952,68.55252,185.76294
OUT_01953,913.9391,1282.8265
OUT_01954,286.8888,467.8796
OUT_01955,900.8654,1076.7108
OUT_01956,66.24017,193.8851
OUT_01957,72.17659,198.77412
OUT_01958,276.7176,435.76364
OUT_01959,116.72154,309.10928
OUT_01960,68.87845,198.44884
OUT_01961,904.28357,1096.4268
OUT_01962,55.267582,179.37236
OUT_01963,905.27374,1252.4299
OUT_01964,62.66103,192.39574
OUT_01965,228.81166,385.86053
OUT_01966,71.911285,191.34795
OUT_01967,897.4222,1352.0494
OUT_01968,234.57454,405.3438
OUT_01969,66.17018,196.03174
OUT_01970,921.5506,1426.4725
OUT_01971,275.403,413.10794
OUT_01972,71.51836,198.45952
OUT_01973,78.727005,200.23161
OUT_01974,77.86302,200.17162
OUT_01975,250.41902,415.6626
OUT_01976,221.87233,404.33447
OUT_01977,87.57152,226.05318
OUT_01978,55.545162,197.04274
OUT_01979,279.75702,414.72525
OUT_01980,267.05426,404.54962
OUT_01981,256.68115,432.62363
OUT_01982,893.8114,1136.9166
OUT_01983,256.42395,425.73114
OUT_01984,883.1027,1120.6138
OUT_01985,916.60406,1131.9431
OUT_01986,71.9341,205.29443
OUT_01987,47.046833,173.16708
OUT_01988,249.21754,412.59314
OUT_01989,232.77016,393.8496
OUT_01990,68.08922,190.16518
OUT_01991,917.56165,1144.0114
OUT_01992,268.56598,403.89484
OUT_01993,67.83983,201.16652
OUT_01994,251.62868,414.3175
OUT_01995,78.06993,198.95607
OUT_01996,902.15656,1106.4646
OUT_01997,833.77057,1187.126
OUT_01998,71.45659,197.99843
OUT_01999,898.7538,1228.6632
OUT_02000,262.63867,436.63773
OUT_02001,62.449505,190.82176
OUT_02002,70.707245,199.24506
OUT_02003,71.78697,193.41061
OUT_02004,51.160137,171.45985
OUT_02005,237.32613,403.82626
OUT_02006,268.22516,403.40353
OUT_02007,257.01147,427.08804
OUT_02008,261.10425,407.62387
OUT_02009,231.5641,394.83652
OUT_02010,50.916393,199.27658
OUT_02011,66.77516,194.03413
OUT_02012,245.79597,411.97012
OUT_02013,70.94739,200.59636
OUT_02014,871.11163,1125.7657
OUT_02015,65.83397,184.45781
OUT_02016,909.72675,1345.2665
OUT_02017,915.2322,1113.6428
OUT_02018,252.46242,412.0652
OUT_02019,51.480747,179.89713
OUT_02020,65.98294,191.69727
OUT_02021,78.827576,198.51399
OUT_02022,1554.3623,2159.874
OUT_02023,79.69574,188.68756
OUT_02024,202.5084,403.67242
OUT_02025,924.1437,1129.3972
OUT_02026,288.13788,422.9921
OUT_02027,242.34798,404.25363
OUT_02028,287.12946,426.39484
OUT_02029,257.3034,428.87973
OUT_02030,287.51514,429.26196
OUT_02031,59.898396,180.2584
OUT_02032,248.63527,411.9042
OUT_02033,59.86114,187.09047
OUT_02034,1643.3926,2150.7024
OUT_02035,64.91815,170.88481
OUT_02036,54.81782,179.74069
OUT_02037,73.36426,195.8252
OUT_02038,68.47952,191.90594
OUT_02039,72.18291,196.8332
OUT_02040,194.08675,384.8866
OUT_02041,62.496754,190.55612
OUT_02042,69.9747,200.39336
OUT_02043,225.89705,384.79953
OUT_02044,823.49475,1082.3956
OUT_02045,250.66286,407.92206
OUT_02046,80.983154,202.4437
OUT_02047,930.74603,1356.8536
OUT_02048,101.10402,212.51437
OUT_02049,71.51265,190.93517
OUT_02050,47.39043,186.35085
OUT_02051,249.86812,412.78494
OUT_02052,72.43199,197.06268
OUT_02053,60.83382,190.15942
OUT_02054,898.5507,1171.0856
OUT_02055,249.84181,413.38278
OUT_02056,985.7935,1297.5143
OUT_02057,256.67072,414.8341
OUT_02058,918.88617,1161.3978
OUT_02059,236.07265,386.65472
OUT_02060,77.73366,199.1907
OUT_02061,67.92998,196.649
OUT_02062,72.663025,200.71466
OUT_02063,42.388943,154.79248
OUT_02064,66.48134,194.20349
OUT_02065,62.48392,186.34386
OUT_02066,943.33356,1213.0701
OUT_02067,57.292797,179.20695
OUT_02068,905.7731,1097.3982
OUT_02069,59.99529,185.29784
OUT_02070,50.27306,168.87086
OUT_02071,78.092545,201.2446
OUT_02072,917.52704,1137.2926
OUT_02073,2016.2914,2137.9595
OUT_02074,61.403637,191.56837
OUT_02075,49.435345,179.19157
OUT_02076,63.163334,187.23218
OUT_02077,63.801723,189.53557
OUT_02078,1599.8616,2159.874
OUT_02079,282.99426,427.35364
OUT_02080,49.91286,172.51125
OUT_02081,61.504757,192.70831
OUT_02082,77.883804,243.71753
OUT_02083,1640.7307,2137.2175
OUT_02084,236.16005,404.97327
OUT_02085,893.2775,1050.9816
OUT_02086,284.17706,423.58932
OUT_02087,256.00116,411.08722
OUT_02088,897.2636,1077.1023
OUT_02089,69.20998,186.85136
OUT_02090,84.38257,201.87784
OUT_02091,67.80278,200.4733
OUT_02092,282.70898,416.99063
OUT_02093,54.70696,163.47755
OUT_02094,880.6173,1187.5647
OUT_02095,284.56464,416.92218
OUT_02096,2010.9042,2139.2354
OUT_02097,900.2402,1097.9952
OUT_02098,234.77888,385.32266
OUT_02099,262.13928,435.5103
OUT_02100,61.409863,187.71779
OUT_02101,88.1461,217.50348
OUT_02102,76.48808,200.93771
OUT_02103,254.60182,422.01965
OUT_02104,368.18762,939.5149
OUT_02105,78.32562,201.15822
OUT_02106,73.64154,200.80434
OUT_02107,51.383694,176.07846
OUT_02108,63.685696,191.71198
OUT_02109,86.55284,202.79243
OUT_02110,86.397995,202.56573
OUT_02111,75.55075,197.26868
OUT_02112,57.75639,184.91566
OUT_02113,283.99835,412.1199
OUT_02114,262.00885,438.11365
OUT_02115,76.254395,200.51114
OUT_02116,66.9763,194.7776
OUT_02117,59.075848,186.99736
OUT_02118,274.10608,446.65527
OUT_02119,247.28401,409.94693
OUT_02120,83.63925,201.85101
OUT_02121,924.8369,1115.5747
OUT_02122,61.60052,185.46532
OUT_02123,247.49709,406.47607
OUT_02124,278.01648,421.22708
OUT_02125,61.00819,190.6114
OUT_02126,75.49756,201.50052
OUT_02127,78.19145,206.0416
OUT_02128,918.63043,1138.935
OUT_02129,87.29414,199.74988
OUT_02130,56.02447,182.35579
OUT_02131,908.6463,1095.5507
OUT_02132,279.62128,443.96286
OUT_02133,889.0621,1070.8308
OUT_02134,281.70697,415.31796
OUT_02135,244.61293,410.38724
OUT_02136,895.048,1063.9454
OUT_02137,266.75397,403.40353
OUT_02138,916.36005,1128.7246
OUT_02139,908.8226,1135.9119
OUT_02140,79.1698,200.1475
OUT_02141,240.59798,407.62387
OUT_02142,68.42706,198.88017
OUT_02143,251.41335,413.23984
OUT_02144,57.07101,184.3157
OUT_02145,68.529236,199.16962
OUT_02146,886.8798,1086.3927
OUT_02147,285.0357,423.42847
OUT_02148,246.7082,405.11182
OUT_02149,70.842545,194.47871
OUT_02150,69.23538,194.98987
OUT_02151,256.22253,406.63516
OUT_02152,1890.0327,2130.9114
OUT_02153,70.95184,193.81499
OUT_02154,63.958584,184.06876
OUT_02155,272.04657,404.7356
OUT_02156,70.214935,198.98495
OUT_02157,254.34846,414.59827
OUT_02158,62.53957,189.05891
OUT_02159,55.1742,176.35983
OUT_02160,65.90201,181.04832
OUT_02161,86.59581,211.00362
OUT_02162,252.933,426.39484
OUT_02163,80.49924,197.64233
OUT_02164,219.91707,405.27078
OUT_02165,68.47656,190.47015
OUT_02166,49.83215,164.11118
OUT_02167,89.430435,199.00946
OUT_02168,63.603558,185.30666
OUT_02169,64.63229,190.9139
OUT_02170,94.8665,212.01013
OUT_02171,67.48886,193.32652
OUT_02172,215.60213,405.20624
OUT_02173,35.990627,165.11148
OUT_02174,79.488495,204.91245
OUT_02175,66.71347,179.65282
OUT_02176,1889.7979,2137.3416
OUT_02177,278.40576,422.29706
OUT_02178,55.945057,185.98912
OUT_02179,276.25635,406.51157
OUT_02180,1577.4534,2159.874
OUT_02181,882.8719,1058.9523
OUT_02182,70.01126,197.27158
OUT_02183,244.79958,407.18753
OUT_02184,279.63983,412.51898
OUT_02185,284.93115,420.40585
OUT_02186,85.19876,200.47424
OUT_02187,249.04866,397.2438
OUT_02188,60.26209,185.29779
OUT_02189,79.78645,201.11322
OUT_02190,1553.7349,2137.9595
OUT_02191,270.57422,427.3026
OUT_02192,250.04976,442.31216
OUT_02193,282.22876,413.5566
OUT_02194,76.798294,195.69154
OUT_02195,69.050186,199.06406
OUT_02196,279.87268,409.6798
OUT_02197,67.946976,196.87256
OUT_02198,60.378445,183.9825
OUT_02199,72.811905,197.0788
OUT_02200,240.00142,405.3438
OUT_02201,906.59973,1125.4762
OUT_02202,70.30861,200.26782
OUT_02203,907.5247,1086.4961
OUT_02204,228.16072,388.93982
OUT_02205,901.7401,1118.1018
OUT_02206,72.60126,195.89574
OUT_02207,893.7131,1347.8351
OUT_02208,69.26759,201.28381
OUT_02209,77.17044,204.07394
OUT_02210,78.95677,199.91566
OUT_02211,73.56004,195.09726
OUT_02212,243.82759,418.28058
OUT_02213,59.2392,185.79156
OUT_02214,69.14113,238.98312
OUT_02215,237.93483,403.46808
OUT_02216,279.69598,407.11438
OUT_02217,897.59906,1067.6364
OUT_02218,281.8592,411.95166
OUT_02219,246.56557,406.29684
OUT_02220,60.244648,191.49948
OUT_02221,82.14366,202.19304
OUT_02222,62.992107,191.19104
OUT_02223,256.27637,428.87308
OUT_02224,268.8969,405.3438
OUT_02225,55.612072,180.80565
OUT_02226,227.951,384.93408
OUT_02227,70.657455,194.17796
OUT_02228,251.42238,413.5936
OUT_02229,288.79578,440.06693
OUT_02230,233.01448,430.54187
OUT_02231,63.349583,186.1936
OUT_02232,55.370876,179.89926
OUT_02233,71.27199,196.7026
OUT_02234,250.92024,411.61795
OUT_02235,43.01427,166.75165
OUT_02236,1881.7903,2137.9595
OUT_02237,70.825226,191.94049
OUT_02238,902.05695,1083.3824
OUT_02239,47.09325,166.3715
OUT_02240,79.43056,198.55733
OUT_02241,72.22934,201.93527
OUT_02242,887.953,1099.1904
OUT_02243,889.9177,1142.3041
OUT_02244,244.16982,411.5933
OUT_02245,64.05467,187.29564
OUT_02246,892.4661,1058.8707
OUT_02247,61.40887,187.30357
OUT_02248,274.8626,425.47513
OUT_02249,277.61853,412.88843
OUT_02250,68.05069,201.71509
OUT_02251,54.668926,172.08925
OUT_02252,81.34424,200.85677
OUT_02253,248.45528,412.05664
OUT_02254,241.51717,408.88812
OUT_02255,262.9492,400.7338
OUT_02256,30.066967,170.82164
OUT_02257,288.60895,427.09326
OUT_02258,64.54854,191.6542
OUT_02259,62.638668,195.7084
OUT_02260,77.73952,201.45117
OUT_02261,73.95764,197.15512
OUT_02262,62.412457,192.33287
OUT_02263,240.99892,404.93448
OUT_02264,52.73746,172.60207
OUT_02265,104.2567,243.30737
OUT_02266,74.05942,202.68985
OUT_02267,898.50903,1058.3608
OUT_02268,69.89369,199.2953
OUT_02269,251.67403,425.67303
OUT_02270,73.04758,200.17485
OUT_02271,63.806667,199.33496
OUT_02272,277.12756,423.9914
OUT_02273,238.35237,406.29684
OUT_02274,57.046185,178.9621
OUT_02275,279.87402,420.40585
OUT_02276,67.030426,193.94528
OUT_02277,251.93434,405.70917
OUT_02278,55.45357,182.34402
OUT_02279,884.95685,1243.8698
OUT_02280,273.44543,412.1199
OUT_02281,64.85527,177.7951
OUT_02282,58.46236,187.09471
OUT_02283,83.00818,196.33577
OUT_02284,267.8069,403.82626
OUT_02285,85.23894,200.56999
OUT_02286,388.31964,909.2089
OUT_02287,258.00183,403.4721
OUT_02288,222.33174,409.2172
OUT_02289,78.87576,200.06409
OUT_02290,66.96533,196.67725
OUT_02291,57.657864,182.1744
OUT_02292,74.24861,197.61656
OUT_02293,86.9091,214.26729
OUT_02294,84.15195,190.5628
OUT_02295,257.22974,427.73056
OUT_02296,192.49275,295.58246
OUT_02297,79.30551,203.87903
OUT_02298,897.8093,1063.1024
OUT_02299,75.92648,198.62605
OUT_02300,41.39638,158.87334
OUT_02301,923.6574,1373.383
OUT_02302,67.09325,194.5267
OUT_02303,897.97595,1217.3451
OUT_02304,213.11311,395.2413
OUT_02305,247.89442,414.92566
OUT_02306,77.58824,202.93814
OUT_02307,55.40727,179.43083
OUT_02308,888.53296,1283.2892
OUT_02309,64.83972,189.28543
OUT_02310,895.98114,1051.1357
OUT_02311,287.20148,435.86523
OUT_02312,247.54933,392.29776
OUT_02313,275.149,404.0548
OUT_02314,245.58754,404.0763
OUT_02315,79.0067,222.70238
OUT_02316,65.44394,191.93996
OUT_02317,33.69456,143.93323
OUT_02318,280.08698,422.5469
OUT_02319,47.28896,188.41734
OUT_02320,232.2183,353.35083
OUT_02321,79.04193,199.03061
OUT_02322,925.8591,1120.5891
OUT_02323,87.61131,206.15335
OUT_02324,245.74983,391.66745
OUT_02325,76.50105,201.66583
OUT_02326,69.03911,196.86098
OUT_02327,49.76486,180.30696
OUT_02328,77.031204,199.77455
OUT_02329,75.20647,201.5517
OUT_02330,68.39491,201.31819
OUT_02331,76.79265,199.90265
OUT_02332,213.73784,404.7248
OUT_02333,85.242004,202.91066
OUT_02334,890.6553,1065.1493
OUT_02335,74.93263,197.4299
OUT_02336,77.2944,203.32793
OUT_02337,81.42488,215.19392
OUT_02338,72.72545,196.69307
OUT_02339,72.143906,213.194
OUT_02340,67.99414,197.12686
OUT_02341,293.99042,437.12054
OUT_02342,80.45279,201.6489
OUT_02343,249.91023,409.4609
OUT_02344,869.42615,1163.1721
OUT_02345,83.199905,197.73647
OUT_02346,887.2765,1129.4545
OUT_02347,246.08485,411.46347
OUT_02348,72.69383,202.55318
OUT_02349,274.28357,410.4758
OUT_02350,276.87247,446.36407
OUT_02351,1633.2971,2159.874
OUT_02352,246.34853,412.37045
OUT_02353,288.8239,428.54193
OUT_02354,282.10907,423.2452
OUT_02355,270.64307,404.0763
OUT_02356,32.658405,168.05576
OUT_02357,55.050335,180.29115
OUT_02358,898.70917,1086.2272
OUT_02359,74.89848,197.81033
OUT_02360,62.07269,189.76314
OUT_02361,274.3877,397.37335
OUT_02362,68.759476,195.71266
OUT_02363,83.21652,200.7343
OUT_02364,282.30017,418.77933
OUT_02365,280.6283,429.28806
OUT_02366,70.82216,193.26903
OUT_02367,94.57768,202.11476
OUT_02368,69.526764,197.27144
OUT_02369,898.5872,1173.025
OUT_02370,69.85643,202.44109
OUT_02371,2009.2963,2129.465
OUT_02372,74.06546,193.43568
OUT_02373,1575.7463,2135.464
OUT_02374,220.5518,402.2346
OUT_02375,231.191,388.5564
OUT_02376,74.900406,239.82083
OUT_02377,79.141846,207.47401
OUT_02378,82.06937,205.84398
OUT_02379,281.16632,425.18964
OUT_02380,64.06018,191.81804
OUT_02381,65.748245,189.3564
OUT_02382,76.39775,198.34157
OUT_02383,1986.9851,2137.9595
OUT_02384,287.27313,427.6739
OUT_02385,905.12524,1142.112
OUT_02386,900.694,1096.9869
OUT_02387,892.4986,1075.5404
OUT_02388,67.85161,200.55066
OUT_02389,74.30725,198.20865
OUT_02390,272.7461,415.82904
OUT_02391,266.4173,416.01486
OUT_02392,78.22635,214.42085
OUT_02393,48.788273,168.64668
OUT_02394,247.78773,403.8908
OUT_02395,79.946686,199.23721
OUT_02396,253.29536,412.81827
OUT_02397,76.37674,200.72899
OUT_02398,74.255066,202.03989
OUT_02399,893.68585,1076.8136
OUT_02400,60.09181,171.77077
OUT_02401,1890.2803,2131.9304
OUT_02402,66.72569,192.48659
OUT_02403,59.53462,185.23096
OUT_02404,894.8862,1078.8416
OUT_02405,891.02356,1160.4066
OUT_02406,62.327564,192.44493
OUT_02407,197.48604,384.2521
OUT_02408,259.66583,414.4926
OUT_02409,240.72481,403.62845
OUT_02410,78.38365,202.18204
OUT_02411,60.702244,187.33374
OUT_02412,65.49548,195.57356
OUT_02413,63.416546,192.51439
OUT_02414,80.24527,205.59853
OUT_02415,892.81854,1072.4845
OUT_02416,915.32434,1122.0768
OUT_02417,75.452194,200.88116
OUT_02418,904.30585,1099.8505
OUT_02419,236.128,404.57794
OUT_02420,70.181946,191.29773
OUT_02421,67.05763,196.67537
OUT_02422,2011.515,2137.9595
OUT_02423,279.2893,417.54922
OUT_02424,64.82555,191.89288
OUT_02425,255.36201,405.27078
OUT_02426,70.86485,189.84685
OUT_02427,249.47047,415.25684
OUT_02428,251.90987,409.39676
OUT_02429,78.589355,203.89517
OUT_02430,247.49782,409.4609
OUT_02431,1888.7717,2135.4841
OUT_02432,77.2991,190.51547
OUT_02433,49.79154,170.46362
OUT_02434,61.77479,190.30042
OUT_02435,71.54558,203.18843
OUT_02436,886.64624,1250.5448
OUT_02437,1585.2974,2181.824
OUT_02438,72.34929,204.83937
OUT_02439,290.50214,439.97723
OUT_02440,64.50444,192.15482
OUT_02441,68.787445,198.13771
OUT_02442,244.47487,394.83673
OUT_02443,77.309784,204.41136
OUT_02444,925.5401,1439.866
OUT_02445,277.74054,409.88153
OUT_02446,275.85767,414.1765
OUT_02447,68.967545,202.0865
OUT_02448,65.454865,193.44481
OUT_02449,63.741795,185.29779
OUT_02450,37.59432,145.99614
OUT_02451,250.6042,411.82767
OUT_02452,892.0986,1075.8286
OUT_02453,78.98253,201.91669
OUT_02454,278.68213,408.17816
OUT_02455,71.209885,197.72128
OUT_02456,64.48105,196.06807
OUT_02457,278.4276,415.52505
OUT_02458,890.1847,1065.9069
OUT_02459,923.5357,1121.8035
OUT_02460,238.39919,404.01175
OUT_02461,74.42551,201.27875
OUT_02462,69.76247,197.02496
OUT_02463,64.02843,195.24915
OUT_02464,82.77556,198.94125
OUT_02465,69.80374,192.49895
OUT_02466,69.67915,193.67563
OUT_02467,71.63359,197.76051
OUT_02468,68.561035,197.61604
OUT_02469,269.13184,403.40353
OUT_02470,269.5786,409.5245
OUT_02471,1888.6199,2135.7185
OUT_02472,193.15025,319.09894
OUT_02473,76.88112,198.91495
OUT_02474,77.3777,198.16194
OUT_02475,924.4787,1129.3563
OUT_02476,62.98527,196.30894
OUT_02477,96.28148,223.0803
OUT_02478,55.064083,183.23653
OUT_02479,912.0478,1100.0383
OUT_02480,60.701275,193.94788
OUT_02481,67.23151,188.32193
OUT_02482,903.5805,1088.0206
OUT_02483,66.32646,197.55681
OUT_02484,282.21796,432.89688
OUT_02485,62.38712,197.78296
OUT_02486,246.11635,405.52115
OUT_02487,50.538372,169.50586
OUT_02488,73.76665,196.01295
OUT_02489,68.61359,194.8
OUT_02490,245.15181,404.25363
OUT_02491,75.0811,203.20192
OUT_02492,251.40254,423.0769
OUT_02493,75.98361,203.26874
OUT_02494,244.58388,406.10187
OUT_02495,60.786304,180.10393
OUT_02496,246.38661,406.78647
OUT_02497,74.43083,205.85152
OUT_02498,883.62494,1064.6011
OUT_02499,74.30919,198.61687
OUT_02500,244.53755,405.02414
OUT_02501,896.0972,1058.8013
OUT_02502,282.06006,422.97534
OUT_02503,65.57614,184.7915
OUT_02504,74.39926,190.16783
OUT_02505,74.51752,200.93044
OUT_02506,73.0784,199.50334
OUT_02507,44.12795,171.07819
OUT_02508,82.42619,206.71617
OUT_02509,245.99214,421.0752
OUT_02510,251.09676,408.78763
OUT_02511,233.31398,403.2821
OUT_02512,250.46529,403.2821
OUT_02513,89.65532,224.78568
OUT_02514,899.4573,1270.1217
OUT_02515,897.7823,1271.1831
OUT_02516,915.9421,1204.274
OUT_02517,268.48663,405.15833
OUT_02518,56.422398,182.15543
OUT_02519,63.69324,190.62311
OUT_02520,238.37642,412.78494
OUT_02521,73.38745,201.04594
OUT_02522,250.03816,408.33954
OUT_02523,292.36798,652.4945
OUT_02524,894.6288,1088.041
OUT_02525,899.0951,1129.8795
OUT_02526,73.645706,192.19983
OUT_02527,272.88367,403.2821
OUT_02528,219.06935,403.21756
OUT_02529,73.72809,189.42929
OUT_02530,250.2353,409.36383
OUT_02531,251.29622,415.061
OUT_02532,68.8587,194.49724
OUT_02533,57.91138,180.96503
OUT_02534,265.4544,404.26224
OUT_02535,70.90909,200.29962
OUT_02536,70.70769,193.56502
OUT_02537,81.2383,204.93288
OUT_02538,896.2126,1095.2778
OUT_02539,37.712177,144.83614
OUT_02540,60.04826,193.21849
OUT_02541,917.7798,1532.2208
OUT_02542,66.92381,194.28679
OUT_02543,259.2041,384.93408
OUT_02544,251.27803,417.1419
OUT_02545,254.93593,426.73526
OUT_02546,78.81714,203.22925
OUT_02547,72.165924,211.1162
OUT_02548,238.41615,391.08115
OUT_02549,275.8814,408.20456
OUT_02550,71.714905,195.43161
OUT_02551,38.83012,147.3815
OUT_02552,920.8051,1137.3893
OUT_02553,62.065,189.2602
OUT_02554,73.203964,197.33113
OUT_02555,285.12036,426.0669
OUT_02556,73.20207,201.06183
OUT_02557,72.14032,199.93385
OUT_02558,78.0611,192.80237
OUT_02559,61.191273,181.07019
OUT_02560,64.28929,194.23242
OUT_02561,76.50586,199.85223
OUT_02562,54.789608,188.80565
OUT_02563,228.3416,345.4749
OUT_02564,63.80347,191.73038
OUT_02565,279.37976,419.14938
OUT_02566,257.1745,430.0501
OUT_02567,54.021084,175.7058
OUT_02568,236.91689,394.5546
OUT_02569,72.50406,205.6235
OUT_02570,240.15181,405.3438
OUT_02571,263.87122,414.64374
OUT_02572,77.256256,198.71678
OUT_02573,73.829895,197.77043
OUT_02574,284.25647,442.68835
OUT_02575,87.04823,202.2785
OUT_02576,921.58484,1349.0094
OUT_02577,86.102066,202.64474
OUT_02578,889.6029,1071.7504
OUT_02579,212.06012,336.42456
OUT_02580,63.50735,192.77478
OUT_02581,283.42633,412.1086
OUT_02582,1661.3257,2143.329
OUT_02583,66.302505,195.19014
OUT_02584,86.60362,205.73553
OUT_02585,71.767334,200.19205
OUT_02586,1555.2737,2159.874
OUT_02587,60.27563,187.2991
OUT_02588,62.61072,190.9182
OUT_02589,60.11671,189.64409
OUT_02590,240.83638,404.1891
OUT_02591,918.1531,1124.0609
OUT_02592,229.29897,404.33447
OUT_02593,479.8856,1060.5707
OUT_02594,40.076954,165.03113
OUT_02595,75.742935,191.25526
OUT_02596,895.1646,1102.0222
OUT_02597,890.0489,1080.308
OUT_02598,879.5049,1140.4308
OUT_02599,1547.4541,2137.9595
OUT_02600,280.3952,412.10513
OUT_02601,256.67944,413.79276
OUT_02602,59.060863,180.31903
OUT_02603,899.0177,1246.7936
OUT_02604,61.04408,190.19821
OUT_02605,251.72224,414.89053
OUT_02606,892.0558,1058.4629
OUT_02607,85.07942,199.63637
OUT_02608,249.71706,425.6865
OUT_02609,51.758472,174.6819
OUT_02610,251.8467,412.1785
OUT_02611,227.80293,410.77527
OUT_02612,226.13606,403.2821
OUT_02613,241.65999,403.46808
OUT_02614,55.975033,187.01883
OUT_02615,900.28326,1104.4677
OUT_02616,904.89404,1282.8518
OUT_02617,1633.9956,2148.0872
OUT_02618,69.986435,201.83171
OUT_02619,207.91829,388.02945
OUT_02620,64.363525,189.14853
OUT_02621,226.34029,404.12167
OUT_02622,43.777386,171.76816
OUT_02623,71.19946,193.15181
OUT_02624,79.04727,199.40887
OUT_02625,250.82643,413.38278
OUT_02626,835.54126,1123.9908
OUT_02627,69.84343,190.85674
OUT_02628,251.23787,430.48987
OUT_02629,50.71343,178.77339
OUT_02630,70.983215,197.0888
OUT_02631,72.97687,196.29454
OUT_02632,244.49232,420.93552
OUT_02633,80.63695,201.08997
OUT_02634,54.140896,168.83759
OUT_02635,68.11528,198.4497
OUT_02636,2010.3925,2125.4297
OUT_02637,75.03511,201.58165
OUT_02638,242.40254,403.48862
OUT_02639,64.2507,192.91809
OUT_02640,284.91486,435.19687
OUT_02641,905.02386,1135.9991
OUT_02642,67.748856,199.4124
OUT_02643,905.2046,1088.4557
OUT_02644,258.95184,415.59497
OUT_02645,71.22768,199.17526
OUT_02646,75.9539,199.70639
OUT_02647,900.2725,1092.9058
OUT_02648,67.00061,197.13109
OUT_02649,91.882614,218.14241
OUT_02650,234.27339,385.5
OUT_02651,248.2881,408.62213
OUT_02652,71.58653,193.87692
OUT_02653,68.12155,195.84041
OUT_02654,913.81537,1087.785
OUT_02655,78.34146,204.76009
OUT_02656,71.17697,198.2691
OUT_02657,69.11275,198.67368
OUT_02658,63.653797,184.99309
OUT_02659,67.77574,189.34572
OUT_02660,68.47621,200.15172
OUT_02661,243.1457,404.0763
OUT_02662,72.922134,178.63393
OUT_02663,268.84167,393.86163
OUT_02664,906.326,1093.5823
OUT_02665,894.32245,1079.6604
OUT_02666,231.0811,356.85175
OUT_02667,59.960003,192.23547
OUT_02668,893.6462,1072.051
OUT_02669,63.113125,185.36673
OUT_02670,72.71187,203.73015
OUT_02671,72.90155,199.86313
OUT_02672,62.48966,185.55606
OUT_02673,65.161835,195.90448
OUT_02674,45.157055,174.48045
OUT_02675,85.64522,205.35968
OUT_02676,281.02753,414.24005
OUT_02677,80.89528,201.96982
OUT_02678,71.69829,198.74171
OUT_02679,70.33493,190.32422
OUT_02680,58.927784,191.80202
OUT_02681,77.456406,199.47055
OUT_02682,77.29138,194.8438
OUT_02683,73.6805,195.47353
OUT_02684,846.4871,1268.9877
OUT_02685,58.384823,189.48373
OUT_02686,269.8543,429.68317
OUT_02687,73.63345,201.7512
OUT_02688,253.6747,418.8913
OUT_02689,46.090473,160.44855
OUT_02690,254.66017,405.27078
OUT_02691,906.3664,1095.0186
OUT_02692,256.99335,429.5602
OUT_02693,69.32762,192.07365
OUT_02694,69.00717,192.8458
OUT_02695,62.74645,188.02261
OUT_02696,252.40651,420.09015
OUT_02697,281.8587,417.38672
OUT_02698,280.3219,428.38922
OUT_02699,265.69336,408.32816
OUT_02700,61.984188,191.16124
OUT_02701,894.5819,1123.3198
OUT_02702,88.475296,197.63187
OUT_02703,254.9944,432.23065
OUT_02704,77.08888,199.15717
OUT_02705,65.9514,192.25424
OUT_02706,70.57257,194.96297
OUT_02707,86.06044,223.41458
OUT_02708,72.78876,196.37648
OUT_02709,61.956654,193.40395
OUT_02710,268.40564,417.4804
OUT_02711,74.580505,202.54634
OUT_02712,67.12756,193.09575
OUT_02713,87.45625,209.45287
OUT_02714,264.03918,404.08032
OUT_02715,71.77608,195.65517
OUT_02716,62.248592,191.41145
OUT_02717,905.1329,1112.1975
OUT_02718,75.086975,202.24883
OUT_02719,50.5277,177.8233
OUT_02720,55.700306,175.42891
OUT_02721,1898.3359,2141.026
OUT_02722,281.69995,413.5936
OUT_02723,75.01845,198.00435
OUT_02724,59.905346,187.65002
OUT_02725,68.53784,194.58765
OUT_02726,76.35278,202.89647
OUT_02727,67.37419,201.2159
OUT_02728,898.7274,1075.5404
OUT_02729,53.319714,181.20229
OUT_02730,68.70157,194.9125
OUT_02731,278.86896,425.96378
OUT_02732,69.4068,197.07571
OUT_02733,72.61203,200.62437
OUT_02734,892.8879,1087.785
OUT_02735,44.91802,167.78517
OUT_02736,280.62665,413.3029
OUT_02737,236.54347,407.62387
OUT_02738,58.914158,188.23738
OUT_02739,239.735,404.32626
OUT_02740,256.98926,449.56226
OUT_02741,78.94998,226.65442
OUT_02742,67.15056,188.63
OUT_02743,71.92145,190.95679
OUT_02744,251.45387,416.3526
OUT_02745,76.33989,198.73422
OUT_02746,286.75482,450.48544
OUT_02747,70.03801,195.43976
OUT_02748,74.82286,223.1259
OUT_02749,71.587875,187.9652
OUT_02750,73.99161,198.98763
OUT_02751,890.4811,1110.3035
OUT_02752,69.39757,194.35617
OUT_02753,247.82417,413.20126
OUT_02754,67.34651,195.10547
OUT_02755,1645.3376,2143.329
OUT_02756,73.17682,214.5175
OUT_02757,73.213104,201.80164
OUT_02758,943.7611,1380.3324
OUT_02759,73.23166,193.57964
OUT_02760,899.4115,1126.8746
OUT_02761,62.65469,193.40274
OUT_02762,58.33543,186.08609
OUT_02763,70.04079,190.35808
OUT_02764,72.54414,200.79361
OUT_02765,911.7519,1177.0171
OUT_02766,233.03163,390.07233
OUT_02767,278.52917,415.31796
OUT_02768,66.101974,190.76814
OUT_02769,65.9738,192.1449
OUT_02770,279.53363,411.395
OUT_02771,80.444214,204.78482
OUT_02772,84.1608,202.86647
OUT_02773,209.23457,405.20624
OUT_02774,246.94472,407.62387
OUT_02775,284.3894,414.3175
OUT_02776,919.881,1139.5471
OUT_02777,94.501144,208.00946
OUT_02778,38.59093,146.75697
OUT_02779,79.21735,202.33542
OUT_02780,272.58112,410.6879
OUT_02781,250.60262,414.8964
OUT_02782,897.4825,1099.5164
OUT_02783,2010.7318,2137.9595
OUT_02784,249.44783,404.48495
OUT_02785,62.53358,190.34521
OUT_02786,75.370255,193.81575
OUT_02787,73.721954,195.35396
OUT_02788,245.46602,412.51456
OUT_02789,53.51945,169.62263
OUT_02790,66.879974,192.94566
OUT_02791,252.7256,392.83673
OUT_02792,884.90875,1105.184
OUT_02793,230.67067,404.54962
OUT_02794,74.49039,203.38878
OUT_02795,79.45125,200.7279
OUT_02796,50.99039,174.58736
OUT_02797,248.10408,408.62213
OUT_02798,275.8402,411.29504
OUT_02799,50.395306,172.10121
OUT_02800,246.07216,410.79407
OUT_02801,69.96033,200.01602
OUT_02802,69.70419,180.21838
OUT_02803,61.709843,187.2349
OUT_02804,69.55914,197.69965
OUT_02805,66.14812,189.29688
OUT_02806,271.12357,413.35547
OUT_02807,250.49483,409.8936
OUT_02808,273.4082,416.71542
OUT_02809,70.82286,198.14502
OUT_02810,286.06226,430.9033
OUT_02811,85.791046,205.081
OUT_02812,75.16875,196.60538
OUT_02813,67.62752,192.5804
OUT_02814,66.4211,197.49693
OUT_02815,66.36459,193.31564
OUT_02816,78.92937,198.7102
OUT_02817,266.01776,402.96292
OUT_02818,249.44319,413.22083
OUT_02819,261.96442,417.92157
OUT_02820,898.23175,1181.832
OUT_02821,257.46387,423.8105
OUT_02822,69.30542,199.31424
OUT_02823,55.153683,186.66234
OUT_02824,285.49854,427.4521
OUT_02825,70.36989,175.64774
OUT_02826,72.193695,196.09193
OUT_02827,279.24188,426.5653
OUT_02828,74.26103,187.9921
OUT_02829,901.06335,1231.8856
OUT_02830,237.30788,385.9534
OUT_02831,73.61206,200.9066
OUT_02832,897.2432,1093.3495
OUT_02833,258.7375,443.51767
OUT_02834,250.90645,413.38278
OUT_02835,60.536297,189.96692
OUT_02836,1567.8047,2137.9595
OUT_02837,91.22719,205.92691
OUT_02838,285.95166,431.80066
OUT_02839,79.487366,215.27551
OUT_02840,905.1352,1119.9407
OUT_02841,1889.2949,2135.3914
OUT_02842,284.84143,416.41547
OUT_02843,55.523174,184.92235
OUT_02844,55.358654,181.17848
OUT_02845,83.19685,198.4785
OUT_02846,234.56703,404.75354
OUT_02847,78.64317,212.39464
OUT_02848,56.419697,162.92664
OUT_02849,253.5088,415.464
OUT_02850,57.8,184.24382
OUT_02851,40.262295,157.10095
OUT_02852,252.01021,423.39807
OUT_02853,254.63408,386.11133
OUT_02854,1511.7212,2127.8787
OUT_02855,56.461056,174.79886
OUT_02856,69.077194,193.13898
OUT_02857,279.30878,413.98724
OUT_02858,883.3899,1074.1041
OUT_02859,70.04874,194.6729
OUT_02860,1512.3928,2085.7327
OUT_02861,60.3111,185.39484
OUT_02862,81.10751,205.29555
OUT_02863,234.30879,385.5
OUT_02864,229.85988,404.33447
OUT_02865,1552.5571,2137.9595
OUT_02866,72.10222,199.77927
OUT_02867,60.692074,188.06226
OUT_02868,40.651333,161.14008
OUT_02869,54.12412,176.6757
OUT_02870,65.44917,182.73091
OUT_02871,63.13519,188.237
OUT_02872,88.2047,197.96687
OUT_02873,255.60115,410.46362
OUT_02874,282.39917,414.24005
OUT_02875,252.88106,423.9238
OUT_02876,240.03798,389.56207
OUT_02877,62.93275,196.03622
OUT_02878,273.9535,405.60672
OUT_02879,58.105305,180.29718
OUT_02880,62.307262,183.41689
OUT_02881,72.270935,197.80295
OUT_02882,64.27269,195.94954
OUT_02883,925.4414,1326.0948
OUT_02884,68.57953,191.71027
OUT_02885,80.02829,201.15292
OUT_02886,76.45584,200.84554
OUT_02887,248.26271,414.8838
OUT_02888,55.662373,180.83842
OUT_02889,74.933395,199.30069
OUT_02890,900.487,1091.7024
OUT_02891,66.6568,196.7556
OUT_02892,1641.4868,2135.2947
OUT_02893,98.06703,206.76236
OUT_02894,71.55678,192.99297
OUT_02895,883.3619,1160.6212
OUT_02896,897.9299,1071.4893
OUT_02897,255.84572,434.49814
OUT_02898,63.993847,185.6611
OUT_02899,71.99109,201.08679
OUT_02900,234.37172,404.08032
OUT_02901,283.19434,432.57257
OUT_02902,272.56805,403.88608
OUT_02903,57.026836,184.23528
OUT_02904,71.9294,199.08417
OUT_02905,67.451706,196.671
OUT_02906,908.8766,1273.7411
OUT_02907,63.802494,193.5335
OUT_02908,70.59987,195.73541
OUT_02909,282.10754,415.8416
OUT_02910,246.98286,404.25363
OUT_02911,929.1126,1201.6023
OUT_02912,55.628017,186.78139
OUT_02913,281.73218,414.7988
OUT_02914,75.659164,200.863
OUT_02915,65.641785,191.6756
OUT_02916,61.981792,188.20117
OUT_02917,70.48451,199.762
OUT_02918,75.21045,200.53413
OUT_02919,901.6014,1078.4077
OUT_02920,263.35522,392.4729
OUT_02921,57.105785,190.71243
OUT_02922,877.95294,1156.1177
OUT_02923,234.58467,404.33447
OUT_02924,242.22816,398.2973
OUT_02925,273.9253,408.70288
OUT_02926,66.05643,190.58643
OUT_02927,65.27197,194.09398
OUT_02928,72.36334,200.2932
OUT_02929,80.82457,201.52963
OUT_02930,891.9809,1150.605
OUT_02931,67.26068,191.69196
OUT_02932,226.37227,350.78876
OUT_02933,67.99657,192.69342
OUT_02934,57.746685,184.21812
OUT_02935,66.19768,207.27579
OUT_02936,1646.5894,2143.329
OUT_02937,63.63766,188.88254
OUT_02938,73.614685,201.12474
OUT_02939,248.7245,411.4509
OUT_02940,73.710815,201.66869
OUT_02941,916.6166,1131.2742
OUT_02942,69.35242,198.83072
OUT_02943,69.34888,196.28238
OUT_02944,74.002945,195.93916
OUT_02945,63.276127,185.25766
OUT_02946,47.271587,175.54362
OUT_02947,77.31851,199.9884
OUT_02948,72.828125,201.60164
OUT_02949,251.55367,413.96786
OUT_02950,1645.769,2147.4915
OUT_02951,66.115585,193.82063
OUT_02952,289.25537,436.76114
OUT_02953,240.56398,406.71957
OUT_02954,289.445,442.64417
OUT_02955,80.25694,207.6688
OUT_02956,909.254,1275.3292
OUT_02957,66.78853,188.13121
OUT_02958,252.65425,432.01285
OUT_02959,279.72693,413.64157
OUT_02960,234.75996,386.65472
OUT_02961,67.366745,195.49843
OUT_02962,1640.2778,2134.636
OUT_02963,235.7452,416.52997
OUT_02964,927.8206,1402.3931
OUT_02965,50.654713,177.33237
OUT_02966,898.93866,1061.3763
OUT_02967,22.63802,140.22232
OUT_02968,67.42348,192.65727
OUT_02969,891.3545,1148.7179
OUT_02970,909.09094,1174.1489
OUT_02971,276.9475,403.46808
OUT_02972,305.26788,438.67932
OUT_02973,258.48633,434.32748
OUT_02974,896.5107,1066.0851
OUT_02975,48.793003,180.34348
OUT_02976,60.71533,189.9793
OUT_02977,284.37427,414.36548
OUT_02978,254.64662,426.11398
OUT_02979,66.70422,199.05951
OUT_02980,73.16594,200.05083
OUT_02981,76.64937,212.49779
OUT_02982,70.40518,198.88103
OUT_02983,280.96082,412.52847
OUT_02984,90.727036,301.50043
OUT_02985,253.76869,428.37695
OUT_02986,224.04,404.54962
OUT_02987,60.970768,191.40746
OUT_02988,52.238873,176.14093
OUT_02989,231.5046,407.42935
OUT_02990,239.04054,407.42935
OUT_02991,64.63428,192.78098
OUT_02992,77.61076,203.83493
OUT_02993,240.2372,408.0466
OUT_02994,902.4821,1098.8055
OUT_02995,72.3378,193.52687
OUT_02996,904.30396,1063.7327
OUT_02997,919.8134,1142.8331
OUT_02998,85.94069,220.51407
OUT_02999,63.358868,189.21762
OUT_03000,245.23622,405.3438
OUT_03001,232.03896,384.59302
OUT_03002,283.06946,416.89453
OUT_03003,53.18822,193.92656
OUT_03004,883.9551,1002.4923
OUT_03005,49.816914,180.47661
OUT_03006,250.24934,427.66785
OUT_03007,69.362,197.23848
OUT_03008,69.29469,194.59341
OUT_03009,252.29903,420.43857
OUT_03010,71.77179,204.90804
OUT_03011,60.211826,179.56947
OUT_03012,67.747345,190.89934
OUT_03013,262.41852,428.16504
OUT_03014,283.2063,416.83505
OUT_03015,239.81618,388.4304
OUT_03016,73.2381,204.05148
OUT_03017,218.78004,338.61484
OUT_03018,898.68695,1081.8057
OUT_03019,246.96596,403.46808
OUT_03020,1887.031,2137.9595
OUT_03021,883.5594,1147.5593
OUT_03022,79.079926,203.14523
OUT_03023,84.95476,194.7781
OUT_03024,269.35828,403.40353
OUT_03025,60.635273,185.92589
OUT_03026,51.82916,181.8923
OUT_03027,70.74255,193.83043
OUT_03028,249.57784,418.77734
OUT_03029,72.06386,201.56255
OUT_03030,68.23305,198.3263
OUT_03031,243.78682,404.7356
OUT_03032,74.323685,201.14427
OUT_03033,71.716,199.3804
OUT_03034,65.04677,192.6688
OUT_03035,90.97963,212.87856
OUT_03036,482.90634,1118.3276
OUT_03037,1554.2871,2159.442
OUT_03038,866.946,1182.8009
OUT_03039,277.13257,403.46808
OUT_03040,870.2418,1083.9125
OUT_03041,276.9848,422.68948
OUT_03042,80.66176,196.54892
OUT_03043,253.39272,404.43854
OUT_03044,44.541744,149.28357
OUT_03045,94.335434,204.28995
OUT_03046,80.51332,205.12404
OUT_03047,66.98157,196.72707
OUT_03048,273.1671,404.08032
OUT_03049,70.374146,192.36174
OUT_03050,63.308277,194.58902
OUT_03051,69.438034,195.16061
OUT_03052,897.2561,1149.6436
OUT_03053,290.76245,430.41623
OUT_03054,56.050755,184.05736
OUT_03055,247.5884,404.1877
OUT_03056,909.348,1148.4889
OUT_03057,83.71396,194.98286
OUT_03058,75.440216,202.39867
OUT_03059,250.60768,412.5526
OUT_03060,60.20444,182.87323
OUT_03061,902.40796,1106.4646
OUT_03062,80.575424,202.91641
OUT_03063,72.67352,186.31685
OUT_03064,1888.5947,2131.9924
OUT_03065,1886.167,2137.9595
OUT_03066,80.3913,196.75479
OUT_03067,80.449234,228.31589
OUT_03068,67.152374,189.30772
OUT_03069,220.73512,386.49954
OUT_03070,910.3785,1065.9039
OUT_03071,87.47002,204.69876
OUT_03072,282.36548,416.28833
OUT_03073,80.90224,203.72676
OUT_03074,279.1078,421.45627
OUT_03075,2036.1229,2159.874
OUT_03076,285.02277,434.71045
OUT_03077,1554.9346,2131.3914
OUT_03078,1611.8674,2171.44
OUT_03079,65.40137,185.20691
OUT_03080,70.27219,191.02994
OUT_03081,253.73305,425.96753
OUT_03082,89.45854,204.0908
OUT_03083,60.836308,187.26898
OUT_03084,893.8954,1201.1586
OUT_03085,76.984924,258.37152
OUT_03086,65.65625,196.07968
OUT_03087,81.11713,201.99681
OUT_03088,915.2539,1128.9142
OUT_03089,284.84644,433.04196
OUT_03090,218.70216,388.5813
OUT_03091,59.58917,182.5553
OUT_03092,60.07339,187.27374
OUT_03093,917.50256,1214.6483
OUT_03094,71.82526,197.00467
OUT_03095,75.77385,203.45316
OUT_03096,73.756,204.1397
OUT_03097,907.1479,1320.5308
OUT_03098,61.81207,179.55878
OUT_03099,894.54694,1066.775
OUT_03100,70.10104,187.55197
OUT_03101,78.15428,196.34888
OUT_03102,252.04921,410.06778
OUT_03103,234.77553,403.40353
OUT_03104,72.28516,200.5342
OUT_03105,53.241077,180.48233
OUT_03106,52.302235,174.78455
OUT_03107,72.56973,189.54565
OUT_03108,65.43825,190.82628
OUT_03109,66.28816,193.25896
OUT_03110,102.78493,353.98074
OUT_03111,69.076584,190.32811
OUT_03112,214.14192,384.98334
OUT_03113,248.96083,411.33868
OUT_03114,66.64014,194.55338
OUT_03115,86.44081,202.17336
OUT_03116,242.31737,414.76865
OUT_03117,47.971226,171.24988
OUT_03118,74.008545,193.9413
OUT_03119,77.26892,193.5869
OUT_03120,78.92337,200.42548
OUT_03121,54.17606,169.17027
OUT_03122,62.89957,190.63902
OUT_03123,50.896053,175.0876
OUT_03124,68.65396,193.72285
OUT_03125,283.222,410.43655
OUT_03126,69.425674,206.41916
OUT_03127,74.87254,196.91562
OUT_03128,39.30675,156.65742
OUT_03129,891.1508,1233.0784
OUT_03130,102.46727,199.32312
OUT_03131,2011.4594,2136.6187
OUT_03132,46.922558,157.1183
OUT_03133,67.72194,191.36174
OUT_03134,899.861,1221.454
OUT_03135,72.952576,203.96852
OUT_03136,238.67287,405.20624
OUT_03137,66.39653,199.52045
OUT_03138,70.471725,197.19118
OUT_03139,231.72932,404.2677
OUT_03140,73.798035,200.5589
OUT_03141,85.68057,198.21146
OUT_03142,250.93996,414.11395
OUT_03143,55.893497,181.35388
OUT_03144,77.75125,200.82076
OUT_03145,62.999546,187.54568
OUT_03146,243.2303,412.1199
OUT_03147,291.95483,431.7672
OUT_03148,926.42474,1401.029
OUT_03149,69.28583,217.34825
OUT_03150,245.14357,409.94693
OUT_03151,64.229126,193.62541
OUT_03152,63.09682,187.98993
OUT_03153,288.2464,434.3575
OUT_03154,907.9486,1219.5215
OUT_03155,278.7627,408.53244
OUT_03156,233.07784,404.08032
OUT_03157,903.34216,1166.9802
OUT_03158,63.05553,189.92345
OUT_03159,62.400364,182.70892
OUT_03160,282.5346,413.82663
OUT_03161,266.59198,404.6804
OUT_03162,84.58156,205.2953
OUT_03163,71.0444,199.13177
OUT_03164,893.1528,1076.5073
OUT_03165,259.09247,433.5562
OUT_03166,65.085556,193.85194
OUT_03167,2010.7318,2140.6619
OUT_03168,85.174805,199.61461
OUT_03169,66.06523,194.44157
OUT_03170,256.23224,405.20624
OUT_03171,247.44691,408.54166
OUT_03172,47.19424,161.86192
OUT_03173,88.559494,221.88295
OUT_03174,75.5285,196.34798
OUT_03175,271.15887,411.95715
OUT_03176,64.10997,196.18248
OUT_03177,51.83469,193.0211
OUT_03178,59.77696,189.1097
OUT_03179,254.08937,411.2798
OUT_03180,68.40674,197.55388
OUT_03181,80.09256,209.8713
OUT_03182,56.954494,180.28014
OUT_03183,889.97955,1230.9341
OUT_03184,251.09547,407.284
OUT_03185,76.79144,200.6287
OUT_03186,253.24593,413.6885
OUT_03187,89.72044,203.00253
OUT_03188,67.61963,196.30443
OUT_03189,251.68105,410.95935
OUT_03190,75.275406,200.61642
OUT_03191,916.0401,1110.344
OUT_03192,64.93239,198.504
OUT_03193,64.30986,190.3781
OUT_03194,276.06348,421.07214
OUT_03195,66.37416,196.47418
OUT_03196,269.27948,405.21124
OUT_03197,65.53595,194.34343
OUT_03198,67.319,196.66936
OUT_03199,245.9532,431.2308
OUT_03200,246.67744,413.37796
OUT_03201,274.7976,415.31796
OUT_03202,70.18472,192.53644
OUT_03203,78.696365,196.90024
OUT_03204,270.11005,404.61182
OUT_03205,74.420135,191.96265
OUT_03206,254.8785,417.17365
OUT_03207,73.03984,202.16019
OUT_03208,1553.4114,2159.874
OUT_03209,68.148254,197.48744
OUT_03210,67.43916,194.33247
OUT_03211,272.52496,411.4509
OUT_03212,75.62868,200.1322
OUT_03213,238.78139,405.15833
OUT_03214,249.49391,407.23358
OUT_03215,249.39253,415.31796
OUT_03216,76.29457,213.31255
OUT_03217,280.5741,409.54132
OUT_03218,250.01338,407.49933
OUT_03219,77.54939,196.96469
OUT_03220,242.08614,404.01175
OUT_03221,283.79132,437.54877
OUT_03222,246.25868,411.61475
OUT_03223,75.718994,199.71793
OUT_03224,253.85463,414.6261
OUT_03225,69.1483,195.01366
OUT_03226,80.93306,196.05154
OUT_03227,251.99568,424.94617
OUT_03228,925.7888,1403.6018
OUT_03229,1579.1248,2151.251
OUT_03230,70.58865,196.41719
OUT_03231,271.87378,413.46777
OUT_03232,53.111935,175.30069
OUT_03233,890.5876,1177.9524
OUT_03234,277.4461,407.16693
OUT_03235,77.437775,194.05145
OUT_03236,75.33034,196.26668
OUT_03237,66.25978,195.17938
OUT_03238,82.12569,201.02356
OUT_03239,81.421265,202.01033
OUT_03240,245.4872,415.4757
OUT_03241,77.08061,199.47574
OUT_03242,888.8906,1227.3623
OUT_03243,64.20764,185.65115
OUT_03244,62.342495,185.86836
OUT_03245,231.65926,385.3872
OUT_03246,50.83102,177.80753
OUT_03247,68.44478,193.21176
OUT_03248,247.33199,413.06253
OUT_03249,68.15953,197.56264
OUT_03250,70.10864,193.2354
OUT_03251,896.5731,1129.5414
OUT_03252,916.08105,1194.7842
OUT_03253,76.98746,204.37221
OUT_03254,73.200226,193.63579
OUT_03255,261.8145,441.34332
OUT_03256,284.23157,414.17264
OUT_03257,85.69313,208.68231
OUT_03258,210.2108,386.51715
OUT_03259,258.2318,416.41547
OUT_03260,890.6247,1152.9727
OUT_03261,68.516174,195.25116
OUT_03262,276.7503,424.79724
OUT_03263,64.250046,193.92825
OUT_03264,1575.5801,2135.8538
OUT_03265,251.82088,411.04056
OUT_03266,63.110332,190.43066
OUT_03267,87.14867,219.37273
OUT_03268,252.61818,411.39264
OUT_03269,259.78436,413.13507
OUT_03270,75.99919,193.18997
OUT_03271,894.9632,1106.1046
OUT_03272,278.01282,414.92566
OUT_03273,890.10284,1214.2347
OUT_03274,930.4933,1350.163
OUT_03275,77.6564,195.31364
OUT_03276,54.862164,178.95561
OUT_03277,75.674774,201.41025
OUT_03278,77.78294,198.7488
OUT_03279,78.57596,201.73476
OUT_03280,72.52438,202.83609
OUT_03281,1889.7979,2136.7317
OUT_03282,277.9754,425.20395
OUT_03283,907.1342,1128.3982
OUT_03284,73.34859,198.18492
OUT_03285,60.94459,189.08505
OUT_03286,77.07994,202.80707
OUT_03287,920.7407,1386.8881
OUT_03288,241.86055,384.779
OUT_03289,57.949894,200.21452
OUT_03290,79.56259,196.8049
OUT_03291,75.794464,199.3277
OUT_03292,55.596004,191.99846
OUT_03293,247.14369,395.46338
OUT_03294,79.0096,194.74335
OUT_03295,74.01001,200.82166
OUT_03296,1549.845,2129.5247
OUT_03297,872.0304,1132.5519
OUT_03298,76.18582,202.41261
OUT_03299,236.54213,404.67636
OUT_03300,237.81612,403.89484
OUT_03301,277.37628,408.50888
OUT_03302,903.70166,1096.857
OUT_03303,75.86133,203.65523
OUT_03304,76.716095,218.73586
OUT_03305,87.56737,209.503
OUT_03306,75.62291,198.75743
OUT_03307,71.089966,197.82576
OUT_03308,247.37422,403.4721
OUT_03309,61.372425,193.39598
OUT_03310,54.67081,181.7456
OUT_03311,73.90994,199.07822
OUT_03312,896.5224,1067.2058
OUT_03313,62.026432,191.33621
OUT_03314,68.36252,198.65596
OUT_03315,1596.2842,2146.3582
OUT_03316,901.6448,1113.2462
OUT_03317,40.143276,146.06836
OUT_03318,74.47258,195.74173
OUT_03319,254.28658,427.46948
OUT_03320,47.736965,168.94505
OUT_03321,225.2516,404.32678
OUT_03322,255.69441,422.32077
OUT_03323,255.76198,408.25772
OUT_03324,878.1436,1182.8009
OUT_03325,2011.9735,2137.9595
OUT_03326,91.560135,209.84648
OUT_03327,903.1122,1342.6932
OUT_03328,899.45184,1069.1921
OUT_03329,265.4098,404.25766
OUT_03330,917.33374,1341.4115
OUT_03331,77.76889,204.40346
OUT_03332,80.66591,196.41528
OUT_03333,900.2424,1108.8103
OUT_03334,903.864,1099.8457
OUT_03335,276.8415,414.6778
OUT_03336,252.22084,404.67636
OUT_03337,251.19978,413.38278
OUT_03338,73.66936,196.74591
OUT_03339,70.09888,193.20229
OUT_03340,248.95088,410.6375
OUT_03341,479.82065,1154.5511
OUT_03342,65.810425,190.90498
OUT_03343,59.27577,191.55992
OUT_03344,892.953,1146.018
OUT_03345,888.7637,1191.5468
OUT_03346,941.88196,1510.6976
OUT_03347,83.01547,199.16983
OUT_03348,69.51198,198.3229
OUT_03349,255.86635,420.93747
OUT_03350,258.37366,434.4503
OUT_03351,69.64737,194.83842
OUT_03352,247.06783,434.02448
OUT_03353,1588.05,2129.8625
OUT_03354,61.034588,187.43048
OUT_03355,74.712585,199.33623
OUT_03356,60.439465,188.06917
OUT_03357,208.30551,401.84427
OUT_03358,1938.2471,2139.2354
OUT_03359,883.58887,1095.32
OUT_03360,67.95439,190.44199
OUT_03361,236.13313,388.30386
OUT_03362,64.76073,198.71048
OUT_03363,56.544987,191.45297
OUT_03364,73.29103,201.92422
OUT_03365,66.26643,188.176
OUT_03366,232.05226,385.13718
OUT_03367,244.65572,404.25766
OUT_03368,900.80554,1082.343
OUT_03369,66.59836,195.11118
OUT_03370,264.9054,407.62387
OUT_03371,272.08728,412.67404
OUT_03372,56.537838,174.47298
OUT_03373,283.41052,415.28137
OUT_03374,45.55183,161.42418
OUT_03375,78.872025,202.03494
OUT_03376,65.66797,196.59332
OUT_03377,272.45135,413.5163
OUT_03378,68.89279,194.91165
OUT_03379,286.3429,427.68442
OUT_03380,57.98338,186.74368
OUT_03381,927.5329,1132.3201
OUT_03382,78.670166,202.62091
OUT_03383,872.1557,1098.4146
OUT_03384,67.54187,197.88509
OUT_03385,67.49361,195.21883
OUT_03386,74.19635,196.4601
OUT_03387,907.9184,1105.9977
OUT_03388,881.8797,1178.169
OUT_03389,73.74698,195.41008
OUT_03390,81.715164,201.61295
OUT_03391,924.452,1132.4727
OUT_03392,84.410614,204.26698
OUT_03393,245.83717,404.7356
OUT_03394,84.440994,223.56921
OUT_03395,910.29645,1179.4901
OUT_03396,235.5685,328.86392
OUT_03397,77.921906,205.18193
OUT_03398,64.72687,190.34543
OUT_03399,64.92255,198.87161
OUT_03400,289.5525,433.77884
OUT_03401,254.64632,412.37045
OUT_03402,1619.1533,2143.329
OUT_03403,59.928326,194.41806
OUT_03404,69.35446,195.96056
OUT_03405,69.94937,198.76123
OUT_03406,895.8308,1233.0392
OUT_03407,254.2134,412.861
OUT_03408,75.19905,203.04697
OUT_03409,243.74031,409.94693
OUT_03410,68.9436,196.88913
OUT_03411,1881.2935,2137.9595
OUT_03412,58.877262,187.60593
OUT_03413,898.52655,1064.4014
OUT_03414,895.0821,1071.9069
OUT_03415,1646.2886,2154.3528
OUT_03416,69.69418,195.7554
OUT_03417,91.8026,212.98824
OUT_03418,904.38574,1181.0737
OUT_03419,60.909435,183.08295
OUT_03420,74.083786,198.2944
OUT_03421,65.65872,191.23453
OUT_03422,74.10149,194.83261
OUT_03423,920.2078,1133.9205
OUT_03424,916.98047,1125.4764
OUT_03425,256.14105,424.86304
OUT_03426,69.92264,197.61722
OUT_03427,227.09102,354.7876
OUT_03428,70.49579,194.68475
OUT_03429,70.335236,187.4788
OUT_03430,268.08063,404.0763
OUT_03431,58.37646,177.76146
OUT_03432,64.1147,190.46585
OUT_03433,58.032253,174.86061
OUT_03434,237.98946,408.717
OUT_03435,77.26033,198.88628
OUT_03436,896.6797,1108.039
OUT_03437,63.310253,196.78003
OUT_03438,255.7715,433.82977
OUT_03439,271.1214,413.64093
OUT_03440,54.971928,178.8901
OUT_03441,56.882465,176.39545
OUT_03442,250.86678,408.61078
OUT_03443,909.655,1155.2883
OUT_03444,917.4891,1110.0131
OUT_03445,281.2516,431.58597
OUT_03446,889.37445,1314.0807
OUT_03447,79.189835,200.97221
OUT_03448,253.46199,409.5285
OUT_03449,34.149593,147.54385
OUT_03450,277.7281,412.25833
OUT_03451,879.8027,1231.5565
OUT_03452,72.93439,201.16241
OUT_03453,244.5046,409.662
OUT_03454,90.124374,219.30696
OUT_03455,71.23471,198.27582
OUT_03456,54.802204,181.58533
OUT_03457,249.21266,406.71426
OUT_03458,2011.5848,2168.1475
OUT_03459,77.057816,203.94316
OUT_03460,75.80298,202.2129
OUT_03461,81.0043,201.93935
OUT_03462,81.09549,201.33212
OUT_03463,67.987274,193.68681
OUT_03464,78.38527,197.28087
OUT_03465,247.45235,412.59314
OUT_03466,248.45064,403.2821
OUT_03467,906.0819,1090.9631
OUT_03468,239.47377,403.4721
OUT_03469,67.84778,198.3752
OUT_03470,53.968555,183.37785
OUT_03471,61.99963,193.1979
OUT_03472,67.796646,197.0529
OUT_03473,74.8405,202.04503
OUT_03474,80.02031,201.75365
OUT_03475,63.32652,189.7777
OUT_03476,237.19868,403.2821
OUT_03477,243.28426,404.0763
OUT_03478,68.41293,189.60095
OUT_03479,79.02118,207.40761
OUT_03480,266.03162,403.21756
OUT_03481,58.66537,191.82138
OUT_03482,802.7418,1097.5408
OUT_03483,70.48549,194.72449
OUT_03484,1546.01,2136.6187
OUT_03485,68.51039,191.97813
OUT_03486,92.34874,198.48544
OUT_03487,74.80994,198.36833
OUT_03488,58.870426,180.37405
OUT_03489,242.93758,404.0763
OUT_03490,66.2272,180.94067
OUT_03491,248.89394,410.55255
OUT_03492,924.4656,1292.3026
OUT_03493,1549.8186,2126.6902
OUT_03494,277.44464,412.76733
OUT_03495,60.33096,187.99297
OUT_03496,37.883686,173.2975
OUT_03497,283.3313,422.79745
OUT_03498,237.90382,413.5936
OUT_03499,227.38686,385.39124
OUT_03500,70.26619,197.1211
OUT_03501,279.07526,409.94693
OUT_03502,75.552505,199.31401
OUT_03503,253.6285,417.32736
OUT_03504,71.68889,198.65106
OUT_03505,251.82991,413.15973
OUT_03506,249.42152,408.97403
OUT_03507,73.89511,200.07849
OUT_03508,908.99713,1126.6842
OUT_03509,59.86044,185.57515
OUT_03510,59.045643,190.81802
OUT_03511,65.59529,185.45415
OUT_03512,71.54309,191.65976
OUT_03513,908.01385,1096.8754
OUT_03514,61.036777,189.17075
OUT_03515,68.92026,195.10146
OUT_03516,63.30534,190.18068
OUT_03517,89.14137,201.12009
OUT_03518,242.31667,404.7356
OUT_03519,897.67523,1234.5273
OUT_03520,65.981,186.32745
OUT_03521,274.58435,409.02737
OUT_03522,80.96068,198.60345
OUT_03523,56.623295,192.9924
OUT_03524,250.08656,439.9374
OUT_03525,64.8215,192.23395
OUT_03526,66.4702,195.543
OUT_03527,60.026554,187.26689
OUT_03528,56.54376,186.23259
OUT_03529,262.1687,431.33453
OUT_03530,82.32074,208.64822
OUT_03531,257.03058,442.4015
OUT_03532,77.2565,216.7096
OUT_03533,888.35077,1071.1825
OUT_03534,269.1927,430.29138
OUT_03535,77.24811,198.8517
OUT_03536,75.22029,198.17325
OUT_03537,250.40791,408.96588
OUT_03538,64.40282,197.07214
OUT_03539,63.661304,187.63214
OUT_03540,33.156513,155.55867
OUT_03541,257.36145,403.2821
OUT_03542,246.30428,403.62317
OUT_03543,77.928604,205.38014
OUT_03544,62.657787,184.4154
OUT_03545,254.97383,414.74023
OUT_03546,77.44391,200.32288
OUT_03547,242.63863,403.40353
OUT_03548,76.95305,194.65865
OUT_03549,1887.8591,2138.8264
OUT_03550,226.42232,404.32678
OUT_03551,951.7263,1307.0387
OUT_03552,274.21637,410.43655
OUT_03553,71.0889,194.43376
OUT_03554,286.36285,432.2497
OUT_03555,898.96545,1098.8003
OUT_03556,917.34625,1437.6545
OUT_03557,84.13983,196.14247
OUT_03558,247.51796,403.40353
OUT_03559,931.7779,1468.9775
OUT_03560,301.43707,678.9862
OUT_03561,264.18433,420.07047
OUT_03562,80.83389,202.34666
OUT_03563,258.30408,428.22244
OUT_03564,254.25832,412.43695
OUT_03565,278.58984,413.8295
OUT_03566,90.94771,198.0578
OUT_03567,239.675,404.33447
OUT_03568,66.08089,199.11641
OUT_03569,891.09216,1150.1968
OUT_03570,1627.7476,2137.9595
OUT_03571,907.24493,1162.4789
OUT_03572,904.7274,1226.8956
OUT_03573,79.635345,207.28316
OUT_03574,259.10706,403.21756
OUT_03575,889.7173,1057.4672
OUT_03576,61.68993,196.17831
OUT_03577,2019.5175,2130.0198
OUT_03578,276.7563,404.7356
OUT_03579,904.6673,1089.3328
OUT_03580,57.722454,186.80443
OUT_03581,69.37315,193.75496
OUT_03582,256.70282,429.5532
OUT_03583,67.20856,191.14345
OUT_03584,59.2709,192.62967
OUT_03585,61.24384,181.82526
OUT_03586,85.92354,204.74939
OUT_03587,257.46405,414.82983
OUT_03588,73.74547,200.33844
OUT_03589,57.425953,184.1797
OUT_03590,62.513332,191.39436
OUT_03591,1889.6235,2134.6956
OUT_03592,62.54417,189.12653
OUT_03593,75.5771,203.37228
OUT_03594,272.60638,403.4721
OUT_03595,246.36452,410.6713
OUT_03596,267.3648,407.36972
OUT_03597,914.7818,1088.8794
OUT_03598,914.98505,1080.1392
OUT_03599,72.4745,200.06303
OUT_03600,70.19475,200.64166
OUT_03601,232.41841,432.21805
OUT_03602,239.06416,409.68375
OUT_03603,57.014217,183.48906
OUT_03604,274.72607,416.01486
OUT_03605,71.14435,201.14963
OUT_03606,926.83856,1138.935
OUT_03607,247.45094,412.08737
OUT_03608,85.29234,218.76091
OUT_03609,71.12561,195.123
OUT_03610,66.89934,197.69962
OUT_03611,78.85831,228.38579
OUT_03612,76.7565,204.17982
OUT_03613,71.61893,185.82079
OUT_03614,64.27962,196.31714
OUT_03615,892.7386,1177.6371
OUT_03616,906.92413,1344.1327
OUT_03617,72.02142,200.99205
OUT_03618,71.41176,194.07709
OUT_03619,275.09802,415.76782
OUT_03620,280.44025,408.01175
OUT_03621,67.49428,203.02792
OUT_03622,916.803,1298.1909
OUT_03623,251.53822,412.5066
OUT_03624,76.95686,200.39948
OUT_03625,75.23642,196.425
OUT_03626,56.196102,185.50443
OUT_03627,56.743046,179.25874
OUT_03628,43.258114,156.52094
OUT_03629,894.0099,1278.9983
OUT_03630,254.53554,414.8921
OUT_03631,889.6388,1085.1567
OUT_03632,85.32767,223.55171
OUT_03633,65.628006,196.35278
OUT_03634,908.19586,1201.6964
OUT_03635,1554.8997,2159.874
OUT_03636,76.02559,199.2727
OUT_03637,255.7707,428.04395
OUT_03638,64.13524,195.94133
OUT_03639,47.275814,162.8105
OUT_03640,75.247284,199.9278
OUT_03641,230.69191,408.16483
OUT_03642,73.823135,206.8466
OUT_03643,283.4994,419.60504
OUT_03644,888.29736,1052.9038
OUT_03645,240.75685,404.01175
OUT_03646,81.90399,200.96877
OUT_03647,72.80563,198.85506
OUT_03648,264.15094,410.8948
OUT_03649,237.12819,407.42935
OUT_03650,81.75012,204.11061
OUT_03651,880.20044,1107.788
OUT_03652,74.71695,199.54164
OUT_03653,1574.6218,2128.431
OUT_03654,71.4402,198.52669
OUT_03655,233.18623,403.21756
OUT_03656,70.82272,208.57031
OUT_03657,65.43417,192.50255
OUT_03658,73.33353,196.18915
OUT_03659,73.16429,202.32729
OUT_03660,71.44394,198.77287
OUT_03661,73.03378,192.82556
OUT_03662,58.516315,181.08516
OUT_03663,260.11945,433.11823
OUT_03664,239.21779,397.20346
OUT_03665,925.0654,1143.8586
OUT_03666,65.13982,196.42035
OUT_03667,901.1501,1232.2805
OUT_03668,274.7622,419.6777
OUT_03669,481.9987,1152.2461
OUT_03670,66.80257,190.07616
OUT_03671,287.3792,426.39484
OUT_03672,88.994,225.84904
OUT_03673,72.640945,202.1217
OUT_03674,262.36603,403.2821
OUT_03675,88.20891,220.48097
OUT_03676,1579.6599,2159.933
OUT_03677,47.658276,177.14772
OUT_03678,212.66103,403.69998
OUT_03679,67.95453,197.03023
OUT_03680,1554.2092,2137.9595
OUT_03681,64.574905,190.85129
OUT_03682,68.08435,199.73712
OUT_03683,78.53993,198.04916
OUT_03684,72.928894,200.79897
OUT_03685,66.7722,193.04541
OUT_03686,1887.8259,2137.9595
OUT_03687,47.80192,178.85815
OUT_03688,73.00043,211.5492
OUT_03689,70.9025,192.37314
OUT_03690,75.0968,206.78706
OUT_03691,84.82068,207.0046
OUT_03692,64.910126,190.75832
OUT_03693,60.223324,182.41747
OUT_03694,83.51312,199.80309
OUT_03695,278.87512,406.71426
OUT_03696,74.60266,200.56114
OUT_03697,256.37952,407.2881
OUT_03698,241.47176,392.75217
OUT_03699,900.4104,1100.7687
OUT_03700,266.97275,391.14084
OUT_03701,900.2492,1080.6932
OUT_03702,94.41347,202.17337
OUT_03703,244.84926,404.1891
OUT_03704,285.53595,428.78394
OUT_03705,80.75864,205.06474
OUT_03706,61.08019,191.27235
OUT_03707,74.68631,206.24669
OUT_03708,56.755207,181.22368
OUT_03709,889.75134,1193.3577
OUT_03710,240.22731,404.25766
OUT_03711,64.67572,195.74937
OUT_03712,73.80684,194.41273
OUT_03713,85.29094,205.75983
OUT_03714,252.87764,413.7678
OUT_03715,280.85498,463.91235
OUT_03716,72.47664,195.34663
OUT_03717,49.521465,165.68352
OUT_03718,269.1524,407.54706
OUT_03719,1589.0303,2159.874
OUT_03720,51.12958,174.78725
OUT_03721,254.154,415.56732
OUT_03722,50.854084,179.48482
OUT_03723,897.37494,1168.5723
OUT_03724,1938.2471,2137.9595
OUT_03725,78.6069,202.83371
OUT_03726,268.7857,414.22473
OUT_03727,72.83357,203.11302
OUT_03728,73.92308,194.80316
OUT_03729,287.19934,420.10855
OUT_03730,235.98796,349.42883
OUT_03731,254.71956,419.61404
OUT_03732,68.86444,202.48631
OUT_03733,52.13473,180.31496
OUT_03734,234.39436,358.096
OUT_03735,237.97115,404.93448
OUT_03736,270.88788,422.01297
OUT_03737,76.69258,213.42133
OUT_03738,278.29095,412.37045
OUT_03739,922.7594,1403.445
OUT_03740,64.23915,195.97308
OUT_03741,2016.9022,2136.6187
OUT_03742,68.78264,190.21777
OUT_03743,227.94203,403.2821
OUT_03744,69.584274,193.99693
OUT_03745,50.116375,183.6856
OUT_03746,238.67757,346.23798
OUT_03747,69.99669,193.33224
OUT_03748,238.75966,404.7572
OUT_03749,62.65906,191.7012
OUT_03750,84.49835,207.64024
OUT_03751,72.20874,200.19298
OUT_03752,65.27428,188.44765
OUT_03753,71.88818,203.39221
OUT_03754,907.0633,1068.5569
OUT_03755,87.74544,224.82881
OUT_03756,252.0143,413.28552
OUT_03757,2012.1366,2128.7102
OUT_03758,52.479702,170.643
OUT_03759,74.93149,201.19882
OUT_03760,223.5837,409.43234
OUT_03761,73.31299,196.8481
OUT_03762,273.94586,420.85617
OUT_03763,72.448654,195.59148
OUT_03764,890.6117,1104.3934
OUT_03765,78.447174,197.46736
OUT_03766,921.40533,1137.3893
OUT_03767,280.03467,420.92966
OUT_03768,83.68207,220.63625
OUT_03769,241.50655,403.40353
OUT_03770,283.36584,441.48914
OUT_03771,282.93414,424.2782
OUT_03772,903.28394,1071.2112
OUT_03773,912.8068,1131.227
OUT_03774,52.76565,176.0863
OUT_03775,69.36592,192.8067
OUT_03776,60.158382,184.26257
OUT_03777,59.033268,181.74173
OUT_03778,55.251087,165.88281
OUT_03779,67.25491,198.98984
OUT_03780,89.35338,220.78375
OUT_03781,278.02283,417.73053
OUT_03782,235.47554,404.33447
OUT_03783,70.90387,195.542
OUT_03784,45.529522,163.10315
OUT_03785,69.76637,190.50798
OUT_03786,1611.7961,2126.3345
OUT_03787,249.79762,405.32397
OUT_03788,64.73343,194.87291
OUT_03789,239.38045,408.15082
OUT_03790,73.88721,198.38368
OUT_03791,894.3365,1048.596
OUT_03792,228.16585,360.7378
OUT_03793,82.234344,193.67696
OUT_03794,77.79898,200.12613
OUT_03795,256.14124,426.78665
OUT_03796,924.95984,1351.2208
OUT_03797,66.55681,189.48672
OUT_03798,274.8938,410.656
OUT_03799,235.61201,409.61255
OUT_03800,887.62787,1068.8805
OUT_03801,249.14235,404.1891
OUT_03802,277.57312,409.79868
OUT_03803,892.35236,1299.9602
OUT_03804,278.7162,415.7407
OUT_03805,75.03537,202.44908
OUT_03806,71.55856,202.00919
OUT_03807,65.899475,191.73772
OUT_03808,73.43956,199.44115
OUT_03809,82.917694,201.83592
OUT_03810,82.773575,205.20071
OUT_03811,73.81465,195.53952
OUT_03812,58.84074,181.87308
OUT_03813,68.27135,196.95825
OUT_03814,1888.3755,2131.1067
OUT_03815,916.6516,1194.0769
OUT_03816,53.388897,181.83469
OUT_03817,43.977406,172.78363
OUT_03818,89.11586,212.50368
OUT_03819,229.69545,385.53323
OUT_03820,74.625854,194.98108
OUT_03821,75.71088,203.87476
OUT_03822,52.644833,190.3837
OUT_03823,255.58443,386.28418
OUT_03824,891.41925,1068.4927
OUT_03825,246.54372,360.04303
OUT_03826,69.87021,192.8061
OUT_03827,68.62698,198.6133
OUT_03828,883.4247,1055.3851
OUT_03829,1648.0544,2155.2405
OUT_03830,82.69293,206.80159
OUT_03831,262.55707,441.81006
OUT_03832,234.58089,385.3872
OUT_03833,895.4949,1063.1796
OUT_03834,71.49513,195.64565
OUT_03835,61.217922,191.45131
OUT_03836,81.90019,194.54411
OUT_03837,84.83975,202.81786
OUT_03838,73.65065,193.63815
OUT_03839,78.0005,200.88779
OUT_03840,895.0901,1127.1105
OUT_03841,894.31604,1067.2432
OUT_03842,237.02058,402.59445
OUT_03843,274.28668,403.40353
OUT_03844,899.0935,1068.6826
OUT_03845,53.857327,174.82404
OUT_03846,255.67128,405.7376
OUT_03847,903.39435,1111.7736
OUT_03848,250.07277,413.38278
OUT_03849,890.35474,1057.4672
OUT_03850,893.0661,1143.9242
OUT_03851,67.89604,191.84927
OUT_03852,55.064083,186.05646
OUT_03853,146.78065,318.9409
OUT_03854,55.657223,198.47011
OUT_03855,72.594345,200.83302
OUT_03856,272.64935,415.76782
OUT_03857,75.30034,203.53857
OUT_03858,67.40535,197.70728
OUT_03859,55.359203,174.26855
OUT_03860,233.74037,403.2821
OUT_03861,889.7334,1149.1838
OUT_03862,67.77362,192.74211
OUT_03863,894.899,1054.1569
OUT_03864,887.10004,1071.6622
OUT_03865,80.695816,199.61314
OUT_03866,1888.2222,2136.4656
OUT_03867,80.07909,202.0337
OUT_03868,78.70067,197.2745
OUT_03869,248.2116,367.4914
OUT_03870,69.78911,188.8103
OUT_03871,74.94652,202.9794
OUT_03872,60.18057,191.57489
OUT_03873,252.74507,411.18372
OUT_03874,84.982956,200.39703
OUT_03875,247.38344,411.43967
OUT_03876,906.65826,1113.5404
OUT_03877,287.42596,429.71024
OUT_03878,895.74426,1173.0364
OUT_03879,96.96571,208.52344
OUT_03880,41.943333,148.02287
OUT_03881,62.639103,182.18944
OUT_03882,73.83841,203.05351
OUT_03883,74.01584,200.44415
OUT_03884,68.08917,173.4814
OUT_03885,2041.4774,2159.874
OUT_03886,254.90071,428.3496
OUT_03887,78.00322,204.1749
OUT_03888,72.62747,198.13988
OUT_03889,251.55586,403.731
OUT_03890,896.32776,1113.8422
OUT_03891,237.88069,408.55127
OUT_03892,69.82219,206.31691
OUT_03893,914.9714,1347.3562
OUT_03894,60.81622,184.90874
OUT_03895,915.9096,1090.2827
OUT_03896,83.27585,195.97449
OUT_03897,274.92853,409.54132
OUT_03898,280.58124,407.86807
OUT_03899,272.4298,420.2331
OUT_03900,913.1627,1092.877
OUT_03901,67.63614,194.77882
OUT_03902,894.5696,1215.221
OUT_03903,72.74686,201.43169
OUT_03904,68.62924,195.5383
OUT_03905,277.86096,406.63168
OUT_03906,882.3318,1201.5055
OUT_03907,264.51978,412.63156
OUT_03908,80.419556,201.5385
OUT_03909,248.95393,410.00662
OUT_03910,908.83124,1357.5366
OUT_03911,913.3946,1116.1823
OUT_03912,75.57457,202.45093
OUT_03913,68.17384,191.41582
OUT_03914,65.81764,194.62259
OUT_03915,66.29541,188.81989
OUT_03916,909.1304,1324.7755
OUT_03917,68.35982,197.9604
OUT_03918,870.72485,1090.7284
OUT_03919,70.21593,198.93176
OUT_03920,900.2557,1091.2815
OUT_03921,85.31146,204.22194
OUT_03922,289.85266,430.93274
OUT_03923,1888.3755,2130.6013
OUT_03924,80.13216,210.65579
OUT_03925,68.26088,195.96062
OUT_03926,907.081,1145.7942
OUT_03927,889.3247,1154.5063
OUT_03928,1587.4651,2150.899
OUT_03929,60.015835,180.09816
OUT_03930,238.46785,446.65527
OUT_03931,277.97083,440.2992
OUT_03932,250.08913,411.02493
OUT_03933,54.29671,192.68262
OUT_03934,279.21936,421.69653
OUT_03935,274.8423,405.94528
OUT_03936,75.34653,194.66061
OUT_03937,239.0613,391.08115
OUT_03938,57.711216,181.671
OUT_03939,904.0467,1107.1385
OUT_03940,228.44057,385.86053
OUT_03941,70.8784,196.16136
OUT_03942,274.41443,403.66644
OUT_03943,54.776196,182.87018
OUT_03944,2019.246,2159.874
OUT_03945,71.67819,194.21269
OUT_03946,64.81192,184.80815
OUT_03947,283.46674,434.7906
OUT_03948,64.34981,193.16017
OUT_03949,74.41846,199.2643
OUT_03950,77.80905,201.72305
OUT_03951,66.41507,188.02246
OUT_03952,68.52141,200.94064
OUT_03953,250.73311,413.23984
OUT_03954,2011.8392,2127.6472
OUT_03955,248.86903,414.63327
OUT_03956,75.61914,195.27528
OUT_03957,924.625,1382.3097
OUT_03958,248.59431,405.94388
OUT_03959,1634.134,2159.874
OUT_03960,890.06836,1209.063
OUT_03961,73.208664,198.79306
OUT_03962,65.47807,189.12424
OUT_03963,292.00385,449.58835
OUT_03964,237.15578,404.25766
OUT_03965,920.34717,1138.935
OUT_03966,73.99484,199.19113
OUT_03967,1638.8796,2133.5457
OUT_03968,67.064926,200.48761
OUT_03969,82.06,218.1974
OUT_03970,47.155903,184.92653
OUT_03971,64.2507,192.75961
OUT_03972,892.2713,1128.4543
OUT_03973,61.575176,193.43777
OUT_03974,246.21437,413.47253
OUT_03975,253.61366,422.7601
OUT_03976,67.70752,191.93402
OUT_03977,57.125584,182.94167
OUT_03978,73.09386,196.30049
OUT_03979,223.33253,333.67752
OUT_03980,887.6746,1134.8264
OUT_03981,271.33722,411.23752
OUT_03982,909.5315,1303.1056
OUT_03983,2011.2455,2124.7246
OUT_03984,76.869736,203.11191
OUT_03985,259.01587,443.2785
OUT_03986,898.7612,1096.678
OUT_03987,65.158936,194.24748
OUT_03988,889.4615,1070.0153
OUT_03989,64.61455,186.40575
OUT_03990,79.81734,202.41951
OUT_03991,890.3977,1061.5331
OUT_03992,287.23755,432.0702
OUT_03993,256.61395,423.46518
OUT_03994,914.52216,1228.5814
OUT_03995,75.02408,199.63249
OUT_03996,71.62436,194.01694
OUT_03997,280.86493,416.4111
OUT_03998,75.3109,200.45383
OUT_03999,1986.9851,2137.9595
OUT_04000,73.26686,197.78217
OUT_04001,71.95732,194.64185
OUT_04002,68.181946,195.84491
OUT_04003,87.10326,225.46861
OUT_04004,46.91875,175.30174
OUT_04005,925.9834,1254.4066
OUT_04006,252.89668,425.36816
OUT_04007,257.55743,427.00552
OUT_04008,60.98908,192.69836
OUT_04009,894.03235,1180.115
OUT_04010,72.40134,200.52422
OUT_04011,281.6527,434.43033
OUT_04012,60.502605,185.00908
OUT_04013,896.55707,1093.8395
OUT_04014,67.348465,191.39658
OUT_04015,74.573746,200.63263
OUT_04016,73.74953,197.75812
OUT_04017,278.33588,412.54263
OUT_04018,250.58113,407.63382
OUT_04019,69.31871,193.00925
OUT_04020,55.51916,182.49391
OUT_04021,902.3633,1343.2292
OUT_04022,69.74606,196.14471
OUT_04023,250.93855,406.36618
OUT_04024,50.451412,172.22588
OUT_04025,269.984,404.93448
OUT_04026,914.49384,1465.193
OUT_04027,1888.8733,2137.9595
OUT_04028,85.17723,195.07326
OUT_04029,64.12154,194.038
OUT_04030,73.596054,204.71033
OUT_04031,242.33858,391.68677
OUT_04032,274.67566,421.2663
OUT_04033,256.30048,422.7494
OUT_04034,255.09163,431.57318
OUT_04035,60.194706,184.09103
OUT_04036,69.18219,221.52669
OUT_04037,249.50056,410.0954
OUT_04038,78.741196,203.1235
OUT_04039,235.04225,359.53552
OUT_04040,70.56125,197.26569
OUT_04041,62.902103,193.35677
OUT_04042,68.060745,192.30743
OUT_04043,53.850315,182.0276
OUT_04044,900.4098,1186.9214
OUT_04045,226.86983,403.21756
OUT_04046,246.29976,425.25586
OUT_04047,63.175747,187.15617
OUT_04048,896.52344,1091.6571
OUT_04049,65.68623,204.81387
OUT_04050,918.4484,1200.8091
OUT_04051,78.993286,202.36256
OUT_04052,879.0333,1199.086
OUT_04053,68.544266,199.15686
OUT_04054,75.795364,201.9625
OUT_04055,55.70817,184.86118
OUT_04056,917.4581,1352.4939
OUT_04057,278.42267,407.60223
OUT_04058,46.96841,159.00204
OUT_04059,915.8764,1294.6755
OUT_04060,260.5,419.02124
OUT_04061,915.081,1415.4451
OUT_04062,910.836,1311.7513
OUT_04063,916.3994,1191.2155
OUT_04064,902.7394,1295.6156
OUT_04065,64.195526,190.7176
OUT_04066,62.48785,182.68843
OUT_04067,247.82527,409.8282
OUT_04068,899.0966,1153.8212
OUT_04069,274.67163,411.7678
OUT_04070,244.33662,405.3438
OUT_04071,912.352,1053.9984
OUT_04072,70.272736,194.80672
OUT_04073,71.49509,196.39845
OUT_04074,80.46101,199.89632
OUT_04075,246.81532,413.5936
OUT_04076,241.86873,403.21756
OUT_04077,66.60927,198.40472
OUT_04078,74.44347,203.36261
OUT_04079,86.280045,204.1136
OUT_04080,246.65956,404.25363
OUT_04081,70.27208,194.98254
OUT_04082,70.26434,197.41243
OUT_04083,235.56337,403.2821
OUT_04084,72.81467,199.90393
OUT_04085,58.368435,191.43146
OUT_04086,101.53984,252.02351
OUT_04087,273.62952,426.4081
OUT_04088,257.63922,427.4521
OUT_04089,71.6301,197.93004
OUT_04090,263.79236,428.4613
OUT_04091,60.78198,189.9374
OUT_04092,255.29964,418.68225
OUT_04093,57.713512,187.49904
OUT_04094,246.15096,404.97327
OUT_04095,85.81966,195.63623
OUT_04096,61.86822,188.48772
OUT_04097,910.94904,1124.6768
OUT_04098,237.71358,404.57794
OUT_04099,270.8553,409.3866
OUT_04100,52.53303,174.64972
OUT_04101,51.707928,181.80347
OUT_04102,918.5096,1150.7074
OUT_04103,70.15848,195.1234
OUT_04104,82.12361,193.21742
OUT_04105,241.50465,404.7356
OUT_04106,272.7774,404.25363
OUT_04107,250.47627,415.4757
OUT_04108,879.5093,1045.9192
OUT_04109,69.94725,196.76724
OUT_04110,277.82062,412.06653
OUT_04111,917.37775,1106.5509
OUT_04112,64.76068,190.69853
OUT_04113,60.233418,182.02634
OUT_04114,224.14876,403.2821
OUT_04115,250.16103,407.62387
OUT_04116,65.20589,193.65977
OUT_04117,66.460846,193.21735
OUT_04118,77.24614,199.7605
OUT_04119,900.5549,1099.188
OUT_04120,2009.9066,2127.803
OUT_04121,284.8294,433.9392
OUT_04122,246.34749,421.3079
OUT_04123,283.60583,429.00452
OUT_04124,82.77011,206.55025
OUT_04125,75.99475,200.34523
OUT_04126,242.87917,417.39233
OUT_04127,76.16609,196.93713
OUT_04128,1650.9382,2150.7346
OUT_04129,89.245865,202.64655
OUT_04130,66.70352,188.25853
OUT_04131,473.09726,1086.8269
OUT_04132,61.878597,178.37428
OUT_04133,246.82637,415.0964
OUT_04134,66.16914,192.75273
OUT_04135,244.83015,404.0763
OUT_04136,1565.9089,2143.329
OUT_04137,257.013,434.36194
OUT_04138,68.48166,189.7951
OUT_04139,895.909,1110.7244
OUT_04140,70.52516,199.77805
OUT_04141,66.778595,191.27519
OUT_04142,906.5816,1096.9872
OUT_04143,897.1834,1098.3546
OUT_04144,80.72969,200.70856
OUT_04145,69.57114,193.72105
OUT_04146,47.599415,166.81818
OUT_04147,62.20698,186.47392
OUT_04148,72.541016,198.67516
OUT_04149,40.478725,154.61134
OUT_04150,279.7027,406.07004
OUT_04151,227.54683,408.7393
OUT_04152,64.89575,194.90178
OUT_04153,75.89542,201.8643
OUT_04154,895.8257,1171.5072
OUT_04155,905.2176,1088.4127
OUT_04156,41.5432,160.98273
OUT_04157,59.11916,179.87096
OUT_04158,71.11714,190.95377
OUT_04159,63.525684,188.73795
OUT_04160,64.2664,196.40384
OUT_04161,2011.515,2137.9595
OUT_04162,77.054565,200.19191
OUT_04163,62.414997,171.82553
OUT_04164,72.08307,195.67493
OUT_04165,912.94855,1373.8376
OUT_04166,83.13226,201.27606
OUT_04167,74.933426,200.99406
OUT_04168,53.42763,174.13794
OUT_04169,66.41974,191.04976
OUT_04170,197.56657,386.23004
OUT_04171,1664.4038,2163.4578
OUT_04172,72.05086,198.70564
OUT_04173,251.3321,411.19016
OUT_04174,904.8979,1114.103
OUT_04175,60.72141,192.93997
OUT_04176,245.74947,404.0763
OUT_04177,73.10431,189.50407
OUT_04178,76.94948,206.50658
OUT_04179,86.47267,219.77135
OUT_04180,287.2033,418.96915
OUT_04181,249.54097,424.41187
OUT_04182,61.413166,191.07683
OUT_04183,84.71335,198.07767
OUT_04184,64.882675,190.79572
OUT_04185,251.66664,443.2785
OUT_04186,70.203674,192.07663
OUT_04187,287.86298,415.6789
OUT_04188,54.213146,181.17825
OUT_04189,263.31232,432.65048
OUT_04190,890.7013,1150.5914
OUT_04191,75.83807,202.03084
OUT_04192,99.54741,227.98804
OUT_04193,920.6603,1128.4155
OUT_04194,902.82086,1092.4884
OUT_04195,82.140686,201.79118
OUT_04196,898.4395,1151.1725
OUT_04197,66.34865,190.62553
OUT_04198,250.34718,412.67404
OUT_04199,1887.8259,2137.9595
OUT_04200,255.62697,430.32925
OUT_04201,80.92934,200.47018
OUT_04202,67.6655,192.23334
OUT_04203,255.75111,426.24356
OUT_04204,67.41812,185.84639
OUT_04205,231.16414,384.779
OUT_04206,925.9864,1135.3351
OUT_04207,248.1446,404.0763
OUT_04208,63.922672,192.7904
OUT_04209,72.40195,193.17714
OUT_04210,188.552,300.6504
OUT_04211,86.2964,197.28409
OUT_04212,269.302,404.01175
OUT_04213,82.15288,207.15633
OUT_04214,254.86287,414.3674
OUT_04215,260.85352,403.40353
OUT_04216,243.45186,430.28986
OUT_04217,922.48425,1184.8132
OUT_04218,69.038025,200.04402
OUT_04219,74.56357,203.11076
OUT_04220,74.62822,197.28758
OUT_04221,882.8934,1156.659
OUT_04222,80.544464,200.91527
OUT_04223,72.34242,201.52568
OUT_04224,237.85835,366.04517
OUT_04225,63.585255,189.43971
OUT_04226,940.4822,1392.5464
OUT_04227,255.15602,404.64624
OUT_04228,71.20302,215.49652
OUT_04229,244.53487,413.06253
OUT_04230,86.55229,202.42989
OUT_04231,252.92921,423.9337
OUT_04232,912.30176,1186.6603
OUT_04233,823.5485,1074.5358
OUT_04234,79.184555,206.83194
OUT_04235,85.77725,203.54948
OUT_04236,234.10066,407.62387
OUT_04237,1611.3086,2232.1445
OUT_04238,279.32892,416.41547
OUT_04239,1632.833,2129.9768
OUT_04240,82.68886,217.80888
OUT_04241,237.08199,404.08032
OUT_04242,68.70848,194.20708
OUT_04243,61.515125,184.8586
OUT_04244,66.48961,200.44211
OUT_04245,250.4197,409.05133
OUT_04246,62.66071,193.88184
OUT_04247,44.54508,181.29903
OUT_04248,67.462814,190.39699
OUT_04249,263.3792,408.15082
OUT_04250,900.1658,1090.4994
OUT_04251,1972.1785,2143.4045
OUT_04252,61.0704,207.36305
OUT_04253,60.614155,188.84662
OUT_04254,897.88403,1087.7019
OUT_04255,62.653454,195.53134
OUT_04256,285.57202,435.19687
OUT_04257,70.05258,198.9415
OUT_04258,274.0855,412.6848
OUT_04259,905.7196,1213.4503
OUT_04260,1556.081,2159.874
OUT_04261,899.87573,1279.9209
OUT_04262,65.74881,192.54738
OUT_04263,254.37221,415.06262
OUT_04264,71.53122,199.32939
OUT_04265,74.76015,176.15569
OUT_04266,85.61148,208.33588
OUT_04267,74.091675,202.6193
OUT_04268,64.752335,198.28403
OUT_04269,917.64526,1282.6294
OUT_04270,284.29205,421.16165
OUT_04271,251.7831,412.34045
OUT_04272,249.22762,406.11
OUT_04273,46.183575,171.07834
OUT_04274,254.30074,415.31796
OUT_04275,84.01636,200.3331
OUT_04276,278.2481,414.0404
OUT_04277,61.144794,187.33774
OUT_04278,70.2534,189.97467
OUT_04279,93.672165,216.08423
OUT_04280,249.9557,412.25507
OUT_04281,229.34505,413.4526
OUT_04282,870.7336,1202.9784
OUT_04283,246.92238,414.47525
OUT_04284,51.91679,171.5736
OUT_04285,72.667145,199.51518
OUT_04286,254.5215,410.50623
OUT_04287,248.09438,404.65073
OUT_04288,71.33792,197.48378
OUT_04289,92.28447,200.10211
OUT_04290,71.53972,199.07779
OUT_04291,280.94452,423.0769
OUT_04292,82.57039,201.8086
OUT_04293,890.63885,1128.1776
OUT_04294,251.14528,433.2265
OUT_04295,2040.3544,2137.9595
OUT_04296,68.396164,197.16263
OUT_04297,73.0262,199.70023
OUT_04298,255.59468,406.8725
OUT_04299,251.65248,418.18216
OUT_04300,65.04877,190.08998
OUT_04301,68.318436,198.59898
OUT_04302,76.194336,201.11108
OUT_04303,66.583664,203.1692
OUT_04304,892.99335,1032.858
OUT_04305,220.90102,429.0074
OUT_04306,73.15544,198.85316
OUT_04307,67.42163,200.20773
OUT_04308,63.95448,194.00957
OUT_04309,897.1134,1253.0577
OUT_04310,84.38228,197.95369
OUT_04311,70.83807,216.3705
OUT_04312,901.68604,1232.0836
OUT_04313,63.190052,194.16704
OUT_04314,61.27168,183.05215
OUT_04315,66.84335,201.60965
OUT_04316,62.75828,191.78973
OUT_04317,273.06708,428.2136
OUT_04318,283.84882,422.98355
OUT_04319,70.53343,196.30786
OUT_04320,920.5566,1221.7192
OUT_04321,66.574875,190.00854
OUT_04322,903.9826,1077.9862
OUT_04323,50.065685,157.92125
OUT_04324,254.92427,408.25772
OUT_04325,72.2775,197.51112
OUT_04326,274.9392,427.42804
OUT_04327,61.070415,192.18892
OUT_04328,894.36035,1157.8306
OUT_04329,64.4095,187.74974
OUT_04330,260.9973,429.753
OUT_04331,172.22713,305.99164
OUT_04332,71.730865,193.24185
OUT_04333,276.0562,418.18216
OUT_04334,242.05556,393.90405
OUT_04335,914.20685,1120.6941
OUT_04336,59.415928,184.0791
OUT_04337,81.58472,196.56306
OUT_04338,75.64757,201.43161
OUT_04339,69.67665,201.52742
OUT_04340,63.664913,193.8624
OUT_04341,62.42037,192.27055
OUT_04342,897.2993,1197.5305
OUT_04343,72.46228,190.00633
OUT_04344,56.5146,185.6117
OUT_04345,66.23538,189.3913
OUT_04346,60.014324,185.3217
OUT_04347,887.83307,1213.9297
OUT_04348,67.41118,189.73495
OUT_04349,918.0703,1121.8292
OUT_04350,250.28249,413.20126
OUT_04351,916.40015,1236.1174
OUT_04352,264.0802,418.27005
OUT_04353,225.78981,385.00723
OUT_04354,61.221935,192.8512
OUT_04355,69.3775,201.43304
OUT_04356,901.1932,1267.5208
OUT_04357,915.29846,1310.2997
OUT_04358,252.95815,404.49902
OUT_04359,2010.7523,2137.9595
OUT_04360,240.5707,429.45435
OUT_04361,247.7386,413.0457
OUT_04362,73.21541,202.79152
OUT_04363,76.660324,199.59045
OUT_04364,75.183975,201.26619
OUT_04365,59.046246,184.24455
OUT_04366,79.103836,197.70119
OUT_04367,69.15976,194.8191
OUT_04368,1550.0481,2150.0918
OUT_04369,271.0841,405.52115
OUT_04370,249.62965,408.78763
OUT_04371,76.83856,204.89873
OUT_04372,63.97051,178.78311
OUT_04373,272.30786,405.15833
OUT_04374,82.02939,197.48824
OUT_04375,68.9897,195.11746
OUT_04376,72.416794,202.06345
OUT_04377,67.65184,194.60773
OUT_04378,86.48741,199.63068
OUT_04379,62.445477,186.43178
OUT_04380,67.686005,194.16556
OUT_04381,46.852276,168.00595
OUT_04382,897.4476,1090.227
OUT_04383,69.10443,204.80579
OUT_04384,67.86348,194.106
OUT_04385,910.0853,1089.6063
OUT_04386,72.43605,188.23477
OUT_04387,244.32832,404.7356
OUT_04388,268.2812,402.96292
OUT_04389,68.01616,196.02115
OUT_04390,276.72974,413.19006
OUT_04391,211.46544,405.27078
OUT_04392,237.91573,408.20456
OUT_04393,1636.6064,2135.0662
OUT_04394,78.479004,191.6314
OUT_04395,64.98427,190.22656
OUT_04396,73.29353,198.09132
OUT_04397,64.186584,183.79173
OUT_04398,56.27473,181.65662
OUT_04399,894.594,1171.3053
OUT_04400,896.16077,1082.9906
OUT_04401,68.07965,195.55719
OUT_04402,885.7141,1203.6483
OUT_04403,55.827557,181.53217
OUT_04404,936.0348,1334.5199
OUT_04405,784.68994,1112.5475
OUT_04406,83.09059,220.98106
OUT_04407,247.54982,405.23618
OUT_04408,69.377686,200.02542
OUT_04409,1888.3755,2125.382
OUT_04410,99.22383,216.51447
OUT_04411,67.53674,201.10391
OUT_04412,64.98099,194.46677
OUT_04413,894.3743,1155.027
OUT_04414,898.1579,1246.8241
OUT_04415,895.9036,1264.582
OUT_04416,80.07251,205.11368
OUT_04417,258.61176,431.85892
OUT_04418,274.71222,404.08032
OUT_04419,60.964046,185.91895
OUT_04420,69.25333,201.35576
OUT_04421,36.777836,145.3505
OUT_04422,901.22186,1066.2451
OUT_04423,251.19783,410.23874
OUT_04424,234.68355,403.46808
OUT_04425,70.23883,198.54108
OUT_04426,78.928116,202.619
OUT_04427,70.01454,193.43918
OUT_04428,53.24516,181.31943
OUT_04429,249.33669,417.54474
OUT_04430,257.5335,414.4926
OUT_04431,62.05766,194.72826
OUT_04432,227.80153,359.8451
OUT_04433,912.83295,1132.3094
OUT_04434,224.98744,407.02548
OUT_04435,911.9323,1125.1431
OUT_04436,906.2281,1095.4409
OUT_04437,885.6436,1149.2268
OUT_04438,906.2565,1128.0658
OUT_04439,901.9377,1123.1584
OUT_04440,237.35127,404.25363
OUT_04441,68.11554,198.21162
OUT_04442,897.6221,1111.3994
OUT_04443,57.869106,188.3446
OUT_04444,245.60567,420.8856
OUT_04445,40.51681,192.00717
OUT_04446,269.4099,403.46808
OUT_04447,69.62529,202.97868
OUT_04448,264.37042,404.50305
OUT_04449,902.33435,1244.7977
OUT_04450,283.2118,429.95642
OUT_04451,230.26405,403.2821
OUT_04452,54.855923,180.24818
OUT_04453,223.6327,367.59924
OUT_04454,237.34389,405.67783
OUT_04455,57.776493,187.97142
OUT_04456,72.77002,195.63344
OUT_04457,249.31496,404.7356
OUT_04458,261.12158,432.2674
OUT_04459,82.95526,208.12553
OUT_04460,248.59615,409.8282
OUT_04461,58.10615,180.30696
OUT_04462,74.12314,203.22621
OUT_04463,60.050976,194.4577
OUT_04464,73.9615,199.86125
OUT_04465,280.8448,414.1806
OUT_04466,253.69643,414.08322
OUT_04467,280.70322,415.65714
OUT_04468,85.94679,199.08095
OUT_04469,40.92381,167.13853
OUT_04470,66.48317,190.6091
OUT_04471,905.28564,1203.8577
OUT_04472,278.06036,423.8578
OUT_04473,61.821827,188.42245
OUT_04474,199.74971,310.17065
OUT_04475,61.339672,181.18503
OUT_04476,242.00966,404.89673
OUT_04477,62.119,188.97328
OUT_04478,913.14294,1323.7153
OUT_04479,278.62402,409.0988
OUT_04480,902.95575,1130.23
OUT_04481,48.29555,177.63258
OUT_04482,265.08386,402.83762
OUT_04483,92.40596,207.55855
OUT_04484,225.4576,404.33447
OUT_04485,76.64551,206.51082
OUT_04486,64.1203,190.40549
OUT_04487,458.11206,1028.5085
OUT_04488,75.91321,199.2498
OUT_04489,913.6514,1307.9214
OUT_04490,63.047062,185.6812
OUT_04491,45.783474,169.01901
OUT_04492,905.6042,1093.7515
OUT_04493,78.031876,198.2853
OUT_04494,74.494736,198.44905
OUT_04495,81.694336,200.08287
OUT_04496,59.63545,180.63144
OUT_04497,281.39618,411.96454
OUT_04498,254.86354,414.6778
OUT_04499,77.38902,198.17378
OUT_04500,931.3977,1387.0911
OUT_04501,68.2177,195.91037
OUT_04502,276.72223,414.19745
OUT_04503,46.470448,175.81674
OUT_04504,67.97392,197.06833
OUT_04505,65.41351,208.20877
OUT_04506,236.49629,404.54962
OUT_04507,902.7306,1216.1678
OUT_04508,63.023357,190.41702
OUT_04509,905.26886,1045.0865
OUT_04510,248.20418,437.1391
OUT_04511,54.456623,177.23146
OUT_04512,85.65123,287.1345
OUT_04513,76.13223,199.60864
OUT_04514,899.78796,1075.4329
OUT_04515,279.52112,409.5215
OUT_04516,252.52254,414.92563
OUT_04517,269.60406,417.24976
OUT_04518,240.19652,342.86835
OUT_04519,57.94063,177.89136
OUT_04520,881.42444,1142.4666
OUT_04521,57.85964,185.1809
OUT_04522,58.90382,187.31474
OUT_04523,896.39386,1067.4717
OUT_04524,40.773624,152.13564
OUT_04525,219.78963,403.2821
OUT_04526,918.9926,1186.6122
OUT_04527,76.08034,194.85907
OUT_04528,896.7813,1115.131
OUT_04529,73.03848,200.23117
OUT_04530,65.54764,192.29077
OUT_04531,70.85243,198.46194
OUT_04532,61.47842,188.96317
OUT_04533,885.60785,1212.8278
OUT_04534,70.84888,202.80292
OUT_04535,278.33923,406.5095
OUT_04536,242.42018,403.44583
OUT_04537,87.009964,212.61925
OUT_04538,59.24967,185.50224
OUT_04539,58.65936,184.33565
OUT_04540,278.3158,407.2897
OUT_04541,271.95294,403.2821
OUT_04542,77.0452,206.9819
OUT_04543,79.64259,211.12935
OUT_04544,253.36336,425.12326
OUT_04545,82.35408,205.06897
OUT_04546,86.04237,206.44606
OUT_04547,249.99178,406.63516
OUT_04548,77.57204,204.73502
OUT_04549,73.17354,197.37997
OUT_04550,76.67972,196.6189
OUT_04551,262.1671,418.2055
OUT_04552,286.33307,445.88785
OUT_04553,282.74182,421.1625
OUT_04554,66.84828,204.19983
OUT_04555,61.70638,189.54462
OUT_04556,901.45166,1081.017
OUT_04557,59.552685,187.66724
OUT_04558,283.75238,432.35294
OUT_04559,59.785503,186.07307
OUT_04560,898.0346,1134.426
OUT_04561,231.1921,406.62808
OUT_04562,72.652985,198.35985
OUT_04563,58.28935,184.79358
OUT_04564,85.411194,203.41194
OUT_04565,284.3103,436.7251
OUT_04566,235.3954,404.1891
OUT_04567,102.00032,241.17194
OUT_04568,890.1423,1070.8308
OUT_04569,923.3773,1131.5089
OUT_04570,85.94127,204.8879
OUT_04571,290.6034,444.14667
OUT_04572,76.02823,199.32231
OUT_04573,253.79622,411.71857
OUT_04574,71.014206,198.87634
OUT_04575,228.49178,406.63516
OUT_04576,933.24567,1329.0498
OUT_04577,76.77127,202.43906
OUT_04578,58.375317,186.17366
OUT_04579,51.19092,170.6181
OUT_04580,279.10083,409.54132
OUT_04581,265.69635,421.37158
OUT_04582,65.15048,201.84833
OUT_04583,267.46973,418.33276
OUT_04584,73.30711,199.47733
OUT_04585,73.46738,202.50095
OUT_04586,276.22852,413.8905
OUT_04587,72.40881,196.40526
OUT_04588,59.657497,180.55267
OUT_04589,62.024197,198.99834
OUT_04590,288.25403,429.06036
OUT_04591,74.676956,197.69218
OUT_04592,285.85913,426.82697
OUT_04593,932.6357,1411.2617
OUT_04594,904.5732,1098.5659
OUT_04595,267.47485,404.64624
OUT_04596,73.60809,200.64883
OUT_04597,78.082306,200.31558
OUT_04598,911.3709,1289.621
OUT_04599,230.02052,404.50305
OUT_04600,68.26584,191.84882
OUT_04601,77.27251,195.28096
OUT_04602,68.1245,192.0917
OUT_04603,282.80084,413.19098
OUT_04604,82.065506,206.59395
OUT_04605,69.94467,197.07086
OUT_04606,923.0843,1288.8943
OUT_04607,262.8988,419.76807
OUT_04608,48.144527,164.4482
OUT_04609,1882.8572,2124.8079
OUT_04610,889.73303,1199.2902
OUT_04611,831.7885,972.97363
OUT_04612,904.8381,1088.2626
OUT_04613,900.72284,1079.246
OUT_04614,54.751507,182.0796
OUT_04615,899.8611,1096.0422
OUT_04616,51.459377,173.20128
OUT_04617,232.52437,405.3438
OUT_04618,251.86232,411.2798
OUT_04619,248.05318,410.61832
OUT_04620,899.3653,1077.3048
OUT_04621,255.35152,424.79724
OUT_04622,69.7135,195.37979
OUT_04623,68.11684,197.2976
OUT_04624,82.68054,215.76491
OUT_04625,98.75145,221.56621
OUT_04626,902.2502,1093.6143
OUT_04627,282.31244,425.21997
OUT_04628,237.36073,406.32315
OUT_04629,283.53613,416.65225
OUT_04630,276.0739,415.464
OUT_04631,65.01466,184.92651
OUT_04632,73.34515,196.65788
OUT_04633,265.74536,403.46808
OUT_04634,238.4067,408.40497
OUT_04635,68.76312,195.26866
OUT_04636,83.17171,201.77116
OUT_04637,87.79256,207.92447
OUT_04638,66.72452,195.23282
OUT_04639,57.88242,182.56319
OUT_04640,1562.3,2134.7756
OUT_04641,261.10144,443.1163
OUT_04642,72.508835,198.60161
OUT_04643,83.083725,192.4145
OUT_04644,893.34863,1228.6632
OUT_04645,79.57434,200.43192
OUT_04646,71.51997,200.02426
OUT_04647,79.797,203.14667
OUT_04648,253.23573,409.90146
OUT_04649,79.05678,199.34108
OUT_04650,68.724625,193.51973
OUT_04651,907.9947,1071.5935
OUT_04652,46.58833,165.59024
OUT_04653,77.02237,199.08391
OUT_04654,64.9626,195.39195
OUT_04655,62.318386,182.53528
OUT_04656,66.047104,195.86624
OUT_04657,57.064472,182.46068
OUT_04658,69.53436,199.69449
OUT_04659,78.29532,202.76865
OUT_04660,63.7393,190.19492
OUT_04661,236.0962,403.82626
OUT_04662,78.902145,203.50418
OUT_04663,65.796326,185.9435
OUT_04664,908.713,1304.8685
OUT_04665,56.892902,184.89833
OUT_04666,86.36104,215.80838
OUT_04667,905.59753,1168.0325
OUT_04668,69.00073,193.51071
OUT_04669,250.63686,415.37753
OUT_04670,62.06944,184.59763
OUT_04671,261.703,391.05167
OUT_04672,206.98103,332.05252
OUT_04673,79.09877,200.98196
OUT_04674,72.2036,201.63553
OUT_04675,268.1247,403.21756
OUT_04676,928.13727,1530.5365
OUT_04677,74.39543,204.07915
OUT_04678,922.0479,1127.489
OUT_04679,894.62317,1093.8395
OUT_04680,59.23747,187.8515
OUT_04681,232.81303,363.52936
OUT_04682,75.52606,198.77512
OUT_04683,246.89357,395.20227
OUT_04684,64.55716,193.38399
OUT_04685,248.39503,405.52115
OUT_04686,238.47969,408.25363
OUT_04687,54.826107,185.19545
OUT_04688,55.746365,181.30981
OUT_04689,78.926605,196.14732
OUT_04690,95.94585,223.03328
OUT_04691,67.08447,192.2539
OUT_04692,75.837006,204.33327
OUT_04693,76.445816,201.32497
OUT_04694,923.8022,1253.6271
OUT_04695,282.38025,415.10233
OUT_04696,87.327255,198.18909
OUT_04697,273.8576,403.46808
OUT_04698,82.08127,200.03592
OUT_04699,276.01794,406.24738
OUT_04700,251.60567,410.79407
OUT_04701,894.2179,1188.8898
OUT_04702,272.51318,408.97403
OUT_04703,901.2409,1252.7803
OUT_04704,901.8869,1085.0829
OUT_04705,66.47443,195.27658
OUT_04706,889.8882,1268.3358
OUT_04707,263.54138,400.55972
OUT_04708,62.063396,190.02408
OUT_04709,75.197464,199.09085
OUT_04710,252.70125,415.76782
OUT_04711,67.34474,190.78252
OUT_04712,69.50081,195.07573
OUT_04713,892.91254,1081.4928
OUT_04714,898.7676,1079.2812
OUT_04715,77.03999,201.30814
OUT_04716,253.27046,411.8461
OUT_04717,70.43373,210.07097
OUT_04718,885.7058,1066.0641
OUT_04719,77.36279,197.70378
OUT_04720,87.03941,206.98985
OUT_04721,256.6175,425.79163
OUT_04722,81.79268,198.04153
OUT_04723,213.44478,395.41696
OUT_04724,895.8896,1140.4342
OUT_04725,75.64397,192.54198
OUT_04726,279.87793,412.59314
OUT_04727,55.349476,181.52235
OUT_04728,253.21065,409.3597
OUT_04729,270.74847,404.6465
OUT_04730,78.897934,203.72873
OUT_04731,255.52339,400.29593
OUT_04732,69.415344,197.68211
OUT_04733,895.9522,1085.6682
OUT_04734,902.43646,1128.1332
OUT_04735,61.435078,190.86476
OUT_04736,275.41156,404.01175
OUT_04737,883.1156,1060.2969
OUT_04738,77.392456,197.9025
OUT_04739,58.450535,184.24104
OUT_04740,65.99953,196.15652
OUT_04741,71.65971,196.4753
OUT_04742,922.35846,1250.0795
OUT_04743,231.48424,354.8073
OUT_04744,226.8556,406.07742
OUT_04745,62.290302,187.1702
OUT_04746,877.1284,1088.9806
OUT_04747,227.8946,402.85526
OUT_04748,67.875824,192.97691
OUT_04749,61.862484,161.47664
OUT_04750,61.649693,172.4952
OUT_04751,920.34955,1139.0511
OUT_04752,1604.2583,2069.188
OUT_04753,244.78828,411.24493
OUT_04754,279.73022,431.68887
OUT_04755,215.67903,388.41977
OUT_04756,267.13513,404.1891
OUT_04757,71.57944,191.62242
OUT_04758,893.60144,1042.682
OUT_04759,72.796875,203.50372
OUT_04760,87.02513,214.76268
OUT_04761,289.78003,429.12537
OUT_04762,79.32143,203.97337
OUT_04763,76.08168,205.99387
OUT_04764,70.256546,189.09521
OUT_04765,282.09515,421.6763
OUT_04766,862.17676,1124.244
OUT_04767,72.25488,197.30946
OUT_04768,884.59534,1096.2649
OUT_04769,61.524227,180.9697
OUT_04770,69.06064,200.82788
OUT_04771,52.279087,174.5847
OUT_04772,923.71423,1226.2131
OUT_04773,74.1154,196.58394
OUT_04774,246.74556,404.01175
OUT_04775,69.60835,199.27046
OUT_04776,277.992,404.93448
OUT_04777,64.358246,200.00761
OUT_04778,85.57602,229.3645
OUT_04779,279.32263,409.98346
OUT_04780,83.2294,205.97011
OUT_04781,283.72784,422.7966
OUT_04782,256.5833,414.24005
OUT_04783,246.26851,413.067
OUT_04784,249.88637,394.07916
OUT_04785,225.51997,403.21756
OUT_04786,263.6819,407.86255
OUT_04787,64.75923,188.58209
OUT_04788,248.60884,404.57794
OUT_04789,86.60533,208.95111
OUT_04790,1882.8572,2126.9675
OUT_04791,886.00494,1318.4786
OUT_04792,61.285038,189.83235
OUT_04793,79.47336,198.50435
OUT_04794,76.928406,199.16539
OUT_04795,908.655,1303.7247
OUT_04796,234.82271,402.9942
OUT_04797,68.295456,201.01385
OUT_04798,904.6253,1073.5067
OUT_04799,57.56821,194.95601
OUT_04800,77.00122,201.59294
OUT_04801,55.822735,191.78824
OUT_04802,67.4538,189.59532
OUT_04803,83.28656,202.79716
OUT_04804,898.36945,1086.9513
OUT_04805,58.979237,187.5912
OUT_04806,70.09758,199.02693
OUT_04807,277.3864,436.2028
OUT_04808,894.67664,1151.8495
OUT_04809,76.85243,202.88332
OUT_04810,274.98132,404.49902
OUT_04811,898.8882,1074.2079
OUT_04812,1645.0398,2143.329
OUT_04813,61.10966,202.45749
OUT_04814,900.4135,1242.0886
OUT_04815,35.033016,144.11877
OUT_04816,68.09207,198.85352
OUT_04817,84.314255,203.42244
OUT_04818,247.48524,403.8908
OUT_04819,1630.7739,2159.874
OUT_04820,84.60918,204.28041
OUT_04821,74.298584,204.27057
OUT_04822,74.77814,197.3536
OUT_04823,244.73244,403.40353
OUT_04824,59.419437,194.23326
OUT_04825,56.194057,185.15187
OUT_04826,75.66153,203.01627
OUT_04827,50.111584,185.44904
OUT_04828,55.295353,178.39854
OUT_04829,56.18623,180.14595
OUT_04830,913.61346,1087.5356
OUT_04831,88.26878,199.85
OUT_04832,268.92612,394.39264
OUT_04833,288.73962,436.51138
OUT_04834,70.53305,193.1872
OUT_04835,1634.9695,2149.9656
OUT_04836,244.41292,405.60672
OUT_04837,109.82796,296.90555
OUT_04838,70.53969,190.18323
OUT_04839,53.16292,186.4788
OUT_04840,69.62373,194.03401
OUT_04841,74.6165,200.28336
OUT_04842,62.678997,191.26294
OUT_04843,70.11255,194.9509
OUT_04844,900.4197,1098.728
OUT_04845,48.50501,169.13937
OUT_04846,58.275997,174.95744
OUT_04847,67.75209,200.14827
OUT_04848,251.02003,405.91
OUT_04849,280.1245,428.9159
OUT_04850,79.31178,202.89188
OUT_04851,278.0952,412.3924
OUT_04852,275.45166,411.73563
OUT_04853,918.179,1098.6052
OUT_04854,887.92755,1071.8082
OUT_04855,88.43669,201.83763
OUT_04856,264.76453,405.3438
OUT_04857,913.7192,1459.51
OUT_04858,71.8819,196.5942
OUT_04859,253.20284,426.26993
OUT_04860,275.32587,417.37317
OUT_04861,250.2275,407.65482
OUT_04862,247.02736,394.95773
OUT_04863,64.24307,197.31378
OUT_04864,271.578,403.40353
OUT_04865,204.31865,384.98334
OUT_04866,247.44405,413.0442
OUT_04867,73.21384,196.36957
OUT_04868,238.52824,361.54352
OUT_04869,478.5945,1087.4574
OUT_04870,72.22366,197.60233
OUT_04871,77.388,199.59146
OUT_04872,242.06325,412.59314
OUT_04873,890.7657,1110.8488
OUT_04874,62.879734,192.32619
OUT_04875,77.16374,200.04597
OUT_04876,200.63005,403.60788
OUT_04877,77.3481,199.12572
OUT_04878,70.15431,196.72235
OUT_04879,1585.3938,2143.329
OUT_04880,80.30994,205.6554
OUT_04881,70.69281,194.26544
OUT_04882,237.48286,430.23718
OUT_04883,75.07713,200.69737
OUT_04884,85.14224,201.09473
OUT_04885,899.1069,1090.8616
OUT_04886,254.34401,430.86502
OUT_04887,899.6017,1091.6173
OUT_04888,60.99782,195.52492
OUT_04889,65.24101,190.59174
OUT_04890,55.568676,184.38246
OUT_04891,235.45247,403.85205
OUT_04892,836.3969,1046.5059
OUT_04893,276.48895,415.7407
OUT_04894,63.708187,191.30537
OUT_04895,83.24309,200.89438
OUT_04896,73.73152,201.52022
OUT_04897,63.57076,183.57025
OUT_04898,899.78455,1107.5557
OUT_04899,281.03833,409.47388
OUT_04900,70.49672,202.15459
OUT_04901,278.0083,411.10254
OUT_04902,63.717754,190.4072
OUT_04903,275.3153,412.75174
OUT_04904,252.50972,408.9893
OUT_04905,80.83096,200.46164
OUT_04906,68.67801,195.84824
OUT_04907,62.100292,186.71443
OUT_04908,76.88684,200.00444
OUT_04909,63.085987,193.04036
OUT_04910,278.18335,418.29004
OUT_04911,73.39926,200.5295
OUT_04912,220.7314,333.9773
OUT_04913,918.2838,1100.6115
OUT_04914,250.47188,408.3524
OUT_04915,74.07347,200.08444
OUT_04916,57.32078,187.26451
OUT_04917,244.9941,412.1199
OUT_04918,65.58357,196.92953
OUT_04919,919.02893,1140.8738
OUT_04920,287.28082,427.41827
OUT_04921,84.74339,221.88097
OUT_04922,271.33313,405.52115
OUT_04923,68.19272,192.67087
OUT_04924,895.5065,1071.2883
OUT_04925,922.3291,1309.6508
OUT_04926,58.10564,181.6251
OUT_04927,271.46112,417.8456
OUT_04928,239.07649,393.46216
OUT_04929,233.57954,405.20624
OUT_04930,72.36072,198.32964
OUT_04931,77.90733,200.14287
OUT_04932,267.5475,430.46426
OUT_04933,61.482822,188.06595
OUT_04934,73.97511,198.34111
OUT_04935,69.79875,198.63913
OUT_04936,272.1128,404.7572
OUT_04937,271.76105,413.5256
OUT_04938,57.01164,181.40457
OUT_04939,78.94501,197.32336
OUT_04940,66.92377,198.3696
OUT_04941,884.44763,1081.009
OUT_04942,893.3067,1160.1423
OUT_04943,78.43169,203.0872
OUT_04944,917.6796,1417.431
OUT_04945,277.73804,403.46808
OUT_04946,58.610813,189.06485
OUT_04947,900.9334,1317.3083
OUT_04948,51.818417,185.21146
OUT_04949,239.13643,404.01175
OUT_04950,246.0613,404.0763
OUT_04951,83.16664,201.2978
OUT_04952,259.74402,437.53394
OUT_04953,900.5704,1057.5208
OUT_04954,254.20705,416.3255
OUT_04955,56.499004,183.12315
OUT_04956,66.9124,195.0772
OUT_04957,60.0977,190.1931
OUT_04958,64.14261,187.39534
OUT_04959,234.84212,403.21756
OUT_04960,65.24927,204.91266
OUT_04961,62.895504,190.6147
OUT_04962,1586.1516,2159.874
OUT_04963,284.7069,427.13132
OUT_04964,73.21344,195.0884
OUT_04965,47.319805,176.4267
OUT_04966,69.37724,195.81151
OUT_04967,71.60042,199.77919
OUT_04968,244.47133,403.46808
OUT_04969,278.5315,415.10233
OUT_04970,80.75459,212.99695
OUT_04971,910.27704,1146.3013
OUT_04972,241.5096,387.5666
OUT_04973,892.2416,1076.1749
OUT_04974,250.3401,415.88678
OUT_04975,86.00899,202.21826
OUT_04976,55.20109,182.56355
OUT_04977,43.237415,170.78021
OUT_04978,221.28023,411.19016
OUT_04979,2008.8363,2124.8027
OUT_04980,245.1418,413.23627
OUT_04981,70.6664,201.34341
OUT_04982,245.92659,410.2172
OUT_04983,902.1727,1090.8636
OUT_04984,70.3394,194.8514
OUT_04985,895.43756,1331.6033
OUT_04986,239.21321,408.40497
OUT_04987,77.31825,202.2723
OUT_04988,69.56181,197.75566
OUT_04989,81.52867,204.2602
OUT_04990,258.62665,422.83673
OUT_04991,40.27994,167.98398
OUT_04992,897.2828,1073.5442
OUT_04993,70.64073,195.72867
OUT_04994,267.16974,431.07248
OUT_04995,69.45227,202.91109
OUT_04996,230.81996,346.1298
OUT_04997,72.2489,198.45122
OUT_04998,47.156796,182.85817
OUT_04999,241.9905,404.57794
OUT_05000,72.55652,199.39864
OUT_05001,58.243114,190.43454
OUT_05002,69.19028,200.80652
OUT_05003,71.59956,197.66475
OUT_05004,82.36679,199.44797
OUT_05005,247.9728,449.37222
OUT_05006,49.159313,166.17087
OUT_05007,1888.0479,2131.6482
OUT_05008,67.2514,193.10844
OUT_05009,74.21187,213.76257
OUT_05010,75.290695,196.92943
OUT_05011,269.68976,421.3225
OUT_05012,54.92441,183.32173
OUT_05013,70.89378,202.34799
OUT_05014,248.63258,403.4721
OUT_05015,215.73671,385.86053
OUT_05016,253.22743,412.35693
OUT_05017,65.05292,189.6579
OUT_05018,240.53627,409.1435
OUT_05019,57.794758,178.26572
OUT_05020,71.566376,201.2853
OUT_05021,241.54872,404.43448
OUT_05022,63.123234,190.07675
OUT_05023,69.3806,196.78905
OUT_05024,252.6758,410.00146
OUT_05025,74.81171,200.32722
OUT_05026,287.6516,410.83835
OUT_05027,62.463345,197.98485
OUT_05028,70.78752,192.30632
OUT_05029,231.03291,388.5564
OUT_05030,60.550816,190.59651
OUT_05031,67.48064,199.47342
OUT_05032,74.16461,199.63223
OUT_05033,91.69777,220.64879
OUT_05034,261.16827,384.779
OUT_05035,60.77878,186.12512
OUT_05036,71.97055,201.30467
OUT_05037,51.913555,181.95918
OUT_05038,58.825504,185.76424
OUT_05039,76.886566,200.61424
OUT_05040,76.06641,203.60008
OUT_05041,68.87375,195.8762
OUT_05042,67.97319,190.49881
OUT_05043,70.734665,199.77927
OUT_05044,238.04799,404.6425
OUT_05045,905.38824,1298.5172
OUT_05046,896.38214,1087.2339
OUT_05047,74.10681,197.13103
OUT_05048,74.44226,198.68703
OUT_05049,92.600876,196.68076
OUT_05050,2010.142,2137.9595
OUT_05051,68.23688,199.19724
OUT_05052,901.95514,1064.7137
OUT_05053,76.823166,200.60762
OUT_05054,73.63962,200.5759
OUT_05055,69.47861,192.52982
OUT_05056,279.63965,412.88843
OUT_05057,249.03316,408.20926
OUT_05058,75.90933,201.62183
OUT_05059,247.87209,424.41272
OUT_05060,67.10014,192.02496
OUT_05061,63.68324,209.35646
OUT_05062,73.86458,199.83104
OUT_05063,80.2267,201.59018
OUT_05064,286.8329,431.5158
OUT_05065,274.47754,404.7356
OUT_05066,267.44092,403.21756
OUT_05067,80.529205,221.0225
OUT_05068,68.14125,199.92322
OUT_05069,79.08861,205.92567
OUT_05070,239.01942,406.26346
OUT_05071,1888.6199,2136.634
OUT_05072,76.23743,199.8653
OUT_05073,246.941,410.46567
OUT_05074,56.82829,184.13571
OUT_05075,60.966892,183.95363
OUT_05076,68.4594,198.438
OUT_05077,77.063095,203.5264
OUT_05078,274.4682,422.42905
OUT_05079,901.15436,1124.837
OUT_05080,238.59816,404.1891
OUT_05081,67.37314,190.99617
OUT_05082,280.64386,408.20343
OUT_05083,278.10022,417.19815
OUT_05084,216.94063,403.2821
OUT_05085,198.30513,397.40564
OUT_05086,67.34456,197.07626
OUT_05087,237.89827,391.46054
OUT_05088,106.366196,211.39084
OUT_05089,248.07295,397.73502
OUT_05090,260.1225,427.88654
OUT_05091,882.0358,1054.6007
OUT_05092,1890.2964,2131.5667
OUT_05093,234.20247,386.0465
OUT_05094,251.47847,390.0252
OUT_05095,1644.6206,2143.281
OUT_05096,71.48837,200.52263
OUT_05097,897.1647,1066.6096
OUT_05098,73.01495,190.2116
OUT_05099,72.27251,196.20293
OUT_05100,76.52045,203.4279
OUT_05101,901.4523,1116.7301
OUT_05102,252.38771,430.0842
OUT_05103,75.7375,200.24504
OUT_05104,898.64465,1284.3894
OUT_05105,51.722836,175.57274
OUT_05106,77.63373,201.8885
OUT_05107,252.39784,412.30765
OUT_05108,74.20709,199.2643
OUT_05109,71.99315,197.09496
OUT_05110,91.84523,197.56473
OUT_05111,70.20767,201.12482
OUT_05112,278.86255,413.7025
OUT_05113,82.98236,209.30809
OUT_05114,75.17815,196.52992
OUT_05115,897.5372,1281.8015
OUT_05116,232.13011,355.19452
OUT_05117,71.84616,197.93985
OUT_05118,226.26582,344.6517
OUT_05119,57.19842,186.9037
OUT_05120,940.468,1193.2023
OUT_05121,81.59079,205.6759
OUT_05122,901.81226,1282.7516
OUT_05123,240.29738,403.46808
OUT_05124,282.06256,416.5597
OUT_05125,57.8473,187.80733
OUT_05126,75.305756,201.68076
OUT_05127,56.271587,185.07838
OUT_05128,238.5312,412.85983
OUT_05129,253.69142,427.172
OUT_05130,897.5995,1150.3253
OUT_05131,247.89339,410.0954
OUT_05132,63.82532,190.66293
OUT_05133,919.1043,1140.3448
OUT_05134,279.33276,418.98752
OUT_05135,82.90904,213.53333
OUT_05136,253.89803,411.97287
OUT_05137,64.115204,187.32358
OUT_05138,75.397675,202.03287
OUT_05139,59.404377,188.83836
OUT_05140,46.444317,162.38579
OUT_05141,239.45613,404.50305
OUT_05142,914.54565,1067.6396
OUT_05143,295.7542,701.65063
OUT_05144,88.5414,206.72012
OUT_05145,72.12192,198.13768
OUT_05146,77.86726,201.98921
OUT_05147,269.00647,416.94232
OUT_05148,62.80398,181.58504
OUT_05149,248.17274,397.20486
OUT_05150,283.6364,424.82126
OUT_05151,70.46359,198.07036
OUT_05152,85.19063,203.04184
OUT_05153,68.21631,195.61797
OUT_05154,71.87775,195.79663
OUT_05155,247.13087,404.0763
OUT_05156,924.74475,1386.8881
OUT_05157,917.95636,1137.0918
OUT_05158,46.60265,179.5328
OUT_05159,243.09639,405.52298
OUT_05160,79.68713,201.18822
OUT_05161,871.87494,1118.9379
OUT_05162,895.1188,1069.6512
OUT_05163,239.542,416.31354
OUT_05164,50.415813,182.65298
OUT_05165,63.71964,191.09436
OUT_05166,889.1607,1058.3678
OUT_05167,284.68152,419.74414
OUT_05168,895.8565,1227.0555
OUT_05169,57.379414,181.65471
OUT_05170,899.5964,1258.3679
OUT_05171,91.47055,208.56444
OUT_05172,49.47536,166.85866
OUT_05173,53.290997,185.6618
OUT_05174,256.49963,433.65912
OUT_05175,876.5479,1134.5597
OUT_05176,912.3762,1195.1447
OUT_05177,70.81799,195.74594
OUT_05178,901.3023,1263.6996
OUT_05179,59.246548,183.1896
OUT_05180,68.068985,186.7527
OUT_05181,2015.9022,2128.5378
OUT_05182,78.68913,202.12222
OUT_05183,225.66823,342.98254
OUT_05184,59.937916,180.37997
OUT_05185,908.4004,1291.6329
OUT_05186,906.60913,1107.493
OUT_05187,260.19525,433.15353
OUT_05188,901.5709,1191.0432
OUT_05189,76.515396,203.31154
OUT_05190,60.170826,193.53256
OUT_05191,75.915955,204.03047
OUT_05192,284.36713,419.41025
OUT_05193,63.174168,190.9815
OUT_05194,249.2812,395.99365
OUT_05195,254.12752,438.90524
OUT_05196,76.79021,198.08539
OUT_05197,894.8094,1127.8506
OUT_05198,1522.3496,2136.6187
OUT_05199,241.43306,403.82626
OUT_05200,60.51768,182.64223
OUT_05201,897.5415,1177.6398
OUT_05202,66.49306,193.29059
OUT_05203,271.35205,415.96674
OUT_05204,1669.3796,2143.329
OUT_05205,926.77435,1468.9775
OUT_05206,78.81767,196.3953
OUT_05207,208.5203,315.88663
OUT_05208,69.86722,193.05193
OUT_05209,62.372334,188.84018
OUT_05210,73.11017,199.07962
OUT_05211,259.79926,434.4898
OUT_05212,80.10089,203.8524
OUT_05213,71.15219,198.75235
OUT_05214,79.7921,200.60204
OUT_05215,62.845623,197.71414
OUT_05216,899.82385,1205.9329
OUT_05217,48.340305,169.70975
OUT_05218,252.34688,414.7922
OUT_05219,56.614216,199.4917
OUT_05220,253.51918,414.26062
OUT_05221,70.03958,241.30669
OUT_05222,889.37036,1186.8667
OUT_05223,75.79057,201.48997
OUT_05224,65.04169,201.54999
OUT_05225,239.83534,404.54962
OUT_05226,67.57515,195.86583
OUT_05227,70.04729,194.74535
OUT_05228,57.353115,179.47984
OUT_05229,65.173645,188.3584
OUT_05230,1639.79,2159.874
OUT_05231,897.49365,1301.8597
OUT_05232,228.42073,388.5564
OUT_05233,908.1135,1190.9229
OUT_05234,257.97357,442.0093
OUT_05235,62.075077,184.54318
OUT_05236,63.493557,190.6838
OUT_05237,277.45337,433.79623
OUT_05238,61.65977,189.31209
OUT_05239,248.48195,409.42212
OUT_05240,279.7552,419.16833
OUT_05241,75.72081,203.66803
OUT_05242,55.83755,182.74901
OUT_05243,213.87773,408.10028
OUT_05244,246.9872,390.20245
OUT_05245,75.90216,201.23563
OUT_05246,66.931885,190.64008
OUT_05247,61.22305,184.32997
OUT_05248,269.77338,404.6804
OUT_05249,276.91223,413.5256
OUT_05250,1624.624,2136.423
OUT_05251,49.155033,181.1884
OUT_05252,57.697895,186.97046
OUT_05253,248.09236,412.73404
OUT_05254,74.08089,196.72833
OUT_05255,916.6872,1184.9974
OUT_05256,912.4816,1175.6642
OUT_05257,896.3983,1069.4365
OUT_05258,68.56647,188.21213
OUT_05259,890.11597,1092.9554
OUT_05260,249.27882,409.05115
OUT_05261,69.152405,196.42339
OUT_05262,79.41945,197.16743
OUT_05263,77.98929,203.64989
OUT_05264,901.0806,1059.4696
OUT_05265,249.37416,408.43417
OUT_05266,70.78294,201.08073
OUT_05267,279.1532,415.10233
OUT_05268,60.597202,193.48895
OUT_05269,1589.0303,2159.874
OUT_05270,284.17035,442.51263
OUT_05271,867.3384,1141.2423
OUT_05272,889.4284,1125.3351
OUT_05273,67.9747,202.45996
OUT_05274,244.22804,391.9463
OUT_05275,85.74373,205.87373
OUT_05276,71.431335,194.9045
OUT_05277,48.666958,181.62566
OUT_05278,82.356094,202.58853
OUT_05279,21.56445,135.15067
OUT_05280,1887.977,2134.072
OUT_05281,246.78914,407.02112
OUT_05282,253.71523,416.4741
OUT_05283,288.39313,434.44943
OUT_05284,81.02005,203.16846
OUT_05285,84.97681,202.36253
OUT_05286,907.1988,1110.3624
OUT_05287,925.8669,1379.9305
OUT_05288,75.84291,203.37134
OUT_05289,270.8078,411.23752
OUT_05290,285.38544,416.41547
OUT_05291,73.7083,194.64452
OUT_05292,933.6021,1086.1562
OUT_05293,68.063095,190.9418
OUT_05294,63.15991,191.98605
OUT_05295,290.51392,419.9254
OUT_05296,39.817554,151.78421
OUT_05297,1677.221,2164.091
OUT_05298,71.651474,196.15837
OUT_05299,892.8776,1030.6879
OUT_05300,282.30646,413.12384
OUT_05301,254.22371,429.5532
OUT_05302,894.8403,1176.9713
OUT_05303,79.57721,197.22894
OUT_05304,66.54765,192.54193
OUT_05305,287.58624,435.34976
OUT_05306,97.968445,187.87305
OUT_05307,89.000656,217.6079
OUT_05308,81.97725,195.54628
OUT_05309,71.44983,194.22258
OUT_05310,71.60278,196.09209
OUT_05311,262.58768,375.8181
OUT_05312,56.492565,181.44983
OUT_05313,82.80499,201.4622
OUT_05314,231.07253,406.93704
OUT_05315,64.49361,198.51395
OUT_05316,267.79608,416.24637
OUT_05317,71.51187,199.01778
OUT_05318,912.02136,1234.7598
OUT_05319,298.83514,804.4104
OUT_05320,230.33846,407.62387
OUT_05321,263.91254,405.3438
OUT_05322,44.24629,165.03665
OUT_05323,66.97084,211.52716
OUT_05324,253.60036,424.47363
OUT_05325,901.49744,1044.2708
OUT_05326,63.30602,192.7237
OUT_05327,73.607635,221.31989
OUT_05328,259.09705,403.21756
OUT_05329,916.01636,1080.0111
OUT_05330,84.230835,222.6887
OUT_05331,72.60094,220.96524
OUT_05332,893.4046,1126.9125
OUT_05333,925.6941,1179.911
OUT_05334,60.309406,185.31654
OUT_05335,256.9242,403.89484
OUT_05336,219.10652,403.21756
OUT_05337,246.68452,408.88812
OUT_05338,87.22554,221.01909
OUT_05339,64.92731,191.78235
OUT_05340,910.6718,1080.5747
OUT_05341,64.57457,192.98431
OUT_05342,197.39497,322.35962
OUT_05343,252.47792,431.16132
OUT_05344,259.45856,429.04547
OUT_05345,71.84781,198.2691
OUT_05346,71.22952,201.98427
OUT_05347,68.743835,195.05865
OUT_05348,66.79669,175.72833
OUT_05349,905.9079,1074.7582
OUT_05350,278.8822,411.47665
OUT_05351,895.89825,1117.9883
OUT_05352,234.8874,404.01175
OUT_05353,56.914387,182.19724
OUT_05354,258.11005,385.56454
OUT_05355,1902.3716,2175.9375
OUT_05356,73.496506,200.18964
OUT_05357,904.6987,1102.8341
OUT_05358,916.22766,1238.8269
OUT_05359,74.01666,202.94318
OUT_05360,235.11159,404.22232
OUT_05361,35.99413,156.57181
OUT_05362,245.58516,404.97336
OUT_05363,70.61339,190.2817
OUT_05364,84.09859,202.28526
OUT_05365,54.72192,183.87079
OUT_05366,1889.074,2137.9595
OUT_05367,255.0818,403.2821
OUT_05368,52.667614,175.01555
OUT_05369,225.23555,387.7753
OUT_05370,75.75845,223.37782
OUT_05371,83.650406,216.7253
OUT_05372,240.02187,404.08032
OUT_05373,252.2593,412.91058
OUT_05374,77.78339,217.02834
OUT_05375,917.20337,1389.7644
OUT_05376,73.83252,194.80173
OUT_05377,980.96075,1335.5494
OUT_05378,61.628445,181.64279
OUT_05379,252.49623,407.63382
OUT_05380,54.301678,174.31831
OUT_05381,60.81168,187.38972
OUT_05382,72.372055,199.41402
OUT_05383,59.14143,191.10002
OUT_05384,891.8996,1174.746
OUT_05385,251.4645,413.5936
OUT_05386,73.9709,193.33708
OUT_05387,2044.4908,2164.4585
OUT_05388,87.71919,201.04791
OUT_05389,55.62775,181.5918
OUT_05390,81.7764,201.403
OUT_05391,63.96095,190.60217
OUT_05392,277.94415,448.59113
OUT_05393,282.26465,416.41547
OUT_05394,63.384045,185.07904
OUT_05395,83.01955,225.84949
OUT_05396,286.0061,461.67944
OUT_05397,76.692825,206.40965
OUT_05398,91.02226,201.33362
OUT_05399,62.441013,189.2824
OUT_05400,87.39174,201.63615
OUT_05401,279.56836,426.3299
OUT_05402,276.2434,447.38577
OUT_05403,908.28973,1206.8093
OUT_05404,279.0074,410.85657
OUT_05405,227.64998,406.01703
OUT_05406,257.06458,443.49945
OUT_05407,901.8656,1071.7405
OUT_05408,69.75914,191.62572
OUT_05409,230.32246,363.28192
OUT_05410,892.78326,1067.6654
OUT_05411,83.879715,201.47781
OUT_05412,898.69696,1082.8477
OUT_05413,69.9561,196.13252
OUT_05414,51.570835,177.40439
OUT_05415,251.77638,401.9809
OUT_05416,253.71907,414.75247
OUT_05417,73.75049,198.25417
OUT_05418,894.1492,1042.2966
OUT_05419,245.63985,394.1799
OUT_05420,71.1575,198.81323
OUT_05421,89.83598,222.44557
OUT_05422,72.68797,204.28635
OUT_05423,69.79512,201.36745
OUT_05424,287.49695,421.23764
OUT_05425,73.903305,199.80363
OUT_05426,916.3359,1136.6296
OUT_05427,892.1324,1132.2614
OUT_05428,919.34174,1137.0422
OUT_05429,74.285706,197.4231
OUT_05430,1558.1555,2159.874
OUT_05431,236.10286,406.63516
OUT_05432,85.473694,199.03603
OUT_05433,66.93504,196.19371
OUT_05434,65.35571,189.77931
OUT_05435,250.84633,413.5936
OUT_05436,69.41258,196.69516
OUT_05437,74.57861,202.38792
OUT_05438,69.10715,198.70793
OUT_05439,239.1493,384.52847
OUT_05440,62.278248,184.96507
OUT_05441,78.84221,216.91545
OUT_05442,896.95074,1256.4958
OUT_05443,275.14404,395.23657
OUT_05444,79.392166,201.92473
OUT_05445,275.70605,415.18015
OUT_05446,83.842255,196.53822
OUT_05447,274.18787,411.45288
OUT_05448,896.2274,1146.0294
OUT_05449,67.657166,194.3174
OUT_05450,274.28558,403.46808
OUT_05451,255.01405,425.39584
OUT_05452,902.2869,1089.8419
OUT_05453,1635.9302,2136.362
OUT_05454,281.9605,416.3928
OUT_05455,78.22627,198.86247
OUT_05456,260.00732,436.11447
OUT_05457,81.31937,199.81204
OUT_05458,255.54497,400.9819
OUT_05459,902.95844,1181.5709
OUT_05460,70.65123,197.89418
OUT_05461,273.38885,404.97327
OUT_05462,281.25525,416.15582
OUT_05463,62.802853,188.80086
OUT_05464,61.832287,185.10214
OUT_05465,1888.5947,2142.9524
OUT_05466,287.8708,426.87805
OUT_05467,72.48474,203.97716
OUT_05468,75.90488,197.82443
OUT_05469,68.80153,199.30823
OUT_05470,1888.3755,2130.8494
OUT_05471,51.480343,169.58107
OUT_05472,74.963425,202.61777
OUT_05473,283.479,428.28912
OUT_05474,75.02049,201.25804
OUT_05475,61.32771,184.43675
OUT_05476,73.66849,201.94911
OUT_05477,67.91968,191.2651
OUT_05478,880.1743,1092.8649
OUT_05479,74.640656,201.43715
OUT_05480,76.07077,203.11351
OUT_05481,72.5397,200.66249
OUT_05482,901.8732,1115.4603
OUT_05483,896.91595,1076.7108
OUT_05484,66.50659,190.31499
OUT_05485,1887.031,2137.9595
OUT_05486,916.5326,1126.3177
OUT_05487,254.59438,422.68802
OUT_05488,251.73,411.03003
OUT_05489,64.46829,191.15703
OUT_05490,897.98474,1102.8767
OUT_05491,63.715214,191.84555
OUT_05492,257.98566,416.43292
OUT_05493,902.56934,1101.7805
OUT_05494,267.88715,440.06607
OUT_05495,895.05225,1085.4657
OUT_05496,69.33865,195.28072
OUT_05497,889.993,1107.745
OUT_05498,80.76857,219.97733
OUT_05499,72.57443,197.56264
OUT_05500,257.47852,385.92273
OUT_05501,891.3623,1318.3442
OUT_05502,46.022022,160.26166
OUT_05503,46.814976,177.0619
OUT_05504,238.6739,407.11438
OUT_05505,276.35132,402.84836
OUT_05506,244.11372,409.9468
OUT_05507,36.173954,151.84686
OUT_05508,905.3133,1115.6705
OUT_05509,257.95508,433.8811
OUT_05510,76.69928,195.26274
OUT_05511,907.65247,1122.0844
OUT_05512,249.78926,410.4758
OUT_05513,68.400085,194.61807
OUT_05514,923.6007,1208.2433
OUT_05515,68.92284,195.13013
OUT_05516,275.81818,411.82767
OUT_05517,67.926865,189.19846
OUT_05518,65.345856,198.13927
OUT_05519,84.636154,199.47842
OUT_05520,61.08373,200.57701
OUT_05521,69.692764,193.27538
OUT_05522,252.42061,424.1041
OUT_05523,893.1289,1071.5643
OUT_05524,62.87179,187.5677
OUT_05525,253.26265,393.89032
OUT_05526,62.254124,185.76102
OUT_05527,64.972275,190.88696
OUT_05528,81.36609,199.30952
OUT_05529,87.71892,200.85222
OUT_05530,267.94086,417.63422
OUT_05531,76.81395,200.75728
OUT_05532,212.1739,409.43234
OUT_05533,69.593,193.0606
OUT_05534,76.620285,202.4655
OUT_05535,251.61104,424.40897
OUT_05536,250.2646,405.20624
OUT_05537,879.9546,1096.3981
OUT_05538,253.16365,426.01022
OUT_05539,47.393894,180.92838
OUT_05540,891.1745,1248.4866
OUT_05541,81.77135,201.81493
OUT_05542,886.83716,1061.6897
OUT_05543,883.62897,1238.3185
OUT_05544,69.990036,193.35612
OUT_05545,276.16174,426.89694
OUT_05546,69.70111,193.9409
OUT_05547,82.384796,202.84485
OUT_05548,83.43602,184.5103
OUT_05549,61.53606,186.38034
OUT_05550,66.53937,193.6259
OUT_05551,892.5581,1222.861
OUT_05552,907.8971,1322.7192
OUT_05553,296.57446,675.38226
OUT_05554,74.66594,212.5976
OUT_05555,895.9067,1178.3369
OUT_05556,69.97638,195.25755
OUT_05557,63.41984,181.53807
OUT_05558,70.15631,197.71907
OUT_05559,74.95691,199.92375
OUT_05560,240.28474,393.2705
OUT_05561,84.772064,221.51114
OUT_05562,247.93294,440.4585
OUT_05563,265.98798,433.56653
OUT_05564,1888.2446,2137.9595
OUT_05565,906.91064,1118.8826
OUT_05566,58.295666,192.51393
OUT_05567,88.59532,201.53778
OUT_05568,256.11237,379.84802
OUT_05569,909.5257,1129.7314
OUT_05570,63.928104,197.2487
OUT_05571,911.50385,1138.935
OUT_05572,51.564175,176.5001
OUT_05573,233.41115,389.15646
OUT_05574,74.360016,198.08812
OUT_05575,893.9585,1141.1143
OUT_05576,861.9222,1233.4121
OUT_05577,894.6062,1255.1862
OUT_05578,1888.3755,2128.2366
OUT_05579,901.8392,1286.0315
OUT_05580,269.4254,411.45288
OUT_05581,60.69618,189.77754
OUT_05582,74.82793,201.14104
OUT_05583,61.238102,190.14877
OUT_05584,242.98036,398.90643
OUT_05585,243.46767,395.70993
OUT_05586,287.039,432.6924
OUT_05587,246.0926,406.8118
OUT_05588,208.14925,404.93994
OUT_05589,69.179886,195.45407
OUT_05590,244.25441,411.87363
OUT_05591,249.78798,424.28247
OUT_05592,1886.2239,2137.9595
OUT_05593,934.3958,1115.0552
OUT_05594,257.54407,433.1521
OUT_05595,84.64136,200.96793
OUT_05596,84.066376,206.46246
OUT_05597,924.2819,1087.8302
OUT_05598,245.08626,412.90598
OUT_05599,48.773212,175.25479
OUT_05600,79.008224,217.29181
OUT_05601,67.54047,198.50813
OUT_05602,58.572704,180.94165
OUT_05603,75.891525,214.01112
OUT_05604,931.3629,1187.9403
OUT_05605,69.020386,194.15152
OUT_05606,1644.5583,2153.9739
OUT_05607,272.04767,404.01175
OUT_05608,258.9215,403.46808
OUT_05609,231.74605,404.01175
OUT_05610,88.13597,201.0573
OUT_05611,57.291264,191.42369
OUT_05612,63.17761,192.33629
OUT_05613,902.6207,1087.0844
OUT_05614,69.85202,196.30002
OUT_05615,256.34253,413.64725
OUT_05616,247.62117,403.62317
OUT_05617,70.16637,204.34651
OUT_05618,269.81628,415.23447
OUT_05619,887.86755,1142.483
OUT_05620,903.51465,1343.0312
OUT_05621,918.6132,1127.1975
OUT_05622,55.344234,182.69257
OUT_05623,78.72781,178.02217
OUT_05624,77.55142,205.12196
OUT_05625,67.07143,188.62471
OUT_05626,926.452,1484.4495
OUT_05627,63.37176,190.32393
OUT_05628,70.54668,196.93352
OUT_05629,64.3752,196.45944
OUT_05630,251.91304,404.25363
OUT_05631,81.9547,202.9254
OUT_05632,212.07802,412.5066
OUT_05633,268.54822,404.7572
OUT_05634,68.43977,191.9898
OUT_05635,61.456524,186.98563
OUT_05636,45.935734,168.07828
OUT_05637,51.126263,181.17842
OUT_05638,249.19173,407.49933
OUT_05639,903.5905,1140.7947
OUT_05640,926.81274,1265.6521
OUT_05641,74.61664,200.86125
OUT_05642,71.34616,196.93533
OUT_05643,79.24071,200.52634
OUT_05644,281.6729,404.1381
OUT_05645,245.8105,396.62888
OUT_05646,80.72745,205.87509
OUT_05647,275.9308,427.60483
OUT_05648,72.383194,197.95877
OUT_05649,56.30023,179.6865
OUT_05650,70.92627,187.34361
OUT_05651,233.33156,403.2821
OUT_05652,257.10297,430.66388
OUT_05653,79.4796,222.29182
OUT_05654,68.74556,201.81871
OUT_05655,906.47235,1085.9722
OUT_05656,246.57997,404.54962
OUT_05657,902.93634,1086.9705
OUT_05658,905.88995,1201.6964
OUT_05659,64.01582,192.84845
OUT_05660,70.65488,200.55368
OUT_05661,243.76607,411.4331
OUT_05662,81.799805,205.98236
OUT_05663,95.265305,214.2744
OUT_05664,915.41235,1182.6112
OUT_05665,85.10033,201.57735
OUT_05666,74.13042,200.3683
OUT_05667,236.78249,386.65472
OUT_05668,59.419773,194.09424
OUT_05669,59.554974,183.99321
OUT_05670,255.60194,430.5445
OUT_05671,278.48517,408.20926
OUT_05672,64.959335,191.88979
OUT_05673,78.89401,198.64394
OUT_05674,79.40381,203.36679
OUT_05675,56.263958,182.11826
OUT_05676,254.94643,404.44345
OUT_05677,238.9634,408.82294
OUT_05678,52.29391,172.03094
OUT_05679,269.68396,404.32626
OUT_05680,42.56795,161.53413
OUT_05681,72.6584,197.73338
OUT_05682,904.6927,1120.3347
OUT_05683,50.755833,180.85728
OUT_05684,258.13757,427.88654
OUT_05685,244.49019,390.57755
OUT_05686,77.685104,194.257
OUT_05687,64.041046,191.02414
OUT_05688,242.70735,415.05978
OUT_05689,248.14516,422.81216
OUT_05690,257.10687,427.80942
OUT_05691,892.738,1066.9475
OUT_05692,890.4786,1153.5052
OUT_05693,240.37502,395.6277
OUT_05694,1882.8572,2124.6086
OUT_05695,59.81236,187.77234
OUT_05696,69.85234,199.25143
OUT_05697,71.93114,195.41495
OUT_05698,256.82678,443.2785
OUT_05699,1575.1577,2135.7388
OUT_05700,83.821625,206.82657
OUT_05701,53.839054,184.62433
OUT_05702,70.33815,195.41447
OUT_05703,915.4255,1155.441
OUT_05704,70.579346,195.17299
OUT_05705,48.629513,144.0444
OUT_05706,73.91507,202.82195
OUT_05707,57.219532,198.85799
OUT_05708,79.50134,214.78409
OUT_05709,240.32857,389.67557
OUT_05710,73.38043,200.03151
OUT_05711,896.88293,1079.0265
OUT_05712,72.72745,188.42378
OUT_05713,69.4671,194.22095
OUT_05714,221.51009,407.62387
OUT_05715,67.794525,189.99832
OUT_05716,901.33746,1102.1764
OUT_05717,71.390045,197.38222
OUT_05718,894.99445,1067.426
OUT_05719,231.74007,406.65604
OUT_05720,59.2533,185.07515
OUT_05721,66.40651,196.41599
OUT_05722,265.27032,404.0763
OUT_05723,62.145176,183.72446
OUT_05724,61.987713,189.88394
OUT_05725,62.51263,195.3457
OUT_05726,278.10547,411.395
OUT_05727,1651.3545,2135.1377
OUT_05728,74.78717,201.2292
OUT_05729,83.57399,200.53053
OUT_05730,57.534054,188.6286
OUT_05731,77.59578,206.4467
OUT_05732,920.0326,1128.7246
OUT_05733,930.1193,1080.6018
OUT_05734,83.23064,195.79852
OUT_05735,58.85513,176.2248
OUT_05736,235.68385,412.75174
OUT_05737,72.6723,195.23235
OUT_05738,72.25412,195.9566
OUT_05739,256.11505,406.2805
OUT_05740,281.8532,418.37457
OUT_05741,67.21353,191.52605
OUT_05742,280.97266,422.76553
OUT_05743,1939.2644,2127.4934
OUT_05744,283.1985,423.2229
OUT_05745,59.638317,192.09993
OUT_05746,60.88447,187.13394
OUT_05747,70.9032,198.62308
OUT_05748,71.78371,201.61436
OUT_05749,240.15474,344.06708
OUT_05750,258.30493,431.4958
OUT_05751,81.762344,209.80637
OUT_05752,256.03192,435.92538
OUT_05753,77.71069,197.63333
OUT_05754,220.35408,409.43234
OUT_05755,75.049194,199.851
OUT_05756,252.39467,434.69357
OUT_05757,1889.0728,2143.329
OUT_05758,250.43434,413.09558
OUT_05759,72.92273,195.88544
OUT_05760,73.14876,201.41971
OUT_05761,273.69482,410.78253
OUT_05762,255.44179,426.84763
OUT_05763,65.696976,196.10422
OUT_05764,276.4182,409.54132
OUT_05765,228.08662,403.2821
OUT_05766,71.40152,197.43562
OUT_05767,75.95563,203.91516
OUT_05768,78.86229,208.93506
OUT_05769,267.77667,418.92935
OUT_05770,252.94765,413.93765
OUT_05771,66.32504,195.46669
OUT_05772,220.28773,341.96262
OUT_05773,273.75024,407.9698
OUT_05774,252.3932,411.84286
OUT_05775,70.67647,196.84352
OUT_05776,1586.071,2191.6362
OUT_05777,905.6423,1091.1277
OUT_05778,236.12086,404.54962
OUT_05779,82.07524,203.78015
OUT_05780,66.037155,190.02742
OUT_05781,80.53444,199.57034
OUT_05782,221.9746,325.69583
OUT_05783,245.86903,404.25363
OUT_05784,45.973392,178.55414
OUT_05785,82.76198,198.03065
OUT_05786,923.3462,1194.2009
OUT_05787,53.56474,171.2234
OUT_05788,61.867428,192.43509
OUT_05789,51.838413,158.68541
OUT_05790,248.45277,424.32584
OUT_05791,66.94302,191.57988
OUT_05792,272.46985,404.25363
OUT_05793,81.408295,205.21828
OUT_05794,98.62065,222.86984
OUT_05795,66.02951,194.60077
OUT_05796,66.546555,190.05338
OUT_05797,241.40578,411.08337
OUT_05798,243.34438,403.40353
OUT_05799,70.25574,194.19646
OUT_05800,244.03712,406.6552
OUT_05801,279.25653,441.7776
OUT_05802,240.90047,404.0763
OUT_05803,907.3107,1286.7563
OUT_05804,919.47003,1382.8027
OUT_05805,65.96147,191.414
OUT_05806,270.05914,403.85205
OUT_05807,65.619705,200.815
OUT_05808,60.87971,192.73544
OUT_05809,257.4112,425.42807
OUT_05810,58.700603,196.26056
OUT_05811,260.36066,440.6708
OUT_05812,61.091747,191.15854
OUT_05813,895.2321,1177.9055
OUT_05814,911.5647,1268.95
OUT_05815,262.9356,413.3683
OUT_05816,256.71497,415.88748
OUT_05817,76.49675,191.70879
OUT_05818,243.70485,394.1799
OUT_05819,77.770615,196.70099
OUT_05820,69.015884,193.20271
OUT_05821,65.429535,197.1307
OUT_05822,243.40327,408.78632
OUT_05823,65.25008,189.86417
OUT_05824,1003.4018,1472.7493
OUT_05825,925.0858,1146.6676
OUT_05826,62.223354,198.22806
OUT_05827,57.395008,189.24496
OUT_05828,62.651012,186.66716
OUT_05829,279.69733,443.96286
OUT_05830,262.98248,430.13605
OUT_05831,250.92,413.5936
OUT_05832,73.076324,192.39078
OUT_05833,69.79274,191.62427
OUT_05834,231.55672,346.81732
OUT_05835,63.555172,194.38768
OUT_05836,283.39307,418.98752
OUT_05837,275.5606,413.5936
OUT_05838,1889.6235,2134.2239
OUT_05839,60.174175,182.84218
OUT_05840,61.358418,195.12497
OUT_05841,68.725266,199.81935
OUT_05842,65.04468,188.35309
OUT_05843,906.49365,1083.5142
OUT_05844,54.821377,175.48782
OUT_05845,219.33125,406.96103
OUT_05846,917.2645,1144.908
OUT_05847,928.28235,1323.0195
OUT_05848,75.37332,193.26991
OUT_05849,915.72864,1533.1415
OUT_05850,288.82227,705.477
OUT_05851,47.523037,163.30215
OUT_05852,893.94995,1219.9395
OUT_05853,68.948364,193.03255
OUT_05854,926.24426,1175.3802
OUT_05855,242.01567,359.9878
OUT_05856,264.98755,404.08032
OUT_05857,73.645996,200.66806
OUT_05858,70.3822,201.34946
OUT_05859,64.16295,196.396
OUT_05860,74.39902,204.62418
OUT_05861,79.909,195.77148
OUT_05862,84.74873,226.08975
OUT_05863,47.401905,173.60538
OUT_05864,58.417286,179.80095
OUT_05865,52.00397,170.34184
OUT_05866,59.628475,181.75781
OUT_05867,273.5893,415.335
OUT_05868,245.20033,403.4721
OUT_05869,82.743744,190.77994
OUT_05870,902.282,1109.6823
OUT_05871,251.95345,410.93326
OUT_05872,56.180645,177.78778
OUT_05873,241.73561,404.01175
OUT_05874,102.5327,209.98569
OUT_05875,281.0578,413.73447
OUT_05876,69.13176,191.14297
OUT_05877,221.93343,342.29156
OUT_05878,80.77927,201.60866
OUT_05879,903.7373,1231.8856
OUT_05880,83.71257,201.84747
OUT_05881,62.485073,188.10345
OUT_05882,266.74304,412.19614
OUT_05883,239.704,359.28333
OUT_05884,277.67114,410.55255
OUT_05885,285.43427,422.5587
OUT_05886,273.05914,410.92627
OUT_05887,294.97778,609.01685
OUT_05888,57.975857,184.26685
OUT_05889,253.80275,428.01007
OUT_05890,897.44824,1039.3796
OUT_05891,67.20723,193.19865
OUT_05892,896.34314,1214.1779
OUT_05893,252.73793,413.4372
OUT_05894,914.73444,1150.628
OUT_05895,71.36911,193.09363
OUT_05896,62.97933,191.22157
OUT_05897,55.880764,186.89552
OUT_05898,64.21155,193.81357
OUT_05899,922.3103,1258.2731
OUT_05900,249.02681,412.59314
OUT_05901,64.12639,189.77437
OUT_05902,279.7155,408.20926
OUT_05903,1646.5894,2143.329
OUT_05904,81.77127,204.17834
OUT_05905,66.077866,192.58492
OUT_05906,66.97714,196.12872
OUT_05907,235.47523,406.65604
OUT_05908,54.15637,175.79532
OUT_05909,896.7144,1090.4401
OUT_05910,59.176548,183.33737
OUT_05911,68.2587,198.96451
OUT_05912,81.27554,200.37614
OUT_05913,77.70914,202.77481
OUT_05914,60.103336,189.99904
OUT_05915,246.02791,393.50467
OUT_05916,251.79231,411.38617
OUT_05917,67.76372,192.63054
OUT_05918,254.62086,423.74527
OUT_05919,54.112064,180.79852
OUT_05920,71.47537,196.61076
OUT_05921,80.130264,198.2835
OUT_05922,230.69661,404.01175
OUT_05923,62.693645,186.97871
OUT_05924,279.43243,412.37045
OUT_05925,270.81378,404.6465
OUT_05926,76.40468,196.6513
OUT_05927,1888.5947,2128.486
OUT_05928,60.790493,190.98686
OUT_05929,245.77461,404.7356
OUT_05930,69.81073,195.99573
OUT_05931,72.55966,200.89449
OUT_05932,228.69386,384.59302
OUT_05933,205.80486,334.56467
OUT_05934,58.634403,181.41144
OUT_05935,57.58742,184.34137
OUT_05936,938.49915,1281.2479
OUT_05937,912.0138,1306.0398
OUT_05938,1987.1951,2127.9128
OUT_05939,281.36694,413.5936
OUT_05940,1554.022,2159.874
OUT_05941,79.542114,196.33096
OUT_05942,65.07135,187.0623
OUT_05943,926.782,1302.1586
OUT_05944,69.2883,198.1667
OUT_05945,81.87106,197.79613
OUT_05946,85.65852,205.53928
OUT_05947,952.9982,1335.2173
OUT_05948,905.57855,1277.2175
OUT_05949,250.31593,453.82428
OUT_05950,65.88602,200.23198
OUT_05951,69.44711,192.58759
OUT_05952,77.6004,203.32793
OUT_05953,75.33644,198.22339
OUT_05954,69.08115,193.55446
OUT_05955,88.38011,199.52773
OUT_05956,894.816,1168.55
OUT_05957,89.99242,213.43733
OUT_05958,285.48346,433.9392
OUT_05959,71.219376,199.4148
OUT_05960,886.08936,1190.6581
OUT_05961,70.47371,190.66336
OUT_05962,279.26532,442.8581
OUT_05963,63.070103,193.0887
OUT_05964,54.39105,170.34717
OUT_05965,261.49524,405.37915
OUT_05966,248.48592,415.25543
OUT_05967,67.69035,197.03717
OUT_05968,72.04607,193.93922
OUT_05969,257.64557,402.69443
OUT_05970,281.40424,413.8925
OUT_05971,257.33948,446.2939
OUT_05972,75.07147,199.94975
OUT_05973,238.94753,404.25766
OUT_05974,88.179214,207.5538
OUT_05975,264.0738,433.9659
OUT_05976,66.04945,193.97
OUT_05977,66.22035,192.18562
OUT_05978,282.75812,413.5256
OUT_05979,228.0447,405.5943
OUT_05980,79.19983,198.7226
OUT_05981,921.9538,1103.822
OUT_05982,278.5238,412.79865
OUT_05983,72.995575,216.42097
OUT_05984,880.2733,1115.7367
OUT_05985,56.41699,176.85315
OUT_05986,94.16942,219.1222
OUT_05987,64.289505,191.00429
OUT_05988,278.29572,403.40353
OUT_05989,69.86714,201.62183
OUT_05990,78.01526,215.17647
OUT_05991,69.39734,191.93816
OUT_05992,910.1761,1093.6722
OUT_05993,72.698425,196.17882
OUT_05994,70.519745,195.76822
OUT_05995,81.955444,203.75781
OUT_05996,66.88522,197.10071
OUT_05997,74.633316,198.17714
OUT_05998,265.71985,408.40497
OUT_05999,70.16855,197.04521
OUT_06000,69.18921,198.92809
OUT_06001,58.073254,187.75189
OUT_06002,281.1408,420.03342
OUT_06003,72.331985,199.85852
OUT_06004,73.90889,202.10022
OUT_06005,273.98755,413.45898
OUT_06006,254.91438,429.14108
OUT_06007,76.37691,201.2648
OUT_06008,276.3636,418.69278
OUT_06009,250.19728,411.395
OUT_06010,72.97745,200.26688
OUT_06011,74.753296,199.05194
OUT_06012,887.0584,1069.3446
OUT_06013,910.76605,1132.6039
OUT_06014,238.27785,404.6804
OUT_06015,94.89314,205.61034
OUT_06016,903.2359,1119.0588
OUT_06017,69.94739,198.46149
OUT_06018,53.90022,156.08226
OUT_06019,55.096493,173.71011
OUT_06020,258.3952,436.3601
OUT_06021,72.588455,197.46611
OUT_06022,82.00037,214.81064
OUT_06023,1514.3362,2135.1895
OUT_06024,77.646835,206.60733
OUT_06025,223.85042,441.1452
OUT_06026,916.4467,1109.6007
OUT_06027,247.17659,413.067
OUT_06028,88.72633,213.2937
OUT_06029,60.76827,185.02234
OUT_06030,925.0146,1137.3203
OUT_06031,41.01666,166.73033
OUT_06032,891.6326,1069.6729
OUT_06033,1897.7097,2138.078
OUT_06034,230.36842,387.1408
OUT_06035,60.713757,190.7147
OUT_06036,56.09622,180.13162
OUT_06037,283.22736,411.18372
OUT_06038,286.8166,427.82727
OUT_06039,249.03352,406.63516
OUT_06040,277.73267,411.4509
OUT_06041,906.2296,1047.0063
OUT_06042,271.21918,403.40353
OUT_06043,63.44488,189.67343
OUT_06044,1579.5688,2146.6008
OUT_06045,71.92227,195.63432
OUT_06046,50.470592,177.26366
OUT_06047,888.9418,1064.2316
OUT_06048,69.85701,199.2243
OUT_06049,906.73474,1085.5048
OUT_06050,895.4588,1067.2058
OUT_06051,82.405304,201.60124
OUT_06052,252.81465,425.32388
OUT_06053,247.99861,410.92627
OUT_06054,71.72252,193.19122
OUT_06055,254.83937,424.9214
OUT_06056,74.57283,194.68527
OUT_06057,281.04456,439.30423
OUT_06058,105.24452,205.43752
OUT_06059,264.59772,404.93448
OUT_06060,64.64435,187.78122
OUT_06061,254.98036,429.71024
OUT_06062,906.15784,1120.6097
OUT_06063,274.82056,417.09988
OUT_06064,253.58351,417.9684
OUT_06065,259.44153,429.4682
OUT_06066,90.85631,204.08147
OUT_06067,63.60232,188.32869
OUT_06068,72.491196,202.48788
OUT_06069,73.788605,194.34631
OUT_06070,75.90213,199.61504
OUT_06071,83.760864,197.11504
OUT_06072,898.58624,1258.3679
OUT_06073,68.74098,196.52475
OUT_06074,62.929195,191.58041
OUT_06075,290.15387,427.841
OUT_06076,79.72171,203.96512
OUT_06077,64.26111,197.17068
OUT_06078,55.682903,161.7579
OUT_06079,81.70813,207.49518
OUT_06080,78.98572,200.08287
OUT_06081,919.8124,1130.0212
OUT_06082,919.80145,1142.8776
OUT_06083,1585.2427,2210.0977
OUT_06084,72.789795,202.72739
OUT_06085,64.29123,197.47469
OUT_06086,915.3324,1132.4727
OUT_06087,255.07661,426.0669
OUT_06088,924.3369,1306.5209
OUT_06089,66.44656,211.38573
OUT_06090,250.06972,413.5936
OUT_06091,80.12996,198.07776
OUT_06092,50.964336,176.17575
OUT_06093,2012.3065,2132.8523
OUT_06094,280.1261,410.06293
OUT_06095,63.810688,200.96211
OUT_06096,896.7374,1068.6665
OUT_06097,924.76465,1205.7313
OUT_06098,73.15953,196.97945
OUT_06099,69.392,195.79355
OUT_06100,898.0292,1072.1047
OUT_06101,254.67006,428.8892
OUT_06102,240.28987,403.44583
OUT_06103,901.3117,1086.7026
OUT_06104,299.09613,639.87775
OUT_06105,72.734634,211.87645
OUT_06106,253.59334,432.14984
OUT_06107,904.5976,1086.575
OUT_06108,75.40492,212.27692
OUT_06109,913.27673,1096.0236
OUT_06110,43.526623,181.04042
OUT_06111,74.3624,199.4308
OUT_06112,256.83405,437.6047
OUT_06113,70.83763,194.78407
OUT_06114,251.02815,424.11923
OUT_06115,249.08797,403.93103
OUT_06116,89.4547,296.58035
OUT_06117,61.747303,181.5498
OUT_06118,71.013306,197.58377
OUT_06119,923.131,1475.5332
OUT_06120,60.3197,185.85258
OUT_06121,73.88721,199.35435
OUT_06122,76.82327,202.83517
OUT_06123,256.82227,442.46503
OUT_06124,253.3705,412.6945
OUT_06125,75.36145,198.69421
OUT_06126,62.183926,190.19841
OUT_06127,252.8373,413.86157
OUT_06128,271.4001,411.65796
OUT_06129,58.19659,180.91136
OUT_06130,257.50177,404.01175
OUT_06131,81.10687,215.52972
OUT_06132,86.95741,236.28557
OUT_06133,61.79041,186.25351
OUT_06134,261.56244,385.5
OUT_06135,919.2771,1125.4764
OUT_06136,901.9454,1347.4266
OUT_06137,245.24281,421.2445
OUT_06138,79.15784,200.6
OUT_06139,55.75912,180.49329
OUT_06140,95.33324,194.26602
OUT_06141,70.32156,196.62468
OUT_06142,897.0243,1093.2383
OUT_06143,76.31387,206.93993
OUT_06144,244.29988,404.01175
OUT_06145,277.8291,413.83575
OUT_06146,70.37689,198.20203
OUT_06147,252.67311,419.75333
OUT_06148,283.85522,418.50882
OUT_06149,217.05714,430.54553
OUT_06150,250.9106,400.71915
OUT_06151,1648.428,2143.329
OUT_06152,51.155468,179.3567
OUT_06153,59.74583,191.74606
OUT_06154,80.89046,205.42873
OUT_06155,899.4875,1078.9148
OUT_06156,65.69612,187.92273
OUT_06157,894.3732,1109.2762
OUT_06158,274.22186,414.72006
OUT_06159,1888.6199,2138.3767
OUT_06160,252.02034,425.4221
OUT_06161,266.76532,404.3308
OUT_06162,283.07385,433.36578
OUT_06163,62.24307,189.58458
OUT_06164,72.72543,207.99991
OUT_06165,238.43263,412.78494
OUT_06166,67.9993,195.88063
OUT_06167,277.5647,428.26157
OUT_06168,901.4001,1091.8027
OUT_06169,55.300503,189.01218
OUT_06170,895.1578,1080.308
OUT_06171,66.87439,196.233
OUT_06172,1558.6182,2127.1414
OUT_06173,67.742935,188.57726
OUT_06174,249.16518,394.9637
OUT_06175,75.79758,201.39043
OUT_06176,247.51283,414.8438
OUT_06177,59.473064,185.5484
OUT_06178,60.77174,182.8998
OUT_06179,80.044876,199.36203
OUT_06180,54.47402,180.70927
OUT_06181,255.19423,436.89
OUT_06182,916.0107,1202.977
OUT_06183,73.05914,198.19002
OUT_06184,49.792156,176.23749
OUT_06185,244.44081,404.0763
OUT_06186,886.74426,1146.5426
OUT_06187,61.929005,184.68599
OUT_06188,76.844025,195.22626
OUT_06189,920.987,1098.0863
OUT_06190,61.50503,197.2768
OUT_06191,52.67815,162.5738
OUT_06192,281.78186,423.25543
OUT_06193,254.77998,422.68802
OUT_06194,76.145996,198.74525
OUT_06195,71.06355,199.34451
OUT_06196,68.975006,214.04349
OUT_06197,278.54016,403.4721
OUT_06198,55.067867,181.97072
OUT_06199,73.90672,200.80566
OUT_06200,285.22784,419.72165
OUT_06201,63.400616,194.74017
OUT_06202,77.01271,199.6853
OUT_06203,889.3964,1138.3528
OUT_06204,65.09012,192.41612
OUT_06205,1253.602,2017.6238
OUT_06206,247.34505,405.3438
OUT_06207,65.86638,192.94194
OUT_06208,37.476353,144.50343
OUT_06209,247.40004,409.48383
OUT_06210,1874.1055,2137.9595
OUT_06211,47.923077,177.09914
OUT_06212,247.3788,411.93716
OUT_06213,72.631,200.73831
OUT_06214,261.0611,459.35068
OUT_06215,885.0323,1078.427
OUT_06216,57.805096,189.31628
OUT_06217,254.90523,429.79828
OUT_06218,243.90663,399.5915
OUT_06219,82.90033,202.10349
OUT_06220,69.05824,195.32312
OUT_06221,60.337833,188.25365
OUT_06222,70.37492,192.65938
OUT_06223,79.171814,201.67897
OUT_06224,281.28552,414.79135
OUT_06225,68.41556,196.57317
OUT_06226,62.96639,187.5192
OUT_06227,255.16298,426.1032
OUT_06228,914.47626,1163.4752
OUT_06229,276.1399,403.46808
OUT_06230,74.82497,194.77245
OUT_06231,73.25023,202.82431
OUT_06232,846.6819,1055.0969
OUT_06233,275.46063,404.61182
OUT_06234,80.448944,205.45467
OUT_06235,51.445972,171.93044
OUT_06236,239.73006,431.13297
OUT_06237,242.4612,405.52115
OUT_06238,249.98201,416.5747
OUT_06239,49.33018,179.3752
OUT_06240,72.52237,199.47655
OUT_06241,54.054317,173.26672
OUT_06242,891.6019,1072.0077
OUT_06243,77.99022,199.83908
OUT_06244,284.91406,438.75534
OUT_06245,72.8123,190.17574
OUT_06246,891.7291,1092.4064
OUT_06247,70.92966,195.24837
OUT_06248,81.42717,203.1806
OUT_06249,69.764496,196.42328
OUT_06250,294.89105,661.97797
OUT_06251,272.59515,405.94388
OUT_06252,900.7154,1326.4282
OUT_06253,74.92267,199.2052
OUT_06254,79.35736,199.77545
OUT_06255,895.4046,1087.7714
OUT_06256,69.49104,190.4402
OUT_06257,906.458,1078.7789
OUT_06258,56.818287,189.33725
OUT_06259,246.35487,411.217
OUT_06260,74.70886,203.06407
OUT_06261,216.66908,388.76523
OUT_06262,900.287,1085.3273
OUT_06263,70.57707,193.58405
OUT_06264,932.793,1284.036
OUT_06265,42.124096,170.71576
OUT_06266,232.52553,405.52115
OUT_06267,61.3737,195.75772
OUT_06268,84.48984,220.13939
OUT_06269,57.083485,182.6066
OUT_06270,73.78995,195.83157
OUT_06271,905.40094,1095.097
OUT_06272,241.7336,391.30606
OUT_06273,67.06619,194.20836
OUT_06274,69.6481,201.32402
OUT_06275,222.03505,412.57602
OUT_06276,279.86487,408.9083
OUT_06277,262.3567,434.20465
OUT_06278,1889.2949,2134.6956
OUT_06279,897.8167,1113.8938
OUT_06280,285.60364,428.9336
OUT_06281,267.99863,390.97778
OUT_06282,67.66455,193.12982
OUT_06283,74.96561,198.412
OUT_06284,880.99084,1158.7124
OUT_06285,69.384476,191.39816
OUT_06286,68.17073,198.3853
OUT_06287,57.8047,191.51033
OUT_06288,79.304,204.93819
OUT_06289,909.8499,1308.2073
OUT_06290,66.41786,190.33821
OUT_06291,86.95747,201.89014
OUT_06292,64.774506,188.57092
OUT_06293,281.34686,428.09518
OUT_06294,60.974834,174.01894
OUT_06295,90.12346,199.3867
OUT_06296,278.34558,409.5869
OUT_06297,48.309063,167.68727
OUT_06298,57.273594,182.9702
OUT_06299,282.6737,448.10416
OUT_06300,274.56732,403.2821
OUT_06301,231.14616,367.85828
OUT_06302,81.69878,198.88022
OUT_06303,74.7854,195.90935
OUT_06304,1890.1838,2135.6843
OUT_06305,67.00401,188.68257
OUT_06306,46.95155,175.48872
OUT_06307,80.07341,198.18546
OUT_06308,257.18286,435.78442
OUT_06309,68.54607,196.67552
OUT_06310,69.219025,198.627
OUT_06311,237.93343,408.63452
OUT_06312,80.44658,204.47472
OUT_06313,68.85321,191.70316
OUT_06314,78.6192,203.01303
OUT_06315,901.99835,1161.8047
OUT_06316,275.96478,412.3481
OUT_06317,65.28003,191.39203
OUT_06318,54.69537,180.2953
OUT_06319,274.2334,423.5035
OUT_06320,232.04292,403.82162
OUT_06321,1647.2,2143.329
OUT_06322,69.24075,196.49634
OUT_06323,904.2783,1108.6227
OUT_06324,57.825268,185.92908
OUT_06325,75.09352,194.53944
OUT_06326,280.9458,433.20538
OUT_06327,919.19086,1304.1287
OUT_06328,220.31056,408.50668
OUT_06329,62.33212,193.08252
OUT_06330,59.83678,188.9257
OUT_06331,233.02138,406.63516
OUT_06332,874.3091,1097.0304
OUT_06333,80.288956,200.54617
OUT_06334,33.715694,148.69362
OUT_06335,63.588947,194.3286
OUT_06336,896.0441,1145.8799
OUT_06337,81.36113,199.30336
OUT_06338,62.007565,181.54259
OUT_06339,277.57532,412.02548
OUT_06340,904.6629,1107.639
OUT_06341,224.76924,344.65796
OUT_06342,284.114,424.01205
OUT_06343,62.639217,186.10167
OUT_06344,44.063732,163.71811
OUT_06345,64.20703,184.84479
OUT_06346,77.69951,204.21916
OUT_06347,254.7328,426.30573
OUT_06348,252.92427,424.4779
OUT_06349,238.0113,427.8439
OUT_06350,233.4322,404.26224
OUT_06351,250.5212,415.06653
OUT_06352,243.25752,406.0356
OUT_06353,236.82503,404.0763
OUT_06354,67.1936,194.64584
OUT_06355,82.18315,210.72533
OUT_06356,1888.5632,2139.526
OUT_06357,71.49687,198.67375
OUT_06358,1566.2168,2143.329
OUT_06359,281.36542,411.61795
OUT_06360,62.969387,186.71419
OUT_06361,478.67062,1109.5199
OUT_06362,51.544155,170.65959
OUT_06363,64.5735,188.76796
OUT_06364,76.38788,194.75862
OUT_06365,262.42578,388.3415
OUT_06366,76.39848,242.62617
OUT_06367,896.3107,1160.451
OUT_06368,73.64879,191.76828
OUT_06369,281.10278,412.29315
OUT_06370,897.7132,1060.056
OUT_06371,79.04315,202.16528
OUT_06372,284.52502,414.6778
OUT_06373,1886.3901,2137.9595
OUT_06374,67.34737,187.37845
OUT_06375,894.7478,1099.1853
OUT_06376,256.4314,385.80994
OUT_06377,263.7771,417.44638
OUT_06378,72.8712,194.21733
OUT_06379,275.66992,405.21243
OUT_06380,57.733738,179.61691
OUT_06381,1591.8467,2138.43
OUT_06382,251.18105,427.93396
OUT_06383,72.588486,194.83968
OUT_06384,84.16658,198.55559
OUT_06385,69.865616,196.20079
OUT_06386,898.92505,1075.1172
OUT_06387,1573.6873,2137.9595
OUT_06388,76.34718,205.55927
OUT_06389,57.62891,182.50713
OUT_06390,205.64207,329.79498
OUT_06391,66.33606,193.9741
OUT_06392,2012.3324,2136.6187
OUT_06393,60.40176,191.21922
OUT_06394,68.67781,193.99016
OUT_06395,60.515537,190.14513
OUT_06396,50.750866,170.55614
OUT_06397,60.674435,184.7105
OUT_06398,77.2697,196.96265
OUT_06399,251.64131,388.93057
OUT_06400,241.951,412.2946
OUT_06401,68.919464,197.47304
OUT_06402,904.49927,1246.2852
OUT_06403,902.30414,1522.1113
OUT_06404,902.5034,1080.4814
OUT_06405,234.95985,404.1877
OUT_06406,921.86945,1096.2325
OUT_06407,75.10689,200.56393
OUT_06408,56.299053,185.90604
OUT_06409,59.326015,188.85185
OUT_06410,923.5573,1181.28
OUT_06411,44.151417,158.25142
OUT_06412,63.32391,185.52766
OUT_06413,242.89308,404.08032
OUT_06414,2016.7924,2147.8044
OUT_06415,284.68842,688.7722
OUT_06416,264.3128,416.19055
OUT_06417,924.3167,1127.0515
OUT_06418,84.63165,197.84238
OUT_06419,70.18521,197.06374
OUT_06420,919.0249,1389.6855
OUT_06421,58.704723,183.40247
OUT_06422,78.5517,195.06929
OUT_06423,76.22594,201.48099
OUT_06424,282.35187,411.20135
OUT_06425,77.15129,203.62918
OUT_06426,83.87431,200.6271
OUT_06427,911.20386,1355.3097
OUT_06428,72.45227,200.37094
OUT_06429,60.18751,189.06987
OUT_06430,243.40694,411.5293
OUT_06431,283.08514,410.7926
OUT_06432,921.66876,1334.2913
OUT_06433,215.72353,385.86053
OUT_06434,262.22534,386.98874
OUT_06435,71.56067,195.02771
OUT_06436,904.5344,1250.791
OUT_06437,72.11632,192.14998
OUT_06438,88.69887,201.41237
OUT_06439,940.35925,1336.6508
OUT_06440,280.54443,414.9501
OUT_06441,280.278,414.89053
OUT_06442,183.19368,421.01233
OUT_06443,75.30449,201.5517
OUT_06444,74.44667,195.62047
OUT_06445,280.66956,423.9238
OUT_06446,53.97697,184.40984
OUT_06447,65.5508,190.55626
OUT_06448,71.2516,189.8016
OUT_06449,68.36546,195.6995
OUT_06450,66.87857,193.60344
OUT_06451,62.95165,187.46863
OUT_06452,75.02591,195.47606
OUT_06453,69.28523,199.97256
OUT_06454,271.19556,419.23767
OUT_06455,68.23477,200.22821
OUT_06456,77.89653,191.69643
OUT_06457,87.83794,197.28484
OUT_06458,90.24431,207.50055
OUT_06459,24.719074,144.35693
OUT_06460,245.71828,413.3488
OUT_06461,85.36403,202.38777
OUT_06462,905.86414,1113.8813
OUT_06463,74.489075,202.74498
OUT_06464,79.338974,198.61574
OUT_06465,282.1134,414.82983
OUT_06466,903.26794,1098.0786
OUT_06467,251.89925,436.7272
OUT_06468,58.302402,181.29422
OUT_06469,57.09515,188.47151
OUT_06470,62.226955,189.16177
OUT_06471,253.03743,432.0404
OUT_06472,919.2845,1133.6073
OUT_06473,235.87843,393.52496
OUT_06474,77.76378,202.05208
OUT_06475,276.8695,409.15015
OUT_06476,248.8329,394.90024
OUT_06477,63.73666,183.14584
OUT_06478,63.826275,192.7277
OUT_06479,57.96346,185.33699
OUT_06480,253.96541,424.2577
OUT_06481,279.55817,413.45285
OUT_06482,68.42346,207.59254
OUT_06483,68.890015,217.6975
OUT_06484,74.377975,199.31828
OUT_06485,75.94754,201.58899
OUT_06486,74.58594,201.34744
OUT_06487,251.96925,418.40643
OUT_06488,73.267334,195.61731
OUT_06489,75.98392,197.48041
OUT_06490,890.0863,1066.7279
OUT_06491,77.640274,192.32115
OUT_06492,290.47516,441.83936
OUT_06493,233.24916,404.08032
OUT_06494,87.15709,193.0113
OUT_06495,70.81746,198.12747
OUT_06496,243.1775,403.46808
OUT_06497,76.15242,198.51459
OUT_06498,77.43509,195.67957
OUT_06499,1889.074,2139.158
OUT_06500,70.15938,192.87175
OUT_06501,903.30615,1036.4648
OUT_06502,917.52673,1402.6814
OUT_06503,64.53265,191.9845
OUT_06504,57.574757,179.329
OUT_06505,66.37271,194.5602
OUT_06506,70.60756,191.52147
OUT_06507,854.62286,1081.3008
OUT_06508,49.99336,174.88634
OUT_06509,237.34273,426.1032
OUT_06510,75.6313,200.03458
OUT_06511,75.045944,201.75903
OUT_06512,282.68665,403.46808
OUT_06513,69.68785,194.77176
OUT_06514,247.66432,405.3438
OUT_06515,237.77882,404.08032
OUT_06516,68.577576,194.53172
OUT_06517,63.87054,186.60765
OUT_06518,906.9003,1106.6625
OUT_06519,241.01564,403.40353
OUT_06520,53.584476,174.42596
OUT_06521,54.91524,181.1145
OUT_06522,281.41412,431.48596
OUT_06523,244.89528,402.83762
OUT_06524,66.197754,193.58852
OUT_06525,57.782925,182.49277
OUT_06526,247.86372,407.7648
OUT_06527,54.946407,170.64818
OUT_06528,55.400066,189.8387
OUT_06529,895.8271,1080.308
OUT_06530,67.25076,189.98973
OUT_06531,261.83002,427.35944
OUT_06532,245.5425,412.54263
OUT_06533,83.796814,208.96
OUT_06534,238.25648,394.2548
OUT_06535,814.63855,1046.4001
OUT_06536,258.01874,413.4497
OUT_06537,55.196575,180.39597
OUT_06538,887.7602,1157.4348
OUT_06539,66.34938,190.93185
OUT_06540,891.35077,1028.4161
OUT_06541,73.283264,193.26807
OUT_06542,72.483795,198.88342
OUT_06543,225.39973,430.54553
OUT_06544,82.47319,196.75258
OUT_06545,889.75714,1214.8917
OUT_06546,66.72247,194.12819
OUT_06547,72.74051,195.97818
OUT_06548,65.65912,189.83981
OUT_06549,45.682972,175.16772
OUT_06550,242.12624,408.20456
OUT_06551,268.6147,406.94534
OUT_06552,224.31178,384.59302
OUT_06553,271.90735,403.46808
OUT_06554,70.113434,197.10641
OUT_06555,262.44525,454.98132
OUT_06556,922.97125,1133.6073
OUT_06557,223.47969,408.72183
OUT_06558,89.30202,200.07341
OUT_06559,898.9941,1076.7108
OUT_06560,45.43532,169.09206
OUT_06561,254.3177,406.32315
OUT_06562,64.78595,185.05402
OUT_06563,77.7711,201.8384
OUT_06564,77.72238,200.06857
OUT_06565,901.7021,1054.3928
OUT_06566,77.86099,199.24022
OUT_06567,75.112656,225.37082
OUT_06568,245.7964,410.4758
OUT_06569,72.62793,199.49669
OUT_06570,57.834858,182.18944
OUT_06571,209.6187,404.85458
OUT_06572,76.09332,201.29417
OUT_06573,65.16739,191.78381
OUT_06574,894.22986,1080.0898
OUT_06575,267.33444,392.414
OUT_06576,63.37196,190.37112
OUT_06577,77.892654,202.42084
OUT_06578,82.51944,204.29086
OUT_06579,896.9407,1065.6902
OUT_06580,74.44136,195.472
OUT_06581,58.357357,178.72171
OUT_06582,64.35579,200.03456
OUT_06583,67.96727,199.88788
OUT_06584,61.759144,184.57687
OUT_06585,66.28514,197.02106
OUT_06586,235.14754,409.2609
OUT_06587,908.96124,1125.0614
OUT_06588,78.53441,212.90927
OUT_06589,925.9687,1138.0048
OUT_06590,908.1441,1125.6211
OUT_06591,80.89899,193.35703
OUT_06592,69.05879,197.18277
OUT_06593,266.46918,413.067
OUT_06594,73.51849,223.73178
OUT_06595,81.08226,201.457
OUT_06596,269.54364,404.54962
OUT_06597,68.68787,192.44034
OUT_06598,77.96306,204.7745
OUT_06599,923.24457,1182.9137
OUT_06600,278.13794,410.61783
OUT_06601,68.88428,195.93741
OUT_06602,47.415127,166.5729
OUT_06603,249.27632,409.9211
OUT_06604,288.56476,430.59543
OUT_06605,70.660736,197.19844
OUT_06606,64.48003,190.68898
OUT_06607,72.562164,201.36835
OUT_06608,911.8063,1442.7329
OUT_06609,296.60663,380.78952
OUT_06610,84.388504,201.19621
OUT_06611,58.616085,184.74513
OUT_06612,274.0302,404.1891
OUT_06613,882.54895,1078.4141
OUT_06614,73.614655,198.80843
OUT_06615,892.8975,1159.7012
OUT_06616,250.47829,414.01633
OUT_06617,279.09338,415.06653
OUT_06618,75.73709,195.78244
OUT_06619,77.75513,204.38872
OUT_06620,76.30698,200.85815
OUT_06621,73.35278,194.62645
OUT_06622,79.809494,202.9125
OUT_06623,44.16737,159.73132
OUT_06624,247.3531,411.62463
OUT_06625,1632.958,2136.0989
OUT_06626,279.51953,411.4509
OUT_06627,49.47559,170.40027
OUT_06628,238.83443,400.8614
OUT_06629,471.4083,1060.8992
OUT_06630,245.82344,406.32883
OUT_06631,903.2915,1106.3873
OUT_06632,69.38722,204.8267
OUT_06633,76.88806,196.45802
OUT_06634,260.75208,407.42935
OUT_06635,84.861374,206.09735
OUT_06636,62.044216,184.52408
OUT_06637,255.28554,408.16483
OUT_06638,60.54173,181.84605
OUT_06639,81.292145,206.92612
OUT_06640,72.60417,198.43259
OUT_06641,71.14421,195.76921
OUT_06642,69.36989,197.10945
OUT_06643,69.75612,195.20224
OUT_06644,75.05133,200.84636
OUT_06645,877.2487,1067.4453
OUT_06646,243.29341,406.66168
OUT_06647,282.9547,427.24576
OUT_06648,908.1819,1201.0397
OUT_06649,245.33943,393.2607
OUT_06650,74.8694,194.40926
OUT_06651,236.93806,385.5
OUT_06652,65.03897,199.14629
OUT_06653,62.463314,180.69188
OUT_06654,77.23064,201.50992
OUT_06655,897.1507,1070.3495
OUT_06656,73.37604,198.18063
OUT_06657,249.36201,413.20126
OUT_06658,1500.4717,2126.9844
OUT_06659,70.15045,194.7682
OUT_06660,923.2806,1136.0217
OUT_06661,65.48349,193.132
OUT_06662,242.53432,404.01175
OUT_06663,1540.1562,2143.563
OUT_06664,244.55043,403.46808
OUT_06665,70.48918,194.71077
OUT_06666,278.73834,447.35178
OUT_06667,66.63025,189.95355
OUT_06668,283.0266,477.06024
OUT_06669,49.756268,170.50908
OUT_06670,62.75925,195.19264
OUT_06671,75.46605,201.17601
OUT_06672,95.30296,226.26947
OUT_06673,68.526566,194.18683
OUT_06674,70.20151,200.31406
OUT_06675,75.90808,199.56944
OUT_06676,60.536083,184.00221
OUT_06677,903.84625,1092.4235
OUT_06678,273.82263,415.31796
OUT_06679,281.9317,437.67334
OUT_06680,77.57048,201.56361
OUT_06681,82.82886,222.2252
OUT_06682,915.20856,1136.9417
OUT_06683,65.84595,184.41422
OUT_06684,241.08247,405.52115
OUT_06685,63.081142,194.87537
OUT_06686,263.6848,428.23523
OUT_06687,71.66513,197.51642
OUT_06688,57.243282,181.1821
OUT_06689,73.55788,204.58223
OUT_06690,248.04366,366.14948
OUT_06691,41.107616,170.09673
OUT_06692,286.388,416.41547
OUT_06693,64.70221,188.42064
OUT_06694,245.69563,405.5943
OUT_06695,287.60028,431.84552
OUT_06696,898.8292,1094.1738
OUT_06697,80.74312,291.14584
OUT_06698,904.0475,1205.8434
OUT_06699,1888.2664,2130.5286
OUT_06700,70.63315,200.02429
OUT_06701,252.20552,415.38272
OUT_06702,249.09554,415.76782
OUT_06703,266.9887,404.32678
OUT_06704,242.71327,404.25766
OUT_06705,60.666294,190.60307
OUT_06706,280.4206,414.92566
OUT_06707,281.62164,403.46808
OUT_06708,59.642742,183.396
OUT_06709,57.23666,177.34644
OUT_06710,240.0312,404.0763
OUT_06711,890.559,1146.2458
OUT_06712,52.79687,180.98752
OUT_06713,77.98953,197.3578
OUT_06714,75.92375,200.43916
OUT_06715,51.504856,178.88916
OUT_06716,73.008514,196.6935
OUT_06717,281.8827,415.31796
OUT_06718,895.0356,1120.7893
OUT_06719,61.748074,188.04819
OUT_06720,917.13086,1326.9635
OUT_06721,267.70178,404.1891
OUT_06722,58.25424,184.94872
OUT_06723,59.288235,189.9947
OUT_06724,914.4913,1068.8805
OUT_06725,904.45874,1087.2181
OUT_06726,224.56105,398.0059
OUT_06727,245.68513,406.94107
OUT_06728,80.13562,197.22209
OUT_06729,62.967915,186.9666
OUT_06730,67.67813,193.09332
OUT_06731,70.03253,195.85052
OUT_06732,44.99197,150.25871
OUT_06733,2014.5619,2132.2898
OUT_06734,228.60863,368.84296
OUT_06735,68.100815,193.90594
OUT_06736,891.2719,1104.3026
OUT_06737,69.923996,192.7619
OUT_06738,68.121704,195.26102
OUT_06739,247.55867,416.52997
OUT_06740,68.93678,196.91895
OUT_06741,249.1404,415.93723
OUT_06742,68.15001,194.41048
OUT_06743,79.560455,196.8045
OUT_06744,892.73846,1079.8776
OUT_06745,272.12665,404.82358
OUT_06746,280.1963,431.403
OUT_06747,902.55194,1066.879
OUT_06748,54.58949,182.44785
OUT_06749,247.70857,406.66168
OUT_06750,59.412243,180.88072
OUT_06751,242.06404,414.94247
OUT_06752,46.784557,164.45026
OUT_06753,246.63985,411.05026
OUT_06754,68.037155,198.74648
OUT_06755,60.252354,193.04611
OUT_06756,53.54942,179.61389
OUT_06757,58.72668,178.54288
OUT_06758,275.91907,409.64072
OUT_06759,70.4288,190.6395
OUT_06760,896.51917,1102.1008
OUT_06761,72.80594,199.54659
OUT_06762,61.633823,188.0289
OUT_06763,905.2651,1220.7709
OUT_06764,895.77423,1094.5382
OUT_06765,264.5652,430.64606
OUT_06766,216.3788,407.5941
OUT_06767,278.71185,409.82312
OUT_06768,80.0419,221.41486
OUT_06769,51.296474,171.96332
OUT_06770,75.996735,199.03195
OUT_06771,60.400394,188.22774
OUT_06772,72.963806,198.20079
OUT_06773,226.20839,412.94534
OUT_06774,281.91034,424.35062
OUT_06775,268.39484,404.13962
OUT_06776,71.067154,196.0112
OUT_06777,898.14343,1166.2848
OUT_06778,87.507675,204.83195
OUT_06779,87.973465,215.83908
OUT_06780,69.54274,195.476
OUT_06781,70.37862,193.9523
OUT_06782,67.743744,188.3804
OUT_06783,70.94121,199.30566
OUT_06784,251.23177,409.36652
OUT_06785,266.15424,405.3438
OUT_06786,70.43872,196.67488
OUT_06787,58.912838,178.5149
OUT_06788,49.859867,168.35707
OUT_06789,65.85121,191.72963
OUT_06790,275.86713,408.62213
OUT_06791,68.03192,195.71645
OUT_06792,247.95064,414.2296
OUT_06793,266.56702,440.06693
OUT_06794,62.54234,188.0639
OUT_06795,235.51134,341.39594
OUT_06796,54.84228,164.55865
OUT_06797,886.1908,1122.6235
OUT_06798,898.84344,1090.8776
OUT_06799,54.359066,181.12788
OUT_06800,244.91005,403.40353
OUT_06801,63.131725,194.64095
OUT_06802,260.3943,411.95853
OUT_06803,283.1161,412.27933
OUT_06804,58.94164,185.40598
OUT_06805,75.376465,198.3139
OUT_06806,74.077576,195.51013
OUT_06807,64.98758,189.53036
OUT_06808,279.30847,412.06653
OUT_06809,77.11177,199.32689
OUT_06810,1577.5618,2141.7666
OUT_06811,78.93143,207.21997
OUT_06812,64.967636,186.56541
OUT_06813,86.39497,203.50204
OUT_06814,70.894516,197.39653
OUT_06815,891.22797,1068.1149
OUT_06816,247.63338,413.20126
OUT_06817,899.99615,1085.0829
OUT_06818,1555.8699,2131.2263
OUT_06819,247.425,408.9792
OUT_06820,81.92322,203.05832
OUT_06821,223.86086,408.8042
OUT_06822,58.357998,186.54233
OUT_06823,274.14758,403.40353
OUT_06824,71.1093,196.45044
OUT_06825,268.09808,403.40353
OUT_06826,935.13696,1216.4219
OUT_06827,69.862854,194.5707
OUT_06828,64.866165,180.44809
OUT_06829,59.66321,180.38676
OUT_06830,901.4895,1128.1332
OUT_06831,251.41505,434.69357
OUT_06832,254.7165,413.8295
OUT_06833,225.86421,385.3872
OUT_06834,237.55147,403.40353
OUT_06835,69.38304,197.23991
OUT_06836,76.55589,202.10509
OUT_06837,228.09175,385.49863
OUT_06838,71.58771,197.9938
OUT_06839,897.7091,1100.7788
OUT_06840,248.85548,413.7678
OUT_06841,238.68684,371.13928
OUT_06842,78.95589,194.85542
OUT_06843,921.2044,1120.5891
OUT_06844,78.2896,199.87811
OUT_06845,248.21999,413.07275
OUT_06846,75.81908,200.09319
OUT_06847,79.40257,221.36522
OUT_06848,70.90213,196.55104
OUT_06849,284.91412,426.18912
OUT_06850,73.095856,223.13406
OUT_06851,258.71704,413.71832
OUT_06852,70.56404,195.5737
OUT_06853,60.365932,192.58955
OUT_06854,66.044266,183.925
OUT_06855,258.094,424.2465
OUT_06856,223.26167,339.55698
OUT_06857,77.756714,201.66762
OUT_06858,56.26608,186.92516
OUT_06859,49.597034,177.23749
OUT_06860,900.5375,1157.282
OUT_06861,79.333115,204.42766
OUT_06862,81.22366,201.95143
OUT_06863,897.3695,1073.6326
OUT_06864,71.1758,199.84169
OUT_06865,307.83942,712.6466
OUT_06866,268.03204,428.2136
OUT_06867,895.4506,1142.4055
OUT_06868,81.910675,199.05934
OUT_06869,67.01683,195.78758
OUT_06870,70.1815,195.3877
OUT_06871,56.91744,180.4218
OUT_06872,54.88879,190.94681
OUT_06873,72.67821,196.80948
OUT_06874,56.422916,180.28302
OUT_06875,45.450214,166.56073
OUT_06876,68.0999,195.42079
OUT_06877,89.02132,224.22224
OUT_06878,65.95056,192.67142
OUT_06879,893.76074,1090.1309
OUT_06880,835.6577,1102.5496
OUT_06881,899.4871,1367.9883
OUT_06882,919.1601,1127.0515
OUT_06883,75.81122,202.41635
OUT_06884,233.38747,404.33447
OUT_06885,62.868244,200.03162
OUT_06886,234.00832,403.21756
OUT_06887,59.530293,180.01553
OUT_06888,889.0228,1132.5504
OUT_06889,59.89529,188.78558
OUT_06890,62.62842,198.32037
OUT_06891,247.60762,410.18332
OUT_06892,66.77806,196.11472
OUT_06893,226.27858,386.0465
OUT_06894,281.2196,422.26675
OUT_06895,80.36081,199.1159
OUT_06896,83.33133,204.74168
OUT_06897,257.73694,413.32434
OUT_06898,59.749798,189.42708
OUT_06899,82.831696,202.5136
OUT_06900,63.85158,197.96275
OUT_06901,261.88525,428.68652
OUT_06902,65.69943,196.76353
OUT_06903,55.40875,183.98488
OUT_06904,266.83588,403.89484
OUT_06905,216.6606,408.50668
OUT_06906,916.23615,1382.8027
OUT_06907,59.69949,187.7396
OUT_06908,54.725414,186.6865
OUT_06909,63.946316,190.95859
OUT_06910,267.4532,405.91
OUT_06911,48.004528,155.18233
OUT_06912,48.011684,172.1456
OUT_06913,79.98555,209.10909
OUT_06914,244.84187,418.4925
OUT_06915,919.3541,1335.111
OUT_06916,82.08966,193.76968
OUT_06917,77.17328,200.56248
OUT_06918,63.69739,197.66216
OUT_06919,75.6136,204.02463
OUT_06920,77.97641,186.50314
OUT_06921,69.530106,196.28076
OUT_06922,890.59216,1143.742
OUT_06923,74.5197,199.04326
OUT_06924,73.88307,204.10507
OUT_06925,71.98079,192.47842
OUT_06926,91.50795,208.80417
OUT_06927,82.34161,205.9549
OUT_06928,74.949524,199.47797
OUT_06929,63.93001,187.69717
OUT_06930,274.02313,423.589
OUT_06931,50.008984,176.63733
OUT_06932,263.87524,443.57935
OUT_06933,233.95625,405.52115
OUT_06934,64.72897,200.38301
OUT_06935,73.57445,196.23325
OUT_06936,251.6404,424.11923
OUT_06937,80.37375,214.98491
OUT_06938,917.7103,1460.802
OUT_06939,257.97028,428.26157
OUT_06940,1548.3364,2137.9595
OUT_06941,250.27443,408.632
OUT_06942,256.41418,427.0041
OUT_06943,251.93343,402.64346
OUT_06944,52.162235,181.99094
OUT_06945,71.339325,204.87737
OUT_06946,78.71982,208.17279
OUT_06947,279.60907,412.94504
OUT_06948,895.9265,1061.5405
OUT_06949,250.31117,409.8936
OUT_06950,67.98198,195.3981
OUT_06951,69.000534,196.76347
OUT_06952,911.8665,1147.91
OUT_06953,64.98505,194.26987
OUT_06954,95.60835,238.72655
OUT_06955,78.36333,201.61008
OUT_06956,280.9005,434.25735
OUT_06957,77.713196,201.54219
OUT_06958,59.798725,183.68463
OUT_06959,57.969906,186.79745
OUT_06960,70.26575,192.41661
OUT_06961,84.686295,192.71849
OUT_06962,58.286777,193.21733
OUT_06963,248.89882,408.499
OUT_06964,73.90881,198.20044
OUT_06965,71.17915,199.68556
OUT_06966,59.201572,181.31108
OUT_06967,254.06526,409.95575
OUT_06968,69.90993,207.5626
OUT_06969,77.23999,200.16302
OUT_06970,39.53645,135.97615
OUT_06971,58.136868,179.24887
OUT_06972,63.764606,194.87479
OUT_06973,65.95233,194.70718
OUT_06974,276.52118,411.7301
OUT_06975,44.779034,159.01443
OUT_06976,897.64056,1168.5698
OUT_06977,252.74269,425.4513
OUT_06978,72.53584,198.41994
OUT_06979,69.5475,195.15634
OUT_06980,69.80434,199.80879
OUT_06981,2011.1141,2128.467
OUT_06982,72.74173,188.45798
OUT_06983,61.49782,187.66562
OUT_06984,224.76466,408.0466
OUT_06985,1890.0327,2128.0344
OUT_06986,64.98448,187.68689
OUT_06987,51.764538,184.99232
OUT_06988,256.0584,440.63516
OUT_06989,234.54964,395.1096
OUT_06990,893.28076,1178.7184
OUT_06991,70.74953,196.99782
OUT_06992,55.94723,189.75728
OUT_06993,72.79028,196.09926
OUT_06994,71.446915,196.4719
OUT_06995,81.35594,197.44803
OUT_06996,893.8987,1074.3744
OUT_06997,253.2848,447.10263
OUT_06998,67.04814,191.36597
OUT_06999,284.4875,417.8592
OUT_07000,936.2644,1129.3209
OUT_07001,237.29121,369.0326
OUT_07002,896.73083,1169.9424
OUT_07003,250.95314,412.94504
OUT_07004,76.33461,203.6612
OUT_07005,63.00784,182.76692
OUT_07006,53.329304,189.12535
OUT_07007,266.98334,404.0763
OUT_07008,939.42725,1280.9716
OUT_07009,281.34534,432.6815
OUT_07010,248.47652,408.02466
OUT_07011,74.77928,195.4232
OUT_07012,894.04755,1162.982
OUT_07013,935.0407,1128.8356
OUT_07014,284.04663,416.6865
OUT_07015,64.19742,191.02495
OUT_07016,1578.7925,2136.1326
OUT_07017,74.75864,211.48264
OUT_07018,245.00002,407.86438
OUT_07019,69.54341,197.77264
OUT_07020,906.3617,1164.2396
OUT_07021,246.92262,403.2821
OUT_07022,68.86716,208.33728
OUT_07023,69.958664,194.8253
OUT_07024,267.98755,404.01175
OUT_07025,71.19606,180.28784
OUT_07026,919.3197,1466.8687
OUT_07027,1525.3328,2132.4136
OUT_07028,71.54378,197.31647
OUT_07029,900.9146,1072.1024
OUT_07030,70.571686,196.89926
OUT_07031,917.82886,1364.8422
OUT_07032,265.047,404.54962
OUT_07033,242.63539,405.52115
OUT_07034,75.79848,201.64398
OUT_07035,58.36423,184.07811
OUT_07036,67.259766,196.61319
OUT_07037,286.3866,456.50818
OUT_07038,63.71594,196.60356
OUT_07039,53.83578,178.39137
OUT_07040,277.7306,413.6691
OUT_07041,58.10571,183.24756
OUT_07042,244.1866,404.08032
OUT_07043,83.5927,195.8925
OUT_07044,248.85689,395.408
OUT_07045,251.55971,366.3332
OUT_07046,253.81068,425.67303
OUT_07047,57.62871,182.64662
OUT_07048,913.7939,1374.4233
OUT_07049,56.534626,179.95782
OUT_07050,279.7992,412.37045
OUT_07051,279.71472,407.16693
OUT_07052,48.525043,195.50536
OUT_07053,73.876465,202.00253
OUT_07054,277.68448,419.5397
OUT_07055,58.793797,180.33998
OUT_07056,896.20184,1054.6901
OUT_07057,889.42,1062.4248
OUT_07058,223.2383,405.59677
OUT_07059,61.8477,180.28632
OUT_07060,85.88756,203.93628
OUT_07061,889.9658,1069.2349
OUT_07062,266.09155,417.15442
OUT_07063,61.581432,191.62067
OUT_07064,250.93196,409.342
OUT_07065,928.7119,1155.8411
OUT_07066,78.48619,207.27885
OUT_07067,236.70656,430.29138
OUT_07068,1887.977,2135.3977
OUT_07069,76.96034,202.4227
OUT_07070,289.62988,444.3501
OUT_07071,68.841125,194.45427
OUT_07072,86.2357,205.18694
OUT_07073,70.98839,187.04549
OUT_07074,83.28998,208.77849
OUT_07075,72.61813,197.46669
OUT_07076,80.69835,204.84335
OUT_07077,32.372936,183.78494
OUT_07078,240.96883,405.6935
OUT_07079,59.86243,183.83965
OUT_07080,1554.8997,2159.874
OUT_07081,248.99147,411.279
OUT_07082,54.161823,178.16495
OUT_07083,90.05531,220.92212
OUT_07084,61.987675,189.44728
OUT_07085,286.93866,430.7355
OUT_07086,44.847904,170.86781
OUT_07087,45.45387,174.10397
OUT_07088,249.0298,410.79407
OUT_07089,1972.1108,2127.5857
OUT_07090,250.25874,408.53336
OUT_07091,232.7159,404.33447
OUT_07092,75.88432,202.9841
OUT_07093,925.3688,1196.7124
OUT_07094,249.93648,409.96405
OUT_07095,25.543507,141.55273
OUT_07096,233.56667,405.52298
OUT_07097,266.30304,403.2821
OUT_07098,68.823,201.87967
OUT_07099,286.03937,438.9758
OUT_07100,82.54436,200.02983
OUT_07101,926.9833,1507.4723
OUT_07102,52.125546,183.77847
OUT_07103,86.94365,197.82904
OUT_07104,60.474545,190.89336
OUT_07105,245.0306,415.6572
OUT_07106,77.29901,201.22539
OUT_07107,80.841736,200.76698
OUT_07108,901.2388,1096.8861
OUT_07109,72.19975,193.98326
OUT_07110,77.72952,203.55255
OUT_07111,282.02435,426.697
OUT_07112,251.99428,426.11966
OUT_07113,271.76355,403.40353
OUT_07114,273.59363,416.13495
OUT_07115,283.96466,422.59235
OUT_07116,80.72098,198.44714
OUT_07117,75.23357,193.29007
OUT_07118,60.982777,187.72421
OUT_07119,244.99971,391.61002
OUT_07120,250.80568,394.82272
OUT_07121,904.52106,1094.9233
OUT_07122,885.55676,1189.7401
OUT_07123,55.607006,181.56172
OUT_07124,912.4169,1171.1925
OUT_07125,65.606,188.8324
OUT_07126,262.0849,407.59464
OUT_07127,59.253925,176.8597
OUT_07128,43.235096,172.17769
OUT_07129,279.9848,420.61047
OUT_07130,59.44028,189.97974
OUT_07131,64.91376,199.12564
OUT_07132,286.93335,428.26157
OUT_07133,58.278828,188.89558
OUT_07134,80.62886,199.78073
OUT_07135,1888.3372,2131.2468
OUT_07136,62.078793,193.21916
OUT_07137,73.48273,197.66412
OUT_07138,912.3727,1125.9323
OUT_07139,83.574005,201.69785
OUT_07140,89.01976,206.18938
OUT_07141,926.2245,1468.9775
OUT_07142,71.40788,196.53712
OUT_07143,64.74103,188.39738
OUT_07144,907.21014,1276.3314
OUT_07145,83.17612,214.31023
OUT_07146,81.57158,205.21786
OUT_07147,872.46844,1125.904
OUT_07148,894.7346,1080.0085
OUT_07149,236.28712,410.75824
OUT_07150,915.0389,1139.9183
OUT_07151,73.28516,207.1067
OUT_07152,64.045166,194.73894
OUT_07153,65.63344,190.17177
OUT_07154,64.249176,189.661
OUT_07155,278.6297,422.03925
OUT_07156,911.1785,1193.7299
OUT_07157,249.88252,415.23447
OUT_07158,68.43092,201.33977
OUT_07159,74.15509,200.83086
OUT_07160,83.56589,204.15762
OUT_07161,1499.7678,2136.6187
OUT_07162,42.046047,156.46399
OUT_07163,91.90758,201.51212
OUT_07164,71.82692,198.54599
OUT_07165,84.61127,204.17839
OUT_07166,275.48334,426.0669
OUT_07167,74.18309,198.96333
OUT_07168,71.320984,194.77988
OUT_07169,253.84956,414.6778
OUT_07170,67.40839,193.28534
OUT_07171,67.99434,192.6463
OUT_07172,62.115444,192.8906
OUT_07173,73.081604,205.6025
OUT_07174,64.49295,195.02538
OUT_07175,70.90506,197.22324
OUT_07176,74.52536,197.55109
OUT_07177,1886.8306,2137.9595
OUT_07178,245.12337,430.46426
OUT_07179,78.324936,200.66766
OUT_07180,48.15613,182.3536
OUT_07181,287.34515,434.40436
OUT_07182,48.302265,157.65614
OUT_07183,918.3368,1534.5702
OUT_07184,247.68178,414.1531
OUT_07185,74.02168,202.12704
OUT_07186,107.402115,293.86447
OUT_07187,916.7701,1143.3516
OUT_07188,58.570766,186.24745
OUT_07189,80.23543,204.89578
OUT_07190,67.63724,190.70743
OUT_07191,60.061207,186.86693
OUT_07192,74.63887,199.77612
OUT_07193,242.52797,404.1891
OUT_07194,892.32355,1078.9631
OUT_07195,886.1631,1201.9346
OUT_07196,232.1791,404.26224
OUT_07197,75.92929,197.7755
OUT_07198,72.3683,196.9258
OUT_07199,259.58484,403.2821
OUT_07200,72.54138,200.54906
OUT_07201,290.35327,431.95538
OUT_07202,76.82941,190.87206
OUT_07203,298.75153,415.96124
OUT_07204,75.95488,201.60384
OUT_07205,69.94362,197.97789
OUT_07206,56.793247,182.50713
OUT_07207,251.87685,410.9071
OUT_07208,66.14113,195.03754
OUT_07209,250.55714,414.71484
OUT_07210,54.344196,181.29033
OUT_07211,80.96916,205.13547
OUT_07212,255.7295,415.464
OUT_07213,61.31107,177.49248
OUT_07214,919.1545,1356.6697
OUT_07215,924.9231,1132.1975
OUT_07216,59.44608,192.659
OUT_07217,66.23091,201.29802
OUT_07218,250.63881,427.34265
OUT_07219,883.12274,1230.9341
OUT_07220,87.49638,223.9938
OUT_07221,70.13614,195.97571
OUT_07222,73.09245,196.52579
OUT_07223,66.10603,191.54385
OUT_07224,64.170425,191.91087
OUT_07225,1898.5244,2141.966
OUT_07226,53.76559,180.82771
OUT_07227,908.06976,1425.6907
OUT_07228,74.83188,191.52216
OUT_07229,57.15771,172.16519
OUT_07230,82.977066,195.01831
OUT_07231,66.48782,189.60095
OUT_07232,242.78395,411.62708
OUT_07233,2039.0931,2164.1191
OUT_07234,65.62059,195.58551
OUT_07235,246.39809,408.62213
OUT_07236,84.432495,208.15862
OUT_07237,60.728336,182.7785
OUT_07238,77.74086,200.06113
OUT_07239,244.355,404.01175
OUT_07240,68.96533,199.11285
OUT_07241,82.66548,211.00934
OUT_07242,70.44081,192.21431
OUT_07243,286.35284,422.76553
OUT_07244,73.24391,197.12698
OUT_07245,272.16766,407.42935
OUT_07246,85.0952,216.01004
OUT_07247,279.82477,413.86877
OUT_07248,67.11664,189.43245
OUT_07249,78.12508,203.6643
OUT_07250,1552.9473,2159.874
OUT_07251,263.44244,422.0918
OUT_07252,285.46118,432.73355
OUT_07253,65.233,197.14677
OUT_07254,86.16893,197.04738
OUT_07255,60.74934,191.78735
OUT_07256,219.65498,385.86053
OUT_07257,266.9723,403.40353
OUT_07258,913.60455,1278.0275
OUT_07259,904.01056,1087.3273
OUT_07260,70.14662,200.61586
OUT_07261,92.431046,217.58612
OUT_07262,254.57478,437.6989
OUT_07263,904.2458,1081.4429
OUT_07264,75.40053,200.7671
OUT_07265,60.369946,190.24707
OUT_07266,895.7465,1331.8765
OUT_07267,68.53859,193.08588
OUT_07268,252.64595,422.96747
OUT_07269,254.61244,423.61877
OUT_07270,72.614105,212.18567
OUT_07271,67.500595,192.78104
OUT_07272,282.7025,431.21857
OUT_07273,915.03845,1137.8182
OUT_07274,915.8691,1099.2134
OUT_07275,74.82535,198.53638
OUT_07276,1549.5891,2159.874
OUT_07277,68.63594,197.31044
OUT_07278,66.72676,192.5255
OUT_07279,72.84105,201.53352
OUT_07280,294.75635,627.8193
OUT_07281,927.4147,1273.7186
OUT_07282,261.6552,368.11908
OUT_07283,67.48561,198.12064
OUT_07284,249.72945,410.2983
OUT_07285,1657.1941,2132.632
OUT_07286,220.79115,340.54413
OUT_07287,53.85947,174.03864
OUT_07288,65.39427,190.42299
OUT_07289,896.4783,1235.594
OUT_07290,46.60557,174.27365
OUT_07291,80.49771,202.5672
OUT_07292,93.50401,254.81767
OUT_07293,78.67493,202.17938
OUT_07294,80.2962,203.63832
OUT_07295,66.88843,199.75421
OUT_07296,282.1632,412.32944
OUT_07297,79.83139,202.83167
OUT_07298,897.4185,1064.7286
OUT_07299,53.778454,181.08868
OUT_07300,901.0977,1239.6749
OUT_07301,70.83769,200.76292
OUT_07302,245.84798,410.99405
OUT_07303,82.982544,198.00821
OUT_07304,28.485905,136.94426
OUT_07305,892.5147,1046.9858
OUT_07306,72.81195,200.43713
OUT_07307,898.481,1080.999
OUT_07308,73.292694,194.93152
OUT_07309,74.50035,199.24524
OUT_07310,83.32968,206.9206
OUT_07311,253.28877,401.50024
OUT_07312,64.70311,194.86908
OUT_07313,75.597534,194.06836
OUT_07314,894.7614,1162.3906
OUT_07315,253.67354,425.67303
OUT_07316,929.93353,1100.9983
OUT_07317,899.05365,1175.7109
OUT_07318,272.61774,404.1891
OUT_07319,50.15553,163.36423
OUT_07320,83.12645,204.12831
OUT_07321,938.19824,1343.441
OUT_07322,252.16414,418.47784
OUT_07323,56.197887,180.95996
OUT_07324,887.62384,1069.3944
OUT_07325,84.94879,198.83273
OUT_07326,48.921673,172.41817
OUT_07327,909.5209,1134.538
OUT_07328,254.08217,428.95593
OUT_07329,266.89716,422.6543
OUT_07330,250.83748,442.31216
OUT_07331,904.6923,1094.581
OUT_07332,66.52846,196.63019
OUT_07333,276.1828,430.3167
OUT_07334,248.70692,403.7391
OUT_07335,917.8978,1298.7137
OUT_07336,83.091705,202.0078
OUT_07337,74.22394,203.34773
OUT_07338,52.466564,181.31268
OUT_07339,63.26119,212.99628
OUT_07340,89.01152,198.32826
OUT_07341,899.22906,1100.5355
OUT_07342,73.33095,200.24149
OUT_07343,257.28326,427.59906
OUT_07344,72.466156,200.77052
OUT_07345,93.964096,206.08313
OUT_07346,70.934204,233.71866
OUT_07347,277.79443,408.6286
OUT_07348,267.1494,407.62387
OUT_07349,875.0171,1140.2534
OUT_07350,61.87524,184.66255
OUT_07351,228.795,392.28363
OUT_07352,77.436584,212.83536
OUT_07353,36.13148,149.45572
OUT_07354,900.91705,1245.8616
OUT_07355,67.45232,202.32129
OUT_07356,269.9084,427.7342
OUT_07357,290.15045,437.5537
OUT_07358,89.06889,202.89117
OUT_07359,76.85768,191.19681
OUT_07360,59.439587,187.14185
OUT_07361,63.80682,192.51448
OUT_07362,226.4217,404.54962
OUT_07363,76.617294,199.38985
OUT_07364,279.13373,413.93765
OUT_07365,67.83539,189.23907
OUT_07366,60.92983,189.95366
OUT_07367,899.24445,1089.571
OUT_07368,894.6305,1207.7856
OUT_07369,71.88396,191.2065
OUT_07370,45.42145,169.56296
OUT_07371,230.70107,411.11334
OUT_07372,72.81784,195.74957
OUT_07373,72.69878,192.77252
OUT_07374,899.6017,1088.7555
OUT_07375,71.57393,196.14114
OUT_07376,249.04634,420.11697
OUT_07377,64.90289,189.90556
OUT_07378,899.1739,1146.3439
OUT_07379,67.44293,196.5365
OUT_07380,885.19354,1021.55524
OUT_07381,66.313644,189.76558
OUT_07382,228.5554,404.91605
OUT_07383,248.52168,411.6787
OUT_07384,72.044174,201.8517
OUT_07385,75.48447,197.02014
OUT_07386,913.1797,1269.059
OUT_07387,59.794758,186.40042
OUT_07388,1888.6199,2137.679
OUT_07389,91.9937,195.57997
OUT_07390,902.7242,1098.3628
OUT_07391,1887.802,2133.385
OUT_07392,54.198505,185.09172
OUT_07393,886.3195,1059.0321
OUT_07394,81.02788,201.99193
OUT_07395,79.01688,199.05406
OUT_07396,247.58565,407.2897
OUT_07397,74.17575,194.01509
OUT_07398,73.24449,196.94337
OUT_07399,77.07155,206.5971
OUT_07400,248.20815,423.146
OUT_07401,80.93013,195.3461
OUT_07402,237.75877,358.20355
OUT_07403,68.70943,200.31497
OUT_07404,80.07228,203.8655
OUT_07405,44.501118,160.58234
OUT_07406,69.65338,202.39478
OUT_07407,54.955227,174.78224
OUT_07408,918.99493,1138.0154
OUT_07409,80.18588,199.47061
OUT_07410,242.93678,403.46808
OUT_07411,66.78197,197.79674
OUT_07412,85.36699,199.14032
OUT_07413,287.65192,442.061
OUT_07414,279.6765,413.94003
OUT_07415,251.15779,406.32315
OUT_07416,281.6112,413.13754
OUT_07417,1585.3545,2212.2266
OUT_07418,924.9606,1412.9125
OUT_07419,67.612976,193.33905
OUT_07420,291.1217,433.64578
OUT_07421,75.437805,198.44312
OUT_07422,901.70544,1109.8478
OUT_07423,270.6969,404.08032
OUT_07424,88.94612,205.01607
OUT_07425,232.321,405.76654
OUT_07426,247.3608,411.3776
OUT_07427,77.61949,197.5098
OUT_07428,252.10841,409.28952
OUT_07429,242.84486,411.38748
OUT_07430,65.54317,191.95952
OUT_07431,73.428604,213.21121
OUT_07432,901.93463,1243.7693
OUT_07433,69.42351,196.47911
OUT_07434,83.40396,219.83145
OUT_07435,77.76315,197.21614
OUT_07436,63.29051,186.886
OUT_07437,73.07294,194.83536
OUT_07438,79.02168,218.61176
OUT_07439,-3.7924843,145.34872
OUT_07440,287.44574,682.63824
OUT_07441,79.89235,205.6462
OUT_07442,71.72623,196.52673
OUT_07443,900.4973,1105.5836
OUT_07444,227.18434,339.481
OUT_07445,74.74371,193.0162
OUT_07446,86.51921,205.84247
OUT_07447,270.77515,405.3438
OUT_07448,241.3318,412.0791
OUT_07449,57.64378,179.25368
OUT_07450,49.76083,169.86774
OUT_07451,909.31445,1337.6735
OUT_07452,257.12134,415.10052
OUT_07453,238.15614,403.46808
OUT_07454,44.945675,162.75351
OUT_07455,216.24629,323.8501
OUT_07456,936.9669,1335.2173
OUT_07457,45.499943,161.31058
OUT_07458,270.88898,407.42935
OUT_07459,79.957794,198.20844
OUT_07460,80.24196,196.93848
OUT_07461,39.24454,150.16182
OUT_07462,268.87708,404.01175
OUT_07463,248.00545,413.37796
OUT_07464,244.4634,403.70483
OUT_07465,45.800945,154.78407
OUT_07466,939.5505,1210.6108
OUT_07467,245.70424,396.70154
OUT_07468,56.09579,177.90172
OUT_07469,902.51196,1133.0497
OUT_07470,70.54878,196.5222
OUT_07471,220.52888,384.52847
OUT_07472,792.0831,1157.129
OUT_07473,67.64584,196.22823
OUT_07474,914.1324,1082.0895
OUT_07475,223.64754,385.32266
OUT_07476,72.27603,201.37921
OUT_07477,57.89014,181.6586
OUT_07478,71.627304,199.75705
OUT_07479,62.575016,181.00803
OUT_07480,902.252,1064.5222
OUT_07481,282.4685,419.96344
OUT_07482,61.18513,185.76456
OUT_07483,937.6823,1333.1084
OUT_07484,267.89478,410.0067
OUT_07485,219.41472,330.59503
OUT_07486,255.89644,426.88162
OUT_07487,235.2899,358.52234
OUT_07488,282.38574,449.06516
OUT_07489,256.46497,407.02243
OUT_07490,916.35474,1216.7445
OUT_07491,279.96948,427.50882
OUT_07492,1565.185,2150.9636
OUT_07493,272.57538,415.72845
OUT_07494,251.38026,419.17087
OUT_07495,271.6233,429.68317
OUT_07496,73.41127,198.93616
OUT_07497,222.03377,386.92227
OUT_07498,246.55757,413.62027
OUT_07499,265.2883,414.7638
OUT_07500,64.0898,186.86679
OUT_07501,263.65912,410.80942
OUT_07502,82.04103,220.9074
OUT_07503,284.51422,431.23846
OUT_07504,1554.0718,2163.6704
OUT_07505,890.4192,1222.9282
OUT_07506,67.86458,193.59361
OUT_07507,44.704983,158.42166
OUT_07508,61.089336,189.08775
OUT_07509,51.072216,178.492
OUT_07510,87.418686,220.26514
OUT_07511,74.05237,199.28989
OUT_07512,280.90955,411.73563
OUT_07513,254.0046,424.01282
OUT_07514,65.32655,190.53082
OUT_07515,898.83154,1067.2432
OUT_07516,59.58157,183.6912
OUT_07517,56.394146,179.31863
OUT_07518,64.76947,189.5038
OUT_07519,1886.7185,2130.3088
OUT_07520,251.65492,412.3481
OUT_07521,68.91673,197.89806
OUT_07522,255.7535,423.88382
OUT_07523,73.047485,198.41743
OUT_07524,263.23773,404.08032
OUT_07525,78.5188,200.25731
OUT_07526,66.50496,188.14366
OUT_07527,77.57425,196.53038
OUT_07528,57.303013,188.46819
OUT_07529,63.820675,186.89015
OUT_07530,252.32289,423.81436
OUT_07531,78.921646,197.1866
OUT_07532,274.28845,403.82626
OUT_07533,232.94716,363.2434
OUT_07534,59.689777,185.02115
OUT_07535,246.235,404.94858
OUT_07536,898.58203,1095.4175
OUT_07537,70.63786,195.98682
OUT_07538,96.89241,202.90778
OUT_07539,254.98988,385.86053
OUT_07540,63.03645,188.52126
OUT_07541,41.054897,149.22658
OUT_07542,73.4505,201.94434
OUT_07543,92.40077,207.90999
OUT_07544,60.95238,182.8899
OUT_07545,263.8604,435.1679
OUT_07546,1888.1357,2131.237
OUT_07547,224.17628,385.7454
OUT_07548,70.109436,199.1386
OUT_07549,60.516598,188.44926
OUT_07550,80.91496,199.61385
OUT_07551,69.53113,199.17033
OUT_07552,256.5417,425.51215
OUT_07553,1677.0574,2081.7485
OUT_07554,53.42986,180.67245
OUT_07555,74.444595,201.15503
OUT_07556,74.24426,199.05795
OUT_07557,914.5542,1176.2844
OUT_07558,42.66094,163.69513
OUT_07559,64.433624,190.04108
OUT_07560,62.31638,180.36331
OUT_07561,278.00153,408.20926
OUT_07562,45.490864,178.0704
OUT_07563,239.2032,408.40497
OUT_07564,80.96623,205.17929
OUT_07565,81.24339,206.62277
OUT_07566,79.89191,202.97063
OUT_07567,79.24043,205.07864
OUT_07568,88.752,201.74191
OUT_07569,75.30611,196.27577
OUT_07570,79.46838,203.0637
OUT_07571,256.89758,403.87015
OUT_07572,87.79826,193.8908
OUT_07573,63.017406,183.4343
OUT_07574,919.05707,1162.0171
OUT_07575,60.368473,193.06435
OUT_07576,271.07208,404.01175
OUT_07577,78.55795,194.85014
OUT_07578,891.0355,1191.8939
OUT_07579,65.34599,195.81876
OUT_07580,85.58157,207.10278
OUT_07581,890.5704,1125.3325
OUT_07582,57.38032,184.37184
OUT_07583,83.45111,242.61546
OUT_07584,66.53433,191.18425
OUT_07585,73.335144,193.99681
OUT_07586,214.32521,386.93988
OUT_07587,871.1256,1153.4197
OUT_07588,71.72351,213.3722
OUT_07589,76.43706,201.07227
OUT_07590,885.5091,1121.1088
OUT_07591,915.7906,1163.5406
OUT_07592,79.22571,195.91663
OUT_07593,282.5896,419.08978
OUT_07594,58.097446,197.95221
OUT_07595,37.19041,152.0655
OUT_07596,67.08865,196.98338
OUT_07597,71.02945,198.2406
OUT_07598,297.77686,411.97498
OUT_07599,61.77499,188.9414
OUT_07600,919.1121,1269.5894
OUT_07601,93.66756,203.22295
OUT_07602,77.78555,205.60045
OUT_07603,75.18277,198.8396
OUT_07604,1890.7524,2143.329
OUT_07605,891.3846,1110.46
OUT_07606,78.65695,206.03578
OUT_07607,84.041824,194.40443
OUT_07608,67.03508,193.05443
OUT_07609,250.31398,413.85104
OUT_07610,59.216434,189.26158
OUT_07611,281.33026,426.97366
OUT_07612,73.1895,196.27943
OUT_07613,72.24045,201.28462
OUT_07614,63.59425,184.89465
OUT_07615,240.9322,403.4721
OUT_07616,71.515396,189.6076
OUT_07617,925.17706,1220.6422
OUT_07618,64.981415,196.18593
OUT_07619,289.78314,447.05164
OUT_07620,248.90224,412.85135
OUT_07621,282.31647,425.6786
OUT_07622,256.5321,435.69174
OUT_07623,67.19684,191.87794
OUT_07624,70.17192,198.95677
OUT_07625,892.46576,1072.197
OUT_07626,55.964474,168.65157
OUT_07627,893.1289,1060.2545
OUT_07628,57.815517,179.1808
OUT_07629,817.9842,1130.6501
OUT_07630,52.889698,193.43263
OUT_07631,76.08588,200.97844
OUT_07632,72.92293,205.36665
OUT_07633,913.54205,1358.2106
OUT_07634,69.97258,193.03053
OUT_07635,901.5781,1106.4646
OUT_07636,901.8827,1098.7693
OUT_07637,57.336437,180.27586
OUT_07638,260.3152,409.55563
OUT_07639,922.3036,1137.3893
OUT_07640,47.700466,168.0523
OUT_07641,226.63533,350.27383
OUT_07642,96.75572,206.30019
OUT_07643,254.05934,425.87363
OUT_07644,62.495785,202.759
OUT_07645,72.623184,202.52873
OUT_07646,263.8114,439.98032
OUT_07647,95.76778,205.31572
OUT_07648,66.953094,188.91173
OUT_07649,262.21948,403.46808
OUT_07650,244.4084,405.3438
OUT_07651,75.5206,195.32979
OUT_07652,78.14287,203.65382
OUT_07653,61.556423,189.26498
OUT_07654,242.36433,389.9848
OUT_07655,1888.3755,2132.1003
OUT_07656,58.93365,187.98048
OUT_07657,73.693054,214.59143
OUT_07658,1653.5159,2143.329
OUT_07659,253.16866,405.73163
OUT_07660,73.9158,198.66321
OUT_07661,250.56947,403.85205
OUT_07662,284.37958,432.02405
OUT_07663,53.76179,183.12508
OUT_07664,226.24318,405.62897
OUT_07665,77.545074,197.28746
OUT_07666,69.03606,194.53017
OUT_07667,281.47046,433.09598
OUT_07668,71.75862,195.40956
OUT_07669,57.22674,167.82112
OUT_07670,66.52736,191.7939
OUT_07671,895.2503,1226.1261
OUT_07672,58.104206,180.55792
OUT_07673,74.7744,200.38635
OUT_07674,887.8136,1159.9017
OUT_07675,59.894382,182.50713
OUT_07676,70.56398,194.696
OUT_07677,899.7803,1072.7603
OUT_07678,895.3023,1202.5875
OUT_07679,893.8836,1161.347
OUT_07680,68.18085,200.42664
OUT_07681,250.61122,415.23154
OUT_07682,904.87366,1110.1506
OUT_07683,53.66232,183.9436
OUT_07684,288.36206,416.41547
OUT_07685,922.23346,1149.0992
OUT_07686,84.65051,198.45992
OUT_07687,1890.7524,2160.254
OUT_07688,1553.4661,2126.3005
OUT_07689,242.8846,404.61182
OUT_07690,51.489895,178.31625
OUT_07691,73.70557,197.06903
OUT_07692,53.012585,172.5278
OUT_07693,283.18964,415.06262
OUT_07694,78.25075,202.80916
OUT_07695,74.84563,201.35074
OUT_07696,70.362854,194.85121
OUT_07697,72.43498,202.57298
OUT_07698,64.38774,188.79483
OUT_07699,74.86662,196.23033
OUT_07700,59.75546,186.589
OUT_07701,43.051212,154.65604
OUT_07702,916.6503,1129.7191
OUT_07703,1890.0103,2129.699
OUT_07704,892.44653,1213.6954
OUT_07705,242.78102,404.03802
OUT_07706,232.74635,405.18863
OUT_07707,79.7935,202.16585
OUT_07708,251.63326,411.71362
OUT_07709,233.459,404.54962
OUT_07710,67.09279,194.23595
OUT_07711,78.64351,200.78275
OUT_07712,274.74744,418.27005
OUT_07713,275.99396,437.9202
OUT_07714,200.62215,409.61255
OUT_07715,257.12146,437.53394
OUT_07716,73.07945,204.95044
OUT_07717,75.53679,201.51817
OUT_07718,237.59578,394.5546
OUT_07719,73.55394,201.47609
OUT_07720,2009.5243,2136.6187
OUT_07721,256.24744,425.5314
OUT_07722,902.98846,1085.1813
OUT_07723,67.03223,198.76413
OUT_07724,257.9264,427.95706
OUT_07725,270.8651,403.89484
OUT_07726,66.54271,195.06047
OUT_07727,79.832535,203.48468
OUT_07728,76.01512,203.65097
OUT_07729,83.446625,201.11537
OUT_07730,246.47652,403.46808
OUT_07731,78.201004,198.8466
OUT_07732,275.29346,426.68942
OUT_07733,58.49468,181.39212
OUT_07734,907.7345,1086.8713
OUT_07735,70.63846,198.64568
OUT_07736,2010.3925,2128.6467
OUT_07737,74.32594,196.04195
OUT_07738,86.63533,203.86293
OUT_07739,276.25574,407.50323
OUT_07740,237.55849,391.08115
OUT_07741,64.80084,188.34789
OUT_07742,898.751,1084.1764
OUT_07743,72.700134,192.72623
OUT_07744,80.60504,196.2327
OUT_07745,60.177837,187.12784
OUT_07746,914.21106,1143.5504
OUT_07747,262.9867,410.3278
OUT_07748,74.51622,214.7389
OUT_07749,251.42195,405.19247
OUT_07750,251.16542,388.30878
OUT_07751,79.798355,201.88553
OUT_07752,74.058624,201.00446
OUT_07753,282.3864,415.97754
OUT_07754,78.66666,226.32492
OUT_07755,285.8805,424.05826
OUT_07756,75.35159,199.00705
OUT_07757,51.1973,186.8861
OUT_07758,63.964092,188.1483
OUT_07759,81.87378,224.60168
OUT_07760,270.07623,403.60242
OUT_07761,67.946945,198.19388
OUT_07762,1514.3909,2132.6917
OUT_07763,249.82558,419.65955
OUT_07764,85.51666,197.81769
OUT_07765,921.63806,1349.0094
OUT_07766,54.98128,180.87679
OUT_07767,83.163895,204.09602
OUT_07768,61.707317,183.88142
OUT_07769,889.6357,1238.7876
OUT_07770,78.574066,207.05753
OUT_07771,221.89058,387.94608
OUT_07772,888.43176,1157.4393
OUT_07773,207.97826,335.49234
OUT_07774,245.75331,414.79333
OUT_07775,902.1932,1248.6671
OUT_07776,73.29355,195.40257
OUT_07777,87.27211,218.60835
OUT_07778,45.580364,162.08145
OUT_07779,90.57811,219.05296
OUT_07780,68.594925,199.2936
OUT_07781,312.90082,654.7582
OUT_07782,249.90675,403.85205
OUT_07783,73.01271,200.76639
OUT_07784,253.80757,426.78372
OUT_07785,256.37408,420.3919
OUT_07786,886.5382,1052.9038
OUT_07787,905.7415,1073.3569
OUT_07788,56.940052,178.05576
OUT_07789,74.35362,197.55159
OUT_07790,274.2793,404.8224
OUT_07791,887.9939,1128.7571
OUT_07792,892.9959,1132.8116
OUT_07793,893.74396,1110.2784
OUT_07794,63.318134,187.39262
OUT_07795,898.1256,1122.6824
OUT_07796,1574.6311,2134.6296
OUT_07797,65.39725,201.65024
OUT_07798,247.93202,406.24738
OUT_07799,63.21307,192.58592
OUT_07800,62.168667,190.43706
OUT_07801,904.18866,1095.5319
OUT_07802,66.42732,187.31633
OUT_07803,70.180984,193.35428
OUT_07804,70.74243,194.43684
OUT_07805,60.396328,173.7515
OUT_07806,283.22308,426.84045
OUT_07807,71.47734,199.3265
OUT_07808,74.45262,193.23112
OUT_07809,243.27315,404.32678
OUT_07810,1886.2158,2137.9595
OUT_07811,70.77025,191.37135
OUT_07812,72.388336,197.92761
OUT_07813,61.638348,196.46094
OUT_07814,67.403305,189.41475
OUT_07815,1888.3372,2128.4524
OUT_07816,77.81702,201.44559
OUT_07817,895.7467,1230.2429
OUT_07818,57.163372,178.41626
OUT_07819,259.01447,404.08032
OUT_07820,84.10361,203.14238
OUT_07821,47.820103,169.59337
OUT_07822,68.220856,200.19026
OUT_07823,911.53827,1085.8368
OUT_07824,68.09984,197.29529
OUT_07825,243.32875,403.4721
OUT_07826,65.33255,196.47496
OUT_07827,259.9497,436.53055
OUT_07828,55.645,180.28748
OUT_07829,63.76433,193.2809
OUT_07830,908.7209,1166.3035
OUT_07831,265.5667,407.54706
OUT_07832,909.284,1096.8506
OUT_07833,226.35475,391.34158
OUT_07834,283.7887,415.17697
OUT_07835,77.39905,213.87134
OUT_07836,251.78468,409.36697
OUT_07837,2011.453,2137.9595
OUT_07838,279.6375,417.32043
OUT_07839,73.70265,199.72105
OUT_07840,260.67682,404.54962
OUT_07841,65.700745,190.04185
OUT_07842,65.1259,187.05565
OUT_07843,73.796524,193.84471
OUT_07844,82.524124,205.38002
OUT_07845,892.0915,1172.7323
OUT_07846,272.42224,408.33954
OUT_07847,237.48994,407.96533
OUT_07848,79.12547,201.5015
OUT_07849,73.14195,198.14569
OUT_07850,64.38147,192.77267
OUT_07851,72.0943,193.73973
OUT_07852,66.27342,197.37788
OUT_07853,57.1004,194.3002
OUT_07854,74.10361,200.04625
OUT_07855,260.0982,433.9939
OUT_07856,275.0786,412.78494
OUT_07857,250.69344,421.38828
OUT_07858,917.0607,1111.7408
OUT_07859,905.56506,1200.521
OUT_07860,253.11134,424.5875
OUT_07861,281.58862,413.5936
OUT_07862,59.11433,184.97707
OUT_07863,221.68007,416.52997
OUT_07864,246.74074,404.6425
OUT_07865,45.42291,168.7538
OUT_07866,80.64844,203.13197
OUT_07867,902.42236,1121.5591
OUT_07868,60.09933,190.3283
OUT_07869,257.71622,403.31082
OUT_07870,251.69344,401.83594
OUT_07871,71.98599,197.30705
OUT_07872,50.44421,172.01508
OUT_07873,66.76488,199.11801
OUT_07874,81.340576,195.49133
OUT_07875,900.4814,1066.6128
OUT_07876,2018.2811,2137.9595
OUT_07877,1887.0562,2137.9595
OUT_07878,77.69464,196.30049
OUT_07879,895.04987,1160.1423
OUT_07880,1644.4736,2155.1428
OUT_07881,67.44475,196.4013
OUT_07882,64.58742,188.176
OUT_07883,911.4605,1111.8925
OUT_07884,235.65858,403.21756
OUT_07885,66.62506,195.00531
OUT_07886,281.1571,417.0457
OUT_07887,68.50458,197.50569
OUT_07888,276.26746,409.94693
OUT_07889,71.523865,195.51111
OUT_07890,59.67835,186.9355
OUT_07891,73.36717,199.2091
OUT_07892,77.60565,198.82896
OUT_07893,894.2685,1119.8887
OUT_07894,66.04813,199.3167
OUT_07895,49.22746,175.29588
OUT_07896,2010.7318,2137.9595
OUT_07897,917.0948,1246.979
OUT_07898,242.47542,391.49792
OUT_07899,286.58374,457.181
OUT_07900,92.958786,211.46715
OUT_07901,878.57153,1101.2899
OUT_07902,78.92151,206.93448
OUT_07903,71.23784,199.93639
OUT_07904,67.179276,193.68317
OUT_07905,66.49365,195.96222
OUT_07906,78.37491,199.40349
OUT_07907,58.95512,182.7191
OUT_07908,898.1142,1261.4845
OUT_07909,246.316,408.62213
OUT_07910,247.21736,408.62213
OUT_07911,891.6264,1097.6676
OUT_07912,90.18651,217.46507
OUT_07913,78.13577,195.94308
OUT_07914,67.80516,191.72398
OUT_07915,283.80084,416.44904
OUT_07916,1889.3657,2135.8591
OUT_07917,72.7399,199.86546
OUT_07918,74.18956,197.26727
OUT_07919,69.64642,201.87675
OUT_07920,263.46222,403.2821
OUT_07921,62.68903,184.87466
OUT_07922,52.995213,157.85773
OUT_07923,1888.8035,2131.7615
OUT_07924,895.8543,1073.4312
OUT_07925,1553.1426,2129.3582
OUT_07926,79.101654,193.02975
OUT_07927,72.3134,196.06993
OUT_07928,63.731533,190.28421
OUT_07929,61.054554,188.94568
OUT_07930,892.7611,1058.1301
OUT_07931,63.117397,187.84534
OUT_07932,260.77795,404.1891
OUT_07933,69.72121,189.10712
OUT_07934,65.23465,199.27626
OUT_07935,919.69025,1154.7375
OUT_07936,73.493805,196.12627
OUT_07937,80.40877,200.52432
OUT_07938,887.0705,1173.7
OUT_07939,247.8965,411.61795
OUT_07940,72.24402,195.91563
OUT_07941,254.19618,413.2497
OUT_07942,72.49283,194.48491
OUT_07943,225.52321,416.50677
OUT_07944,69.83937,196.24672
OUT_07945,278.0824,410.55255
OUT_07946,60.456577,181.02078
OUT_07947,233.63503,410.936
OUT_07948,241.55849,398.19815
OUT_07949,905.01965,1178.6376
OUT_07950,83.32349,215.69026
OUT_07951,69.49243,195.70499
OUT_07952,71.363785,198.3682
OUT_07953,60.30997,191.63843
OUT_07954,270.85345,404.7356
OUT_07955,261.73657,391.47137
OUT_07956,192.48842,333.68542
OUT_07957,250.44899,425.34186
OUT_07958,72.677765,198.82051
OUT_07959,84.4857,203.18736
OUT_07960,70.87479,203.28314
OUT_07961,74.91411,200.79503
OUT_07962,272.79065,404.7356
OUT_07963,71.31123,200.12622
OUT_07964,49.863132,175.08961
OUT_07965,241.51369,406.7615
OUT_07966,250.46846,397.28162
OUT_07967,887.48804,1203.829
OUT_07968,75.2663,194.14838
OUT_07969,253.75423,411.27057
OUT_07970,882.01697,1165.4568
OUT_07971,898.7804,1078.5215
OUT_07972,242.6863,404.1891
OUT_07973,80.19032,213.24203
OUT_07974,227.21083,391.34158
OUT_07975,82.68733,200.91481
OUT_07976,76.45245,198.60324
OUT_07977,53.289318,179.52669
OUT_07978,255.09798,424.53558
OUT_07979,68.69516,197.76492
OUT_07980,1644.3511,2153.4246
OUT_07981,69.90912,192.92453
OUT_07982,86.81084,205.7134
OUT_07983,73.20033,194.04507
OUT_07984,60.371746,181.55103
OUT_07985,889.07886,1241.9968
OUT_07986,70.08588,193.36334
OUT_07987,77.12802,198.34233
OUT_07988,81.3752,199.83878
OUT_07989,68.985886,206.60406
OUT_07990,89.60518,203.95988
OUT_07991,902.7371,1303.7247
OUT_07992,83.84384,198.26782
OUT_07993,931.98035,1223.1294
OUT_07994,51.40742,172.0187
OUT_07995,62.813633,184.7481
OUT_07996,60.32317,184.10439
OUT_07997,281.2453,415.43292
OUT_07998,72.13855,196.405
OUT_07999,77.815735,203.8489
OUT_08000,66.795044,203.25371
OUT_08001,899.8504,1240.7009
OUT_08002,247.51778,413.46265
OUT_08003,82.70009,200.25655
OUT_08004,69.48883,194.28317
OUT_08005,70.201706,200.19275
OUT_08006,63.57564,194.03021
OUT_08007,64.91345,192.72482
OUT_08008,254.43764,424.06644
OUT_08009,60.766582,189.06195
OUT_08010,229.4886,386.65472
OUT_08011,82.32251,203.06693
OUT_08012,79.3817,213.46117
OUT_08013,215.27846,408.0142
OUT_08014,256.9433,415.335
OUT_08015,899.9454,1211.3882
OUT_08016,75.32062,187.04817
OUT_08017,80.427826,217.48285
OUT_08018,66.13313,196.11256
OUT_08019,240.13246,411.51294
OUT_08020,62.23283,196.34656
OUT_08021,24.028095,166.0313
OUT_08022,248.58064,392.96188
OUT_08023,220.14705,329.32248
OUT_08024,68.25519,195.28842
OUT_08025,885.66406,1171.0033
OUT_08026,274.41266,431.30615
OUT_08027,85.09059,200.66309
OUT_08028,58.27075,186.38895
OUT_08029,909.0811,1365.2489
OUT_08030,904.83966,1160.5029
OUT_08031,87.616165,207.14807
OUT_08032,1521.6355,2158.5332
OUT_08033,1617.8167,2190.062
OUT_08034,73.88803,199.11133
OUT_08035,272.7708,404.7356
OUT_08036,69.56903,198.32619
OUT_08037,913.1429,1127.9276
OUT_08038,278.1402,403.46808
OUT_08039,931.4498,1250.8013
OUT_08040,69.86017,197.09792
OUT_08041,898.4715,1115.974
OUT_08042,245.0555,404.1891
OUT_08043,87.13356,202.63898
OUT_08044,75.2325,199.65932
OUT_08045,916.88074,1090.7065
OUT_08046,59.062344,185.8252
OUT_08047,2010.9042,2140.7288
OUT_08048,82.2451,209.08914
OUT_08049,80.54962,203.04825
OUT_08050,887.73065,1048.4686
OUT_08051,96.95775,203.67241
OUT_08052,286.3429,438.0144
OUT_08053,61.33784,193.62973
OUT_08054,69.48656,193.87668
OUT_08055,906.6913,1110.9983
OUT_08056,70.08946,202.35616
OUT_08057,217.56227,333.05984
OUT_08058,246.13838,412.10513
OUT_08059,895.43994,1174.1287
OUT_08060,70.35083,190.16199
OUT_08061,78.110275,201.32846
OUT_08062,904.9213,1091.523
OUT_08063,255.08186,397.8792
OUT_08064,58.872906,181.30583
OUT_08065,280.27618,431.85406
OUT_08066,924.4067,1140.2656
OUT_08067,906.8214,1096.9006
OUT_08068,57.438717,190.56732
OUT_08069,252.56636,418.83398
OUT_08070,216.67824,404.01175
OUT_08071,62.781414,190.16855
OUT_08072,238.99873,387.94608
OUT_08073,74.81569,196.80115
OUT_08074,73.17549,201.61221
OUT_08075,250.39845,406.29095
OUT_08076,235.58015,403.46808
OUT_08077,88.22731,207.55086
OUT_08078,242.75557,405.44293
OUT_08079,2010.7318,2140.4392
OUT_08080,276.9018,414.12524
OUT_08081,78.031235,201.4067
OUT_08082,216.41267,344.32858
OUT_08083,902.0922,1231.8856
OUT_08084,64.606094,188.23642
OUT_08085,73.26253,199.01138
OUT_08086,65.31488,210.99309
OUT_08087,59.980648,183.15149
OUT_08088,219.86745,384.52847
OUT_08089,74.44203,201.67017
OUT_08090,924.3581,1133.6073
OUT_08091,286.03192,418.98752
OUT_08092,75.69998,203.09956
OUT_08093,258.05878,404.0763
OUT_08094,69.526886,195.22232
OUT_08095,75.63568,200.76816
OUT_08096,79.89319,201.42169
OUT_08097,895.8645,1202.154
OUT_08098,296.9436,717.7221
OUT_08099,878.4932,1025.5164
OUT_08100,1666.8452,2133.8618
OUT_08101,82.34543,203.31284
OUT_08102,274.1181,416.58945
OUT_08103,70.14899,195.39139
OUT_08104,70.55968,194.15045
OUT_08105,235.98793,438.29202
OUT_08106,86.15886,207.00484
OUT_08107,267.6643,403.40353
OUT_08108,70.793045,201.03214
OUT_08109,1902.4939,2135.8176
OUT_08110,71.43204,196.6872
OUT_08111,231.96779,404.33447
OUT_08112,880.0267,1069.7512
OUT_08113,70.07254,199.52794
OUT_08114,888.0217,1213.6345
OUT_08115,77.84973,206.45235
OUT_08116,232.54488,384.78302
OUT_08117,69.7852,195.37433
OUT_08118,899.4935,1096.9869
OUT_08119,82.826965,219.96033
OUT_08120,885.71704,1178.5306
OUT_08121,61.692852,194.32074
OUT_08122,53.263332,181.36557
OUT_08123,246.2499,419.92398
OUT_08124,68.16405,189.38885
OUT_08125,259.00122,427.8472
OUT_08126,896.504,1171.3914
OUT_08127,900.1082,1242.2683
OUT_08128,933.93365,1175.6207
OUT_08129,901.49884,1257.1185
OUT_08130,70.616165,195.81253
OUT_08131,887.78076,1064.6461
OUT_08132,70.56036,193.90924
OUT_08133,67.01398,195.52315
OUT_08134,238.44447,404.25363
OUT_08135,282.0509,414.24005
OUT_08136,64.66055,172.59286
OUT_08137,238.34767,403.6141
OUT_08138,895.46857,1414.8629
OUT_08139,225.41591,348.90988
OUT_08140,923.07227,1340.3448
OUT_08141,68.23503,195.08528
OUT_08142,76.46454,194.57759
OUT_08143,248.6462,412.16788
OUT_08144,68.39702,196.66936
OUT_08145,896.4427,1109.5353
OUT_08146,84.07347,202.51204
OUT_08147,86.63005,196.68173
OUT_08148,249.53346,411.2186
OUT_08149,42.51343,163.47032
OUT_08150,76.93155,201.91585
OUT_08151,246.13197,407.85187
OUT_08152,54.138226,183.70992
OUT_08153,273.71136,403.46808
OUT_08154,224.83858,404.54962
OUT_08155,67.0497,193.8214
OUT_08156,94.71684,228.36526
OUT_08157,79.45378,200.97081
OUT_08158,913.325,1090.6906
OUT_08159,1617.9219,2163.9473
OUT_08160,896.56067,1091.74
OUT_08161,71.80252,196.80022
OUT_08162,71.30463,200.72229
OUT_08163,68.852036,194.88936
OUT_08164,71.16127,202.36836
OUT_08165,250.56465,408.46942
OUT_08166,75.93025,196.1889
OUT_08167,285.15228,431.11298
OUT_08168,42.4064,162.93837
OUT_08169,69.93208,196.3378
OUT_08170,80.82106,205.19493
OUT_08171,61.147923,182.90448
OUT_08172,235.11696,411.9042
OUT_08173,251.55782,414.92566
OUT_08174,67.073166,196.54985
OUT_08175,911.208,1325.6653
OUT_08176,49.915844,193.73479
OUT_08177,924.2349,1454.5491
OUT_08178,279.15167,414.2364
OUT_08179,893.40625,1118.8018
OUT_08180,66.136734,192.52711
OUT_08181,224.53706,418.9699
OUT_08182,244.57674,421.55792
OUT_08183,82.556076,207.9576
OUT_08184,70.13608,197.25014
OUT_08185,66.87677,191.34619
OUT_08186,890.4802,1153.4722
OUT_08187,896.7743,1146.248
OUT_08188,282.737,421.102
OUT_08189,67.7482,175.41525
OUT_08190,253.13008,416.66226
OUT_08191,58.16277,177.78746
OUT_08192,245.02272,406.63516
OUT_08193,75.634125,199.70003
OUT_08194,61.084538,186.23154
OUT_08195,927.0762,1338.662
OUT_08196,220.06728,353.7134
OUT_08197,57.56634,176.46709
OUT_08198,284.41132,417.12173
OUT_08199,228.16774,384.59302
OUT_08200,66.48456,196.1221
OUT_08201,914.52075,1144.4265
OUT_08202,68.48953,188.04918
OUT_08203,62.78635,195.72795
OUT_08204,81.87033,200.05167
OUT_08205,45.364635,171.92375
OUT_08206,901.4052,1113.568
OUT_08207,67.76471,197.35916
OUT_08208,229.28035,362.7544
OUT_08209,267.43237,403.40353
OUT_08210,71.596634,199.73227
OUT_08211,78.518845,202.71765
OUT_08212,79.8553,195.98029
OUT_08213,71.49831,196.62213
OUT_08214,50.69469,176.10033
OUT_08215,262.12067,427.33478
OUT_08216,904.8945,1131.5867
OUT_08217,889.5788,1160.9951
OUT_08218,1538.3457,2151.9607
OUT_08219,235.19118,406.07742
OUT_08220,68.9126,194.03789
OUT_08221,895.8789,1086.3738
OUT_08222,886.35236,1232.3589
OUT_08223,83.366,205.07582
OUT_08224,79.76149,214.86284
OUT_08225,897.01434,1084.1805
OUT_08226,924.81287,1380.3324
OUT_08227,898.1066,1055.4419
OUT_08228,910.4555,1359.7264
OUT_08229,83.60918,202.06439
OUT_08230,273.9842,415.48825
OUT_08231,922.6263,1372.3005
OUT_08232,66.72368,197.56186
OUT_08233,896.91943,1091.6709
OUT_08234,903.52167,1126.4653
OUT_08235,67.68083,204.24776
OUT_08236,76.551956,199.84697
OUT_08237,890.8279,1129.812
OUT_08238,255.5179,423.346
OUT_08239,284.18127,425.61453
OUT_08240,71.69473,195.26306
OUT_08241,900.767,1070.08
OUT_08242,81.3754,203.3941
OUT_08243,887.38245,1063.373
OUT_08244,63.82954,185.20094
OUT_08245,80.008194,205.40779
OUT_08246,70.91724,199.34818
OUT_08247,253.27357,423.6437
OUT_08248,67.99086,198.4835
OUT_08249,71.63129,194.15826
OUT_08250,71.21005,196.06918
OUT_08251,249.76033,404.6465
OUT_08252,62.230526,187.6496
OUT_08253,55.247143,179.34866
OUT_08254,278.8056,411.2342
OUT_08255,296.37463,612.9234
OUT_08256,64.60564,182.23798
OUT_08257,254.6158,367.2458
OUT_08258,250.9247,411.22565
OUT_08259,225.50166,405.43115
OUT_08260,866.8487,1116.2194
OUT_08261,920.31494,1230.7777
OUT_08262,266.92035,414.9616
OUT_08263,71.94829,200.12117
OUT_08264,253.90553,421.53882
OUT_08265,56.306194,185.47948
OUT_08266,56.50588,191.85297
OUT_08267,253.97725,427.00198
OUT_08268,66.371414,193.07484
OUT_08269,69.20599,194.60172
OUT_08270,267.9345,404.7356
OUT_08271,911.51,1174.5513
OUT_08272,287.3969,425.5752
OUT_08273,920.9061,1197.126
OUT_08274,57.100803,175.29172
OUT_08275,891.7035,1149.1604
OUT_08276,74.64961,189.44312
OUT_08277,234.75587,406.94107
OUT_08278,1875.6692,2126.718
OUT_08279,288.79327,428.6843
OUT_08280,931.5291,1227.3666
OUT_08281,885.9455,1069.5355
OUT_08282,57.35628,183.29137
OUT_08283,68.836105,192.368
OUT_08284,69.60144,202.43018
OUT_08285,65.072495,197.82506
OUT_08286,259.28467,426.48477
OUT_08287,265.78442,405.27078
OUT_08288,273.8205,403.46808
OUT_08289,70.64763,200.22409
OUT_08290,69.10281,200.8105
OUT_08291,78.53447,199.678
OUT_08292,897.9453,1117.6912
OUT_08293,61.729877,188.89134
OUT_08294,242.64821,429.41656
OUT_08295,60.048298,189.64778
OUT_08296,1890.2771,2133.1174
OUT_08297,68.5867,191.57344
OUT_08298,1886.3677,2130.9993
OUT_08299,64.7009,193.81499
OUT_08300,268.85712,418.71545
OUT_08301,52.007824,179.17314
OUT_08302,73.78116,197.90102
OUT_08303,273.85358,420.84723
OUT_08304,1889.0938,2134.59
OUT_08305,898.9447,1182.8009
OUT_08306,72.31589,195.83954
OUT_08307,924.1876,1246.4005
OUT_08308,258.24146,425.42178
OUT_08309,248.32973,410.00662
OUT_08310,273.02173,413.46777
OUT_08311,90.729965,223.94672
OUT_08312,60.612423,182.28462
OUT_08313,907.15485,1078.413
OUT_08314,79.62706,202.5001
OUT_08315,68.9626,191.6422
OUT_08316,71.31796,198.3028
OUT_08317,81.356125,200.8188
OUT_08318,73.78203,198.6593
OUT_08319,251.7209,415.4674
OUT_08320,268.78918,405.52246
OUT_08321,253.1197,411.22565
OUT_08322,74.47565,197.8949
OUT_08323,249.35164,424.90063
OUT_08324,65.11365,188.23538
OUT_08325,262.25946,393.78256
OUT_08326,249.91011,417.80487
OUT_08327,900.5162,1248.6671
OUT_08328,251.04146,408.20926
OUT_08329,266.00613,388.70108
OUT_08330,895.52496,1081.2797
OUT_08331,897.81915,1123.3198
OUT_08332,915.76935,1130.3505
OUT_08333,61.356327,190.66772
OUT_08334,89.02898,200.55667
OUT_08335,228.30708,338.30975
OUT_08336,74.88899,196.43036
OUT_08337,63.351887,186.48447
OUT_08338,286.57257,426.03726
OUT_08339,70.99606,192.1739
OUT_08340,245.44582,404.25766
OUT_08341,72.069275,203.35693
OUT_08342,276.5077,394.24716
OUT_08343,73.98183,196.56694
OUT_08344,67.70534,191.05023
OUT_08345,45.76971,179.0989
OUT_08346,293.3797,431.82697
OUT_08347,884.33514,1040.5598
OUT_08348,891.6204,1181.0703
OUT_08349,49.964657,155.88092
OUT_08350,75.15588,200.96913
OUT_08351,241.75233,431.3851
OUT_08352,77.14441,204.87784
OUT_08353,74.54942,199.13971
OUT_08354,80.79364,218.97469
OUT_08355,895.6439,1205.5726
OUT_08356,255.4363,435.47076
OUT_08357,218.17213,388.02945
OUT_08358,274.1667,408.20926
OUT_08359,80.19945,200.09294
OUT_08360,912.5836,1122.2666
OUT_08361,275.12378,412.09796
OUT_08362,914.63696,1291.0944
OUT_08363,68.45291,192.5356
OUT_08364,70.04599,194.13957
OUT_08365,61.03313,193.18512
OUT_08366,73.680145,199.61807
OUT_08367,46.678455,166.49146
OUT_08368,38.928646,148.87347
OUT_08369,80.99545,204.23569
OUT_08370,66.83205,198.51619
OUT_08371,258.3598,428.26157
OUT_08372,61.319668,189.472
OUT_08373,64.10846,191.73772
OUT_08374,65.74817,190.78412
OUT_08375,71.25314,199.07716
OUT_08376,65.89188,194.04457
OUT_08377,224.30971,410.559
OUT_08378,254.1822,412.1785
OUT_08379,66.59422,199.36372
OUT_08380,278.45282,410.15958
OUT_08381,74.25841,197.05342
OUT_08382,884.97723,1144.0076
OUT_08383,68.14523,205.25255
OUT_08384,59.329273,178.96222
OUT_08385,82.70151,202.35435
OUT_08386,238.60396,412.78494
OUT_08387,272.69586,411.27066
OUT_08388,208.39113,408.46344
OUT_08389,82.57526,199.4121
OUT_08390,249.85023,428.6843
OUT_08391,64.571884,201.81554
OUT_08392,64.17558,192.69714
OUT_08393,59.9361,192.0211
OUT_08394,71.279465,201.4054
OUT_08395,60.868023,188.186
OUT_08396,240.3727,403.21756
OUT_08397,55.128345,186.2587
OUT_08398,248.60622,413.24863
OUT_08399,71.4373,198.63109
OUT_08400,893.8474,1188.9341
OUT_08401,77.89041,202.98328
OUT_08402,1901.718,2177.933
OUT_08403,67.07028,195.79765
OUT_08404,59.206867,181.87907
OUT_08405,80.06242,190.4537
OUT_08406,273.76263,409.45587
OUT_08407,83.76726,189.86081
OUT_08408,897.85364,1199.7538
OUT_08409,67.72345,199.90555
OUT_08410,62.087627,190.4307
OUT_08411,260.22253,430.181
OUT_08412,64.87784,189.66682
OUT_08413,280.56354,411.8839
OUT_08414,250.18123,412.9417
OUT_08415,72.64415,194.97606
OUT_08416,42.122402,152.22536
OUT_08417,66.680984,218.54086
OUT_08418,84.087845,189.40857
OUT_08419,76.81404,201.89615
OUT_08420,71.38541,187.55069
OUT_08421,243.1769,411.73563
OUT_08422,287.93018,413.8295
OUT_08423,71.59895,198.59499
OUT_08424,58.083263,189.19194
OUT_08425,54.164486,180.53
OUT_08426,72.53644,197.19328
OUT_08427,842.24774,1244.6328
OUT_08428,86.28377,202.27396
OUT_08429,116.09355,301.59256
OUT_08430,77.42381,199.67818
OUT_08431,73.76883,192.61777
OUT_08432,1585.2944,2203.9272
OUT_08433,73.254135,195.78987
OUT_08434,41.65344,174.6198
OUT_08435,51.47568,188.99237
OUT_08436,252.90242,425.73114
OUT_08437,896.65674,1240.2195
OUT_08438,891.35815,1179.1628
OUT_08439,73.79007,193.54886
OUT_08440,70.097,196.81909
OUT_08441,66.79161,191.31737
OUT_08442,1888.1584,2143.329
OUT_08443,273.05026,431.30615
OUT_08444,248.9197,407.62387
OUT_08445,75.75038,201.12465
OUT_08446,279.00134,430.3917
OUT_08447,67.23859,195.87767
OUT_08448,249.83284,408.54166
OUT_08449,882.7973,1139.793
OUT_08450,72.10985,196.53206
OUT_08451,281.39575,426.69266
OUT_08452,1523.446,2148.4783
OUT_08453,70.19748,199.22862
OUT_08454,66.09311,191.91925
OUT_08455,920.4333,1136.0383
OUT_08456,59.24764,183.10034
OUT_08457,888.66974,1068.3612
OUT_08458,927.61615,1058.34
OUT_08459,265.80603,393.47467
OUT_08460,70.95232,203.31427
OUT_08461,257.84155,394.76517
OUT_08462,77.68829,198.80345
OUT_08463,273.04913,404.57794
OUT_08464,895.6881,1114.1342
OUT_08465,263.6725,404.01175
OUT_08466,283.6787,425.8861
OUT_08467,68.28697,196.83804
OUT_08468,251.82558,428.1901
OUT_08469,238.756,411.62708
OUT_08470,252.67213,409.23975
OUT_08471,56.44279,187.12904
OUT_08472,253.99971,444.89108
OUT_08473,271.208,406.7615
OUT_08474,909.8004,1277.9495
OUT_08475,69.46889,195.18591
OUT_08476,93.937546,202.23254
OUT_08477,902.04004,1077.1488
OUT_08478,56.53622,182.50967
OUT_08479,190.96199,333.57864
OUT_08480,207.71046,403.21756
OUT_08481,61.215137,185.90623
OUT_08482,246.05092,404.7356
OUT_08483,75.41786,202.39835
OUT_08484,921.7381,1411.2617
OUT_08485,928.1768,1409.7961
OUT_08486,69.959946,195.48901
OUT_08487,67.802826,196.82013
OUT_08488,71.72429,196.6226
OUT_08489,923.692,1144.0492
OUT_08490,285.9181,424.72662
OUT_08491,253.92531,403.21756
OUT_08492,273.14838,414.81927
OUT_08493,895.0797,1293.959
OUT_08494,74.76051,200.81259
OUT_08495,66.05121,196.06807
OUT_08496,922.81476,1231.6277
OUT_08497,80.72987,205.1448
OUT_08498,71.81119,200.18785
OUT_08499,78.46007,195.58736
OUT_08500,65.086975,191.62497
OUT_08501,94.90001,212.50494
OUT_08502,894.4322,1185.478
OUT_08503,72.153915,190.76509
OUT_08504,277.87616,411.94064
OUT_08505,69.06271,195.36124
OUT_08506,861.4952,1095.9832
OUT_08507,73.04404,202.81989
OUT_08508,256.71637,423.55038
OUT_08509,68.54973,192.56622
OUT_08510,63.770695,193.79698
OUT_08511,43.16386,158.06775
OUT_08512,898.925,1086.975
OUT_08513,84.59239,197.5006
OUT_08514,69.32451,193.70422
OUT_08515,255.00606,427.9645
OUT_08516,72.448074,198.79526
OUT_08517,896.3869,1095.5017
OUT_08518,247.42714,404.25363
OUT_08519,69.40129,201.1859
OUT_08520,83.17201,220.44441
OUT_08521,83.72208,203.93805
OUT_08522,74.04027,203.43034
OUT_08523,275.81964,404.39966
OUT_08524,253.48317,419.36234
OUT_08525,254.14491,413.93765
OUT_08526,1673.9209,2148.7078
OUT_08527,90.36998,205.6931
OUT_08528,68.17377,193.69926
OUT_08529,71.10852,202.21915
OUT_08530,274.50592,428.74747
OUT_08531,59.646618,187.76727
OUT_08532,258.0091,387.07745
OUT_08533,57.347378,181.33105
OUT_08534,62.622272,189.69263
OUT_08535,68.819534,199.72038
OUT_08536,81.14171,193.68869
OUT_08537,883.6462,1188.8436
OUT_08538,42.178036,153.57617
OUT_08539,286.13226,433.15396
OUT_08540,894.61127,1066.775
OUT_08541,251.52321,414.24005
OUT_08542,66.019485,191.22894
OUT_08543,283.39374,434.10623
OUT_08544,884.0451,1108.3333
OUT_08545,77.44563,195.25453
OUT_08546,45.583073,157.11021
OUT_08547,69.40456,227.12257
OUT_08548,57.081112,182.3399
OUT_08549,1885.7173,2130.3928
OUT_08550,917.1644,1315.7726
OUT_08551,74.63864,202.39433
OUT_08552,896.7255,1140.8641
OUT_08553,247.57057,395.12146
OUT_08554,65.09268,194.29558
OUT_08555,898.2953,1075.6442
OUT_08556,273.81055,422.86414
OUT_08557,68.160736,195.33875
OUT_08558,77.154465,198.77911
OUT_08559,884.46246,1077.9888
OUT_08560,267.06885,404.97235
OUT_08561,252.78688,393.4755
OUT_08562,61.29964,190.1884
OUT_08563,283.86847,420.7783
OUT_08564,900.1148,1068.8286
OUT_08565,920.00226,1094.2656
OUT_08566,275.5246,427.5932
OUT_08567,66.38274,176.11514
OUT_08568,896.61926,1170.6226
OUT_08569,73.314255,202.50183
OUT_08570,68.47737,195.77765
OUT_08571,85.32823,201.15707
OUT_08572,69.550156,196.3138
OUT_08573,281.24854,423.0619
OUT_08574,247.13759,415.7619
OUT_08575,263.3371,412.34192
OUT_08576,70.44429,195.64804
OUT_08577,205.05406,332.28317
OUT_08578,294.60385,698.0316
OUT_08579,71.393036,198.82211
OUT_08580,71.73605,199.33612
OUT_08581,237.57805,367.03784
OUT_08582,253.1772,411.44022
OUT_08583,1898.3723,2142.7356
OUT_08584,75.834656,198.29161
OUT_08585,57.433437,186.79837
OUT_08586,80.834885,199.12094
OUT_08587,78.648636,197.36964
OUT_08588,280.36835,412.30505
OUT_08589,75.32938,201.19484
OUT_08590,277.29578,408.81265
OUT_08591,64.23926,191.18663
OUT_08592,261.72052,418.06168
OUT_08593,80.852554,203.53267
OUT_08594,79.82956,195.87045
OUT_08595,266.40222,404.08032
OUT_08596,247.67903,420.4558
OUT_08597,39.393185,152.10239
OUT_08598,72.366135,197.60219
OUT_08599,73.79747,200.92119
OUT_08600,68.880325,192.10512
OUT_08601,69.5827,198.00516
OUT_08602,308.23132,757.19604
OUT_08603,896.63055,1072.7838
OUT_08604,47.34741,172.26376
OUT_08605,72.17966,196.9232
OUT_08606,903.5616,1088.6017
OUT_08607,87.01326,206.96393
OUT_08608,248.83852,412.1199
OUT_08609,70.52121,194.70297
OUT_08610,58.236355,196.7727
OUT_08611,240.15565,391.14084
OUT_08612,78.36714,199.96733
OUT_08613,276.35248,409.95505
OUT_08614,921.64813,1424.2985
OUT_08615,82.50612,221.97379
OUT_08616,67.05499,194.70122
OUT_08617,78.4276,198.95718
OUT_08618,283.90488,634.3104
OUT_08619,895.77875,1278.5651
OUT_08620,68.99849,197.48653
OUT_08621,79.15706,202.18388
OUT_08622,78.54904,197.385
OUT_08623,241.39705,405.15833
OUT_08624,75.17642,200.3556
OUT_08625,1548.3364,2140.9675
OUT_08626,222.22047,337.4585
OUT_08627,56.953175,182.84251
OUT_08628,69.829636,194.12186
OUT_08629,84.18422,198.12245
OUT_08630,894.67035,1070.0634
OUT_08631,900.5236,1082.8103
OUT_08632,64.568375,195.48198
OUT_08633,70.181625,195.3164
OUT_08634,58.7316,186.42068
OUT_08635,88.178116,221.79198
OUT_08636,1551.6953,2159.874
OUT_08637,67.734665,190.34688
OUT_08638,277.72626,406.24777
OUT_08639,75.246216,200.1087
OUT_08640,282.15106,427.01605
OUT_08641,255.4045,416.39273
OUT_08642,916.9178,1129.8088
OUT_08643,243.86635,430.75778
OUT_08644,70.99898,197.68243
OUT_08645,72.00569,198.45926
OUT_08646,76.40556,197.03412
OUT_08647,1035.1531,1119.762
OUT_08648,250.98994,390.22064
OUT_08649,57.19705,185.41634
OUT_08650,276.10083,410.40573
OUT_08651,928.4659,1102.2207
OUT_08652,905.8054,1281.4795
OUT_08653,465.2025,1025.3729
OUT_08654,71.28105,197.78973
OUT_08655,265.18927,404.01175
OUT_08656,229.51106,392.7638
OUT_08657,267.50116,417.67108
OUT_08658,909.50354,1265.3107
OUT_08659,59.680058,189.47682
OUT_08660,1677.862,2081.7485
OUT_08661,64.69171,191.78532
OUT_08662,65.338,194.97778
OUT_08663,71.61998,194.55765
OUT_08664,62.645466,200.66562
OUT_08665,936.7212,1334.6735
OUT_08666,1648.0676,2153.8591
OUT_08667,54.929867,172.92278
OUT_08668,74.71478,202.7006
OUT_08669,70.21486,195.00098
OUT_08670,915.53033,1103.8816
OUT_08671,72.3698,195.06535
OUT_08672,60.70638,186.6265
OUT_08673,898.26935,1094.4476
OUT_08674,285.8083,432.59473
OUT_08675,68.40399,196.51666
OUT_08676,2010.7318,2136.6187
OUT_08677,71.70253,193.55325
OUT_08678,72.43471,192.95163
OUT_08679,246.19466,410.15073
OUT_08680,269.48956,416.1072
OUT_08681,47.858562,170.17302
OUT_08682,896.01996,1205.3953
OUT_08683,70.65991,197.85217
OUT_08684,77.461334,199.9132
OUT_08685,81.819016,197.29669
OUT_08686,288.49127,436.3601
OUT_08687,84.8436,211.05852
OUT_08688,67.76836,205.55049
OUT_08689,51.169064,171.30914
OUT_08690,74.24861,201.84406
OUT_08691,240.43666,384.779
OUT_08692,228.14641,348.29437
OUT_08693,245.21413,411.87363
OUT_08694,282.35327,429.80447
OUT_08695,912.4195,1287.095
OUT_08696,74.19737,198.6901
OUT_08697,78.08089,202.17638
OUT_08698,253.23488,412.89294
OUT_08699,289.19092,455.6492
OUT_08700,272.6156,419.33328
OUT_08701,225.71681,406.5383
OUT_08702,280.80035,416.04727
OUT_08703,76.35385,195.16231
OUT_08704,888.12634,1151.0823
OUT_08705,235.42061,404.61182
OUT_08706,74.350235,199.19093
OUT_08707,62.06973,176.71341
OUT_08708,897.21643,1332.8539
OUT_08709,63.875362,187.52834
OUT_08710,84.92511,207.39172
OUT_08711,81.04385,195.96979
OUT_08712,68.860565,192.74184
OUT_08713,82.89041,208.20798
OUT_08714,251.16756,426.5886
OUT_08715,71.06282,201.3761
OUT_08716,923.9838,1492.247
OUT_08717,281.08252,425.4513
OUT_08718,65.24608,190.10886
OUT_08719,251.57619,448.59113
OUT_08720,70.37778,199.81456
OUT_08721,890.5814,1195.455
OUT_08722,279.95697,429.49158
OUT_08723,285.70148,433.7398
OUT_08724,72.12871,196.91536
OUT_08725,57.199947,181.8266
OUT_08726,68.02469,194.39459
OUT_08727,72.56445,197.65874
OUT_08728,277.60968,409.977
OUT_08729,83.580505,196.91321
OUT_08730,79.05792,201.5387
OUT_08731,64.91881,189.9605
OUT_08732,75.91896,201.79185
OUT_08733,62.55383,188.76653
OUT_08734,78.00752,204.54117
OUT_08735,246.51949,407.41025
OUT_08736,892.82404,1265.0059
OUT_08737,64.39963,189.16698
OUT_08738,208.45839,393.19626
OUT_08739,930.30804,1403.0063
OUT_08740,70.422424,192.917
OUT_08741,53.956463,178.36447
OUT_08742,56.4446,190.734
OUT_08743,72.40959,197.29343
OUT_08744,74.80299,197.10413
OUT_08745,214.78468,328.73425
OUT_08746,82.79802,198.50546
OUT_08747,79.08638,197.6226
OUT_08748,65.799484,193.4321
OUT_08749,244.84102,405.52115
OUT_08750,254.24721,427.85507
OUT_08751,249.93025,412.51898
OUT_08752,77.5865,204.16968
OUT_08753,898.0349,1223.1763
OUT_08754,80.16263,197.90947
OUT_08755,53.43324,184.6237
OUT_08756,887.74713,1060.8945
OUT_08757,69.44891,201.90305
OUT_08758,71.72055,193.43427
OUT_08759,916.1473,1384.8367
OUT_08760,75.40373,198.49017
OUT_08761,891.613,1102.8263
OUT_08762,77.54741,202.33281
OUT_08763,247.50716,404.1891
OUT_08764,905.5733,1104.8392
OUT_08765,71.763794,196.81424
OUT_08766,59.82526,184.04408
OUT_08767,884.265,1195.173
OUT_08768,58.84418,182.34402
OUT_08769,73.659195,197.76704
OUT_08770,246.45894,404.25363
OUT_08771,221.44139,405.44293
OUT_08772,231.65663,388.0305
OUT_08773,76.905975,201.48314
OUT_08774,56.738712,181.6236
OUT_08775,269.35828,403.40353
OUT_08776,896.12976,1063.9065
OUT_08777,75.53729,201.03381
OUT_08778,74.43164,214.53868
OUT_08779,66.12286,190.22076
OUT_08780,904.37427,1088.6863
OUT_08781,235.14418,353.9408
OUT_08782,247.67836,407.5083
OUT_08783,897.37006,1085.4512
OUT_08784,262.98468,404.33447
OUT_08785,913.4003,1325.3877
OUT_08786,75.69801,201.51625
OUT_08787,249.0005,429.33145
OUT_08788,71.14981,193.14728
OUT_08789,926.57294,1316.7073
OUT_08790,60.567814,181.4163
OUT_08791,248.41982,408.20926
OUT_08792,62.39855,192.79674
OUT_08793,66.244415,193.60933
OUT_08794,272.0946,410.42935
OUT_08795,73.348465,194.28802
OUT_08796,91.989334,219.56198
OUT_08797,84.09764,206.02187
OUT_08798,70.75995,199.32681
OUT_08799,87.6234,206.64598
OUT_08800,87.69209,198.16336
OUT_08801,247.05153,411.61795
OUT_08802,61.713696,190.55191
OUT_08803,286.01862,433.65912
OUT_08804,80.17442,196.40271
OUT_08805,1899.9631,2141.4075
OUT_08806,63.94524,174.98438
OUT_08807,275.33105,408.20456
OUT_08808,250.10884,408.78763
OUT_08809,69.98959,199.29659
OUT_08810,55.461987,181.88689
OUT_08811,77.17586,199.88768
OUT_08812,66.31189,193.09584
OUT_08813,66.198975,194.85475
OUT_08814,76.35066,201.48387
OUT_08815,880.6583,1186.4344
OUT_08816,59.53802,184.7156
OUT_08817,255.64046,442.61014
OUT_08818,278.35065,421.45627
OUT_08819,252.29182,412.7985
OUT_08820,81.14862,228.31589
OUT_08821,242.95253,405.11182
OUT_08822,244.22658,410.3278
OUT_08823,265.1098,386.0465
OUT_08824,69.40462,193.43607
OUT_08825,78.19704,197.81322
OUT_08826,893.2449,1071.4849
OUT_08827,1576.9319,2159.874
OUT_08828,68.80893,195.13885
OUT_08829,58.821407,182.77635
OUT_08830,70.692276,197.47736
OUT_08831,1632.5603,2159.874
OUT_08832,85.161575,217.56767
OUT_08833,59.083523,183.8589
OUT_08834,99.24791,242.32709
OUT_08835,2010.9843,2159.442
OUT_08836,49.100292,168.01706
OUT_08837,268.5041,423.79395
OUT_08838,280.93018,415.335
OUT_08839,64.89255,187.80437
OUT_08840,898.7911,1121.5566
OUT_08841,931.4826,1261.8569
OUT_08842,66.94055,190.64957
OUT_08843,911.53864,1363.6648
OUT_08844,251.32484,407.7453
OUT_08845,242.49666,410.9578
OUT_08846,284.06366,424.77856
OUT_08847,281.63226,427.95706
OUT_08848,281.08972,414.18494
OUT_08849,278.19006,408.20926
OUT_08850,914.7242,1136.0472
OUT_08851,88.23335,219.28386
OUT_08852,68.01482,194.5376
OUT_08853,902.38837,1104.1381
OUT_08854,74.96069,203.93413
OUT_08855,891.2496,1100.6122
OUT_08856,82.74448,205.00969
OUT_08857,251.27565,411.22565
OUT_08858,266.3849,418.41977
OUT_08859,65.111984,192.83215
OUT_08860,890.8071,1065.7955
OUT_08861,63.292896,188.03154
OUT_08862,74.30829,171.9266
OUT_08863,65.71234,195.89865
OUT_08864,69.542725,202.71434
OUT_08865,220.8976,404.33447
OUT_08866,64.17987,193.71404
OUT_08867,40.99703,168.71048
OUT_08868,75.00958,199.70787
OUT_08869,275.83197,410.66043
OUT_08870,67.21623,196.81587
OUT_08871,904.61053,1259.2006
OUT_08872,1547.115,2129.7102
OUT_08873,70.155685,192.52104
OUT_08874,72.41077,198.11858
OUT_08875,224.0945,403.6403
OUT_08876,55.598255,179.23788
OUT_08877,902.9152,1098.3628
OUT_08878,250.73006,385.3872
OUT_08879,250.79335,418.59155
OUT_08880,86.000656,221.40616
OUT_08881,65.723495,197.7468
OUT_08882,85.99779,197.24417
OUT_08883,920.3191,1187.6703
OUT_08884,884.3051,1168.0082
OUT_08885,63.49455,188.90298
OUT_08886,896.703,1115.7249
OUT_08887,252.42842,409.94693
OUT_08888,59.194935,184.7986
OUT_08889,54.871983,169.3728
OUT_08890,74.67328,198.61435
OUT_08891,903.15967,1092.9197
OUT_08892,253.47157,413.8295
OUT_08893,286.57483,438.22208
OUT_08894,82.435745,199.46808
OUT_08895,905.4365,1158.4352
OUT_08896,75.921585,206.72318
OUT_08897,263.86182,420.997
OUT_08898,896.4438,1084.7582
OUT_08899,247.95491,410.6959
OUT_08900,54.9109,172.58972
OUT_08901,72.559814,191.30803
OUT_08902,267.8426,404.01175
OUT_08903,54.632427,183.87474
OUT_08904,76.941055,198.12244
OUT_08905,63.60481,188.59286
OUT_08906,250.83052,414.2611
OUT_08907,257.77698,436.43338
OUT_08908,81.20244,200.78996
OUT_08909,75.43884,200.54414
OUT_08910,901.3037,1090.0576
OUT_08911,72.71452,198.49773
OUT_08912,249.66133,408.20926
OUT_08913,883.03186,1206.7163
OUT_08914,954.27405,1333.6853
OUT_08915,81.09248,202.21112
OUT_08916,58.517788,182.97919
OUT_08917,53.213734,189.96313
OUT_08918,242.38655,404.6425
OUT_08919,76.723465,198.88116
OUT_08920,80.188095,203.56378
OUT_08921,900.3007,1204.0983
OUT_08922,238.47469,411.07886
OUT_08923,52.728954,179.96014
OUT_08924,273.34076,415.76782
OUT_08925,911.76215,1361.4092
OUT_08926,89.17,206.73164
OUT_08927,281.58032,413.0457
OUT_08928,901.82764,1106.4646
OUT_08929,1630.8923,2152.0305
OUT_08930,77.282196,203.53368
OUT_08931,58.653805,189.15657
OUT_08932,67.65373,201.61237
OUT_08933,246.63771,423.53406
OUT_08934,253.9883,424.2577
OUT_08935,278.88257,425.36816
OUT_08936,60.51099,189.79562
OUT_08937,78.710724,205.34431
OUT_08938,904.2029,1091.6926
OUT_08939,62.469646,197.13478
OUT_08940,55.978786,186.1807
OUT_08941,82.7103,201.84613
OUT_08942,77.07349,197.68419
OUT_08943,74.88614,200.32878
OUT_08944,863.29767,1096.9075
OUT_08945,72.16693,199.3331
OUT_08946,894.13104,1064.5906
OUT_08947,906.46686,1305.5732
OUT_08948,76.233185,202.42447
OUT_08949,254.76118,432.5342
OUT_08950,276.35486,423.94495
OUT_08951,90.966354,211.97478
OUT_08952,75.21289,202.13582
OUT_08953,60.369053,180.26797
OUT_08954,63.57967,196.96347
OUT_08955,54.191517,179.0262
OUT_08956,95.7784,204.29826
OUT_08957,64.28467,190.68263
OUT_08958,900.597,1098.0952
OUT_08959,269.42767,403.89484
OUT_08960,67.107544,197.65247
OUT_08961,73.156494,200.8156
OUT_08962,71.351105,195.20125
OUT_08963,41.3542,156.61108
OUT_08964,895.97284,1140.4221
OUT_08965,906.49603,1109.1123
OUT_08966,246.02937,397.027
OUT_08967,74.522385,200.02794
OUT_08968,231.46892,352.38837
OUT_08969,900.46747,1102.7529
OUT_08970,271.61017,403.46808
OUT_08971,89.037796,222.7568
OUT_08972,64.683365,188.79279
OUT_08973,69.760056,197.77042
OUT_08974,248.46596,411.7301
OUT_08975,68.09447,192.5192
OUT_08976,83.682724,193.87988
OUT_08977,61.949215,189.79665
OUT_08978,899.8193,1361.7485
OUT_08979,901.5956,1252.5823
OUT_08980,78.77991,200.13597
OUT_08981,87.1613,200.63348
OUT_08982,64.48695,194.81
OUT_08983,255.45125,431.9713
OUT_08984,79.85863,201.11414
OUT_08985,83.23544,201.93794
OUT_08986,898.4373,1064.1898
OUT_08987,244.23238,404.1877
OUT_08988,71.71927,218.47574
OUT_08989,80.39638,201.75227
OUT_08990,69.89444,194.65579
OUT_08991,282.00824,414.09012
OUT_08992,913.97205,1315.5746
OUT_08993,37.36362,167.18353
OUT_08994,251.52467,413.5936
OUT_08995,1536.0972,2125.8965
OUT_08996,66.47453,199.55185
OUT_08997,236.28761,403.82626
OUT_08998,251.99062,414.79135
OUT_08999,270.08112,404.43448
OUT_09000,58.169216,175.27713
OUT_09001,75.02693,199.70885
OUT_09002,84.95026,205.54686
OUT_09003,43.274548,197.29416
OUT_09004,87.84648,205.13907
OUT_09005,87.53926,200.41187
OUT_09006,2012.3807,2138.0752
OUT_09007,928.20496,1187.1456
OUT_09008,77.33284,200.95811
OUT_09009,75.4523,190.01979
OUT_09010,925.16345,1191.4385
OUT_09011,922.1856,1105.6709
OUT_09012,933.02924,1096.8219
OUT_09013,92.13518,202.4451
OUT_09014,898.38947,1062.3949
OUT_09015,1982.7731,2135.0173
OUT_09016,83.82442,205.57274
OUT_09017,72.6239,194.71584
OUT_09018,80.87402,210.35233
OUT_09019,82.03931,208.2886
OUT_09020,75.42076,196.12373
OUT_09021,81.55942,202.64609
OUT_09022,260.74854,428.1719
OUT_09023,71.5112,198.90483
OUT_09024,2012.3807,2135.3496
OUT_09025,266.31445,433.74124
OUT_09026,70.94794,188.06976
OUT_09027,73.70212,201.39772
OUT_09028,264.71277,431.2125
OUT_09029,63.815594,185.35085
OUT_09030,86.719955,201.31427
OUT_09031,49.849033,180.32156
OUT_09032,264.20038,427.82993
OUT_09033,76.36514,198.17381
OUT_09034,256.3355,412.3975
OUT_09035,292.90448,445.52374
OUT_09036,1969.2682,2134.0984
OUT_09037,86.06395,208.60193
OUT_09038,287.9436,423.27814
OUT_09039,915.56635,1076.4155
OUT_09040,86.74452,201.13414
OUT_09041,238.8395,402.96292
OUT_09042,904.5253,1056.0027
OUT_09043,923.32806,1102.767
OUT_09044,265.47473,429.19748
OUT_09045,287.15967,427.6739
OUT_09046,66.83745,190.59993
OUT_09047,904.2707,1090.2119
OUT_09048,897.96295,1084.9016
OUT_09049,62.523937,179.87308
OUT_09050,489.3867,1034.4426
OUT_09051,932.5653,1187.7887
OUT_09052,68.330444,191.56921
OUT_09053,296.70508,445.19373
OUT_09054,247.99141,407.94943
OUT_09055,76.65509,204.0697
OUT_09056,254.41725,404.29446
OUT_09057,243.2812,407.99072
OUT_09058,894.5323,1047.7238
OUT_09059,84.65094,204.02477
OUT_09060,49.82407,183.77502
OUT_09061,86.792404,207.43546
OUT_09062,77.65401,201.67252
OUT_09063,78.83899,200.0392
OUT_09064,917.108,1075.1832
OUT_09065,264.59875,451.29688
OUT_09066,76.61687,182.56749
OUT_09067,85.79138,201.63081
OUT_09068,923.2803,1160.27
OUT_09069,290.81754,491.95575
OUT_09070,931.15094,1221.8414
OUT_09071,924.3765,1305.5483
OUT_09072,2014.4657,2133.7222
OUT_09073,267.018,437.9411
OUT_09074,903.32135,1091.5725
OUT_09075,86.78722,202.80927
OUT_09076,276.6765,440.1697
OUT_09077,89.37413,204.48482
OUT_09078,291.1056,423.81058
OUT_09079,267.52725,440.40552
OUT_09080,76.99208,200.58084
OUT_09081,921.9338,1130.5382
OUT_09082,97.84981,224.57777
OUT_09083,258.8354,431.9462
OUT_09084,65.20482,188.67076
OUT_09085,91.43767,209.40521
OUT_09086,73.174164,198.0831
OUT_09087,72.08823,198.44574
OUT_09088,84.21927,201.4794
OUT_09089,909.8643,1050.7288
OUT_09090,263.1819,431.7276
OUT_09091,282.01385,450.59833
OUT_09092,49.678257,178.23492
OUT_09093,909.8414,1073.5713
OUT_09094,266.03387,411.55637
OUT_09095,294.09558,428.2152
OUT_09096,270.84247,434.52963
OUT_09097,907.9494,1069.8251
OUT_09098,74.12874,196.63861
OUT_09099,262.6203,415.2501
OUT_09100,270.44794,428.46622
OUT_09101,293.02484,428.31488
OUT_09102,282.05408,405.25052
OUT_09103,80.38663,203.09418
OUT_09104,911.7433,1087.2914
OUT_09105,73.08363,198.91957
OUT_09106,249.6166,404.76492
OUT_09107,67.62166,194.27122
OUT_09108,253.7466,393.766
OUT_09109,80.97836,204.02477
OUT_09110,896.96356,1034.6635
OUT_09111,1916.5054,2133.384
OUT_09112,257.6656,420.91232
OUT_09113,95.21925,210.91924
OUT_09114,282.58313,411.94128
OUT_09115,73.77086,189.95413
OUT_09116,89.588425,207.4138
OUT_09117,282.5899,413.69263
OUT_09118,91.79817,203.19322
OUT_09119,237.26082,451.46954
OUT_09120,900.3751,1083.1023
OUT_09121,88.49153,207.52864
OUT_09122,938.94916,1369.8845
OUT_09123,262.90533,422.8153
OUT_09124,84.08511,204.3785
OUT_09125,71.85751,192.58553
OUT_09126,80.64812,199.70778
OUT_09127,75.22806,201.11366
OUT_09128,326.57434,690.30316
OUT_09129,79.54448,201.92142
OUT_09130,77.93956,200.66827
OUT_09131,291.40027,425.0912
OUT_09132,81.01059,204.93027
OUT_09133,77.44353,202.8901
OUT_09134,917.3735,1081.69
OUT_09135,71.05003,194.09099
OUT_09136,80.35269,201.95569
OUT_09137,72.659546,198.18695
OUT_09138,90.30922,203.89037
OUT_09139,297.7588,626.3313
OUT_09140,82.35544,200.0465
OUT_09141,68.537994,191.5707
OUT_09142,255.13722,432.70447
OUT_09143,259.16803,420.32788
OUT_09144,72.27858,196.41756
OUT_09145,54.525913,187.86807
OUT_09146,293.36865,419.77203
OUT_09147,85.88275,204.6514
OUT_09148,77.07866,199.94243
OUT_09149,80.0134,199.85617
OUT_09150,73.97243,196.42982
OUT_09151,902.8592,1067.2551
OUT_09152,49.3829,185.88814
OUT_09153,76.31412,199.49046
OUT_09154,299.16327,419.52164
OUT_09155,80.2767,196.76347
OUT_09156,95.77617,203.76285
OUT_09157,78.20003,209.16833
OUT_09158,248.92342,414.01654
OUT_09159,251.62752,408.77203
OUT_09160,64.316055,184.43773
OUT_09161,77.0092,196.24281
OUT_09162,88.32504,210.58133
OUT_09163,74.84587,196.14188
OUT_09164,295.64294,426.31662
OUT_09165,252.51204,393.4755
OUT_09166,67.09761,194.48709
OUT_09167,291.97382,434.82968
OUT_09168,96.869095,211.57455
OUT_09169,65.40233,189.06184
OUT_09170,901.4411,1043.35
OUT_09171,67.60286,196.8166
OUT_09172,251.28603,415.5353
OUT_09173,64.997894,192.65915
OUT_09174,294.01453,427.94583
OUT_09175,270.08862,438.05713
OUT_09176,64.250015,186.44464
OUT_09177,85.55484,205.04692
OUT_09178,97.159164,206.02693
OUT_09179,75.66232,199.94966
OUT_09180,254.87819,409.84094
OUT_09181,252.27467,410.93268
OUT_09182,290.88293,412.16458
OUT_09183,894.56665,1061.2664
OUT_09184,73.37047,198.4861
OUT_09185,908.1504,1070.9219
OUT_09186,906.16766,1187.4218
OUT_09187,256.85266,410.87555
OUT_09188,260.96014,423.64246
OUT_09189,91.31798,204.71855
OUT_09190,294.8994,429.58234
OUT_09191,928.90137,1097.0483
OUT_09192,292.859,428.0216
OUT_09193,48.187153,170.67537
OUT_09194,82.28516,202.93593
OUT_09195,79.90697,202.80617
OUT_09196,38.963467,147.53937
OUT_09197,266.33228,429.6718
OUT_09198,911.9065,1074.1792
OUT_09199,80.5508,202.13861
OUT_09200,909.0293,1086.1593
OUT_09201,265.75958,412.85962
OUT_09202,80.07614,200.93417
OUT_09203,75.83621,192.73193
OUT_09204,258.84796,427.44943
OUT_09205,66.06673,191.70633
OUT_09206,71.79289,196.75343
OUT_09207,925.2106,1121.5483
OUT_09208,69.20619,193.91434
OUT_09209,55.34477,184.73213
OUT_09210,293.90527,412.91116
OUT_09211,292.5924,412.34192
OUT_09212,92.03212,207.04846
OUT_09213,282.80304,416.87195
OUT_09214,1987.3619,2137.5342
OUT_09215,897.15796,1129.1719
OUT_09216,1891.5239,2119.8972
OUT_09217,919.1232,1079.7026
OUT_09218,62.637012,185.52956
OUT_09219,237.12804,358.99686
OUT_09220,261.63336,430.07578
OUT_09221,1890.0415,2127.744
OUT_09222,64.12573,189.9808
OUT_09223,89.74403,206.61502
OUT_09224,243.32954,356.15082
OUT_09225,74.282425,196.68527
OUT_09226,91.79054,213.81047
OUT_09227,73.18297,197.79015
OUT_09228,79.7303,198.0218
OUT_09229,296.6408,449.14795
OUT_09230,82.59375,204.71078
OUT_09231,62.607662,200.46582
OUT_09232,897.44275,1086.9476
OUT_09233,927.3396,1122.9509
OUT_09234,85.90674,204.80972
OUT_09235,72.8896,197.15752
OUT_09236,910.7952,1097.4088
OUT_09237,87.71593,202.45142
OUT_09238,292.51935,431.48438
OUT_09239,80.760666,201.91063
OUT_09240,73.30792,198.08008
OUT_09241,274.34113,395.65656
OUT_09242,72.553314,198.54266
OUT_09243,914.7484,1144.7019
OUT_09244,247.9488,409.93512
OUT_09245,76.02931,197.73465
OUT_09246,78.78012,203.41522
OUT_09247,81.33313,199.88716
OUT_09248,72.741135,196.02814
OUT_09249,74.699646,205.7996
OUT_09250,290.04297,411.76425
OUT_09251,65.768555,187.37773
OUT_09252,60.03359,185.09889
OUT_09253,247.78255,416.57858
OUT_09254,69.19197,190.85431
OUT_09255,293.46106,412.16458
OUT_09256,241.12306,400.05396
OUT_09257,2051.6973,2138.478
OUT_09258,75.17006,199.14355
OUT_09259,924.6042,1098.0322
OUT_09260,79.33389,203.99681
OUT_09261,64.5811,192.84836
OUT_09262,909.22406,1068.1255
OUT_09263,914.75616,1325.7426
OUT_09264,58.14075,184.90392
OUT_09265,927.8611,1159.748
OUT_09266,71.391495,201.13104
OUT_09267,294.51703,430.04352
OUT_09268,58.76572,181.60281
OUT_09269,89.506516,205.22331
OUT_09270,84.61961,203.06561
OUT_09271,279.86096,429.74933
OUT_09272,246.86604,449.92224
OUT_09273,77.56694,198.05054
OUT_09274,2053.8364,2138.0144
OUT_09275,1903.5869,2140.4424
OUT_09276,77.86775,198.67563
OUT_09277,255.91115,403.26962
OUT_09278,93.23247,205.46135
OUT_09279,79.07735,205.54866
OUT_09280,80.757,211.33241
OUT_09281,82.79433,208.04742
OUT_09282,74.13707,200.22783
OUT_09283,293.73096,446.96802
OUT_09284,294.14355,447.84015
OUT_09285,56.708958,181.73096
OUT_09286,294.62714,415.44916
OUT_09287,65.929276,188.16269
OUT_09288,916.76135,1088.8226
OUT_09289,75.766754,198.16779
OUT_09290,73.43419,199.42348
OUT_09291,261.78784,403.02884
OUT_09292,48.440914,186.45132
OUT_09293,258.94226,412.34192
OUT_09294,279.8698,411.60626
OUT_09295,77.59865,200.75008
OUT_09296,73.43523,194.01622
OUT_09297,915.8137,1116.1348
OUT_09298,70.90112,194.91927
OUT_09299,71.46007,193.07878
OUT_09300,57.550343,190.93816
OUT_09301,250.7967,393.86575
OUT_09302,258.1931,445.5158
OUT_09303,2004.7787,2136.365
OUT_09304,919.905,1123.3041
OUT_09305,84.83777,203.53215
OUT_09306,74.46678,200.15608
OUT_09307,920.6004,1079.2739
OUT_09308,78.95413,199.66664
OUT_09309,92.49379,202.60149
OUT_09310,1959.9158,2136.33
OUT_09311,84.15831,200.29662
OUT_09312,85.40004,202.71999
OUT_09313,77.91754,201.64195
OUT_09314,263.06,420.0774
OUT_09315,259.5075,420.13947
OUT_09316,257.00238,427.74106
OUT_09317,928.99066,1131.5764
OUT_09318,903.2151,1083.5459
OUT_09319,259.99786,436.89948
OUT_09320,947.38885,1185.8992
OUT_09321,72.94414,199.45387
OUT_09322,92.30766,201.67406
OUT_09323,1900.4395,2140.8308
OUT_09324,222.44167,346.65973
OUT_09325,67.99756,178.85641
OUT_09326,94.98909,201.52104
OUT_09327,73.872925,194.50586
OUT_09328,73.78464,195.87668
OUT_09329,56.948162,184.06506
OUT_09330,75.59798,198.53778
OUT_09331,272.84857,407.69968
OUT_09332,924.0799,1086.0023
OUT_09333,75.68573,200.01416
OUT_09334,88.680435,201.33673
OUT_09335,71.80246,193.8735
OUT_09336,944.0293,1156.2645
OUT_09337,68.74904,190.91006
OUT_09338,83.25659,204.98654
OUT_09339,83.63228,203.6162
OUT_09340,905.0559,1064.7012
OUT_09341,72.81659,205.80272
OUT_09342,910.2365,1062.4956
OUT_09343,279.8778,420.55276
OUT_09344,81.059875,203.00862
OUT_09345,85.180786,201.9094
OUT_09346,56.172184,187.25098
OUT_09347,264.59308,448.83762
OUT_09348,86.05995,224.60143
OUT_09349,282.1889,407.87717
OUT_09350,68.33223,190.87292
OUT_09351,259.13055,420.25473
OUT_09352,73.16531,192.91905
OUT_09353,67.74379,192.5931
OUT_09354,907.3425,1095.5569
OUT_09355,286.617,432.0744
OUT_09356,84.59151,201.67706
OUT_09357,924.68353,1062.7631
OUT_09358,62.428333,184.63347
OUT_09359,79.4565,201.27184
OUT_09360,65.068756,189.42621
OUT_09361,58.863094,185.22314
OUT_09362,88.3972,201.71088
OUT_09363,79.99814,202.07678
OUT_09364,47.757748,165.69223
OUT_09365,904.31866,1093.5797
OUT_09366,74.70424,198.3593
OUT_09367,77.41731,201.28519
OUT_09368,72.54195,197.29694
OUT_09369,1960.5264,2136.6797
OUT_09370,234.7696,389.2883
OUT_09371,88.90886,201.82576
OUT_09372,263.67944,439.47852
OUT_09373,258.90405,416.5989
OUT_09374,82.55919,202.65924
OUT_09375,80.879974,199.23221
OUT_09376,83.65083,204.34404
OUT_09377,922.1281,1091.3448
OUT_09378,64.96146,189.8539
OUT_09379,241.79817,391.0279
OUT_09380,268.16614,425.12973
OUT_09381,89.204254,203.20241
OUT_09382,250.17073,402.47543
OUT_09383,294.6203,444.46338
OUT_09384,43.35703,153.59784
OUT_09385,299.74023,428.36392
OUT_09386,291.12885,418.31882
OUT_09387,93.5515,212.75104
OUT_09388,273.19977,415.06094
OUT_09389,68.562,193.75212
OUT_09390,1894.9009,2142.2607
OUT_09391,269.4652,429.71603
OUT_09392,64.092255,190.58768
OUT_09393,65.48697,190.20486
OUT_09394,250.6328,368.95935
OUT_09395,69.37067,199.79068
OUT_09396,255.53142,539.04535
OUT_09397,283.1499,437.028
OUT_09398,249.40315,394.9561
OUT_09399,289.71326,449.02725
OUT_09400,927.33386,1208.6261
OUT_09401,257.1081,415.50354
OUT_09402,74.16901,196.31802
OUT_09403,85.71202,206.24141
OUT_09404,255.06087,402.5172
OUT_09405,275.90503,402.8804
OUT_09406,85.15881,201.30626
OUT_09407,927.324,1113.4067
OUT_09408,79.386215,200.29546
OUT_09409,86.55943,204.72272
OUT_09410,923.68933,1084.4908
OUT_09411,262.82983,433.7581
OUT_09412,67.62544,186.23573
OUT_09413,80.927444,202.49104
OUT_09414,299.002,448.55545
OUT_09415,83.790726,202.57611
OUT_09416,58.307392,191.54218
OUT_09417,290.06323,433.9454
OUT_09418,266.6886,447.9174
OUT_09419,77.86102,200.68605
OUT_09420,80.14349,202.33391
OUT_09421,94.461105,226.33142
OUT_09422,1898.3738,2136.4143
OUT_09423,255.03004,406.29095
OUT_09424,296.6848,429.00845
OUT_09425,288.84058,427.4035
OUT_09426,71.89104,190.01263
OUT_09427,276.82495,391.5461
OUT_09428,83.03175,205.28238
OUT_09429,268.37445,429.0958
OUT_09430,292.84546,433.45093
OUT_09431,69.91638,194.09038
OUT_09432,59.688305,188.07983
OUT_09433,71.17323,190.91454
OUT_09434,66.86058,193.99078
OUT_09435,64.59868,193.06929
OUT_09436,263.3142,449.61896
OUT_09437,87.800125,202.01152
OUT_09438,89.97829,206.16774
OUT_09439,215.63667,391.86237
OUT_09440,78.92148,197.80417
OUT_09441,87.9684,205.29405
OUT_09442,286.94553,437.85443
OUT_09443,68.257706,194.27771
OUT_09444,60.159565,185.47052
OUT_09445,2012.3807,2135.7202
OUT_09446,262.73462,411.55637
OUT_09447,285.8383,447.1705
OUT_09448,931.54877,1110.3904
OUT_09449,75.05972,202.7253
OUT_09450,903.749,1097.4564
OUT_09451,85.670685,203.21046
OUT_09452,67.46132,187.92177
OUT_09453,79.98044,201.07092
OUT_09454,85.66934,214.32925
OUT_09455,285.1151,430.37238
OUT_09456,76.9669,199.86444
OUT_09457,76.4507,192.19395
OUT_09458,282.82947,415.77402
OUT_09459,75.69479,197.7697
OUT_09460,68.185425,202.7947
OUT_09461,242.86568,411.3704
OUT_09462,74.39374,200.34575
OUT_09463,930.86035,1128.7164
OUT_09464,85.64952,199.82758
OUT_09465,86.9781,201.40802
OUT_09466,255.98323,413.71832
OUT_09467,85.16455,207.0573
OUT_09468,73.12007,196.39043
OUT_09469,903.998,1164.6311
OUT_09470,265.7406,421.91934
OUT_09471,288.86157,416.8665
OUT_09472,89.938095,205.80133
OUT_09473,84.92236,202.42116
OUT_09474,74.80017,198.40494
OUT_09475,77.16516,202.31036
OUT_09476,894.6718,1053.275
OUT_09477,912.0609,1088.3313
OUT_09478,56.65881,176.28508
OUT_09479,267.11243,443.90515
OUT_09480,275.2011,410.4756
OUT_09481,265.77277,439.91312
OUT_09482,1899.0352,2137.1736
OUT_09483,68.64348,191.121
OUT_09484,831.52466,1073.0051
OUT_09485,73.81773,190.41568
OUT_09486,77.29468,194.94815
OUT_09487,921.21484,1050.6049
OUT_09488,77.70546,195.72218
OUT_09489,74.2278,204.85872
OUT_09490,68.48042,192.01662
OUT_09491,895.2931,1082.1587
OUT_09492,256.14264,431.8438
OUT_09493,59.2935,183.70071
OUT_09494,70.828354,193.30806
OUT_09495,298.5146,427.89163
OUT_09496,87.7242,200.85147
OUT_09497,78.08421,202.71387
OUT_09498,254.08241,419.3119
OUT_09499,71.79573,197.22159
OUT_09500,65.80611,189.49797
OUT_09501,931.7771,1156.8755
OUT_09502,83.75108,200.75583
OUT_09503,66.51866,192.07314
OUT_09504,82.54831,203.28625
OUT_09505,257.82397,429.02548
OUT_09506,71.90883,190.60455
OUT_09507,284.8199,420.8671
OUT_09508,265.4917,414.27475
OUT_09509,946.24414,1149.7607
OUT_09510,260.95435,409.75418
OUT_09511,92.03227,203.50836
OUT_09512,59.862026,186.35365
OUT_09513,70.77826,195.75217
OUT_09514,71.386765,189.85222
OUT_09515,912.76385,1117.6
OUT_09516,73.20659,196.54541
OUT_09517,68.32243,208.33516
OUT_09518,267.80402,440.58768
OUT_09519,909.5344,1123.9324
OUT_09520,230.82735,417.98438
OUT_09521,80.92076,211.26843
OUT_09522,78.01491,205.24805
OUT_09523,925.9729,1107.6832
OUT_09524,282.6797,418.45538
OUT_09525,260.96918,412.1311
OUT_09526,69.548874,198.28806
OUT_09527,86.87125,199.67017
OUT_09528,80.21794,203.64633
OUT_09529,267.2881,431.85565
OUT_09530,67.006454,189.65472
OUT_09531,88.44722,201.38618
OUT_09532,73.522125,195.27122
OUT_09533,1899.0027,2138.5876
OUT_09534,78.76402,202.65868
OUT_09535,79.42555,201.90567
OUT_09536,75.98279,197.03532
OUT_09537,292.97882,430.86002
OUT_09538,87.477646,203.2807
OUT_09539,91.2495,220.14796
OUT_09540,908.5798,1053.3467
OUT_09541,261.68988,426.40317
OUT_09542,257.38556,412.94162
OUT_09543,276.30194,409.33176
OUT_09544,68.13463,193.85709
OUT_09545,290.9759,425.4721
OUT_09546,84.76904,204.26921
OUT_09547,260.92294,467.32562
OUT_09548,921.3748,1090.3687
OUT_09549,49.589817,183.75998
OUT_09550,250.99275,436.70203
OUT_09551,267.4751,441.49335
OUT_09552,909.52985,1077.8694
OUT_09553,293.34113,409.76373
OUT_09554,77.20151,200.80962
OUT_09555,85.905655,207.45894
OUT_09556,90.60945,201.28786
OUT_09557,67.43353,191.92896
OUT_09558,77.21817,203.81563
OUT_09559,295.25537,449.70932
OUT_09560,69.392975,188.64255
OUT_09561,72.332886,194.61763
OUT_09562,68.28978,185.74489
OUT_09563,59.761692,189.49066
OUT_09564,63.188602,189.12804
OUT_09565,68.75264,187.2064
OUT_09566,86.78267,206.82164
OUT_09567,268.4983,405.5065
OUT_09568,920.26874,1120.0406
OUT_09569,287.98297,423.72617
OUT_09570,916.6784,1078.4287
OUT_09571,82.88472,200.48463
OUT_09572,294.11,433.36786
OUT_09573,263.33954,441.83987
OUT_09574,69.59166,189.58075
OUT_09575,51.33627,180.1638
OUT_09576,907.1966,1064.5806
OUT_09577,59.470325,198.37805
OUT_09578,252.57991,418.40692
OUT_09579,908.13715,1082.896
OUT_09580,93.31511,209.45187
OUT_09581,911.915,1063.0173
OUT_09582,2029.1659,2141.7783
OUT_09583,924.10645,1064.6445
OUT_09584,62.978466,184.69568
OUT_09585,931.2372,1101.5032
OUT_09586,1898.8999,2136.7185
OUT_09587,75.633575,198.88264
OUT_09588,289.79468,425.59943
OUT_09589,255.58852,417.83398
OUT_09590,280.09106,412.2667
OUT_09591,286.87897,434.9649
OUT_09592,1896.5369,2134.0833
OUT_09593,85.11479,204.69164
OUT_09594,265.17615,438.66193
OUT_09595,293.95065,447.76617
OUT_09596,82.37247,204.48442
OUT_09597,257.48254,425.7671
OUT_09598,81.717316,206.57646
OUT_09599,70.231384,194.67282
OUT_09600,914.0624,1082.0729
OUT_09601,87.28624,197.6633
OUT_09602,76.59276,195.35516
OUT_09603,906.6017,1130.1064
OUT_09604,95.37062,207.89471
OUT_09605,257.891,427.08163
OUT_09606,313.66333,415.62607
OUT_09607,901.79913,1046.5328
OUT_09608,945.9845,1142.4672
OUT_09609,84.84613,198.89967
OUT_09610,259.34192,430.3782
OUT_09611,86.107315,204.49768
OUT_09612,85.25485,215.83087
OUT_09613,72.66626,202.82034
OUT_09614,925.5863,1239.685
OUT_09615,295.06635,449.58887
OUT_09616,42.215824,159.68085
OUT_09617,82.78497,203.00833
OUT_09618,248.20546,402.34958
OUT_09619,79.26988,197.63335
OUT_09620,263.86255,414.88297
OUT_09621,54.704067,180.56427
OUT_09622,281.442,447.16687
OUT_09623,74.68834,206.36061
OUT_09624,76.3575,197.18123
OUT_09625,71.1454,195.36746
OUT_09626,291.51422,431.1211
OUT_09627,279.16693,414.2232
OUT_09628,91.24144,205.2784
OUT_09629,258.58258,435.90445
OUT_09630,63.811703,205.83188
OUT_09631,259.53632,449.50952
OUT_09632,75.37317,196.6786
OUT_09633,261.64337,411.55637
OUT_09634,929.1309,1096.6587
OUT_09635,287.23572,433.27405
OUT_09636,903.7829,1045.3278
OUT_09637,926.36884,1120.749
OUT_09638,69.42993,199.92023
OUT_09639,92.90193,211.24358
OUT_09640,91.70195,309.52393
OUT_09641,53.14333,185.43094
OUT_09642,68.52089,193.54422
OUT_09643,296.00317,452.05966
OUT_09644,71.359985,199.40584
OUT_09645,76.34413,200.04076
OUT_09646,79.364624,201.39882
OUT_09647,249.30074,417.7987
OUT_09648,911.91077,1069.4136
OUT_09649,278.07587,416.65735
OUT_09650,77.03847,205.12903
OUT_09651,72.7487,193.35112
OUT_09652,91.95897,203.82816
OUT_09653,260.05145,412.22015
OUT_09654,283.37708,423.1412
OUT_09655,41.7431,182.41666
OUT_09656,921.9261,1096.5009
OUT_09657,65.480804,184.61246
OUT_09658,73.86983,203.0487
OUT_09659,63.614872,185.36028
OUT_09660,260.28644,393.65283
OUT_09661,259.53894,444.4071
OUT_09662,64.541824,191.56071
OUT_09663,86.57855,203.95445
OUT_09664,77.33217,198.78526
OUT_09665,296.62634,463.29742
OUT_09666,50.997272,176.60594
OUT_09667,248.03523,408.033
OUT_09668,264.05627,432.49533
OUT_09669,80.28311,201.43098
OUT_09670,261.839,417.64313
OUT_09671,267.58002,452.2638
OUT_09672,77.09108,200.4374
OUT_09673,241.47823,355.34418
OUT_09674,60.695217,183.00798
OUT_09675,69.082794,189.28609
OUT_09676,296.05682,448.36444
OUT_09677,85.510056,206.22699
OUT_09678,78.45868,201.32599
OUT_09679,80.70451,209.6011
OUT_09680,295.69568,450.25693
OUT_09681,67.97958,195.43964
OUT_09682,916.7948,1133.799
OUT_09683,258.34686,414.08878
OUT_09684,82.98227,202.59355
OUT_09685,72.0282,195.56813
OUT_09686,83.534225,202.59154
OUT_09687,80.586105,203.10445
OUT_09688,267.57843,427.27554
OUT_09689,77.28827,196.85289
OUT_09690,87.4176,203.34894
OUT_09691,85.81534,204.16814
OUT_09692,57.769886,179.21082
OUT_09693,250.07887,409.8552
OUT_09694,907.9275,1109.9862
OUT_09695,279.53824,401.45038
OUT_09696,80.14372,201.37227
OUT_09697,261.2309,412.73932
OUT_09698,238.7657,406.82523
OUT_09699,73.98888,200.53049
OUT_09700,69.16156,193.67998
OUT_09701,63.683384,189.56593
OUT_09702,71.28552,195.76772
OUT_09703,75.04376,197.8628
OUT_09704,116.43666,319.40247
OUT_09705,248.03792,378.6173
OUT_09706,48.33739,155.81398
OUT_09707,1893.5281,2111.8494
OUT_09708,81.95894,202.9192
OUT_09709,58.31764,186.5714
OUT_09710,1898.0798,2139.4895
OUT_09711,295.26666,427.82135
OUT_09712,264.53815,447.07935
OUT_09713,79.04433,197.12605
OUT_09714,64.286316,186.66267
OUT_09715,2049.5415,2138.7722
OUT_09716,918.6331,1096.823
OUT_09717,910.42426,1059.5292
OUT_09718,908.654,1069.7379
OUT_09719,902.54443,1038.2655
OUT_09720,66.890076,192.85657
OUT_09721,259.9295,449.6983
OUT_09722,76.3929,195.45581
OUT_09723,289.99225,450.95764
OUT_09724,86.46007,202.44685
OUT_09725,83.01732,202.97714
OUT_09726,61.76189,186.3056
OUT_09727,2020.5873,2137.743
OUT_09728,90.58638,202.07245
OUT_09729,91.05467,205.98892
OUT_09730,82.859924,203.4436
OUT_09731,1903.0874,2146.9126
OUT_09732,82.63638,194.04262
OUT_09733,42.878597,200.44063
OUT_09734,81.04149,205.13939
OUT_09735,85.96028,203.4028
OUT_09736,245.44637,447.93872
OUT_09737,80.99048,199.33199
OUT_09738,70.74255,200.23538
OUT_09739,69.469315,188.8836
OUT_09740,79.12984,200.92395
OUT_09741,69.91301,196.67625
OUT_09742,285.72516,422.17328
OUT_09743,82.20882,200.0945
OUT_09744,80.95549,201.27382
OUT_09745,87.861404,203.03311
OUT_09746,77.664825,191.76848
OUT_09747,71.89343,200.42102
OUT_09748,909.60266,1140.804
OUT_09749,73.320206,200.104
OUT_09750,1900.4783,2137.092
OUT_09751,72.602264,193.3539
OUT_09752,78.22441,222.48238
OUT_09753,90.85463,200.63545
OUT_09754,249.35078,424.42142
OUT_09755,915.79456,1108.5592
OUT_09756,268.57526,427.79114
OUT_09757,77.45227,204.23198
OUT_09758,269.28864,450.3739
OUT_09759,76.41272,201.66061
OUT_09760,68.86578,192.25655
OUT_09761,78.56702,199.81445
OUT_09762,912.85913,1101.0352
OUT_09763,918.31824,1129.951
OUT_09764,288.2406,418.1364
OUT_09765,89.30217,205.7948
OUT_09766,246.58693,412.90778
OUT_09767,104.57376,224.86377
OUT_09768,917.61664,1103.7928
OUT_09769,68.64621,195.24426
OUT_09770,289.99017,422.0078
OUT_09771,93.31059,224.31667
OUT_09772,903.7223,1068.6342
OUT_09773,263.99536,403.63705
OUT_09774,916.5479,1103.1509
OUT_09775,41.293102,157.7263
OUT_09776,93.0663,192.78165
OUT_09777,282.03882,423.59335
OUT_09778,2051.3438,2138.6191
OUT_09779,296.73798,441.93365
OUT_09780,916.13855,1091.6606
OUT_09781,62.558613,185.57121
OUT_09782,264.31244,433.7718
OUT_09783,937.42444,1124.7949
OUT_09784,294.56757,433.022
OUT_09785,75.407974,203.0194
OUT_09786,287.15167,425.03323
OUT_09787,918.2173,1081.879
OUT_09788,912.652,1110.19
OUT_09789,75.29915,201.29343
OUT_09790,99.82509,213.31985
OUT_09791,83.34686,202.97551
OUT_09792,912.4451,1089.2096
OUT_09793,75.2659,204.48074
OUT_09794,64.41385,186.65614
OUT_09795,920.9102,1075.6774
OUT_09796,91.52104,221.26665
OUT_09797,78.60582,197.61447
OUT_09798,258.9173,426.7586
OUT_09799,264.89044,430.3055
OUT_09800,75.92496,199.6106
OUT_09801,55.688244,185.26799
OUT_09802,287.28748,429.27737
OUT_09803,88.793655,203.05157
OUT_09804,71.54707,200.22046
OUT_09805,84.15378,208.27486
OUT_09806,813.51807,979.11304
OUT_09807,264.4812,426.79803
OUT_09808,918.16455,1062.363
OUT_09809,76.652954,204.38684
OUT_09810,76.69223,200.46162
OUT_09811,908.7762,1096.5259
OUT_09812,2029.1659,2141.1733
OUT_09813,896.5349,1020.59784
OUT_09814,73.476074,195.27437
OUT_09815,265.57672,417.71014
OUT_09816,89.65544,201.24283
OUT_09817,2022.3607,2139.9736
OUT_09818,44.51472,171.63226
OUT_09819,80.42087,195.02153
OUT_09820,79.993,202.94037
OUT_09821,85.45273,205.39159
OUT_09822,78.29089,204.21843
OUT_09823,264.294,433.43094
OUT_09824,68.26869,195.17487
OUT_09825,77.696976,201.97624
OUT_09826,92.85649,207.3301
OUT_09827,276.62366,403.74847
OUT_09828,279.12964,419.95166
OUT_09829,889.9273,1057.2408
OUT_09830,239.1775,353.77496
OUT_09831,69.765884,193.28773
OUT_09832,63.726063,184.50417
OUT_09833,70.91571,196.66841
OUT_09834,98.323654,208.4934
OUT_09835,232.92665,416.41714
OUT_09836,76.421524,203.9014
OUT_09837,2012.9052,2133.272
OUT_09838,64.89789,192.40765
OUT_09839,77.31607,201.12392
OUT_09840,911.90173,1134.3938
OUT_09841,87.36623,205.05005
OUT_09842,98.90654,202.31813
OUT_09843,74.43428,200.12239
OUT_09844,91.22069,206.71054
OUT_09845,90.316574,200.58653
OUT_09846,82.24217,202.77977
OUT_09847,263.0506,428.1281
OUT_09848,282.29156,407.49826
OUT_09849,95.923386,205.82849
OUT_09850,71.065506,198.2925
OUT_09851,252.84273,423.41174
OUT_09852,290.00937,467.07333
OUT_09853,91.15918,206.45981
OUT_09854,75.73262,198.93521
OUT_09855,65.60515,192.32716
OUT_09856,79.6861,196.6666
OUT_09857,291.4229,433.51114
OUT_09858,79.471344,196.36566
OUT_09859,917.6766,1057.7816
OUT_09860,56.60011,184.84315
OUT_09861,906.51154,1048.7561
OUT_09862,285.2741,436.61572
OUT_09863,270.5019,408.20593
OUT_09864,78.83797,202.7206
OUT_09865,95.01445,223.11313
OUT_09866,73.22133,201.37425
OUT_09867,292.64624,445.3804
OUT_09868,916.2648,1072.5548
OUT_09869,45.24661,174.19696
OUT_09870,262.65118,412.16458
OUT_09871,223.29463,404.36105
OUT_09872,95.94676,203.41501
OUT_09873,73.87746,203.3661
OUT_09874,915.05585,1087.4788
OUT_09875,89.05159,205.49532
OUT_09876,261.74805,420.89322
OUT_09877,935.04675,1129.8286
OUT_09878,62.730183,189.19133
OUT_09879,80.25725,203.59631
OUT_09880,68.72978,194.52231
OUT_09881,283.18524,429.58234
OUT_09882,259.02637,423.1774
OUT_09883,289.41577,425.51642
OUT_09884,71.42117,195.05089
OUT_09885,81.67929,200.08676
OUT_09886,81.55951,218.5942
OUT_09887,260.14215,414.96622
OUT_09888,83.13965,203.8917
OUT_09889,80.80438,202.13219
OUT_09890,259.55896,408.73172
OUT_09891,80.403244,204.50746
OUT_09892,35.685734,150.2385
OUT_09893,250.64601,409.0481
OUT_09894,96.72238,208.17845
OUT_09895,78.41876,223.61414
OUT_09896,284.33472,436.04843
OUT_09897,85.83287,195.76201
OUT_09898,66.50624,193.49364
OUT_09899,68.690674,189.72589
OUT_09900,272.1795,413.18268
OUT_09901,60.946903,180.30539
OUT_09902,75.00575,200.59166
OUT_09903,1847.8706,2133.6873
OUT_09904,57.4885,178.9468
OUT_09905,66.83722,191.56984
OUT_09906,78.80104,200.33675
OUT_09907,258.62457,438.42886
OUT_09908,262.8496,445.83246
OUT_09909,77.04578,204.1542
OUT_09910,86.75334,202.20573
OUT_09911,401.14343,935.9515
OUT_09912,930.1489,1101.1908
OUT_09913,294.45654,435.76804
OUT_09914,923.7038,1055.8727
OUT_09915,289.43915,412.60056
OUT_09916,262.79163,420.6401
OUT_09917,264.44562,424.96283
OUT_09918,77.35928,199.75786
OUT_09919,87.290085,201.34837
OUT_09920,77.549225,201.87285
OUT_09921,83.90172,204.17297
OUT_09922,1883.7183,2119.3157
OUT_09923,75.76068,194.04134
OUT_09924,288.47314,413.861
OUT_09925,276.047,417.75995
OUT_09926,84.9048,199.0071
OUT_09927,255.43178,425.58987
OUT_09928,81.8436,204.18681
OUT_09929,289.37994,411.3704
OUT_09930,259.9099,434.19485
OUT_09931,70.79817,192.8155
OUT_09932,267.2644,428.85016
OUT_09933,2015.9022,2136.1206
OUT_09934,911.3284,1074.5797
OUT_09935,922.74347,1089.2556
OUT_09936,71.785416,191.94716
OUT_09937,914.5022,1078.5503
OUT_09938,72.785736,197.82825
OUT_09939,289.15613,423.79425
OUT_09940,85.448425,200.6668
OUT_09941,95.12747,210.5539
OUT_09942,72.09689,196.84467
OUT_09943,258.87805,411.55637
OUT_09944,82.55171,200.11856
OUT_09945,29.064564,144.23938
OUT_09946,923.0633,1116.9629
OUT_09947,260.29346,429.83347
OUT_09948,74.73248,201.9163
OUT_09949,77.14766,196.56235
OUT_09950,75.97975,200.68138
OUT_09951,95.78029,203.21417
OUT_09952,915.6754,1074.372
OUT_09953,238.74446,402.8804
OUT_09954,66.43906,183.43936
OUT_09955,75.63031,201.20312
OUT_09956,295.64996,449.5297
OUT_09957,284.10846,422.68814
OUT_09958,73.12628,195.52843
OUT_09959,261.4369,433.44473
OUT_09960,79.61752,207.31454
OUT_09961,920.7093,1074.1245
OUT_09962,89.537796,202.46356
OUT_09963,917.651,1084.837
OUT_09964,225.90437,359.03033
OUT_09965,72.81441,196.6371
OUT_09966,928.57227,1133.4587
OUT_09967,75.10985,196.47383
OUT_09968,258.98755,429.16736
OUT_09969,92.21135,207.48871
OUT_09970,75.452835,201.63126
OUT_09971,66.02904,186.84157
OUT_09972,285.41193,417.06686
OUT_09973,71.70093,194.19907
OUT_09974,72.347946,197.46321
OUT_09975,85.957565,202.52715
OUT_09976,69.80252,193.41959
OUT_09977,916.4941,1131.4681
OUT_09978,268.0166,433.57785
OUT_09979,922.1927,1138.697
OUT_09980,84.37692,202.604
OUT_09981,80.898575,201.94774
OUT_09982,1903.7947,2137.637
OUT_09983,83.87944,207.72278
OUT_09984,257.54852,412.3975
OUT_09985,266.13855,448.75272
OUT_09986,264.72516,439.99005
OUT_09987,900.24506,1069.6686
OUT_09988,259.86334,405.3484
OUT_09989,911.72284,1119.1488
OUT_09990,226.40083,352.96243
OUT_09991,70.21829,195.66127
OUT_09992,88.5945,202.46254
OUT_09993,80.76671,203.62675
OUT_09994,79.20944,200.79008
OUT_09995,74.0853,196.3922
OUT_09996,253.59718,412.16458
OUT_09997,248.29494,361.2428
OUT_09998,288.2516,404.38913
OUT_09999,76.841385,199.1393
OUT_10000,237.33925,359.93005
OUT_10001,80.55124,201.78218
OUT_10002,276.1952,408.1011
OUT_10003,240.05934,366.6031
OUT_10004,76.556885,202.29723
OUT_10005,69.34218,190.73987
OUT_10006,902.33856,1088.7279
OUT_10007,1559.3335,2056.5654
OUT_10008,60.23773,190.73224
OUT_10009,241.87495,421.13852
OUT_10010,92.20401,207.5739
OUT_10011,903.20074,1034.1365
OUT_10012,72.45238,198.40837
OUT_10013,89.232376,199.92763
OUT_10014,85.366455,203.5224
OUT_10015,79.772446,207.48613
OUT_10016,89.992874,204.63666
OUT_10017,294.64276,429.42584
OUT_10018,76.74808,202.53012
OUT_10019,260.6911,414.91406
OUT_10020,62.486942,185.9315
OUT_10021,268.60052,429.10513
OUT_10022,257.2791,412.3916
OUT_10023,1901.1611,2138.0823
OUT_10024,94.28618,200.7983
OUT_10025,257.30255,423.11795
OUT_10026,279.45874,435.70734
OUT_10027,74.72981,200.76195
OUT_10028,86.00267,212.05463
OUT_10029,64.80209,186.85448
OUT_10030,255.68599,451.46667
OUT_10031,74.558136,200.84186
OUT_10032,93.51802,220.43411
OUT_10033,92.215164,208.49971
OUT_10034,915.84955,1085.5493
OUT_10035,80.33751,198.71004
OUT_10036,266.69257,422.51892
OUT_10037,288.31787,417.55637
OUT_10038,288.8089,433.0332
OUT_10039,71.297775,196.40082
OUT_10040,285.326,410.01
OUT_10041,941.10974,1097.4147
OUT_10042,892.1014,1099.1815
OUT_10043,257.35754,413.1849
OUT_10044,78.99826,202.28914
OUT_10045,61.393246,182.3857
OUT_10046,266.23132,430.84192
OUT_10047,87.11595,203.14738
OUT_10048,918.1937,1082.7786
OUT_10049,74.425064,191.95044
OUT_10050,85.6895,204.2289
OUT_10051,1899.814,2137.114
OUT_10052,74.173065,195.79993
OUT_10053,74.61417,197.61223
OUT_10054,74.71886,200.24057
OUT_10055,922.0891,1134.1726
OUT_10056,72.11195,200.64272
OUT_10057,290.40778,423.6485
OUT_10058,894.8758,1032.5608
OUT_10059,82.61357,200.3629
OUT_10060,912.2767,1138.6719
OUT_10061,71.35347,191.25111
OUT_10062,82.9041,195.26411
OUT_10063,293.47815,444.33957
OUT_10064,257.87213,448.6619
OUT_10065,88.80858,205.90175
OUT_10066,81.02019,201.63292
OUT_10067,254.6097,452.35257
OUT_10068,287.03925,438.31534
OUT_10069,228.85237,338.17184
OUT_10070,68.89099,190.66994
OUT_10071,82.594925,217.60681
OUT_10072,59.223186,182.48425
OUT_10073,87.0388,203.84116
OUT_10074,294.326,419.4183
OUT_10075,56.4732,187.13943
OUT_10076,924.5199,1100.4036
OUT_10077,62.38003,187.91666
OUT_10078,259.11316,440.78525
OUT_10079,35.400852,159.42365
OUT_10080,68.47679,204.05
OUT_10081,77.93303,200.5213
OUT_10082,286.57697,437.5368
OUT_10083,265.69666,433.97635
OUT_10084,85.22783,204.99731
OUT_10085,88.020706,204.22304
OUT_10086,251.45985,362.02002
OUT_10087,70.72266,193.34581
OUT_10088,924.24335,1093.6377
OUT_10089,294.05005,412.16458
OUT_10090,905.83673,1106.7058
OUT_10091,265.04077,412.1311
OUT_10092,83.07782,206.07465
OUT_10093,90.48555,209.44138
OUT_10094,68.54051,195.26382
OUT_10095,238.07918,360.31024
OUT_10096,892.67706,1088.4224
OUT_10097,80.88635,202.18753
OUT_10098,73.163666,195.29024
OUT_10099,76.40721,200.49088
OUT_10100,112.054,319.78018
OUT_10101,248.3303,415.00635
OUT_10102,77.6221,199.38191
OUT_10103,249.96938,404.2064
OUT_10104,911.4425,1073.0013
OUT_10105,1938.959,2118.9382
OUT_10106,68.84787,193.37437
OUT_10107,919.1753,1165.5255
OUT_10108,920.3612,1127.6838
OUT_10109,77.71498,199.38237
OUT_10110,294.6726,428.3394
OUT_10111,259.76038,446.72473
OUT_10112,80.7057,200.38965
OUT_10113,69.242966,194.7122
OUT_10114,266.69843,428.60654
OUT_10115,78.99252,200.9911
OUT_10116,916.48773,1135.3652
OUT_10117,81.04878,202.31041
OUT_10118,85.51338,202.5557
OUT_10119,254.3553,401.97348
OUT_10120,261.7788,418.04272
OUT_10121,276.94128,408.4295
OUT_10122,76.111115,198.56374
OUT_10123,254.89485,424.81345
OUT_10124,929.78156,1130.9631
OUT_10125,79.62291,200.7164
OUT_10126,61.154194,186.38087
OUT_10127,250.82533,427.7987
OUT_10128,245.66054,418.32767
OUT_10129,90.72682,223.85962
OUT_10130,502.51688,1047.5647
OUT_10131,1899.1055,2137.8318
OUT_10132,252.33247,399.31247
OUT_10133,264.44818,397.56403
OUT_10134,911.9239,1049.4036
OUT_10135,70.40877,197.24355
OUT_10136,83.641525,204.60262
OUT_10137,62.9427,193.33984
OUT_10138,69.566956,190.02844
OUT_10139,248.48628,420.28818
OUT_10140,917.4619,1077.1177
OUT_10141,256.95728,425.14505
OUT_10142,1887.8687,2130.0085
OUT_10143,71.31296,197.3359
OUT_10144,261.09042,444.7834
OUT_10145,258.84332,411.3704
OUT_10146,255.29243,424.12646
OUT_10147,76.77667,199.39642
OUT_10148,263.5592,429.1004
OUT_10149,257.93994,379.4336
OUT_10150,78.85564,199.6593
OUT_10151,66.97067,186.94908
OUT_10152,67.849304,197.08565
OUT_10153,279.82764,407.40497
OUT_10154,271.51276,412.58484
OUT_10155,278.29608,416.1619
OUT_10156,74.41701,187.27632
OUT_10157,896.79376,1132.4734
OUT_10158,92.623505,202.27557
OUT_10159,920.51556,1061.8334
OUT_10160,215.69478,371.7955
OUT_10161,286.6117,411.94662
OUT_10162,67.78682,190.14803
OUT_10163,230.25941,341.02042
OUT_10164,909.82025,1088.1833
OUT_10165,903.3432,1068.56
OUT_10166,71.62863,195.91231
OUT_10167,919.84076,1103.6372
OUT_10168,918.8217,1149.6389
OUT_10169,81.03122,201.44441
OUT_10170,81.54094,201.16367
OUT_10171,291.52637,429.04834
OUT_10172,101.815994,225.33676
OUT_10173,256.74902,436.56662
OUT_10174,1745.5479,2125.2344
OUT_10175,250.7881,371.43494
OUT_10176,74.33975,198.14215
OUT_10177,245.9587,403.48862
OUT_10178,913.4458,1093.2842
OUT_10179,83.34686,201.89589
OUT_10180,272.26355,391.05618
OUT_10181,917.85846,1087.5822
OUT_10182,288.55566,433.73804
OUT_10183,925.8674,1073.2106
OUT_10184,918.86664,1081.6029
OUT_10185,917.66705,1085.5507
OUT_10186,79.40909,203.38252
OUT_10187,290.01703,431.69537
OUT_10188,268.08606,427.90866
OUT_10189,79.58815,196.84216
OUT_10190,911.7023,1054.4983
OUT_10191,71.38507,190.97624
OUT_10192,270.31213,429.06265
OUT_10193,896.95166,1060.3008
OUT_10194,88.56242,204.84735
OUT_10195,263.19208,411.57266
OUT_10196,926.65216,1197.1091
OUT_10197,78.48868,203.24585
OUT_10198,88.87984,206.50232
OUT_10199,262.96765,437.3276
OUT_10200,70.88809,196.30795
OUT_10201,75.28349,194.81071
OUT_10202,230.42586,338.30817
OUT_10203,67.53537,206.24702
OUT_10204,254.1393,417.7582
OUT_10205,67.15552,185.13297
OUT_10206,898.26465,1057.7561
OUT_10207,280.5412,431.77216
OUT_10208,930.8786,1175.8424
OUT_10209,262.27222,430.22195
OUT_10210,264.25452,441.2653
OUT_10211,264.90717,411.55637
OUT_10212,264.58112,407.59567
OUT_10213,1892.0322,2118.7185
OUT_10214,265.1057,412.34192
OUT_10215,908.8232,1093.7446
OUT_10216,75.256516,200.02199
OUT_10217,267.6004,429.72162
OUT_10218,920.31836,1114.674
OUT_10219,59.976658,184.53787
OUT_10220,100.95349,209.12454
OUT_10221,70.93382,195.06824
OUT_10222,289.5296,411.55637
OUT_10223,66.97037,192.65712
OUT_10224,71.4218,192.59296
OUT_10225,78.24687,197.97685
OUT_10226,245.99696,410.6387
OUT_10227,912.91864,1070.6951
OUT_10228,71.47754,197.53761
OUT_10229,929.049,1335.5878
OUT_10230,75.297455,196.82526
OUT_10231,919.1656,1061.8096
OUT_10232,76.75841,200.10905
OUT_10233,252.00038,369.61298
OUT_10234,268.85815,449.4352
OUT_10235,907.0594,1051.3234
OUT_10236,85.95647,205.80095
OUT_10237,257.89514,412.34192
OUT_10238,257.15002,410.61398
OUT_10239,284.08533,427.77905
OUT_10240,71.867645,216.03394
OUT_10241,72.41075,200.08961
OUT_10242,292.45554,444.5752
OUT_10243,918.85876,1087.2582
OUT_10244,1897.208,2135.682
OUT_10245,91.219986,203.68575
OUT_10246,263.3938,415.8719
OUT_10247,289.48444,418.40933
OUT_10248,905.60913,1090.7975
OUT_10249,281.97467,426.16888
OUT_10250,912.7453,1085.5565
OUT_10251,74.269516,199.47621
OUT_10252,88.346634,201.03645
OUT_10253,277.36053,410.06213
OUT_10254,917.7764,1131.0469
OUT_10255,55.532116,188.23772
OUT_10256,282.00797,473.5805
OUT_10257,63.290012,186.37773
OUT_10258,58.52831,180.91006
OUT_10259,916.00555,1081.7096
OUT_10260,913.55133,1252.2874
OUT_10261,78.62134,198.86143
OUT_10262,927.20166,1119.8739
OUT_10263,250.019,407.6396
OUT_10264,75.30318,198.77797
OUT_10265,263.8575,427.26706
OUT_10266,249.2665,402.6614
OUT_10267,265.7213,427.7258
OUT_10268,917.3283,1050.828
OUT_10269,94.61931,204.22743
OUT_10270,59.096546,177.16722
OUT_10271,62.878895,186.78816
OUT_10272,69.59868,194.98407
OUT_10273,82.569885,205.12679
OUT_10274,920.54095,1089.5231
OUT_10275,292.3188,420.92502
OUT_10276,73.11685,194.77502
OUT_10277,62.709347,186.19539
OUT_10278,85.47185,200.75772
OUT_10279,265.59503,429.54755
OUT_10280,74.467514,199.58475
OUT_10281,89.199814,203.20082
OUT_10282,924.2487,1106.5947
OUT_10283,935.7757,1317.0488
OUT_10284,288.1407,433.32623
OUT_10285,51.566914,184.38754
OUT_10286,262.13397,437.61258
OUT_10287,79.0912,202.67056
OUT_10288,291.68073,411.3704
OUT_10289,78.86499,199.82326
OUT_10290,80.80655,200.3833
OUT_10291,923.73914,1098.0513
OUT_10292,289.20483,411.55637
OUT_10293,83.45349,203.7875
OUT_10294,1894.1426,2136.5867
OUT_10295,48.927906,158.2777
OUT_10296,275.82043,422.10767
OUT_10297,278.57745,410.0487
OUT_10298,248.05916,391.52072
OUT_10299,1856.1775,2145.171
OUT_10300,63.84077,195.32503
OUT_10301,294.2599,424.8841
OUT_10302,911.03845,1087.3458
OUT_10303,905.7677,1071.027
OUT_10304,294.1054,428.38617
OUT_10305,79.038376,208.714
OUT_10306,75.10249,197.89865
OUT_10307,80.15312,196.18137
OUT_10308,917.6026,1122.5864
OUT_10309,78.38086,200.92937
OUT_10310,920.15234,1094.5668
OUT_10311,265.52625,429.02655
OUT_10312,292.22272,432.54883
OUT_10313,90.179855,203.15593
OUT_10314,252.98488,385.51416
OUT_10315,137.14906,342.15723
OUT_10316,901.6622,1053.6063
OUT_10317,269.8681,423.1394
OUT_10318,299.0843,448.3349
OUT_10319,286.65222,429.5396
OUT_10320,48.48698,180.33836
OUT_10321,68.08688,194.0533
OUT_10322,81.97801,201.35588
OUT_10323,234.39864,366.31323
OUT_10324,63.46442,189.18866
OUT_10325,293.20105,425.38065
OUT_10326,94.21518,208.85701
OUT_10327,911.8941,1126.9939
OUT_10328,244.85506,392.6813
OUT_10329,66.46138,194.08006
OUT_10330,82.4738,202.61778
OUT_10331,68.6402,196.96655
OUT_10332,85.36365,201.72461
OUT_10333,60.64223,186.95175
OUT_10334,922.6506,1193.8065
OUT_10335,898.3525,1044.4094
OUT_10336,268.16345,449.44495
OUT_10337,85.01161,201.72319
OUT_10338,80.647354,203.77504
OUT_10339,81.33281,196.63377
OUT_10340,296.95416,428.36392
OUT_10341,70.87671,190.49341
OUT_10342,281.29736,423.59335
OUT_10343,1858.1506,2129.2078
OUT_10344,64.23268,190.07687
OUT_10345,266.15887,434.0443
OUT_10346,919.19226,1149.9022
OUT_10347,105.46355,308.95352
OUT_10348,79.68364,204.42798
OUT_10349,936.59515,1329.4166
OUT_10350,880.4871,1098.1543
OUT_10351,87.62944,199.11354
OUT_10352,903.5962,1048.5897
OUT_10353,56.334682,179.46342
OUT_10354,69.08293,196.94528
OUT_10355,900.54803,1082.9542
OUT_10356,97.92432,201.26665
OUT_10357,76.629,196.5692
OUT_10358,263.47278,418.23007
OUT_10359,75.93404,204.22346
OUT_10360,250.45119,426.40372
OUT_10361,256.7799,393.4755
OUT_10362,286.95734,411.55637
OUT_10363,276.19623,392.54337
OUT_10364,254.3611,400.4931
OUT_10365,295.6458,432.07925
OUT_10366,266.63123,436.61142
OUT_10367,82.02336,204.08891
OUT_10368,65.66841,194.7626
OUT_10369,86.539444,208.76886
OUT_10370,285.04462,413.4257
OUT_10371,53.90366,176.28333
OUT_10372,943.91736,1142.9642
OUT_10373,83.40837,202.68428
OUT_10374,907.90753,1053.452
OUT_10375,911.62213,1059.2847
OUT_10376,71.28641,193.33858
OUT_10377,78.85138,198.33348
OUT_10378,50.89916,177.24779
OUT_10379,60.97256,200.12521
OUT_10380,276.627,414.84515
OUT_10381,899.89825,1055.1973
OUT_10382,924.29346,1137.492
OUT_10383,82.38063,218.35994
OUT_10384,84.81198,203.7267
OUT_10385,255.8412,422.54785
OUT_10386,73.99425,194.7347
OUT_10387,242.57784,390.31284
OUT_10388,291.38794,448.1671
OUT_10389,71.70961,195.9954
OUT_10390,262.66418,411.55637
OUT_10391,926.99396,1129.5991
OUT_10392,71.887024,195.30875
OUT_10393,79.39795,203.52179
OUT_10394,263.8238,395.24472
OUT_10395,84.17499,204.50116
OUT_10396,910.31366,1079.047
OUT_10397,1900.9675,2142.7197
OUT_10398,84.20567,207.99191
OUT_10399,906.3268,1068.3536
OUT_10400,268.30743,459.42078
OUT_10401,285.52753,413.2994
OUT_10402,254.9756,420.76746
OUT_10403,286.88965,404.92496
OUT_10404,78.1051,201.47131
OUT_10405,69.1389,192.1692
OUT_10406,86.47157,204.57245
OUT_10407,903.1012,1067.0775
OUT_10408,104.03032,210.07048
OUT_10409,98.87718,215.16808
OUT_10410,86.591995,204.69835
OUT_10411,97.23775,321.16125
OUT_10412,884.73114,1096.9907
OUT_10413,84.588,203.05515
OUT_10414,65.298615,192.05086
OUT_10415,244.39626,411.3704
OUT_10416,83.642105,200.0001
OUT_10417,73.903854,198.04996
OUT_10418,290.37366,447.5831
OUT_10419,62.203304,191.84654
OUT_10420,80.45668,201.60248
OUT_10421,65.27312,187.32018
OUT_10422,73.77814,196.84496
OUT_10423,925.01404,1151.4906
OUT_10424,74.11983,194.34543
OUT_10425,82.45538,196.77518
OUT_10426,52.097492,184.17365
OUT_10427,54.41351,184.42668
OUT_10428,910.9274,1047.437
OUT_10429,245.7986,409.2213
OUT_10430,80.14122,204.23174
OUT_10431,902.757,1046.3212
OUT_10432,910.56085,1121.4457
OUT_10433,914.9931,1134.4559
OUT_10434,896.52136,1065.3408
OUT_10435,77.11128,203.2069
OUT_10436,76.010635,200.82195
OUT_10437,75.34186,201.11899
OUT_10438,913.5639,1080.797
OUT_10439,69.782364,198.60748
OUT_10440,266.32355,439.0578
OUT_10441,262.21454,415.19202
OUT_10442,84.68623,202.27432
OUT_10443,83.709,204.80461
OUT_10444,269.2978,430.68353
OUT_10445,261.79706,424.91516
OUT_10446,282.96155,444.35028
OUT_10447,266.78644,419.35754
OUT_10448,913.5351,1067.5629
OUT_10449,265.6432,429.40994
OUT_10450,258.7273,414.60324
OUT_10451,88.05745,203.07202
OUT_10452,88.71471,206.40277
OUT_10453,91.120544,205.08458
OUT_10454,63.569416,187.90085
OUT_10455,67.60149,193.90242
OUT_10456,853.42834,1043.3286
OUT_10457,918.9144,1113.2751
OUT_10458,256.54675,426.50098
OUT_10459,913.715,1133.8838
OUT_10460,291.47437,416.6698
OUT_10461,87.13092,201.57777
OUT_10462,81.09836,209.55373
OUT_10463,64.34059,188.87888
OUT_10464,77.41655,202.79262
OUT_10465,89.62654,202.78345
OUT_10466,71.566666,196.806
OUT_10467,281.42883,428.19092
OUT_10468,281.17273,424.80045
OUT_10469,261.44946,410.67484
OUT_10470,97.48271,210.99187
OUT_10471,87.96129,205.06203
OUT_10472,263.95972,426.0894
OUT_10473,294.5556,437.11624
OUT_10474,91.69429,218.52464
OUT_10475,54.064,177.74632
OUT_10476,241.5431,361.27313
OUT_10477,79.94389,201.62308
OUT_10478,73.77721,198.64835
OUT_10479,494.71317,1206.9191
OUT_10480,82.50215,209.52759
OUT_10481,71.21152,194.70433
OUT_10482,900.9634,1064.2125
OUT_10483,254.54518,379.40186
OUT_10484,288.86072,457.38937
OUT_10485,73.128815,196.67497
OUT_10486,88.34462,200.88394
OUT_10487,78.07214,200.83942
OUT_10488,64.605804,202.09007
OUT_10489,921.6637,1110.7372
OUT_10490,287.51538,436.0992
OUT_10491,83.99603,202.4751
OUT_10492,68.87756,195.35686
OUT_10493,926.708,1124.0946
OUT_10494,908.1093,1064.048
OUT_10495,91.35268,205.6035
OUT_10496,286.49158,433.7398
OUT_10497,50.743877,166.60559
OUT_10498,267.3294,428.3394
OUT_10499,88.74049,203.03851
OUT_10500,50.816578,182.01323
OUT_10501,917.51105,1070.0725
OUT_10502,70.41272,193.74266
OUT_10503,905.86395,1067.3892
OUT_10504,1905.9688,2148.29
OUT_10505,913.88257,1068.4917
OUT_10506,82.52507,201.30957
OUT_10507,1991.3517,2138.686
OUT_10508,2049.5415,2137.3223
OUT_10509,258.10815,420.74768
OUT_10510,916.2693,1100.1101
OUT_10511,68.47081,190.92766
OUT_10512,80.031845,200.42996
OUT_10513,76.10861,203.69582
OUT_10514,264.1548,425.41782
OUT_10515,67.49281,194.44806
OUT_10516,860.71906,1093.8295
OUT_10517,90.78639,206.43948
OUT_10518,70.11479,195.9985
OUT_10519,76.931564,197.82848
OUT_10520,920.011,1116.157
OUT_10521,928.41943,1132.8552
OUT_10522,909.82874,1111.6145
OUT_10523,82.03505,200.33806
OUT_10524,286.86,421.67908
OUT_10525,291.23975,429.75574
OUT_10526,82.370255,205.05557
OUT_10527,96.042984,204.9079
OUT_10528,275.89185,408.36954
OUT_10529,264.29272,450.67996
OUT_10530,901.0332,1093.0422
OUT_10531,50.22069,182.07423
OUT_10532,83.56082,204.118
OUT_10533,920.8297,1100.5405
OUT_10534,67.081436,194.77571
OUT_10535,286.18927,408.88467
OUT_10536,54.19238,188.65056
OUT_10537,264.3869,419.64618
OUT_10538,69.375626,194.05856
OUT_10539,64.5399,190.32732
OUT_10540,70.524475,201.02628
OUT_10541,931.0262,1118.7764
OUT_10542,248.13121,426.95172
OUT_10543,261.89478,420.92502
OUT_10544,242.80159,401.05713
OUT_10545,931.17505,1143.0547
OUT_10546,86.38435,204.37074
OUT_10547,283.52954,421.59143
OUT_10548,61.445843,184.27676
OUT_10549,282.4771,426.96472
OUT_10550,917.9166,1102.7528
OUT_10551,61.933216,181.53085
OUT_10552,63.83151,188.55913
OUT_10553,205.17479,319.60675
OUT_10554,262.88837,411.79715
OUT_10555,83.92096,199.21709
OUT_10556,79.05907,201.39467
OUT_10557,286.97083,423.98334
OUT_10558,71.231995,194.30809
OUT_10559,73.06706,197.54947
OUT_10560,75.98364,198.15894
OUT_10561,65.99663,189.73737
OUT_10562,81.45885,201.77043
OUT_10563,78.72502,204.58218
OUT_10564,934.5715,1152.4133
OUT_10565,293.62714,436.9231
OUT_10566,319.29303,777.71436
OUT_10567,284.74738,414.492
OUT_10568,78.886246,200.87025
OUT_10569,904.9501,1061.966
OUT_10570,260.91278,411.9791
OUT_10571,296.82788,412.91666
OUT_10572,252.51228,404.76492
OUT_10573,86.28548,210.5148
OUT_10574,268.13782,387.77017
OUT_10575,79.376114,200.54222
OUT_10576,287.54715,480.84872
OUT_10577,90.738785,201.77344
OUT_10578,97.57152,207.84373
OUT_10579,273.6496,405.56125
OUT_10580,265.04315,432.3674
OUT_10581,259.46344,421.67087
OUT_10582,57.722775,185.83928
OUT_10583,929.22284,1121.0706
OUT_10584,71.26111,195.07289
OUT_10585,89.167496,207.23822
OUT_10586,260.7854,414.73965
OUT_10587,284.01733,411.50742
OUT_10588,79.79129,198.73277
OUT_10589,287.4278,411.3704
OUT_10590,72.839554,195.82668
OUT_10591,81.34686,203.33289
OUT_10592,286.73352,437.91467
OUT_10593,895.143,1045.6469
OUT_10594,292.37695,438.51425
OUT_10595,80.787994,200.46849
OUT_10596,80.69147,203.48378
OUT_10597,244.66103,449.2861
OUT_10598,915.0151,1082.784
OUT_10599,84.847824,195.71245
OUT_10600,912.9471,1097.0231
OUT_10601,257.17462,423.06625
OUT_10602,72.37216,183.8258
OUT_10603,75.82315,196.81837
OUT_10604,280.85046,431.66684
OUT_10605,81.39267,202.07841
OUT_10606,86.06752,200.22354
OUT_10607,99.44087,221.90666
OUT_10608,253.79494,408.0115
OUT_10609,72.74919,199.81213
OUT_10610,285.9599,424.8841
OUT_10611,251.8239,421.61655
OUT_10612,73.17949,198.66151
OUT_10613,289.21924,623.72534
OUT_10614,297.3894,431.1346
OUT_10615,81.299515,202.70564
OUT_10616,293.90057,412.75342
OUT_10617,910.6648,1104.136
OUT_10618,91.23949,205.03111
OUT_10619,53.18945,181.95267
OUT_10620,88.47548,203.82697
OUT_10621,265.79352,421.19083
OUT_10622,260.4635,392.86728
OUT_10623,83.16646,203.17863
OUT_10624,262.39612,439.90393
OUT_10625,84.362976,201.62682
OUT_10626,271.88345,458.9794
OUT_10627,82.41167,209.16502
OUT_10628,74.664444,193.85168
OUT_10629,91.51779,245.05737
OUT_10630,476.06735,1026.8096
OUT_10631,60.518726,186.29308
OUT_10632,928.36786,1185.2847
OUT_10633,876.9001,1106.03
OUT_10634,75.11629,198.38602
OUT_10635,75.58774,197.64383
OUT_10636,904.0939,1039.3826
OUT_10637,81.772,199.96991
OUT_10638,67.59627,189.51303
OUT_10639,214.2986,443.03604
OUT_10640,75.728134,203.01599
OUT_10641,265.30768,384.63202
OUT_10642,2014.4657,2136.4907
OUT_10643,69.51456,193.69646
OUT_10644,909.78345,1120.2136
OUT_10645,267.01147,444.61594
OUT_10646,75.15489,198.83601
OUT_10647,60.518093,183.76279
OUT_10648,285.95593,424.72223
OUT_10649,67.56171,192.41316
OUT_10650,78.588196,201.04271
OUT_10651,74.31247,199.76881
OUT_10652,270.5053,425.8692
OUT_10653,1891.8906,2127.9504
OUT_10654,78.30464,201.94057
OUT_10655,63.4956,192.36511
OUT_10656,91.72948,202.76732
OUT_10657,1891.7031,2130.139
OUT_10658,77.515686,195.66586
OUT_10659,250.86519,402.30908
OUT_10660,1904.8401,2138.6404
OUT_10661,45.64266,179.6456
OUT_10662,71.117584,193.4788
OUT_10663,281.47473,408.62607
OUT_10664,281.86597,409.19104
OUT_10665,231.42958,345.15726
OUT_10666,268.57715,430.22256
OUT_10667,293.3377,443.97745
OUT_10668,84.02692,203.37306
OUT_10669,1892.5894,2115.2395
OUT_10670,923.419,1049.9973
OUT_10671,256.39832,415.06458
OUT_10672,288.92407,412.1311
OUT_10673,74.07938,197.92484
OUT_10674,246.00197,410.3547
OUT_10675,80.566284,195.91133
OUT_10676,261.21893,411.67365
OUT_10677,99.26013,223.8286
OUT_10678,79.245926,197.75453
OUT_10679,289.7155,435.72278
OUT_10680,64.936005,187.46881
OUT_10681,79.369995,205.27924
OUT_10682,86.85655,204.0405
OUT_10683,919.1219,1095.5471
OUT_10684,89.20039,204.45422
OUT_10685,246.08711,427.07007
OUT_10686,283.42627,419.0289
OUT_10687,80.69493,200.25043
OUT_10688,296.41565,433.1811
OUT_10689,275.12903,421.4373
OUT_10690,81.10942,203.46951
OUT_10691,287.9751,429.86557
OUT_10692,265.73834,425.24207
OUT_10693,86.976974,206.3982
OUT_10694,265.06427,418.8653
OUT_10695,87.727554,203.44843
OUT_10696,917.6632,1065.8468
OUT_10697,69.73204,195.88646
OUT_10698,75.818375,200.04446
OUT_10699,1899.333,2130.6023
OUT_10700,61.442028,187.78749
OUT_10701,83.852356,202.1319
OUT_10702,93.06813,205.13806
OUT_10703,55.477734,184.24377
OUT_10704,87.354385,205.651
OUT_10705,1902.8162,2141.1104
OUT_10706,88.10927,201.92838
OUT_10707,74.02486,199.25519
OUT_10708,925.1198,1096.3208
OUT_10709,266.28113,424.27658
OUT_10710,2013.8173,2137.9258
OUT_10711,904.6244,1097.4402
OUT_10712,68.656815,190.72809
OUT_10713,77.622986,198.30984
OUT_10714,268.08472,403.63705
OUT_10715,284.22665,428.02512
OUT_10716,288.90436,428.69867
OUT_10717,896.99774,1063.4314
OUT_10718,77.01393,195.91386
OUT_10719,1900.4165,2138.4597
OUT_10720,245.0966,368.01978
OUT_10721,265.7436,412.34192
OUT_10722,292.63794,434.2129
OUT_10723,268.76227,442.21375
OUT_10724,89.79918,203.43361
OUT_10725,84.487625,203.6861
OUT_10726,57.794254,184.93407
OUT_10727,255.32387,430.61353
OUT_10728,937.2624,1136.952
OUT_10729,96.10094,209.63173
OUT_10730,1901.2458,2138.9792
OUT_10731,93.018234,213.83958
OUT_10732,78.62224,199.87872
OUT_10733,77.506485,202.76846
OUT_10734,285.41998,443.46533
OUT_10735,265.45496,429.67038
OUT_10736,90.65987,202.59125
OUT_10737,264.98993,434.61484
OUT_10738,87.47356,208.25856
OUT_10739,73.785736,201.64868
OUT_10740,70.93013,196.2675
OUT_10741,36.676365,180.79584
OUT_10742,93.692276,206.90376
OUT_10743,91.08601,207.96254
OUT_10744,81.003265,192.89891
OUT_10745,90.83882,207.28207
OUT_10746,60.97578,187.03445
OUT_10747,917.68994,1121.4792
OUT_10748,79.27887,201.94894
OUT_10749,80.686386,203.59462
OUT_10750,74.50931,199.57916
OUT_10751,69.387085,194.66083
OUT_10752,259.05835,423.08655
OUT_10753,74.74133,197.7466
OUT_10754,83.417786,201.02988
OUT_10755,93.88675,203.95343
OUT_10756,87.64958,203.93062
OUT_10757,78.015335,198.98448
OUT_10758,2013.8173,2137.512
OUT_10759,76.47157,202.3561
OUT_10760,917.0285,1075.8418
OUT_10761,267.84186,442.6789
OUT_10762,251.43999,407.45056
OUT_10763,252.72939,423.65048
OUT_10764,261.229,410.46426
OUT_10765,82.31514,201.68724
OUT_10766,58.774677,187.0443
OUT_10767,49.843746,186.15291
OUT_10768,229.14394,340.5801
OUT_10769,62.367077,176.04424
OUT_10770,931.733,1279.6742
OUT_10771,75.63455,197.27376
OUT_10772,90.85402,206.02863
OUT_10773,281.47314,420.74615
OUT_10774,74.12073,189.38864
OUT_10775,254.68398,414.27475
OUT_10776,915.49615,1055.4851
OUT_10777,66.624344,186.38893
OUT_10778,71.324036,193.16751
OUT_10779,488.47165,1042.8309
OUT_10780,285.70782,434.10242
OUT_10781,2015.9022,2136.4673
OUT_10782,260.91205,412.99106
OUT_10783,282.08765,422.86105
OUT_10784,62.83324,191.07874
OUT_10785,76.84807,200.61209
OUT_10786,60.887943,186.71062
OUT_10787,77.893036,199.61996
OUT_10788,881.6922,1077.7354
OUT_10789,66.22403,191.00565
OUT_10790,294.5711,428.85318
OUT_10791,89.732285,207.57118
OUT_10792,254.56233,404.48495
OUT_10793,919.4182,1084.0233
OUT_10794,1900.6318,2136.7268
OUT_10795,92.1642,206.48811
OUT_10796,280.64026,428.67673
OUT_10797,79.691666,200.41933
OUT_10798,1890.3616,2121.2625
OUT_10799,87.56395,201.22713
OUT_10800,88.61012,206.69902
OUT_10801,927.20557,1119.2006
OUT_10802,83.30321,204.24426
OUT_10803,910.5854,1045.9404
OUT_10804,927.4364,1117.6996
OUT_10805,905.93555,1069.1183
OUT_10806,82.41643,203.37051
OUT_10807,73.46103,198.47932
OUT_10808,81.15541,203.46022
OUT_10809,73.78058,196.47513
OUT_10810,294.61023,429.49673
OUT_10811,75.16414,202.81918
OUT_10812,88.42647,200.80621
OUT_10813,68.93811,196.38712
OUT_10814,111.84779,237.33884
OUT_10815,260.82645,448.15698
OUT_10816,291.93756,421.60733
OUT_10817,281.42163,410.765
OUT_10818,1902.279,2145.046
OUT_10819,264.18134,436.1683
OUT_10820,75.30646,197.65283
OUT_10821,294.20734,422.50354
OUT_10822,75.087814,200.8853
OUT_10823,72.86502,197.63004
OUT_10824,59.3764,183.62811
OUT_10825,274.4717,394.71698
OUT_10826,922.9004,1122.6359
OUT_10827,906.1121,1067.2766
OUT_10828,930.24084,1087.6187
OUT_10829,95.58229,205.07602
OUT_10830,70.61072,205.84021
OUT_10831,65.25247,191.2575
OUT_10832,96.505356,220.71494
OUT_10833,293.04364,438.5395
OUT_10834,2012.3807,2136.4702
OUT_10835,70.8322,195.50952
OUT_10836,84.233185,199.72708
OUT_10837,80.11757,206.4986
OUT_10838,250.89803,411.57385
OUT_10839,259.54553,422.93198
OUT_10840,84.73491,202.94472
OUT_10841,927.3563,1122.9974
OUT_10842,292.59064,412.34192
OUT_10843,77.747375,202.435
OUT_10844,262.1905,447.41736
OUT_10845,896.8326,1061.5496
OUT_10846,79.844376,195.16122
OUT_10847,77.03975,201.32068
OUT_10848,67.35649,185.8431
OUT_10849,934.0097,1127.1895
OUT_10850,83.103134,204.16187
OUT_10851,40.14002,160.0618
OUT_10852,246.34517,421.20935
OUT_10853,68.90732,192.08661
OUT_10854,905.9821,1062.7313
OUT_10855,61.669804,207.09189
OUT_10856,92.99632,222.43909
OUT_10857,242.64919,386.07584
OUT_10858,77.809296,197.37054
OUT_10859,924.02313,1116.0173
OUT_10860,88.21315,206.09143
OUT_10861,285.98724,404.53256
OUT_10862,62.172466,189.08014
OUT_10863,86.119675,198.42422
OUT_10864,258.7281,420.41208
OUT_10865,300.45132,692.013
OUT_10866,68.09175,193.33768
OUT_10867,299.83118,473.98718
OUT_10868,91.19322,215.16763
OUT_10869,55.17304,182.58675
OUT_10870,88.14833,207.74094
OUT_10871,273.65393,413.05286
OUT_10872,923.6439,1131.1406
OUT_10873,72.19737,197.48914
OUT_10874,69.225006,186.8145
OUT_10875,883.1578,1017.61005
OUT_10876,903.0412,1042.6389
OUT_10877,252.62929,398.47134
OUT_10878,90.16881,207.03381
OUT_10879,260.96625,427.66342
OUT_10880,292.42786,449.96268
OUT_10881,66.46832,191.681
OUT_10882,923.2973,1056.5852
OUT_10883,954.66864,1305.7905
OUT_10884,95.031784,206.82687
OUT_10885,89.67619,202.94006
OUT_10886,75.63278,202.41637
OUT_10887,914.06067,1087.8413
OUT_10888,76.75804,201.71715
OUT_10889,71.118515,194.27994
OUT_10890,293.91718,428.75204
OUT_10891,902.3325,1103.3413
OUT_10892,65.14159,195.7433
OUT_10893,72.33714,195.89696
OUT_10894,926.16205,1093.2827
OUT_10895,73.31488,195.60704
OUT_10896,89.07112,202.87158
OUT_10897,70.72461,191.78482
OUT_10898,88.98369,204.50914
OUT_10899,70.57228,197.91353
OUT_10900,79.50961,200.81187
OUT_10901,83.50969,200.30203
OUT_10902,909.4361,1059.8798
OUT_10903,923.96466,1080.0955
OUT_10904,83.07956,202.8537
OUT_10905,85.08946,203.23848
OUT_10906,65.99771,191.19647
OUT_10907,69.63687,197.59044
OUT_10908,69.36453,196.44362
OUT_10909,83.41373,200.80804
OUT_10910,904.847,1046.7472
OUT_10911,60.939983,184.50812
OUT_10912,78.21428,199.54643
OUT_10913,264.78583,429.9303
OUT_10914,911.3539,1051.9537
OUT_10915,72.6682,193.96162
OUT_10916,261.53088,424.3087
OUT_10917,276.88214,423.0416
OUT_10918,68.56506,191.45148
OUT_10919,75.7074,187.11661
OUT_10920,80.62598,205.76875
OUT_10921,915.3315,1074.5544
OUT_10922,271.79575,427.76993
OUT_10923,911.7458,1084.8843
OUT_10924,914.1723,1066.8424
OUT_10925,927.3408,1119.203
OUT_10926,67.30278,190.12589
OUT_10927,78.918304,201.31357
OUT_10928,85.51381,201.95876
OUT_10929,906.9194,1040.1621
OUT_10930,916.422,1094.9167
OUT_10931,82.326324,201.10225
OUT_10932,929.7723,1088.6952
OUT_10933,249.19624,401.45038
OUT_10934,97.14162,208.82704
OUT_10935,931.68494,1119.932
OUT_10936,61.47291,183.00659
OUT_10937,76.08925,198.27876
OUT_10938,918.15344,1098.2964
OUT_10939,255.61354,422.5836
OUT_10940,900.6548,1067.0182
OUT_10941,915.27,1109.1974
OUT_10942,66.75624,198.22502
OUT_10943,908.4897,1044.7645
OUT_10944,75.947235,194.12152
OUT_10945,57.641315,190.31215
OUT_10946,50.650326,178.38016
OUT_10947,90.20204,200.73135
OUT_10948,51.188572,181.68906
OUT_10949,59.16924,184.98384
OUT_10950,65.84857,187.91342
OUT_10951,77.48877,201.88354
OUT_10952,922.42645,1096.4274
OUT_10953,286.59064,407.25827
OUT_10954,1982.7731,2132.664
OUT_10955,76.19943,201.71373
OUT_10956,78.15492,203.1148
OUT_10957,927.6668,1156.8568
OUT_10958,60.09717,184.87154
OUT_10959,924.6426,1147.7966
OUT_10960,264.96954,422.22205
OUT_10961,87.68283,241.12843
OUT_10962,1897.7097,2136.7874
OUT_10963,924.86304,1115.6896
OUT_10964,1898.6631,2136.2332
OUT_10965,61.970173,183.85658
OUT_10966,1902.676,2143.731
OUT_10967,916.6584,1079.1412
OUT_10968,939.26996,1228.8115
OUT_10969,77.15994,195.22472
OUT_10970,262.56702,437.34515
OUT_10971,79.419586,199.57616
OUT_10972,89.348404,215.70013
OUT_10973,61.33566,183.85208
OUT_10974,260.1499,411.3704
OUT_10975,291.10913,423.2763
OUT_10976,78.789185,201.49962
OUT_10977,80.86798,197.22038
OUT_10978,72.983215,191.39516
OUT_10979,71.845795,197.83203
OUT_10980,909.5655,1044.6036
OUT_10981,86.02078,200.99568
OUT_10982,274.00275,394.5234
OUT_10983,249.2588,410.76794
OUT_10984,54.832653,181.45808
OUT_10985,258.4939,415.2998
OUT_10986,74.76163,197.74576
OUT_10987,261.34277,403.02884
OUT_10988,286.66736,412.40872
OUT_10989,906.2867,1046.6241
OUT_10990,837.0057,974.5789
OUT_10991,77.581924,204.5267
OUT_10992,86.08452,200.18578
OUT_10993,913.0442,1058.7135
OUT_10994,78.68416,201.83725
OUT_10995,85.10927,200.15079
OUT_10996,1953.8037,2115.7349
OUT_10997,1900.3972,2137.4993
OUT_10998,90.63368,208.67276
OUT_10999,916.3757,1075.1294
OUT_11000,66.80264,186.68857
OUT_11001,286.64594,431.21613
OUT_11002,70.81027,193.3942
OUT_11003,932.2666,1173.1864
OUT_11004,70.02307,195.14386
OUT_11005,298.8374,429.54883
OUT_11006,259.4477,417.68
OUT_11007,71.84685,196.48409
OUT_11008,920.9206,1150.467
OUT_11009,291.19226,447.67838
OUT_11010,267.60376,428.50964
OUT_11011,68.5824,198.21637
OUT_11012,63.8159,188.39987
OUT_11013,261.8456,441.82526
OUT_11014,60.245075,182.07155
OUT_11015,919.5915,1127.5247
OUT_11016,61.981754,186.1408
OUT_11017,919.3279,1122.039
OUT_11018,70.43381,193.01436
OUT_11019,60.96889,184.83643
OUT_11020,90.49162,204.4553
OUT_11021,932.49,1128.3221
OUT_11022,67.20189,211.37367
OUT_11023,79.67801,200.14012
OUT_11024,83.19885,207.11118
OUT_11025,254.56728,416.15997
OUT_11026,73.29863,193.55304
OUT_11027,294.31622,432.90964
OUT_11028,245.93611,353.10675
OUT_11029,1985.2067,2136.395
OUT_11030,73.22987,199.70819
OUT_11031,86.21231,202.97116
OUT_11032,89.520004,202.4963
OUT_11033,266.3545,430.3895
OUT_11034,284.08667,412.22015
OUT_11035,76.12515,200.61458
OUT_11036,265.6147,429.002
OUT_11037,73.404755,199.85623
OUT_11038,286.9256,433.42886
OUT_11039,900.6316,1059.9014
OUT_11040,63.914524,186.49982
OUT_11041,95.8835,210.03224
OUT_11042,262.58337,430.37238
OUT_11043,920.76965,1064.4126
OUT_11044,91.98726,206.34418
OUT_11045,243.07487,369.22385
OUT_11046,247.98842,364.4209
OUT_11047,86.46095,199.05496
OUT_11048,268.15125,434.012
OUT_11049,265.39038,428.91397
OUT_11050,247.8221,392.2592
OUT_11051,277.91956,423.54382
OUT_11052,914.0575,1058.3462
OUT_11053,71.39462,195.15125
OUT_11054,263.32428,420.13098
OUT_11055,295.71844,411.55637
OUT_11056,1900.904,2140.0134
OUT_11057,283.10883,422.85562
OUT_11058,78.46329,198.86703
OUT_11059,73.83551,202.22643
OUT_11060,287.10834,420.73502
OUT_11061,82.20946,204.82938
OUT_11062,82.44768,204.83565
OUT_11063,918.14465,1113.733
OUT_11064,293.61713,421.9747
OUT_11065,68.88074,188.74646
OUT_11066,71.79755,196.21225
OUT_11067,68.42122,187.67505
OUT_11068,925.4058,1074.2772
OUT_11069,482.39493,1085.066
OUT_11070,267.1789,442.21375
OUT_11071,66.865524,192.41336
OUT_11072,82.04997,195.94203
OUT_11073,87.01457,206.66115
OUT_11074,75.99806,189.81836
OUT_11075,63.662174,191.4327
OUT_11076,297.25378,430.44785
OUT_11077,922.5057,1094.367
OUT_11078,69.04547,192.77365
OUT_11079,72.41951,197.77739
OUT_11080,77.854935,201.00772
OUT_11081,292.06134,439.45975
OUT_11082,78.48825,201.99466
OUT_11083,240.69331,366.97388
OUT_11084,285.17914,429.17163
OUT_11085,91.05809,221.33777
OUT_11086,73.86235,199.69916
OUT_11087,60.321133,185.47931
OUT_11088,72.60913,188.90462
OUT_11089,288.83008,404.3321
OUT_11090,927.6844,1242.615
OUT_11091,83.64053,203.07677
OUT_11092,292.84595,412.16458
OUT_11093,70.40187,197.61691
OUT_11094,1898.8181,2136.5496
OUT_11095,74.09503,197.51093
OUT_11096,71.81998,189.7789
OUT_11097,285.2788,414.74017
OUT_11098,913.0751,1076.1274
OUT_11099,49.820866,180.30974
OUT_11100,84.27606,203.57848
OUT_11101,920.8886,1138.6896
OUT_11102,85.71448,207.11359
OUT_11103,73.8266,199.82564
OUT_11104,79.3306,200.9748
OUT_11105,904.66833,1057.4756
OUT_11106,908.25714,1072.5173
OUT_11107,240.39803,412.27228
OUT_11108,1894.5015,2128.7273
OUT_11109,260.48,447.9399
OUT_11110,277.8764,411.85272
OUT_11111,87.17177,205.29243
OUT_11112,888.55493,1054.2338
OUT_11113,240.44142,408.51245
OUT_11114,255.67543,434.06052
OUT_11115,68.263,191.94022
OUT_11116,83.1219,198.9153
OUT_11117,292.8152,403.60358
OUT_11118,79.14583,201.3523
OUT_11119,296.875,438.43076
OUT_11120,914.1212,1059.1455
OUT_11121,56.451702,175.02489
OUT_11122,85.81201,210.74706
OUT_11123,921.0607,1095.8312
OUT_11124,915.359,1074.43
OUT_11125,254.64815,413.30814
OUT_11126,87.56633,201.72763
OUT_11127,74.953125,194.7283
OUT_11128,925.9247,1103.2782
OUT_11129,87.59221,209.17941
OUT_11130,77.116196,200.43729
OUT_11131,906.9386,1048.3525
OUT_11132,273.73825,462.5657
OUT_11133,268.62714,427.1644
OUT_11134,78.68771,205.42952
OUT_11135,78.653915,197.40547
OUT_11136,86.24599,200.2923
OUT_11137,80.1302,200.15143
OUT_11138,285.23456,405.89667
OUT_11139,265.55804,432.41727
OUT_11140,910.8493,1061.4865
OUT_11141,261.99512,421.64966
OUT_11142,68.05966,186.85123
OUT_11143,1899.7546,2133.3806
OUT_11144,89.89879,209.46658
OUT_11145,253.6136,403.48862
OUT_11146,70.34244,187.59772
OUT_11147,93.86073,207.05424
OUT_11148,80.17276,199.97696
OUT_11149,73.91263,200.28491
OUT_11150,899.9377,1061.7418
OUT_11151,262.96808,425.6446
OUT_11152,909.187,1057.6896
OUT_11153,262.90656,426.08414
OUT_11154,68.1826,190.34845
OUT_11155,114.25923,236.22449
OUT_11156,77.48784,203.13905
OUT_11157,254.04634,415.9438
OUT_11158,254.99388,428.15723
OUT_11159,72.958206,202.35075
OUT_11160,279.78302,411.4677
OUT_11161,61.645145,186.82114
OUT_11162,94.90254,208.56956
OUT_11163,253.17494,431.31616
OUT_11164,72.10573,195.09619
OUT_11165,1991.3517,2130.6167
OUT_11166,78.11197,205.7337
OUT_11167,279.53253,423.09882
OUT_11168,928.8769,1137.11
OUT_11169,89.94707,206.98029
OUT_11170,80.29051,204.03426
OUT_11171,96.20018,203.62776
OUT_11172,294.40204,448.57468
OUT_11173,92.61008,211.5756
OUT_11174,59.600163,184.57375
OUT_11175,242.3116,411.83102
OUT_11176,291.31342,436.877
OUT_11177,920.80774,1117.6233
OUT_11178,84.76616,206.66792
OUT_11179,263.67847,426.1958
OUT_11180,69.655685,190.14421
OUT_11181,83.55388,201.77138
OUT_11182,896.0922,1106.2242
OUT_11183,292.1385,446.74942
OUT_11184,71.47649,198.95334
OUT_11185,67.62537,198.583
OUT_11186,248.85811,406.97528
OUT_11187,922.3552,1083.6211
OUT_11188,77.32637,200.52727
OUT_11189,262.0244,433.07587
OUT_11190,76.70738,206.1265
OUT_11191,93.54088,217.79863
OUT_11192,295.77148,442.84863
OUT_11193,71.89789,195.4004
OUT_11194,63.06055,193.85577
OUT_11195,293.34613,403.02884
OUT_11196,71.02765,201.57582
OUT_11197,260.72235,414.0387
OUT_11198,293.7422,448.92337
OUT_11199,900.6309,1031.7605
OUT_11200,67.188324,189.0158
OUT_11201,263.81104,412.85962
OUT_11202,61.1758,189.92221
OUT_11203,82.72145,213.03893
OUT_11204,1894.4119,2136.8406
OUT_11205,77.20953,201.29828
OUT_11206,77.96242,203.17738
OUT_11207,72.615814,195.27104
OUT_11208,911.811,1105.3665
OUT_11209,55.80476,182.20682
OUT_11210,73.74898,195.55385
OUT_11211,94.813065,211.71193
OUT_11212,299.4057,430.33554
OUT_11213,287.29828,428.7454
OUT_11214,1991.3517,2139.8389
OUT_11215,79.05115,202.90485
OUT_11216,80.60719,202.28511
OUT_11217,1899.7925,2138.3245
OUT_11218,253.29591,413.84335
OUT_11219,927.1839,1064.3774
OUT_11220,75.02669,200.47223
OUT_11221,37.750095,175.1299
OUT_11222,1991.3517,2140.209
OUT_11223,77.27286,202.55362
OUT_11224,84.566986,202.96307
OUT_11225,918.5536,1142.7244
OUT_11226,83.76993,208.09308
OUT_11227,51.99911,181.0203
OUT_11228,72.785355,208.82797
OUT_11229,254.86299,392.86728
OUT_11230,81.74654,201.48259
OUT_11231,259.02472,405.74722
OUT_11232,2015.5004,2135.9673
OUT_11233,917.97546,1127.3655
OUT_11234,74.87335,204.05737
OUT_11235,50.494396,169.9663
OUT_11236,262.96722,423.45264
OUT_11237,62.294262,186.42445
OUT_11238,71.48985,195.26031
OUT_11239,927.2624,1074.2772
OUT_11240,300.257,461.41837
OUT_11241,74.86305,195.031
OUT_11242,74.37358,194.77296
OUT_11243,79.866516,197.9865
OUT_11244,92.19725,204.07112
OUT_11245,239.71266,416.22748
OUT_11246,81.87732,201.60223
OUT_11247,79.66693,201.5857
OUT_11248,47.10564,179.8389
OUT_11249,250.1324,393.98456
OUT_11250,290.67712,437.0915
OUT_11251,1986.7015,2139.6855
OUT_11252,87.46663,242.54173
OUT_11253,914.613,1085.9602
OUT_11254,283.22412,422.70398
OUT_11255,295.10638,450.13333
OUT_11256,239.04848,409.49054
OUT_11257,68.7827,188.3317
OUT_11258,87.73906,200.3912
OUT_11259,92.16896,206.86363
OUT_11260,893.6251,1068.3433
OUT_11261,1899.4514,2137.1638
OUT_11262,81.982544,203.95
OUT_11263,77.94527,201.8303
OUT_11264,84.087845,201.46454
OUT_11265,908.6075,1070.7877
OUT_11266,85.75917,209.99924
OUT_11267,81.21539,200.51033
OUT_11268,243.60158,404.76492
OUT_11269,1865.4841,2135.6716
OUT_11270,78.91263,235.06296
OUT_11271,91.3201,208.13222
OUT_11272,72.22308,196.6631
OUT_11273,296.44818,411.6713
OUT_11274,68.07405,197.45026
OUT_11275,73.55182,198.96866
OUT_11276,223.3683,395.97324
OUT_11277,81.62099,206.41296
OUT_11278,75.269684,197.29375
OUT_11279,76.80972,198.94167
OUT_11280,940.2572,1243.874
OUT_11281,74.040634,195.83702
OUT_11282,88.4832,203.5014
OUT_11283,88.9565,201.42227
OUT_11284,83.52138,200.9089
OUT_11285,87.87947,208.50865
OUT_11286,262.2989,420.0788
OUT_11287,67.54375,190.817
OUT_11288,915.3703,1088.8276
OUT_11289,68.78403,192.25568
OUT_11290,261.23285,428.44156
OUT_11291,914.2618,1079.1619
OUT_11292,64.9301,185.96252
OUT_11293,294.30658,433.51254
OUT_11294,51.34917,183.85846
OUT_11295,91.38905,200.52843
OUT_11296,924.02527,1087.2004
OUT_11297,256.66168,414.91406
OUT_11298,294.99677,429.93866
OUT_11299,64.13458,192.4761
OUT_11300,84.43268,203.43236
OUT_11301,86.09236,202.93027
OUT_11302,86.3271,202.36833
OUT_11303,917.7184,1116.9315
OUT_11304,79.21106,197.80833
OUT_11305,1903.0457,2134.2805
OUT_11306,266.53833,412.34192
OUT_11307,2011.8392,2127.8909
OUT_11308,291.9002,420.03156
OUT_11309,924.03296,1113.2743
OUT_11310,260.42102,445.3686
OUT_11311,85.28349,210.76743
OUT_11312,62.34067,186.25844
OUT_11313,89.33234,218.4239
OUT_11314,855.74536,1028.4869
OUT_11315,285.60486,446.76913
OUT_11316,925.77747,1120.0337
OUT_11317,916.982,1112.494
OUT_11318,922.5545,1077.8252
OUT_11319,70.67879,197.28831
OUT_11320,50.873814,181.6811
OUT_11321,288.51172,412.16458
OUT_11322,911.7697,1080.2878
OUT_11323,298.9632,429.4608
OUT_11324,78.95682,205.38799
OUT_11325,91.30556,200.12288
OUT_11326,294.7213,427.89163
OUT_11327,81.50786,197.8026
OUT_11328,911.7089,1070.8425
OUT_11329,77.31793,201.6483
OUT_11330,907.12195,1061.8118
OUT_11331,251.91353,411.3704
OUT_11332,89.47069,202.32901
OUT_11333,266.12384,449.6983
OUT_11334,89.32826,206.5792
OUT_11335,66.11528,191.48813
OUT_11336,261.61017,428.54013
OUT_11337,275.49976,425.97534
OUT_11338,256.9419,417.8174
OUT_11339,81.93742,201.63332
OUT_11340,250.48958,402.19986
OUT_11341,87.90584,205.86427
OUT_11342,289.5544,444.7834
OUT_11343,83.29233,202.93507
OUT_11344,48.136265,180.15924
OUT_11345,63.61382,187.19063
OUT_11346,265.56165,425.8104
OUT_11347,268.268,419.3641
OUT_11348,71.134705,190.90695
OUT_11349,88.75955,200.26204
OUT_11350,276.33722,392.0371
OUT_11351,55.832966,181.41283
OUT_11352,282.36298,421.95108
OUT_11353,75.232666,201.09389
OUT_11354,919.61383,1076.5778
OUT_11355,74.437256,198.6198
OUT_11356,90.158615,203.49475
OUT_11357,236.74873,406.40067
OUT_11358,92.22179,204.35457
OUT_11359,1969.9286,2135.7527
OUT_11360,267.17377,433.4714
OUT_11361,244.98042,418.45078
OUT_11362,293.68945,402.53555
OUT_11363,75.47424,197.29828
OUT_11364,64.05397,193.5984
OUT_11365,259.9712,410.5093
OUT_11366,73.24599,199.16629
OUT_11367,82.990585,207.59845
OUT_11368,1890.2964,2133.3186
OUT_11369,74.96724,195.60548
OUT_11370,88.43324,207.37247
OUT_11371,289.7143,429.671
OUT_11372,917.511,1117.9946
OUT_11373,262.70477,420.0774
OUT_11374,81.63905,202.89288
OUT_11375,270.8366,427.40985
OUT_11376,247.6393,393.3725
OUT_11377,62.053562,186.5128
OUT_11378,262.32367,446.57596
OUT_11379,85.01999,200.927
OUT_11380,82.45349,204.85156
OUT_11381,278.71417,403.23615
OUT_11382,76.80943,201.08951
OUT_11383,254.33278,404.1567
OUT_11384,261.46393,422.20776
OUT_11385,274.37128,413.46265
OUT_11386,293.12823,445.4687
OUT_11387,78.37169,197.91132
OUT_11388,293.5707,412.41507
OUT_11389,74.980606,195.81519
OUT_11390,53.026493,180.96555
OUT_11391,82.89026,202.84756
OUT_11392,845.7649,1060.2083
OUT_11393,56.7113,186.36977
OUT_11394,909.7293,1108.9258
OUT_11395,276.97955,483.48273
OUT_11396,295.39038,415.57904
OUT_11397,927.7708,1279.8333
OUT_11398,254.54243,429.32532
OUT_11399,70.844315,206.15466
OUT_11400,73.42679,198.096
OUT_11401,284.18683,430.78735
OUT_11402,83.5484,203.23488
OUT_11403,931.4751,1170.3539
OUT_11404,72.02722,196.18306
OUT_11405,69.00336,194.4708
OUT_11406,931.34515,1140.5132
OUT_11407,86.00581,199.94621
OUT_11408,81.7296,202.91142
OUT_11409,268.47644,396.07693
OUT_11410,263.21002,425.3292
OUT_11411,84.93585,200.82802
OUT_11412,33.740543,156.73419
OUT_11413,912.26105,1090.8365
OUT_11414,86.250046,199.76208
OUT_11415,61.68739,204.11452
OUT_11416,931.4442,1140.3041
OUT_11417,87.471054,203.67072
OUT_11418,73.79439,198.95993
OUT_11419,84.69212,202.23824
OUT_11420,230.49416,362.81293
OUT_11421,906.3289,1068.5117
OUT_11422,273.15125,403.97073
OUT_11423,249.65852,412.9465
OUT_11424,276.91028,411.61563
OUT_11425,95.53531,212.96144
OUT_11426,1857.865,2132.9143
OUT_11427,297.40057,445.24426
OUT_11428,265.2823,424.69357
OUT_11429,76.85127,194.71947
OUT_11430,65.55348,204.76985
OUT_11431,253.94545,413.00818
OUT_11432,294.83844,426.42334
OUT_11433,81.93135,200.41849
OUT_11434,921.7293,1101.7418
OUT_11435,75.4003,204.2973
OUT_11436,84.50833,205.23624
OUT_11437,925.60144,1115.4113
OUT_11438,915.2061,1061.8367
OUT_11439,264.71698,431.90558
OUT_11440,81.19032,204.25046
OUT_11441,92.28969,203.96255
OUT_11442,42.586056,169.6459
OUT_11443,78.715225,196.81528
OUT_11444,41.02213,146.15096
OUT_11445,72.982956,189.4287
OUT_11446,264.59204,426.87497
OUT_11447,931.50836,1257.1317
OUT_11448,64.92403,182.26913
OUT_11449,261.81,414.08878
OUT_11450,57.629894,184.82104
OUT_11451,79.42885,202.98734
OUT_11452,94.382034,216.75749
OUT_11453,263.33813,439.57904
OUT_11454,259.16388,411.55637
OUT_11455,286.7652,434.24515
OUT_11456,76.59279,195.0798
OUT_11457,251.55757,411.3704
OUT_11458,924.32684,1143.6095
OUT_11459,65.390015,188.78708
OUT_11460,1904.9521,2140.6858
OUT_11461,78.50368,196.88196
OUT_11462,85.797195,200.19173
OUT_11463,39.02335,160.25928
OUT_11464,283.22174,432.17514
OUT_11465,1900.2078,2135.1584
OUT_11466,81.81485,207.07927
OUT_11467,64.69615,183.26938
OUT_11468,257.2752,444.0923
OUT_11469,88.77284,201.71124
OUT_11470,51.83227,173.59032
OUT_11471,265.4325,449.65582
OUT_11472,80.03294,205.27306
OUT_11473,291.71082,441.05426
OUT_11474,74.34653,205.37102
OUT_11475,928.8521,1118.643
OUT_11476,53.54172,184.34534
OUT_11477,78.36618,198.48282
OUT_11478,78.128586,204.71005
OUT_11479,251.57893,403.88754
OUT_11480,68.23163,192.35114
OUT_11481,71.45596,188.29707
OUT_11482,242.54848,364.90698
OUT_11483,257.9389,412.9898
OUT_11484,257.70013,405.32666
OUT_11485,60.953213,191.64658
OUT_11486,267.88873,434.3054
OUT_11487,256.14142,411.3704
OUT_11488,246.75783,408.75638
OUT_11489,298.03827,430.20023
OUT_11490,243.51271,392.82928
OUT_11491,289.89685,426.7783
OUT_11492,264.8404,440.7114
OUT_11493,261.391,412.84546
OUT_11494,72.094925,198.07254
OUT_11495,274.63226,427.10358
OUT_11496,67.70476,198.75964
OUT_11497,1902.0322,2141.9724
OUT_11498,66.267456,190.97337
OUT_11499,90.52608,216.03943
OUT_11500,900.6586,1098.0352
OUT_11501,53.71049,170.02501
OUT_11502,869.93823,1098.7229
OUT_11503,250.1006,360.80817
OUT_11504,916.9049,1135.6146
OUT_11505,88.13298,209.59357
OUT_11506,295.54333,431.36185
OUT_11507,69.058395,192.91574
OUT_11508,281.42798,406.46408
OUT_11509,61.47578,187.65514
OUT_11510,237.03981,359.92764
OUT_11511,290.0454,427.44327
OUT_11512,916.4634,1062.0203
OUT_11513,241.8348,404.39346
OUT_11514,42.43031,147.5339
OUT_11515,915.0879,1130.2622
OUT_11516,82.285934,205.27844
OUT_11517,262.94714,447.8908
OUT_11518,81.69554,201.77203
OUT_11519,33.793995,149.87529
OUT_11520,253.8304,419.2195
OUT_11521,77.22473,202.40115
OUT_11522,258.13757,410.97693
OUT_11523,926.66315,1129.5991
OUT_11524,75.088165,194.8997
OUT_11525,89.44432,201.62297
OUT_11526,69.464645,183.0338
OUT_11527,89.66795,206.41347
OUT_11528,74.71684,199.18657
OUT_11529,73.673325,189.07634
OUT_11530,58.820827,188.23065
OUT_11531,216.93477,409.81287
OUT_11532,912.2643,1087.3116
OUT_11533,69.68817,193.47646
OUT_11534,924.4648,1089.9066
OUT_11535,278.24194,424.63876
OUT_11536,264.3999,410.91702
OUT_11537,81.571,200.40593
OUT_11538,78.57524,200.92267
OUT_11539,246.8597,399.17072
OUT_11540,915.5324,1082.4082
OUT_11541,283.3764,425.36044
OUT_11542,92.90172,205.53252
OUT_11543,82.898056,204.75339
OUT_11544,62.409313,187.97972
OUT_11545,929.3626,1115.9844
OUT_11546,73.38893,199.3365
OUT_11547,900.4451,1051.2196
OUT_11548,72.5224,196.34808
OUT_11549,256.78406,423.34506
OUT_11550,76.72836,198.29242
OUT_11551,71.97934,198.0494
OUT_11552,76.7917,202.34326
OUT_11553,85.54759,201.47388
OUT_11554,79.43628,200.79128
OUT_11555,55.4668,183.5038
OUT_11556,87.38133,203.19649
OUT_11557,261.60107,440.49963
OUT_11558,68.82817,191.54192
OUT_11559,909.41656,1090.2643
OUT_11560,261.00995,425.03323
OUT_11561,70.98764,193.75902
OUT_11562,88.32408,198.2794
OUT_11563,927.9988,1138.9622
OUT_11564,79.682144,207.02426
OUT_11565,259.4855,471.48578
OUT_11566,72.79198,194.488
OUT_11567,915.5017,1074.4104
OUT_11568,73.09924,199.78679
OUT_11569,896.96783,1058.0717
OUT_11570,60.224964,187.37288
OUT_11571,252.44081,395.58566
OUT_11572,87.40575,202.61182
OUT_11573,228.27074,342.49942
OUT_11574,251.26765,402.25766
OUT_11575,70.681335,199.34175
OUT_11576,288.5418,430.71188
OUT_11577,77.85939,198.99629
OUT_11578,280.11975,482.47906
OUT_11579,77.659256,198.19672
OUT_11580,83.24097,201.16118
OUT_11581,65.2899,197.05621
OUT_11582,90.51985,204.88664
OUT_11583,236.615,408.55334
OUT_11584,912.64844,1065.9653
OUT_11585,295.42755,410.15683
OUT_11586,83.18443,208.93626
OUT_11587,254.8127,414.7473
OUT_11588,1904.3442,2139.033
OUT_11589,256.6255,426.87048
OUT_11590,1898.5994,2137.964
OUT_11591,74.34395,198.02948
OUT_11592,75.732544,197.66623
OUT_11593,76.99721,197.83948
OUT_11594,68.1201,193.2685
OUT_11595,26.157734,146.3857
OUT_11596,65.64523,192.52264
OUT_11597,74.423355,197.208
OUT_11598,270.44757,430.36438
OUT_11599,913.0809,1052.3693
OUT_11600,54.36778,185.15202
OUT_11601,922.6075,1111.617
OUT_11602,75.9949,207.01297
OUT_11603,93.10179,221.19875
OUT_11604,73.94426,198.71916
OUT_11605,2029.2313,2130.125
OUT_11606,294.06293,411.3704
OUT_11607,271.15485,430.1651
OUT_11608,59.5529,200.96825
OUT_11609,78.89549,202.3921
OUT_11610,81.55792,208.34055
OUT_11611,891.5982,1126.9208
OUT_11612,74.71478,198.32123
OUT_11613,906.7386,1136.4055
OUT_11614,77.06308,202.48062
OUT_11615,229.37422,393.7274
OUT_11616,293.26392,426.18658
OUT_11617,246.32173,447.38077
OUT_11618,276.85846,411.091
OUT_11619,1761.3594,2113.733
OUT_11620,95.80397,208.53473
OUT_11621,77.897446,201.59943
OUT_11622,924.62286,1069.3649
OUT_11623,84.30261,201.71803
OUT_11624,54.00446,185.81483
OUT_11625,70.03119,195.47562
OUT_11626,69.400055,195.25371
OUT_11627,89.95589,206.45732
OUT_11628,266.1671,421.10852
OUT_11629,71.35895,205.58374
OUT_11630,886.3239,1081.9254
OUT_11631,294.41254,437.8715
OUT_11632,261.38678,411.55637
OUT_11633,925.279,1088.9248
OUT_11634,51.18619,180.97499
OUT_11635,73.67787,197.47545
OUT_11636,1991.4169,2133.7488
OUT_11637,914.78845,1088.1616
OUT_11638,73.50496,202.40799
OUT_11639,84.88881,207.7298
OUT_11640,295.29425,452.1478
OUT_11641,71.00647,189.52744
OUT_11642,916.6392,1113.3287
OUT_11643,928.6378,1100.86
OUT_11644,1899.2847,2138.3005
OUT_11645,81.43463,202.19562
OUT_11646,913.2119,1062.9536
OUT_11647,74.48372,198.2092
OUT_11648,263.49854,438.5554
OUT_11649,90.379135,201.77815
OUT_11650,75.45593,193.03757
OUT_11651,70.14494,190.40205
OUT_11652,929.1487,1139.5804
OUT_11653,76.40671,202.30473
OUT_11654,72.879364,200.10677
OUT_11655,68.53876,192.66628
OUT_11656,71.0632,195.5416
OUT_11657,87.11049,203.53674
OUT_11658,82.595566,203.56546
OUT_11659,61.5872,188.91522
OUT_11660,71.308685,192.38931
OUT_11661,80.28548,200.39665
OUT_11662,912.6445,1128.7024
OUT_11663,63.975506,188.10497
OUT_11664,78.126785,202.77347
OUT_11665,1984.5463,2134.6108
OUT_11666,915.63214,1066.1165
OUT_11667,253.75423,408.76248
OUT_11668,248.23708,392.86728
OUT_11669,58.091335,184.90285
OUT_11670,77.835495,218.9635
OUT_11671,75.71544,201.25801
OUT_11672,943.4798,1160.2954
OUT_11673,254.10457,416.9686
OUT_11674,941.9878,1192.9888
OUT_11675,70.83266,200.2745
OUT_11676,268.25446,419.3641
OUT_11677,72.13097,196.00398
OUT_11678,56.072956,187.40366
OUT_11679,69.09659,186.64471
OUT_11680,913.6113,1080.4906
OUT_11681,247.08125,416.4882
OUT_11682,65.71648,189.0094
OUT_11683,912.8467,1106.5688
OUT_11684,67.26184,193.25433
OUT_11685,60.35818,184.29636
OUT_11686,901.76575,1148.943
OUT_11687,93.3159,203.20294
OUT_11688,930.47266,1198.0636
OUT_11689,249.75105,425.3502
OUT_11690,86.47392,202.45366
OUT_11691,83.845,207.92908
OUT_11692,922.8197,1115.8917
OUT_11693,279.6964,422.18344
OUT_11694,69.717804,194.12999
OUT_11695,81.168304,196.24335
OUT_11696,915.64545,1105.2823
OUT_11697,1898.6792,2137.881
OUT_11698,93.08214,313.08383
OUT_11699,286.41144,409.19492
OUT_11700,84.53848,200.65923
OUT_11701,85.55388,202.09601
OUT_11702,261.55188,429.28806
OUT_11703,76.36157,200.32123
OUT_11704,914.7553,1090.7909
OUT_11705,88.583755,324.6243
OUT_11706,73.85959,200.28856
OUT_11707,283.25433,413.09042
OUT_11708,75.15808,201.10419
OUT_11709,70.39021,192.59306
OUT_11710,59.666027,184.55772
OUT_11711,263.14893,433.2722
OUT_11712,97.38231,208.48997
OUT_11713,288.07666,432.9726
OUT_11714,72.33635,198.457
OUT_11715,285.0069,415.84137
OUT_11716,265.09253,422.73685
OUT_11717,904.6641,1064.3949
OUT_11718,266.2865,441.54538
OUT_11719,254.5771,435.63406
OUT_11720,1897.8896,2136.444
OUT_11721,292.74542,415.0603
OUT_11722,66.84166,187.97171
OUT_11723,78.34044,202.48703
OUT_11724,80.280396,202.6201
OUT_11725,86.62523,206.54704
OUT_11726,83.29555,207.50479
OUT_11727,247.25655,396.31247
OUT_11728,70.19591,191.27159
OUT_11729,77.40964,202.11794
OUT_11730,89.74272,210.37662
OUT_11731,65.7646,189.19318
OUT_11732,65.4874,191.97061
OUT_11733,916.92865,1080.9536
OUT_11734,78.58049,203.12637
OUT_11735,69.39546,195.62943
OUT_11736,71.736404,192.96815
OUT_11737,69.96272,194.97594
OUT_11738,83.75128,202.99315
OUT_11739,50.025723,189.652
OUT_11740,71.36714,195.6406
OUT_11741,90.61034,207.17023
OUT_11742,278.97473,409.34344
OUT_11743,244.64497,422.61484
OUT_11744,76.26181,200.71309
OUT_11745,73.48476,193.1068
OUT_11746,917.7845,1072.8931
OUT_11747,286.1256,428.3394
OUT_11748,91.80437,200.80257
OUT_11749,275.90094,403.5401
OUT_11750,252.31593,421.2615
OUT_11751,82.96916,203.0698
OUT_11752,69.79271,191.72168
OUT_11753,264.94733,428.1548
OUT_11754,66.82654,198.1221
OUT_11755,844.40125,1061.776
OUT_11756,78.19243,187.1358
OUT_11757,504.82687,1073.7709
OUT_11758,63.79597,180.71771
OUT_11759,71.004715,190.04097
OUT_11760,45.269207,163.51758
OUT_11761,267.60864,424.19476
OUT_11762,919.0712,1098.1533
OUT_11763,294.25745,430.26178
OUT_11764,251.75337,410.34262
OUT_11765,71.43538,194.96426
OUT_11766,84.74957,203.37341
OUT_11767,1856.1814,2145.2021
OUT_11768,74.517044,195.99158
OUT_11769,907.8226,1078.682
OUT_11770,1897.0974,2135.8376
OUT_11771,285.4572,425.18784
OUT_11772,265.6491,442.31754
OUT_11773,73.220566,197.33879
OUT_11774,52.642735,182.39674
OUT_11775,269.63333,435.82178
OUT_11776,75.36006,190.62917
OUT_11777,77.40268,193.3731
OUT_11778,83.027725,197.07631
OUT_11779,68.93091,188.47708
OUT_11780,927.40906,1104.6875
OUT_11781,74.64847,200.20923
OUT_11782,92.28383,214.9461
OUT_11783,234.63045,409.1638
OUT_11784,264.125,412.22388
OUT_11785,69.368256,197.92418
OUT_11786,71.074875,197.2469
OUT_11787,74.65845,198.71162
OUT_11788,1971.4237,2139.0454
OUT_11789,925.3709,1117.5505
OUT_11790,229.691,354.75958
OUT_11791,916.75116,1057.3885
OUT_11792,262.81512,412.73077
OUT_11793,82.23486,198.21997
OUT_11794,81.12314,199.84564
OUT_11795,80.68477,196.7895
OUT_11796,255.20454,409.4736
OUT_11797,908.4628,1082.1512
OUT_11798,292.20996,417.96408
OUT_11799,288.88092,411.55637
OUT_11800,261.1004,411.3704
OUT_11801,254.09462,392.6813
OUT_11802,90.47267,201.40288
OUT_11803,82.72264,207.3142
OUT_11804,2047.4852,2137.9595
OUT_11805,90.11342,214.75836
OUT_11806,64.39783,188.27003
OUT_11807,267.01935,441.17398
OUT_11808,297.23816,431.24466
OUT_11809,80.46901,203.64128
OUT_11810,71.08835,193.70116
OUT_11811,89.26073,222.05501
OUT_11812,80.57503,199.72191
OUT_11813,259.83398,411.55637
OUT_11814,263.1427,438.84024
OUT_11815,74.75621,196.73381
OUT_11816,903.8615,1103.0168
OUT_11817,259.38544,439.4084
OUT_11818,61.95442,188.39574
OUT_11819,912.77686,1121.9518
OUT_11820,928.30646,1110.8212
OUT_11821,79.929474,227.07642
OUT_11822,77.27446,201.29308
OUT_11823,928.68097,1123.1942
OUT_11824,280.39172,421.03113
OUT_11825,230.68733,355.4121
OUT_11826,78.72398,201.53679
OUT_11827,78.61386,197.423
OUT_11828,72.14899,197.0518
OUT_11829,78.61252,201.55399
OUT_11830,72.74788,200.65695
OUT_11831,75.24144,197.39763
OUT_11832,69.00972,203.68417
OUT_11833,264.5877,428.3394
OUT_11834,261.4536,433.51114
OUT_11835,54.681286,185.72008
OUT_11836,80.10637,204.16187
OUT_11837,292.79974,430.16592
OUT_11838,240.77388,365.07086
OUT_11839,87.738266,201.03722
OUT_11840,45.68829,165.2896
OUT_11841,62.54903,188.74232
OUT_11842,258.69116,409.24063
OUT_11843,1895.0645,2132.3367
OUT_11844,68.53337,186.23573
OUT_11845,479.6782,1047.972
OUT_11846,78.62308,202.03247
OUT_11847,247.39766,417.827
OUT_11848,902.4958,1039.0094
OUT_11849,60.290195,184.66687
OUT_11850,75.22798,197.51004
OUT_11851,82.97955,202.2709
OUT_11852,915.9546,1068.7886
OUT_11853,1976.139,2133.652
OUT_11854,73.51526,198.81384
OUT_11855,277.82147,412.45297
OUT_11856,238.24367,426.84973
OUT_11857,923.62384,1060.908
OUT_11858,263.58783,420.74768
OUT_11859,921.28503,1114.3594
OUT_11860,65.83804,188.59077
OUT_11861,251.35384,443.40353
OUT_11862,231.31502,393.07156
OUT_11863,76.176056,202.79922
OUT_11864,68.543686,194.24466
OUT_11865,72.8584,196.10356
OUT_11866,264.65704,448.4559
OUT_11867,87.96669,201.01929
OUT_11868,909.2735,1088.55
OUT_11869,68.60344,195.8262
OUT_11870,294.91083,432.9726
OUT_11871,68.14174,191.97269
OUT_11872,258.86383,410.5978
OUT_11873,70.031555,196.07082
OUT_11874,68.84465,197.7906
OUT_11875,292.38654,432.93286
OUT_11876,249.42589,365.61414
OUT_11877,81.144775,200.35437
OUT_11878,67.649826,193.45558
OUT_11879,294.89062,431.84402
OUT_11880,79.50603,198.72343
OUT_11881,281.1388,404.14612
OUT_11882,210.822,396.0425
OUT_11883,930.65344,1195.9927
OUT_11884,72.115585,197.65181
OUT_11885,257.77893,447.47214
OUT_11886,286.336,448.83926
OUT_11887,75.41904,199.2636
OUT_11888,94.8394,218.30127
OUT_11889,259.61755,425.88138
OUT_11890,85.55954,200.88394
OUT_11891,75.33984,193.99255
OUT_11892,79.96208,205.04773
OUT_11893,75.402725,197.7385
OUT_11894,854.862,1067.8379
OUT_11895,79.79219,202.0218
OUT_11896,69.794174,195.17468
OUT_11897,909.02167,1075.7334
OUT_11898,912.3838,1058.0347
OUT_11899,77.73552,201.30595
OUT_11900,926.0734,1097.4722
OUT_11901,63.225483,188.63385
OUT_11902,74.578735,201.66547
OUT_11903,69.155655,188.27324
OUT_11904,82.149734,202.77275
OUT_11905,93.29094,211.40079
OUT_11906,81.53453,200.69672
OUT_11907,70.112946,197.4304
OUT_11908,93.8694,210.2453
OUT_11909,908.72626,1084.223
OUT_11910,258.19055,414.27475
OUT_11911,910.05945,1070.3914
OUT_11912,294.9168,449.96268
OUT_11913,88.82893,205.01921
OUT_11914,285.25214,419.9535
OUT_11915,87.40454,198.48282
OUT_11916,67.74869,192.31769
OUT_11917,77.68544,216.14883
OUT_11918,54.06725,189.35031
OUT_11919,46.540745,177.94247
OUT_11920,908.86774,1075.7748
OUT_11921,68.238144,196.52467
OUT_11922,913.7534,1101.4081
OUT_11923,83.64159,198.98335
OUT_11924,80.908844,204.45981
OUT_11925,63.830677,184.87384
OUT_11926,78.91487,198.33134
OUT_11927,79.13425,200.20824
OUT_11928,68.69383,191.68198
OUT_11929,916.4991,1074.2772
OUT_11930,82.89755,198.03876
OUT_11931,68.93677,197.5431
OUT_11932,92.77461,212.47768
OUT_11933,81.90405,203.76175
OUT_11934,292.84424,439.53516
OUT_11935,87.880905,207.35721
OUT_11936,80.06717,198.27927
OUT_11937,54.30672,187.31732
OUT_11938,83.22554,201.41754
OUT_11939,280.03876,409.69992
OUT_11940,293.037,418.3328
OUT_11941,70.62865,197.92332
OUT_11942,294.216,425.9939
OUT_11943,907.39716,1074.7319
OUT_11944,909.7053,1053.788
OUT_11945,79.39633,203.73953
OUT_11946,62.16422,183.47784
OUT_11947,258.0699,427.68353
OUT_11948,47.285336,162.48058
OUT_11949,1903.6753,2141.4834
OUT_11950,1952.167,2126.2354
OUT_11951,919.7198,1086.3298
OUT_11952,71.48407,195.12659
OUT_11953,88.55623,206.65265
OUT_11954,259.6197,444.9236
OUT_11955,78.19951,203.69011
OUT_11956,65.50041,189.34773
OUT_11957,83.938614,201.19527
OUT_11958,929.0846,1100.4327
OUT_11959,77.76756,197.1199
OUT_11960,909.4825,1162.9229
OUT_11961,928.6198,1068.1592
OUT_11962,288.10657,412.22015
OUT_11963,916.4808,1097.8843
OUT_11964,91.43895,201.24693
OUT_11965,263.45483,411.11865
OUT_11966,79.42078,204.56474
OUT_11967,71.160934,197.88446
OUT_11968,916.0538,1068.1833
OUT_11969,925.27094,1108.5908
OUT_11970,914.21155,1084.5688
OUT_11971,56.787426,182.61884
OUT_11972,295.1372,429.12427
OUT_11973,84.77431,206.97668
OUT_11974,83.616394,195.74866
OUT_11975,264.87823,426.31296
OUT_11976,921.39905,1115.7593
OUT_11977,83.41493,206.5141
OUT_11978,289.50275,414.1657
OUT_11979,88.75252,204.86983
OUT_11980,71.53471,197.47694
OUT_11981,1895.7451,2131.7703
OUT_11982,74.28389,199.38074
OUT_11983,266.2041,429.10513
OUT_11984,74.952255,202.42609
OUT_11985,77.64902,203.8273
OUT_11986,252.48302,427.87616
OUT_11987,293.3742,430.5971
OUT_11988,236.69624,391.80725
OUT_11989,265.0169,436.64502
OUT_11990,63.474293,189.01863
OUT_11991,256.00806,442.3403
OUT_11992,246.19978,408.44888
OUT_11993,263.02777,420.13947
OUT_11994,79.43457,203.84032
OUT_11995,228.96748,394.94476
OUT_11996,295.35364,435.0314
OUT_11997,75.69412,196.59105
OUT_11998,290.14307,425.03323
OUT_11999,82.37036,205.21292
OUT_12000,264.18152,429.8596
OUT_12001,89.05614,206.83092
OUT_12002,267.8833,435.6485
OUT_12003,267.1552,416.3729
OUT_12004,1892.3618,2126.2961
OUT_12005,70.728195,193.9662
OUT_12006,267.1042,427.89163
OUT_12007,294.18127,429.7783
OUT_12008,893.487,1084.3777
OUT_12009,63.478153,185.92142
OUT_12010,79.086426,205.14297
OUT_12011,77.28726,201.93924
OUT_12012,908.6605,1111.8508
OUT_12013,263.0744,423.34796
OUT_12014,74.280075,186.66127
OUT_12015,930.2756,1129.5991
OUT_12016,74.80887,202.02211
OUT_12017,88.33675,207.29253
OUT_12018,68.51581,194.93193
OUT_12019,78.1581,210.06056
OUT_12020,62.85371,193.70618
OUT_12021,246.7447,408.435
OUT_12022,259.62726,423.11795
OUT_12023,68.2946,195.55017
OUT_12024,75.03221,195.14029
OUT_12025,81.7834,209.23557
OUT_12026,1850.3469,2141.8503
OUT_12027,72.65593,194.22282
OUT_12028,290.95325,404.3321
OUT_12029,80.58684,205.41579
OUT_12030,928.3276,1160.3755
OUT_12031,83.524826,205.18542
OUT_12032,261.80023,413.1547
OUT_12033,257.99792,403.89822
OUT_12034,61.027493,184.96335
OUT_12035,290.51367,441.43594
OUT_12036,927.81085,1093.051
OUT_12037,81.35741,201.59346
OUT_12038,63.88151,185.46727
OUT_12039,82.764145,207.45073
OUT_12040,99.90016,219.90598
OUT_12041,296.44446,428.69608
OUT_12042,281.13446,429.66348
OUT_12043,273.90607,415.44684
OUT_12044,82.6263,201.55766
OUT_12045,287.15717,412.91666
OUT_12046,83.13237,202.05862
OUT_12047,80.40596,199.3198
OUT_12048,70.05264,192.07031
OUT_12049,926.26434,1082.4641
OUT_12050,75.04155,199.64192
OUT_12051,69.10541,186.60347
OUT_12052,88.37233,219.67157
OUT_12053,37.737225,177.15901
OUT_12054,265.37463,412.85962
OUT_12055,927.5169,1132.4889
OUT_12056,83.20799,203.92258
OUT_12057,84.36748,207.51147
OUT_12058,934.37787,1263.3073
OUT_12059,44.118763,156.79141
OUT_12060,1893.1973,2119.7888
OUT_12061,82.37271,203.26869
OUT_12062,249.964,436.62845
OUT_12063,256.81555,456.46863
OUT_12064,288.63794,439.3214
OUT_12065,77.653076,200.54782
OUT_12066,69.27475,190.08037
OUT_12067,74.57454,197.43105
OUT_12068,82.724625,205.45305
OUT_12069,73.21867,192.76575
OUT_12070,264.01788,411.55637
OUT_12071,510.34286,1177.9637
OUT_12072,69.668655,195.59995
OUT_12073,81.95714,204.5151
OUT_12074,922.4551,1123.6056
OUT_12075,81.163086,206.26476
OUT_12076,78.548035,201.26358
OUT_12077,76.02481,202.22557
OUT_12078,78.452835,202.30011
OUT_12079,64.69707,199.88692
OUT_12080,66.69173,188.37012
OUT_12081,923.3377,1080.8905
OUT_12082,235.15498,395.3997
OUT_12083,909.18585,1088.1694
OUT_12084,286.3287,410.07056
OUT_12085,72.2865,199.08961
OUT_12086,71.38141,198.23323
OUT_12087,66.1978,190.70166
OUT_12088,87.207565,206.52663
OUT_12089,72.42038,205.38838
OUT_12090,285.5722,425.03323
OUT_12091,897.54425,1056.625
OUT_12092,32.491024,145.74815
OUT_12093,80.8763,201.34792
OUT_12094,67.93364,194.71631
OUT_12095,267.72034,427.16016
OUT_12096,291.7776,423.82715
OUT_12097,95.26886,209.54945
OUT_12098,294.01154,437.675
OUT_12099,76.707825,202.286
OUT_12100,80.50911,204.58745
OUT_12101,86.465866,202.12221
OUT_12102,66.62741,197.14554
OUT_12103,76.62697,202.21245
OUT_12104,80.61548,204.36984
OUT_12105,78.65709,198.96895
OUT_12106,71.81566,193.00197
OUT_12107,78.20813,205.33772
OUT_12108,2009.4789,2137.3254
OUT_12109,256.4964,411.7652
OUT_12110,255.07448,410.08414
OUT_12111,87.26454,200.63187
OUT_12112,79.31171,198.9734
OUT_12113,903.6946,1042.9331
OUT_12114,71.776566,197.06027
OUT_12115,932.4742,1224.0648
OUT_12116,253.85127,413.38596
OUT_12117,67.50163,183.96104
OUT_12118,293.16907,429.41718
OUT_12119,67.88394,192.9042
OUT_12120,268.62634,428.75546
OUT_12121,295.8639,445.44107
OUT_12122,75.39093,195.65694
OUT_12123,260.8684,418.6471
OUT_12124,297.1375,446.20758
OUT_12125,286.7464,422.08533
OUT_12126,63.373646,184.8257
OUT_12127,70.79416,199.57599
OUT_12128,289.1109,412.16458
OUT_12129,59.318317,181.86342
OUT_12130,85.31169,203.00163
OUT_12131,1896.4578,2137.3113
OUT_12132,77.235916,201.25218
OUT_12133,81.03288,204.17422
OUT_12134,296.57935,428.61612
OUT_12135,69.70921,201.74573
OUT_12136,228.80617,391.71887
OUT_12137,265.5818,440.70212
OUT_12138,928.14355,1095.5975
OUT_12139,930.0159,1140.6782
OUT_12140,95.60237,203.57158
OUT_12141,1821.2817,2135.8916
OUT_12142,1892.908,2128.2976
OUT_12143,94.415085,205.25168
OUT_12144,84.42154,204.93143
OUT_12145,926.01624,1152.4814
OUT_12146,76.48891,197.31519
OUT_12147,54.214275,183.16333
OUT_12148,903.75757,1063.9873
OUT_12149,79.459045,201.74588
OUT_12150,87.49629,207.06403
OUT_12151,59.317318,180.32707
OUT_12152,926.89435,1222.566
OUT_12153,298.45453,623.1574
OUT_12154,294.2315,430.26746
OUT_12155,70.18358,183.3271
OUT_12156,81.90965,200.1781
OUT_12157,260.23138,464.8743
OUT_12158,89.01607,205.13538
OUT_12159,1900.4236,2133.6555
OUT_12160,294.72107,440.52533
OUT_12161,79.08748,200.06886
OUT_12162,930.12915,1149.2133
OUT_12163,71.47151,194.82933
OUT_12164,68.10835,194.2256
OUT_12165,74.22572,201.34167
OUT_12166,46.452427,175.17986
OUT_12167,41.24628,174.7579
OUT_12168,55.380695,192.59024
OUT_12169,70.012054,198.71036
OUT_12170,267.11957,403.8388
OUT_12171,78.234055,201.30702
OUT_12172,292.35547,441.27588
OUT_12173,261.26666,412.3975
OUT_12174,294.93115,433.14505
OUT_12175,84.09213,202.35413
OUT_12176,202.79968,334.35968
OUT_12177,66.94716,190.47243
OUT_12178,82.22084,198.9655
OUT_12179,79.948044,203.12706
OUT_12180,82.705826,205.56041
OUT_12181,76.109344,199.8633
OUT_12182,260.3432,412.34192
OUT_12183,75.33667,200.94862
OUT_12184,267.87573,428.33655
OUT_12185,267.47986,437.75073
OUT_12186,85.52182,210.36935
OUT_12187,264.43964,430.80164
OUT_12188,84.85884,198.58922
OUT_12189,258.73962,416.16605
OUT_12190,60.14255,181.90115
OUT_12191,82.346115,201.42863
OUT_12192,70.84828,193.45876
OUT_12193,102.918655,211.64983
OUT_12194,263.48126,404.38913
OUT_12195,84.560394,207.46281
OUT_12196,74.040054,196.53539
OUT_12197,291.8145,436.36398
OUT_12198,280.85754,431.80844
OUT_12199,89.98033,205.96562
OUT_12200,912.102,1063.0142
OUT_12201,69.47046,190.924
OUT_12202,84.91058,204.80101
OUT_12203,930.4724,1103.1143
OUT_12204,92.33385,204.61414
OUT_12205,1902.5752,2135.2102
OUT_12206,930.4644,1130.3468
OUT_12207,341.857,871.331
OUT_12208,252.93153,403.61984
OUT_12209,90.6967,206.9051
OUT_12210,67.838776,189.38141
OUT_12211,81.60489,199.9587
OUT_12212,80.728546,201.0203
OUT_12213,92.78935,202.31134
OUT_12214,295.2467,450.9412
OUT_12215,918.3325,1097.636
OUT_12216,249.92934,393.4755
OUT_12217,56.474415,190.2779
OUT_12218,79.45389,201.26077
OUT_12219,102.844284,220.92264
OUT_12220,927.8661,1138.7926
OUT_12221,60.996136,165.27344
OUT_12222,66.10927,189.52202
OUT_12223,286.83948,421.21893
OUT_12224,895.81537,1095.5388
OUT_12225,70.684525,189.58305
OUT_12226,86.182465,202.63039
OUT_12227,57.19669,167.66907
OUT_12228,88.56166,206.70488
OUT_12229,74.704666,200.23074
OUT_12230,78.163574,203.69984
OUT_12231,72.6073,183.95805
OUT_12232,89.948715,208.02072
OUT_12233,92.44319,208.91309
OUT_12234,79.13994,202.23569
OUT_12235,266.27917,429.0069
OUT_12236,68.018845,193.81111
OUT_12237,902.17926,1018.1929
OUT_12238,93.04663,202.94931
OUT_12239,262.8192,406.16534
OUT_12240,61.859715,188.57439
OUT_12241,76.76987,200.21027
OUT_12242,922.397,1103.7415
OUT_12243,86.58096,198.40611
OUT_12244,262.11627,449.9061
OUT_12245,62.492664,184.83318
OUT_12246,81.43953,202.5617
OUT_12247,85.103806,201.4722
OUT_12248,290.34106,449.61896
OUT_12249,917.68115,1100.5449
OUT_12250,932.3268,1276.117
OUT_12251,43.4219,182.18047
OUT_12252,73.684814,195.76141
OUT_12253,246.60567,398.26288
OUT_12254,77.91586,200.85542
OUT_12255,902.54614,1104.9102
OUT_12256,924.1985,1101.8978
OUT_12257,70.50278,194.20312
OUT_12258,2051.4053,2138.1694
OUT_12259,266.65964,428.1527
OUT_12260,66.29735,194.14838
OUT_12261,77.391235,200.14645
OUT_12262,258.01434,423.04666
OUT_12263,1900.8672,2137.9968
OUT_12264,1899.2593,2139.8635
OUT_12265,267.6292,425.7459
OUT_12266,80.66698,202.56586
OUT_12267,297.40997,431.7736
OUT_12268,1848.5134,2142.5522
OUT_12269,90.29286,203.14853
OUT_12270,256.2536,374.37347
OUT_12271,76.28676,197.69806
OUT_12272,269.11658,429.43356
OUT_12273,228.15169,363.90237
OUT_12274,63.00986,186.0806
OUT_12275,258.761,420.13947
OUT_12276,61.04304,183.887
OUT_12277,1944.8813,2131.1333
OUT_12278,91.25374,210.77733
OUT_12279,281.0219,412.60428
OUT_12280,250.29341,407.5968
OUT_12281,290.48645,441.80447
OUT_12282,266.13928,435.48517
OUT_12283,917.4079,1309.5638
OUT_12284,75.846954,200.73424
OUT_12285,294.08997,411.9791
OUT_12286,89.78224,203.7036
OUT_12287,65.62947,190.6125
OUT_12288,76.16612,198.53261
OUT_12289,83.05301,204.9069
OUT_12290,90.70998,205.9918
OUT_12291,911.1793,1212.5618
OUT_12292,258.35498,410.89163
OUT_12293,76.051926,200.38982
OUT_12294,261.65027,458.3274
OUT_12295,915.33905,1085.6395
OUT_12296,71.89206,193.10036
OUT_12297,274.7799,414.7193
OUT_12298,269.7727,405.52588
OUT_12299,68.36018,190.84761
OUT_12300,49.798885,177.3264
OUT_12301,928.53546,1142.2972
OUT_12302,70.844696,189.37825
OUT_12303,71.635315,195.08754
OUT_12304,86.55171,206.05255
OUT_12305,75.39188,197.72444
OUT_12306,928.23083,1112.2023
OUT_12307,75.551895,197.83083
OUT_12308,207.80571,326.96732
OUT_12309,80.91753,203.61429
OUT_12310,289.75836,412.4189
OUT_12311,266.28058,418.61084
OUT_12312,250.07802,412.47104
OUT_12313,67.775925,188.15869
OUT_12314,265.8059,428.3394
OUT_12315,87.7838,211.25078
OUT_12316,87.517685,200.95915
OUT_12317,79.938,201.86244
OUT_12318,86.3763,205.89142
OUT_12319,71.15497,188.29015
OUT_12320,67.498184,182.17616
OUT_12321,83.78563,203.79445
OUT_12322,69.92087,200.45813
OUT_12323,78.90846,196.91016
OUT_12324,234.21974,353.75168
OUT_12325,265.71887,445.10577
OUT_12326,74.30357,193.5113
OUT_12327,891.3456,1044.5225
OUT_12328,234.03615,343.82822
OUT_12329,91.94719,208.2463
OUT_12330,81.95407,200.83684
OUT_12331,896.5776,1057.6132
OUT_12332,263.12268,420.92502
OUT_12333,294.78406,425.99683
OUT_12334,928.68677,1108.8252
OUT_12335,294.86945,422.3325
OUT_12336,70.19116,193.19649
OUT_12337,83.54065,201.5588
OUT_12338,269.9816,454.11755
OUT_12339,91.54057,211.80083
OUT_12340,253.50374,391.54108
OUT_12341,77.056244,203.80267
OUT_12342,74.55904,196.52182
OUT_12343,929.8619,1093.3995
OUT_12344,234.79195,374.51807
OUT_12345,1898.6182,2138.407
OUT_12346,921.5354,1079.7356
OUT_12347,270.41888,427.41153
OUT_12348,1901.3206,2136.2598
OUT_12349,288.69073,411.55637
OUT_12350,74.88928,200.9187
OUT_12351,89.027145,204.28226
OUT_12352,75.312836,196.56352
OUT_12353,57.515705,183.82095
OUT_12354,61.29537,191.47879
OUT_12355,258.98834,441.88055
OUT_12356,80.012024,204.12704
OUT_12357,69.66698,195.15065
OUT_12358,87.50368,221.99084
OUT_12359,71.27789,190.00545
OUT_12360,917.4009,1120.4062
OUT_12361,74.33003,203.42697
OUT_12362,35.84347,149.83731
OUT_12363,66.038925,194.36699
OUT_12364,63.690136,183.00914
OUT_12365,76.285675,192.90607
OUT_12366,100.978775,207.26767
OUT_12367,265.62878,452.6184
OUT_12368,1943.8779,2123.853
OUT_12369,931.3286,1129.7747
OUT_12370,293.50275,436.76984
OUT_12371,911.85516,1089.9553
OUT_12372,1984.5463,2136.9521
OUT_12373,269.9442,399.6491
OUT_12374,270.42447,430.9769
OUT_12375,292.3825,411.55637
OUT_12376,912.0136,1090.442
OUT_12377,70.932175,195.85944
OUT_12378,267.41986,432.1379
OUT_12379,78.58591,204.8392
OUT_12380,83.23042,197.33487
OUT_12381,872.3315,1093.142
OUT_12382,29.659138,144.4536
OUT_12383,63.02312,188.66371
OUT_12384,889.54846,1062.206
OUT_12385,75.80983,199.77144
OUT_12386,85.47568,201.72491
OUT_12387,248.78786,411.16867
OUT_12388,905.14136,1050.7688
OUT_12389,286.62885,412.45053
OUT_12390,104.56053,229.16353
OUT_12391,268.3051,429.43048
OUT_12392,83.16768,194.31435
OUT_12393,288.96844,433.82516
OUT_12394,931.1115,1127.972
OUT_12395,74.073364,200.34402
OUT_12396,904.9811,1120.184
OUT_12397,82.63843,202.35332
OUT_12398,1899.3147,2140.346
OUT_12399,296.5548,458.31104
OUT_12400,2012.3807,2136.9707
OUT_12401,921.215,1106.2008
OUT_12402,266.17352,403.97073
OUT_12403,90.87056,223.259
OUT_12404,50.44576,179.8286
OUT_12405,70.86348,193.7176
OUT_12406,278.67566,423.95956
OUT_12407,84.42586,199.37845
OUT_12408,86.32561,202.1853
OUT_12409,251.84431,411.94513
OUT_12410,264.6718,428.54953
OUT_12411,55.823124,176.34554
OUT_12412,250.70125,408.81488
OUT_12413,289.2691,415.65128
OUT_12414,925.2055,1130.3044
OUT_12415,293.1353,429.92987
OUT_12416,291.64294,421.76
OUT_12417,929.2147,1156.1351
OUT_12418,269.77966,429.71188
OUT_12419,78.92316,198.95747
OUT_12420,271.5427,461.07928
OUT_12421,290.47546,411.55637
OUT_12422,90.68758,203.2983
OUT_12423,292.6494,429.67972
OUT_12424,909.8646,1058.6483
OUT_12425,1967.5604,2139.4607
OUT_12426,76.71576,200.12631
OUT_12427,77.86897,206.53381
OUT_12428,88.35835,208.89957
OUT_12429,287.59442,428.76404
OUT_12430,256.4593,414.1278
OUT_12431,81.48244,198.76093
OUT_12432,89.170395,205.15881
OUT_12433,72.663086,200.57918
OUT_12434,284.5971,431.48123
OUT_12435,266.94788,427.89163
OUT_12436,922.06384,1106.7186
OUT_12437,73.21309,199.48856
OUT_12438,38.39256,155.42085
OUT_12439,79.11621,209.73131
OUT_12440,917.99896,1140.5234
OUT_12441,79.91899,201.56361
OUT_12442,262.45026,430.37982
OUT_12443,70.42285,197.20403
OUT_12444,902.8364,1076.5394
OUT_12445,1905.1904,2141.228
OUT_12446,293.6842,431.75336
OUT_12447,72.981995,194.52618
OUT_12448,264.67908,431.30392
OUT_12449,83.88414,199.06537
OUT_12450,264.96832,416.26477
OUT_12451,80.835556,201.62614
OUT_12452,73.980255,189.41888
OUT_12453,64.45393,191.25914
OUT_12454,96.637405,208.51991
OUT_12455,65.8363,186.9838
OUT_12456,909.5762,1065.117
OUT_12457,76.11145,196.10635
OUT_12458,66.45616,189.09587
OUT_12459,295.59937,416.26248
OUT_12460,906.2677,1068.2682
OUT_12461,85.139465,203.22955
OUT_12462,75.37544,202.4634
OUT_12463,916.17285,1142.5613
OUT_12464,265.71124,438.0908
OUT_12465,59.01446,185.50638
OUT_12466,94.28313,315.9151
OUT_12467,73.2787,201.04288
OUT_12468,88.15877,205.95955
OUT_12469,927.79614,1196.8392
OUT_12470,254.3185,413.46783
OUT_12471,67.93436,193.74896
OUT_12472,40.416866,151.49306
OUT_12473,285.87268,411.7704
OUT_12474,77.21718,197.9544
OUT_12475,64.6187,191.12083
OUT_12476,250.84407,413.1796
OUT_12477,86.76961,203.85968
OUT_12478,74.73518,200.07289
OUT_12479,267.61023,428.79242
OUT_12480,916.5998,1141.9355
OUT_12481,39.605747,149.50713
OUT_12482,913.1089,1059.7039
OUT_12483,903.69714,1050.8779
OUT_12484,2022.4315,2138.0142
OUT_12485,910.86346,1121.1727
OUT_12486,82.83885,203.42691
OUT_12487,45.990894,182.16832
OUT_12488,905.1078,1105.2568
OUT_12489,78.12811,196.43257
OUT_12490,76.04451,201.88153
OUT_12491,58.956333,188.56291
OUT_12492,1900.4258,2134.6672
OUT_12493,85.74147,202.07947
OUT_12494,1900.6575,2139.2395
OUT_12495,296.00342,438.96674
OUT_12496,289.9508,439.42773
OUT_12497,55.744625,183.14085
OUT_12498,236.04695,418.10858
OUT_12499,90.67482,203.34198
OUT_12500,62.45821,189.81656
OUT_12501,250.10365,409.7528
OUT_12502,925.89246,1083.1814
OUT_12503,278.32007,418.469
OUT_12504,78.40547,203.86763
OUT_12505,81.35568,206.33084
OUT_12506,85.14368,201.3209
OUT_12507,909.3263,1086.5598
OUT_12508,260.02176,423.2523
OUT_12509,932.64655,1269.0564
OUT_12510,76.007965,199.11858
OUT_12511,53.624607,181.22882
OUT_12512,255.92116,414.10815
OUT_12513,249.35664,419.9535
OUT_12514,925.64435,1141.5011
OUT_12515,265.69873,407.07166
OUT_12516,75.5499,197.67587
OUT_12517,95.6808,204.51553
OUT_12518,914.73016,1073.8588
OUT_12519,84.07405,202.61699
OUT_12520,76.58562,198.20374
OUT_12521,77.30626,199.26534
OUT_12522,898.658,1130.3889
OUT_12523,246.86354,416.07745
OUT_12524,69.54024,197.66843
OUT_12525,56.68745,181.32298
OUT_12526,82.32147,203.57555
OUT_12527,60.94962,182.1723
OUT_12528,83.26541,201.5373
OUT_12529,913.04156,1120.0538
OUT_12530,904.372,1069.2937
OUT_12531,919.41614,1111.7178
OUT_12532,80.12872,196.11754
OUT_12533,70.677536,200.09003
OUT_12534,88.17651,201.54208
OUT_12535,97.31802,225.1722
OUT_12536,895.99036,1095.4104
OUT_12537,80.43796,197.54593
OUT_12538,282.88525,417.35843
OUT_12539,76.3696,201.63785
OUT_12540,89.57793,202.82648
OUT_12541,88.81354,205.1927
OUT_12542,284.99634,427.4281
OUT_12543,80.03529,201.39272
OUT_12544,268.0797,424.68378
OUT_12545,62.527218,196.4014
OUT_12546,76.323,200.22751
OUT_12547,76.37787,201.11612
OUT_12548,82.15958,202.3934
OUT_12549,83.53078,204.4744
OUT_12550,78.89566,204.16896
OUT_12551,94.77525,210.19551
OUT_12552,907.4991,1048.9586
OUT_12553,257.42834,417.35187
OUT_12554,89.728195,201.24777
OUT_12555,63.183414,185.68085
OUT_12556,58.42647,183.68987
OUT_12557,77.8629,201.65031
OUT_12558,84.50978,198.8772
OUT_12559,74.3051,197.5803
OUT_12560,82.450745,199.58348
OUT_12561,1896.8933,2134.114
OUT_12562,922.9626,1174.1409
OUT_12563,910.743,1088.8036
OUT_12564,264.43628,445.89124
OUT_12565,69.25641,192.83719
OUT_12566,75.58389,198.3118
OUT_12567,82.146484,204.94365
OUT_12568,81.87599,202.98285
OUT_12569,911.90393,1092.2175
OUT_12570,265.2923,415.13766
OUT_12571,66.95241,192.01967
OUT_12572,913.35364,1100.644
OUT_12573,105.85002,219.56091
OUT_12574,90.04436,204.18224
OUT_12575,245.13857,384.17075
OUT_12576,83.39302,203.9154
OUT_12577,64.61325,189.93922
OUT_12578,283.20056,427.26755
OUT_12579,283.37085,418.00107
OUT_12580,921.31335,1104.6464
OUT_12581,922.1857,1078.4963
OUT_12582,921.03595,1087.907
OUT_12583,83.02179,202.33315
OUT_12584,61.695644,185.32101
OUT_12585,70.854706,196.40767
OUT_12586,69.71704,188.23836
OUT_12587,927.00867,1161.0548
OUT_12588,940.0471,1136.2549
OUT_12589,72.31262,190.49632
OUT_12590,62.13419,195.48315
OUT_12591,258.56805,420.99817
OUT_12592,1902.0415,2139.8342
OUT_12593,266.9073,448.00543
OUT_12594,901.49774,1051.482
OUT_12595,285.0324,436.0992
OUT_12596,910.5484,1066.2711
OUT_12597,64.084854,193.14076
OUT_12598,879.12006,1101.5731
OUT_12599,78.33775,199.3268
OUT_12600,255.34474,427.11853
OUT_12601,78.10939,198.28578
OUT_12602,74.2997,195.47704
OUT_12603,915.07526,1101.5428
OUT_12604,264.7838,415.06458
OUT_12605,254.1223,405.706
OUT_12606,262.08636,402.90298
OUT_12607,258.1917,412.34192
OUT_12608,92.72569,206.22408
OUT_12609,77.13843,200.15646
OUT_12610,72.36644,196.8488
OUT_12611,278.8039,448.4001
OUT_12612,70.35408,190.64789
OUT_12613,82.7016,202.00581
OUT_12614,66.72221,195.07924
OUT_12615,259.30127,423.05588
OUT_12616,98.79355,222.46075
OUT_12617,42.843685,180.10275
OUT_12618,249.99178,355.466
OUT_12619,77.52695,199.56425
OUT_12620,75.41797,200.05888
OUT_12621,901.40216,1240.2437
OUT_12622,80.46834,202.91243
OUT_12623,919.3187,1072.247
OUT_12624,2022.3607,2146.6262
OUT_12625,905.36005,1141.6881
OUT_12626,71.49855,198.70644
OUT_12627,72.40039,200.85493
OUT_12628,267.39984,428.3394
OUT_12629,918.13605,1086.3777
OUT_12630,261.825,412.94818
OUT_12631,59.425373,182.91101
OUT_12632,915.058,1083.6483
OUT_12633,71.91226,208.14766
OUT_12634,78.642075,203.0825
OUT_12635,281.25507,443.88647
OUT_12636,75.77913,198.8129
OUT_12637,81.66911,201.66556
OUT_12638,1900.1958,2138.8372
OUT_12639,65.79512,185.97047
OUT_12640,79.846085,211.19868
OUT_12641,926.21484,1130.6476
OUT_12642,2010.225,2135.5369
OUT_12643,263.61523,408.57748
OUT_12644,294.5974,433.32465
OUT_12645,76.96423,203.65965
OUT_12646,70.10292,208.23872
OUT_12647,93.23195,208.13495
OUT_12648,65.04616,195.41556
OUT_12649,75.005356,199.92363
OUT_12650,79.45007,202.99501
OUT_12651,61.380863,185.89645
OUT_12652,259.8915,427.7269
OUT_12653,268.27814,431.04657
OUT_12654,930.85486,1093.627
OUT_12655,60.528957,189.9462
OUT_12656,79.00806,201.94994
OUT_12657,78.07864,203.48076
OUT_12658,1901.4685,2140.8342
OUT_12659,85.453766,204.84843
OUT_12660,254.94221,393.65283
OUT_12661,75.81285,197.513
OUT_12662,77.30049,206.34293
OUT_12663,75.38704,196.47717
OUT_12664,256.51892,410.37134
OUT_12665,78.706375,206.53673
OUT_12666,903.812,1123.1234
OUT_12667,71.426346,196.33406
OUT_12668,247.58101,400.89697
OUT_12669,84.87785,206.56331
OUT_12670,259.23773,409.75067
OUT_12671,93.871506,204.22987
OUT_12672,912.2519,1081.7737
OUT_12673,93.244095,206.7488
OUT_12674,71.83212,196.23776
OUT_12675,926.31885,1138.5809
OUT_12676,74.15199,199.0284
OUT_12677,291.979,427.3166
OUT_12678,265.74396,429.7432
OUT_12679,71.51683,198.457
OUT_12680,73.79947,200.71788
OUT_12681,58.32456,181.58594
OUT_12682,906.68835,1059.5316
OUT_12683,2012.3807,2137.1108
OUT_12684,83.32236,203.71574
OUT_12685,77.73761,197.55644
OUT_12686,73.068924,194.50325
OUT_12687,72.96185,194.50595
OUT_12688,81.17656,203.02751
OUT_12689,263.7796,416.6902
OUT_12690,268.49542,430.93582
OUT_12691,1849.0742,2143.8142
OUT_12692,253.36086,426.95682
OUT_12693,291.40912,419.4183
OUT_12694,83.71912,223.24843
OUT_12695,73.26192,199.68427
OUT_12696,69.48569,188.33542
OUT_12697,906.96295,1066.8125
OUT_12698,283.35834,406.46408
OUT_12699,55.33872,193.89659
OUT_12700,79.32294,204.00223
OUT_12701,70.76192,184.06036
OUT_12702,906.50397,1099.6462
OUT_12703,66.530624,198.87083
OUT_12704,909.13885,1084.848
OUT_12705,928.41846,1103.2615
OUT_12706,285.4303,420.12607
OUT_12707,267.2284,434.0787
OUT_12708,76.01279,194.77933
OUT_12709,295.30664,449.4182
OUT_12710,55.460835,179.39671
OUT_12711,44.69901,181.58647
OUT_12712,252.39906,412.99142
OUT_12713,83.64377,202.03023
OUT_12714,253.3918,411.622
OUT_12715,79.736694,200.9876
OUT_12716,290.04004,446.52423
OUT_12717,292.90387,412.73077
OUT_12718,62.35445,183.44559
OUT_12719,273.0517,424.2737
OUT_12720,89.11232,199.64726
OUT_12721,69.70314,189.78685
OUT_12722,293.5716,420.40527
OUT_12723,66.811646,192.92963
OUT_12724,68.71091,193.90718
OUT_12725,48.24191,159.2954
OUT_12726,74.702286,198.82191
OUT_12727,70.28349,195.4095
OUT_12728,1900.3042,2133.7957
OUT_12729,259.22083,413.3055
OUT_12730,942.3662,1114.0575
OUT_12731,257.94098,436.92868
OUT_12732,64.58588,189.48436
OUT_12733,91.93312,219.4226
OUT_12734,917.8183,1078.2578
OUT_12735,268.60907,431.11166
OUT_12736,75.26558,196.98932
OUT_12737,84.59404,205.44519
OUT_12738,85.84338,204.25302
OUT_12739,67.54532,191.88612
OUT_12740,911.23376,1080.4323
OUT_12741,80.669876,197.2563
OUT_12742,929.389,1093.4445
OUT_12743,292.4431,447.37958
OUT_12744,267.3145,450.6452
OUT_12745,913.64496,1123.6989
OUT_12746,74.555176,199.67648
OUT_12747,84.61516,196.02126
OUT_12748,95.659485,222.10721
OUT_12749,77.09227,199.67076
OUT_12750,262.65527,404.20325
OUT_12751,63.452656,187.32356
OUT_12752,75.62854,201.66336
OUT_12753,255.33955,404.48495
OUT_12754,909.47797,1093.8108
OUT_12755,293.8944,437.77103
OUT_12756,73.981094,192.51025
OUT_12757,57.845486,190.38016
OUT_12758,58.296604,184.6803
OUT_12759,69.2012,194.31453
OUT_12760,89.89238,204.1596
OUT_12761,72.76207,196.50594
OUT_12762,90.77681,202.44518
OUT_12763,243.60094,353.4416
OUT_12764,74.58391,198.04356
OUT_12765,67.320206,191.19295
OUT_12766,80.457214,202.61221
OUT_12767,75.32428,199.44354
OUT_12768,78.696976,202.18187
OUT_12769,898.1921,1048.2969
OUT_12770,82.6366,203.91302
OUT_12771,63.690105,184.67336
OUT_12772,71.5847,196.7924
OUT_12773,47.05073,179.2384
OUT_12774,100.62895,214.30249
OUT_12775,87.86923,202.9599
OUT_12776,73.976395,200.07281
OUT_12777,289.25305,403.26962
OUT_12778,70.2796,195.48866
OUT_12779,77.21362,199.05646
OUT_12780,73.57843,195.38742
OUT_12781,94.14772,206.52179
OUT_12782,264.04883,428.83496
OUT_12783,911.25806,1067.1654
OUT_12784,196.35805,320.0251
OUT_12785,286.69507,431.84213
OUT_12786,62.331455,188.22356
OUT_12787,77.20172,187.5153
OUT_12788,256.87457,449.90695
OUT_12789,261.63422,428.60385
OUT_12790,290.06506,406.94232
OUT_12791,70.55881,192.83528
OUT_12792,242.70412,424.11713
OUT_12793,268.68976,424.11554
OUT_12794,82.22681,201.30614
OUT_12795,45.438847,177.2264
OUT_12796,72.941986,196.14467
OUT_12797,84.29959,204.05115
OUT_12798,77.395065,204.23012
OUT_12799,63.818966,186.89534
OUT_12800,83.07565,204.16313
OUT_12801,264.596,419.46646
OUT_12802,81.9913,202.76355
OUT_12803,71.92529,196.86095
OUT_12804,905.5867,1048.2356
OUT_12805,75.97377,197.75505
OUT_12806,292.2743,428.2978
OUT_12807,889.7055,1063.1158
OUT_12808,76.31377,198.89302
OUT_12809,229.31541,351.98996
OUT_12810,296.13336,430.96274
OUT_12811,263.08252,414.27475
OUT_12812,81.23425,201.70073
OUT_12813,293.57422,421.954
OUT_12814,264.2423,422.70346
OUT_12815,915.70795,1092.6989
OUT_12816,269.7337,437.20837
OUT_12817,267.4912,409.84094
OUT_12818,76.4899,196.87396
OUT_12819,76.71077,199.48389
OUT_12820,889.5769,1081.889
OUT_12821,255.84987,430.71188
OUT_12822,74.62808,201.33046
OUT_12823,64.640915,191.79448
OUT_12824,79.31102,200.38017
OUT_12825,76.86047,199.51357
OUT_12826,74.06271,196.3546
OUT_12827,69.207504,197.1574
OUT_12828,81.47641,204.6078
OUT_12829,71.77852,196.57887
OUT_12830,67.098465,190.9149
OUT_12831,76.36665,199.85805
OUT_12832,288.68402,402.53555
OUT_12833,278.1269,429.55316
OUT_12834,1982.7731,2131.1858
OUT_12835,86.16313,207.10425
OUT_12836,293.29742,429.2958
OUT_12837,91.80971,202.17744
OUT_12838,62.586475,184.10384
OUT_12839,78.43811,202.64096
OUT_12840,79.81691,199.36829
OUT_12841,68.897675,188.26624
OUT_12842,904.60583,1075.4116
OUT_12843,251.59969,424.1134
OUT_12844,265.62323,414.92285
OUT_12845,267.8817,443.8115
OUT_12846,69.63544,190.56174
OUT_12847,72.89516,193.50871
OUT_12848,930.5562,1093.1742
OUT_12849,251.95204,411.17496
OUT_12850,80.330505,202.89844
OUT_12851,289.03925,419.70367
OUT_12852,83.226166,218.75807
OUT_12853,94.12425,204.15451
OUT_12854,76.68161,200.36401
OUT_12855,2007.4208,2142.995
OUT_12856,79.308014,208.72963
OUT_12857,924.0412,1100.7736
OUT_12858,79.22565,196.3294
OUT_12859,74.05463,194.69077
OUT_12860,82.68692,204.46771
OUT_12861,261.88293,413.3733
OUT_12862,258.31717,425.65753
OUT_12863,890.9044,1025.5042
OUT_12864,80.56833,200.0388
OUT_12865,930.17267,1126.1909
OUT_12866,89.20726,203.90897
OUT_12867,296.0166,446.26456
OUT_12868,87.3557,201.2893
OUT_12869,67.16194,196.67474
OUT_12870,79.289474,197.39487
OUT_12871,98.340805,205.79958
OUT_12872,65.513275,190.23447
OUT_12873,1984.5463,2128.9377
OUT_12874,1902.0181,2146.974
OUT_12875,913.8567,1067.7283
OUT_12876,244.65388,424.3678
OUT_12877,79.92688,203.90756
OUT_12878,95.16365,210.00275
OUT_12879,294.10846,429.78644
OUT_12880,81.89343,195.24
OUT_12881,236.46663,359.59045
OUT_12882,2012.3807,2128.4893
OUT_12883,297.05902,437.77765
OUT_12884,85.45364,199.39365
OUT_12885,281.0124,469.0322
OUT_12886,251.75063,360.21094
OUT_12887,62.530643,186.60535
OUT_12888,78.86934,203.27756
OUT_12889,251.1548,393.86575
OUT_12890,2014.4657,2135.3213
OUT_12891,286.57855,427.69556
OUT_12892,259.64868,417.06107
OUT_12893,67.07442,186.26248
OUT_12894,79.21448,202.59528
OUT_12895,67.011536,194.19348
OUT_12896,251.00807,403.23615
OUT_12897,78.890976,198.44495
OUT_12898,76.75273,202.27417
OUT_12899,64.45354,192.46906
OUT_12900,918.5845,1138.3025
OUT_12901,67.94734,194.03093
OUT_12902,51.021595,182.3345
OUT_12903,81.61804,205.3302
OUT_12904,251.40651,422.0443
OUT_12905,921.8551,1091.1597
OUT_12906,927.1745,1257.0197
OUT_12907,906.47577,1046.5328
OUT_12908,101.04521,250.543
OUT_12909,287.09845,435.7521
OUT_12910,70.87712,197.44208
OUT_12911,904.78845,1086.137
OUT_12912,72.1893,195.15672
OUT_12913,250.51866,359.79504
OUT_12914,80.34766,200.65979
OUT_12915,266.3883,442.3821
OUT_12916,77.449814,202.4875
OUT_12917,90.1317,204.6848
OUT_12918,265.149,423.63486
OUT_12919,78.63762,197.7189
OUT_12920,73.82721,203.543
OUT_12921,230.40913,417.68594
OUT_12922,72.7818,201.77943
OUT_12923,914.6364,1086.9998
OUT_12924,294.12317,417.31345
OUT_12925,261.03033,446.32092
OUT_12926,905.89343,1069.7527
OUT_12927,71.211395,200.93929
OUT_12928,66.980804,192.5786
OUT_12929,50.401043,178.7016
OUT_12930,264.58856,411.2368
OUT_12931,75.92305,200.68367
OUT_12932,1900.6963,2135.1882
OUT_12933,297.07654,429.10513
OUT_12934,297.8274,650.0659
OUT_12935,903.05096,1065.997
OUT_12936,72.69043,196.31941
OUT_12937,80.600555,203.04492
OUT_12938,67.35495,193.90875
OUT_12939,1854.4414,2145.5212
OUT_12940,72.14502,201.4877
OUT_12941,900.271,1032.9011
OUT_12942,256.4105,408.2557
OUT_12943,81.03232,202.42082
OUT_12944,280.65314,415.84137
OUT_12945,287.33038,413.9338
OUT_12946,260.51715,412.60056
OUT_12947,87.150925,205.45955
OUT_12948,52.912457,184.83841
OUT_12949,922.16766,1071.2253
OUT_12950,238.20534,405.6821
OUT_12951,296.82574,436.9629
OUT_12952,63.3214,190.47516
OUT_12953,928.30664,1222.939
OUT_12954,80.73741,204.29346
OUT_12955,40.900333,157.564
OUT_12956,70.01738,192.92714
OUT_12957,77.23804,200.09431
OUT_12958,286.52338,447.96295
OUT_12959,85.52344,206.12859
OUT_12960,263.91925,418.9181
OUT_12961,912.0527,1074.8733
OUT_12962,74.69237,195.25536
OUT_12963,269.22913,420.21024
OUT_12964,81.65372,201.6582
OUT_12965,927.5014,1222.438
OUT_12966,80.39354,202.65955
OUT_12967,71.8849,189.04349
OUT_12968,70.897156,188.14626
OUT_12969,2051.8176,2138.0142
OUT_12970,286.8011,412.16458
OUT_12971,904.5738,1093.5895
OUT_12972,262.46832,424.5321
OUT_12973,75.64693,196.83055
OUT_12974,1858.2502,2145.171
OUT_12975,83.70003,203.09377
OUT_12976,933.1545,1116.853
OUT_12977,919.5566,1087.3501
OUT_12978,924.0111,1098.8337
OUT_12979,263.7096,426.53104
OUT_12980,78.92052,204.37538
OUT_12981,56.777477,181.84613
OUT_12982,293.51324,442.1339
OUT_12983,77.0405,200.65732
OUT_12984,76.8087,196.55467
OUT_12985,900.54486,1067.4325
OUT_12986,922.00464,1061.3135
OUT_12987,1901.6157,2140.0828
OUT_12988,59.80685,184.44408
OUT_12989,83.67462,202.86053
OUT_12990,243.81331,420.1922
OUT_12991,920.4571,1070.9122
OUT_12992,260.4843,448.08783
OUT_12993,915.06506,1080.5701
OUT_12994,287.5177,412.41507
OUT_12995,82.67659,201.67923
OUT_12996,286.4887,447.37094
OUT_12997,253.83235,413.72983
OUT_12998,86.359055,202.42514
OUT_12999,75.78468,200.94693
OUT_13000,265.4525,428.50964
OUT_13001,56.815678,181.6566
OUT_13002,58.527836,188.38843
OUT_13003,53.998196,183.43716
OUT_13004,270.6859,422.98608
OUT_13005,71.538315,197.54356
OUT_13006,78.96297,200.02737
OUT_13007,59.947903,174.62384
OUT_13008,1787.3542,2119.24
OUT_13009,60.6925,187.5305
OUT_13010,886.74634,1086.1705
OUT_13011,66.592285,195.63266
OUT_13012,88.028885,201.28796
OUT_13013,69.45361,218.89511
OUT_13014,66.59744,189.8249
OUT_13015,283.46594,448.24243
OUT_13016,69.74832,200.4721
OUT_13017,892.8137,1081.365
OUT_13018,240.50252,414.11328
OUT_13019,933.85016,1103.7583
OUT_13020,258.87024,424.75623
OUT_13021,80.562225,198.66856
OUT_13022,70.79553,195.72188
OUT_13023,899.8691,1089.1248
OUT_13024,70.77423,196.51106
OUT_13025,67.51372,191.28818
OUT_13026,885.4335,1049.2091
OUT_13027,224.53505,347.3925
OUT_13028,75.141525,200.09288
OUT_13029,246.13612,406.29565
OUT_13030,70.36322,193.91328
OUT_13031,69.69794,194.78198
OUT_13032,893.3024,1065.3647
OUT_13033,52.2932,176.25032
OUT_13034,68.652145,191.73755
OUT_13035,1754.4231,2122.9348
OUT_13036,240.18288,390.5889
OUT_13037,70.049515,197.12263
OUT_13038,76.432465,195.53566
OUT_13039,268.2521,454.33548
OUT_13040,74.53381,197.76009
OUT_13041,66.727585,196.27197
OUT_13042,72.33908,195.49774
OUT_13043,69.11226,187.86845
OUT_13044,276.65912,411.45258
OUT_13045,61.118572,188.97296
OUT_13046,71.168945,193.36981
OUT_13047,71.7775,197.31128
OUT_13048,71.45926,194.53983
OUT_13049,69.06021,198.53763
OUT_13050,79.69852,197.28775
OUT_13051,79.234146,203.16647
OUT_13052,909.367,1069.8684
OUT_13053,241.61311,408.06613
OUT_13054,77.9579,197.21246
OUT_13055,1956.8245,2115.5684
OUT_13056,246.00282,414.611
OUT_13057,919.28827,1103.3572
OUT_13058,47.10359,160.67592
OUT_13059,54.33494,187.98701
OUT_13060,80.58682,210.29454
OUT_13061,54.039753,179.86028
OUT_13062,44.09766,181.02666
OUT_13063,908.98114,1079.8163
OUT_13064,64.50624,196.46866
OUT_13065,87.781494,200.79747
OUT_13066,215.21803,402.77393
OUT_13067,75.162964,200.79071
OUT_13068,54.522274,186.6543
OUT_13069,52.91392,179.49295
OUT_13070,63.181263,192.26717
OUT_13071,72.54088,188.63545
OUT_13072,903.89325,1118.9109
OUT_13073,64.50322,192.5238
OUT_13074,62.903423,181.88043
OUT_13075,240.94044,407.47137
OUT_13076,243.19722,410.22156
OUT_13077,76.48462,194.20474
OUT_13078,68.45232,191.79633
OUT_13079,80.50539,198.19725
OUT_13080,62.81689,190.15456
OUT_13081,68.58467,193.59668
OUT_13082,64.74338,190.39284
OUT_13083,73.96912,197.19725
OUT_13084,76.7677,204.62434
OUT_13085,75.59688,195.71585
OUT_13086,58.734455,184.06221
OUT_13087,71.34654,197.60841
OUT_13088,904.2566,1074.3802
OUT_13089,82.33835,206.34828
OUT_13090,61.817013,207.54372
OUT_13091,280.96027,435.96866
OUT_13092,239.54652,394.51352
OUT_13093,242.97206,404.07422
OUT_13094,82.0703,199.19612
OUT_13095,247.11916,413.47083
OUT_13096,272.70746,416.60162
OUT_13097,875.8172,1081.0084
OUT_13098,74.494705,202.42
OUT_13099,75.0054,196.74538
OUT_13100,75.032364,198.51099
OUT_13101,292.69604,450.23834
OUT_13102,53.66892,183.17989
OUT_13103,76.951294,203.35692
OUT_13104,275.65112,420.79538
OUT_13105,869.10205,1040.8341
OUT_13106,64.796524,193.13869
OUT_13107,68.66464,195.7383
OUT_13108,79.07355,200.56888
OUT_13109,273.28094,418.6408
OUT_13110,71.619965,198.45908
OUT_13111,244.33461,402.92123
OUT_13112,76.599594,197.24957
OUT_13113,1892.977,2129.8928
OUT_13114,67.28543,191.72154
OUT_13115,82.28987,199.68996
OUT_13116,255.97316,419.35657
OUT_13117,63.428562,192.43588
OUT_13118,1821.5625,2135.8918
OUT_13119,244.94875,421.85458
OUT_13120,251.23903,405.17966
OUT_13121,65.91853,196.66467
OUT_13122,65.32027,193.40765
OUT_13123,48.813564,175.1717
OUT_13124,40.88551,180.5183
OUT_13125,260.4889,432.07898
OUT_13126,81.60527,216.14992
OUT_13127,57.954166,192.78996
OUT_13128,886.36694,1072.9573
OUT_13129,247.72548,408.5926
OUT_13130,275.74286,407.08652
OUT_13131,63.287617,206.20036
OUT_13132,63.392567,193.03514
OUT_13133,61.787785,187.52536
OUT_13134,83.70001,198.84407
OUT_13135,891.8891,1070.0685
OUT_13136,64.991806,193.54132
OUT_13137,61.932926,187.9648
OUT_13138,64.30022,194.38094
OUT_13139,72.5213,196.9402
OUT_13140,923.9277,1098.0863
OUT_13141,277.12604,430.3262
OUT_13142,81.465805,194.86531
OUT_13143,82.23341,200.97758
OUT_13144,908.409,1111.5731
OUT_13145,75.64952,192.24115
OUT_13146,71.10777,196.85849
OUT_13147,80.56659,198.80597
OUT_13148,248.81746,443.00702
OUT_13149,904.72,1087.5201
OUT_13150,236.70747,407.86838
OUT_13151,281.58673,399.36862
OUT_13152,241.50044,423.03323
OUT_13153,228.78963,395.02542
OUT_13154,67.08716,197.34958
OUT_13155,74.03511,186.59946
OUT_13156,75.52017,197.75638
OUT_13157,239.10298,449.0458
OUT_13158,897.6063,1083.1666
OUT_13159,62.20415,188.96533
OUT_13160,77.29628,200.0923
OUT_13161,66.58215,194.69946
OUT_13162,77.6913,213.85834
OUT_13163,73.57005,199.79895
OUT_13164,71.765884,195.14511
OUT_13165,249.89088,426.07755
OUT_13166,69.99585,197.12102
OUT_13167,282.64844,431.86337
OUT_13168,895.86725,1043.0177
OUT_13169,55.629704,184.17387
OUT_13170,245.69948,384.6442
OUT_13171,277.71838,406.74576
OUT_13172,275.82977,422.54697
OUT_13173,897.4487,1076.1543
OUT_13174,73.78175,229.7441
OUT_13175,59.413425,188.64171
OUT_13176,74.253586,195.9772
OUT_13177,251.79982,417.361
OUT_13178,61.28677,188.27861
OUT_13179,61.33141,188.68904
OUT_13180,245.26466,406.87183
OUT_13181,64.66722,193.76964
OUT_13182,83.32965,215.90628
OUT_13183,77.8374,203.92305
OUT_13184,255.5215,425.39267
OUT_13185,243.84755,408.47113
OUT_13186,243.47676,424.55505
OUT_13187,82.57669,200.08223
OUT_13188,255.78493,424.73563
OUT_13189,252.82869,392.34195
OUT_13190,73.47354,200.35713
OUT_13191,49.936543,174.88849
OUT_13192,46.517643,184.95062
OUT_13193,60.15494,191.18408
OUT_13194,280.75177,437.9639
OUT_13195,76.42978,198.24423
OUT_13196,61.820293,187.8861
OUT_13197,86.741135,206.38348
OUT_13198,251.24623,439.8063
OUT_13199,57.110195,184.60896
OUT_13200,63.819416,185.03593
OUT_13201,246.78645,435.4943
OUT_13202,83.60248,219.51207
OUT_13203,280.1985,433.32462
OUT_13204,75.12346,196.19829
OUT_13205,95.56676,244.33115
OUT_13206,895.78107,1057.9246
OUT_13207,81.176254,194.8615
OUT_13208,72.8186,200.90146
OUT_13209,66.87561,199.72787
OUT_13210,241.30782,403.95062
OUT_13211,73.617905,196.10068
OUT_13212,69.71127,198.17169
OUT_13213,249.26936,423.3809
OUT_13214,63.269436,177.35703
OUT_13215,68.400085,185.91856
OUT_13216,74.026855,195.9231
OUT_13217,68.117035,193.36208
OUT_13218,65.60008,188.63887
OUT_13219,68.74222,194.96739
OUT_13220,905.1214,1056.6459
OUT_13221,81.44086,201.90744
OUT_13222,79.38063,202.0573
OUT_13223,279.27246,447.63248
OUT_13224,79.49747,197.36331
OUT_13225,69.76877,198.01077
OUT_13226,74.11432,196.99066
OUT_13227,284.04572,420.13763
OUT_13228,926.9571,1148.316
OUT_13229,67.865036,192.51273
OUT_13230,1898.0012,2135.436
OUT_13231,919.48474,1100.9424
OUT_13232,1769.4863,2124.8772
OUT_13233,80.98404,197.64554
OUT_13234,909.539,1125.2173
OUT_13235,73.94945,189.34853
OUT_13236,71.58685,193.82399
OUT_13237,1883.7268,2125.4775
OUT_13238,884.36865,1055.5375
OUT_13239,70.87752,201.86557
OUT_13240,1846.2842,2128.217
OUT_13241,273.1999,415.39978
OUT_13242,78.61066,201.85147
OUT_13243,237.46284,411.6886
OUT_13244,70.119095,194.5516
OUT_13245,43.030346,150.10347
OUT_13246,273.82574,470.7635
OUT_13247,79.56203,214.74635
OUT_13248,76.554474,202.13101
OUT_13249,59.15298,190.2988
OUT_13250,62.80173,188.21776
OUT_13251,73.693954,196.73161
OUT_13252,893.7097,1104.9475
OUT_13253,66.44629,194.39066
OUT_13254,1883.5767,2121.6858
OUT_13255,62.239605,189.69759
OUT_13256,905.0734,1095.9248
OUT_13257,60.386723,189.32811
OUT_13258,250.6874,429.46454
OUT_13259,64.910034,195.70834
OUT_13260,84.7531,213.68279
OUT_13261,67.028336,207.17012
OUT_13262,73.104294,194.5993
OUT_13263,71.005844,197.32463
OUT_13264,252.62288,431.35706
OUT_13265,60.603886,183.50484
OUT_13266,1891.6931,2132.632
OUT_13267,81.056946,199.7488
OUT_13268,92.03789,218.8262
OUT_13269,904.9188,1097.4078
OUT_13270,906.3749,1078.072
OUT_13271,895.14484,1130.0482
OUT_13272,885.1506,1050.2362
OUT_13273,71.33476,191.71861
OUT_13274,74.58447,203.61404
OUT_13275,77.331726,197.465
OUT_13276,75.78009,197.7304
OUT_13277,255.8138,449.10474
OUT_13278,65.98869,193.67339
OUT_13279,271.78656,398.73688
OUT_13280,267.91125,405.33804
OUT_13281,890.3165,1056.3263
OUT_13282,66.56003,186.71428
OUT_13283,46.500103,172.06229
OUT_13284,914.7677,1103.7495
OUT_13285,905.0029,1048.5858
OUT_13286,277.26532,417.2627
OUT_13287,70.923096,196.85555
OUT_13288,893.5355,1050.5177
OUT_13289,886.176,1106.6448
OUT_13290,50.618153,182.71497
OUT_13291,65.177216,192.65993
OUT_13292,241.23701,407.86838
OUT_13293,221.69447,390.64005
OUT_13294,256.08893,386.7748
OUT_13295,69.88402,193.42047
OUT_13296,2009.9784,2118.6165
OUT_13297,269.79987,416.38095
OUT_13298,267.477,409.62967
OUT_13299,75.51083,198.36786
OUT_13300,79.76514,202.4132
OUT_13301,81.676315,207.77885
OUT_13302,257.58124,450.79498
OUT_13303,284.2768,429.353
OUT_13304,74.03642,197.99602
OUT_13305,67.08386,195.1373
OUT_13306,70.51672,193.60005
OUT_13307,65.12944,193.19533
OUT_13308,37.73554,149.92728
OUT_13309,255.019,412.6029
OUT_13310,65.27028,192.00865
OUT_13311,274.96902,422.82996
OUT_13312,74.6328,199.76067
OUT_13313,66.90544,197.35374
OUT_13314,1972.3633,2118.7976
OUT_13315,63.896893,188.50133
OUT_13316,74.41345,201.40654
OUT_13317,73.30788,194.66675
OUT_13318,873.78235,1041.1665
OUT_13319,902.8649,1085.477
OUT_13320,901.8263,1130.1606
OUT_13321,61.039585,189.74162
OUT_13322,58.694386,192.16336
OUT_13323,71.01886,194.88986
OUT_13324,270.12787,413.2509
OUT_13325,70.23801,192.7366
OUT_13326,85.33145,202.09525
OUT_13327,85.81993,205.05324
OUT_13328,77.9191,199.16608
OUT_13329,72.199265,197.14665
OUT_13330,62.150166,194.50305
OUT_13331,60.982418,187.72066
OUT_13332,77.22481,199.6267
OUT_13333,1890.467,2128.052
OUT_13334,279.56287,444.81808
OUT_13335,1883.1675,2123.5608
OUT_13336,85.00148,196.46654
OUT_13337,59.802303,181.21107
OUT_13338,880.6694,1041.1343
OUT_13339,888.40735,1066.0304
OUT_13340,73.655106,196.53134
OUT_13341,74.87402,195.36574
OUT_13342,81.42857,200.60147
OUT_13343,885.9444,1074.0157
OUT_13344,65.07384,186.66281
OUT_13345,72.47264,198.04034
OUT_13346,83.85292,197.1966
OUT_13347,1879.8877,2120.6194
OUT_13348,32.389706,195.42651
OUT_13349,62.951633,194.72998
OUT_13350,892.28125,1051.4445
OUT_13351,251.99043,424.8185
OUT_13352,277.70508,411.4253
OUT_13353,248.35567,408.0078
OUT_13354,77.9471,201.35295
OUT_13355,237.30843,389.89236
OUT_13356,65.45003,186.12482
OUT_13357,71.2514,202.38377
OUT_13358,68.022,197.18217
OUT_13359,78.83353,199.84816
OUT_13360,236.55128,412.13394
OUT_13361,84.83223,203.39894
OUT_13362,70.44441,199.69568
OUT_13363,64.56894,191.4662
OUT_13364,272.589,431.73462
OUT_13365,63.381664,185.83487
OUT_13366,274.75525,413.85114
OUT_13367,84.62102,204.31735
OUT_13368,253.17378,424.23422
OUT_13369,257.39746,415.93857
OUT_13370,889.7941,1093.6647
OUT_13371,57.771732,185.2887
OUT_13372,82.112625,200.49657
OUT_13373,65.47662,188.87912
OUT_13374,74.37024,196.2429
OUT_13375,59.46696,183.34875
OUT_13376,249.84682,427.8767
OUT_13377,254.12325,421.9907
OUT_13378,57.49532,191.40334
OUT_13379,1951.5144,2113.6294
OUT_13380,247.15804,408.4563
OUT_13381,73.50186,197.39899
OUT_13382,64.09154,188.32687
OUT_13383,62.983547,190.75331
OUT_13384,250.934,354.0556
OUT_13385,253.83717,426.4133
OUT_13386,61.44472,184.83093
OUT_13387,235.2535,390.9018
OUT_13388,264.80066,418.11966
OUT_13389,249.4825,421.07278
OUT_13390,896.6305,1107.991
OUT_13391,239.19893,389.7272
OUT_13392,904.31696,1115.2017
OUT_13393,63.081837,191.5823
OUT_13394,85.71323,203.84496
OUT_13395,910.688,1098.8965
OUT_13396,72.51381,194.59576
OUT_13397,74.286255,201.00679
OUT_13398,77.65346,195.66032
OUT_13399,68.319336,191.77657
OUT_13400,62.643078,193.9473
OUT_13401,269.65826,401.10135
OUT_13402,252.58968,436.95667
OUT_13403,1820.6255,2129.2583
OUT_13404,59.247906,184.0918
OUT_13405,255.32033,426.3946
OUT_13406,73.03285,196.88072
OUT_13407,51.181484,182.74728
OUT_13408,80.6685,216.3339
OUT_13409,250.93117,373.9604
OUT_13410,893.66547,1073.203
OUT_13411,88.37239,203.64038
OUT_13412,1716.9065,2060.112
OUT_13413,253.16359,425.76965
OUT_13414,889.64984,1085.0131
OUT_13415,71.27251,197.03375
OUT_13416,243.00453,404.17136
OUT_13417,835.39734,1062.3591
OUT_13418,74.49414,202.66907
OUT_13419,64.061066,194.33887
OUT_13420,54.94676,166.67686
OUT_13421,80.56966,203.23825
OUT_13422,65.63606,191.4322
OUT_13423,76.16794,198.70845
OUT_13424,80.06593,196.68091
OUT_13425,73.29605,196.9983
OUT_13426,81.81276,202.5977
OUT_13427,80.9418,204.59431
OUT_13428,77.350525,199.52563
OUT_13429,74.6481,207.54869
OUT_13430,880.013,1125.4137
OUT_13431,80.9317,200.3033
OUT_13432,64.48044,192.09271
OUT_13433,79.98982,195.60124
OUT_13434,87.06413,201.84811
OUT_13435,68.639984,194.17531
OUT_13436,67.796524,197.04884
OUT_13437,81.37369,219.09325
OUT_13438,64.34825,192.53174
OUT_13439,74.063965,196.70454
OUT_13440,887.5113,1073.4222
OUT_13441,66.8748,197.34836
OUT_13442,897.0766,1060.4471
OUT_13443,253.451,420.24454
OUT_13444,61.839344,190.3638
OUT_13445,71.492065,199.76762
OUT_13446,902.18945,1103.0242
OUT_13447,275.4547,412.2918
OUT_13448,885.66974,1070.9485
OUT_13449,77.62285,195.26727
OUT_13450,283.04285,451.90103
OUT_13451,67.32672,193.66148
OUT_13452,81.98483,210.09406
OUT_13453,896.7158,1058.7029
OUT_13454,84.605316,199.61444
OUT_13455,288.60742,447.40414
OUT_13456,80.41124,199.10129
OUT_13457,270.1562,399.33643
OUT_13458,890.7753,1061.3982
OUT_13459,72.748474,196.33145
OUT_13460,84.5654,204.11676
OUT_13461,66.04768,192.88846
OUT_13462,242.96272,416.1023
OUT_13463,82.925995,199.28342
OUT_13464,234.31886,400.9119
OUT_13465,65.366104,195.6759
OUT_13466,47.741047,174.37053
OUT_13467,72.731964,196.03978
OUT_13468,919.32294,1090.6947
OUT_13469,922.03455,1156.6586
OUT_13470,255.43782,424.04242
OUT_13471,66.88051,194.38583
OUT_13472,247.53255,411.98404
OUT_13473,78.82991,229.94316
OUT_13474,67.548874,191.38234
OUT_13475,46.88245,173.55359
OUT_13476,236.07942,360.39642
OUT_13477,900.41077,1056.0122
OUT_13478,232.35771,363.19244
OUT_13479,26.618649,148.31714
OUT_13480,89.31331,202.12842
OUT_13481,1883.2302,2124.817
OUT_13482,276.0838,417.95096
OUT_13483,40.724354,199.50822
OUT_13484,218.76381,385.1167
OUT_13485,874.68756,1036.4286
OUT_13486,71.79764,196.5453
OUT_13487,76.94235,198.16281
OUT_13488,250.09804,407.12125
OUT_13489,250.42293,420.77618
OUT_13490,246.18434,406.03735
OUT_13491,75.86206,197.47278
OUT_13492,75.37749,196.80257
OUT_13493,70.655914,195.72307
OUT_13494,64.239624,187.89624
OUT_13495,79.77701,223.23245
OUT_13496,894.39716,1123.7235
OUT_13497,66.80232,193.67696
OUT_13498,277.24664,417.16064
OUT_13499,272.06714,437.1659
OUT_13500,241.69643,390.11624
OUT_13501,272.34076,428.83963
OUT_13502,79.198654,194.85735
OUT_13503,82.50165,199.75766
OUT_13504,953.19904,1335.7576
OUT_13505,884.84595,1095.9749
OUT_13506,887.97876,1081.5684
OUT_13507,246.72685,367.3529
OUT_13508,68.124725,199.16205
OUT_13509,258.63644,427.00113
OUT_13510,82.084656,219.35071
OUT_13511,64.10823,184.84615
OUT_13512,69.13188,186.05907
OUT_13513,74.2198,199.80466
OUT_13514,1884.1003,2134.5059
OUT_13515,281.41785,415.68307
OUT_13516,901.7948,1067.3031
OUT_13517,246.61427,409.41354
OUT_13518,52.88547,187.24734
OUT_13519,67.393326,192.89299
OUT_13520,882.85956,1047.9852
OUT_13521,69.11716,192.158
OUT_13522,881.9171,1083.0098
OUT_13523,77.14081,192.68094
OUT_13524,280.9488,432.57962
OUT_13525,67.89241,192.92062
OUT_13526,885.6265,1086.0513
OUT_13527,914.39166,1157.581
OUT_13528,76.625565,194.80963
OUT_13529,63.101612,193.31409
OUT_13530,869.294,1057.4146
OUT_13531,280.20935,435.71338
OUT_13532,59.08987,183.03241
OUT_13533,261.83276,409.36533
OUT_13534,915.796,1124.8607
OUT_13535,64.63446,185.28963
OUT_13536,895.80096,1060.1517
OUT_13537,62.30714,189.23273
OUT_13538,67.33061,199.09567
OUT_13539,249.64552,417.5106
OUT_13540,918.9246,1107.0057
OUT_13541,68.389145,190.60008
OUT_13542,75.23079,213.24031
OUT_13543,273.36755,412.74606
OUT_13544,265.86993,400.87115
OUT_13545,244.79427,418.30017
OUT_13546,275.71478,408.82587
OUT_13547,240.98732,411.16663
OUT_13548,72.359344,195.33896
OUT_13549,282.29126,421.20633
OUT_13550,78.82707,199.87549
OUT_13551,259.18048,425.90268
OUT_13552,77.93089,203.79909
OUT_13553,77.66269,199.11658
OUT_13554,255.21565,427.12048
OUT_13555,77.4391,201.83595
OUT_13556,910.4277,1140.5762
OUT_13557,71.942184,194.81107
OUT_13558,63.952152,192.18103
OUT_13559,79.220825,199.35138
OUT_13560,1843.4119,2135.0613
OUT_13561,71.41756,188.20735
OUT_13562,878.23114,1058.8495
OUT_13563,894.81934,1055.7395
OUT_13564,88.20134,225.44363
OUT_13565,67.70274,196.97476
OUT_13566,79.67859,199.60951
OUT_13567,61.84213,182.26857
OUT_13568,259.95724,440.1532
OUT_13569,64.699875,187.19873
OUT_13570,75.77449,193.77629
OUT_13571,72.99991,192.51712
OUT_13572,80.49629,199.16435
OUT_13573,70.71777,193.27916
OUT_13574,938.48596,1272.4319
OUT_13575,933.04346,1171.9397
OUT_13576,59.368618,178.9692
OUT_13577,84.53392,200.61055
OUT_13578,67.13176,196.15523
OUT_13579,881.98975,1058.5188
OUT_13580,220.16997,342.15628
OUT_13581,78.002045,199.93494
OUT_13582,243.35155,420.32678
OUT_13583,56.91138,181.60332
OUT_13584,97.38286,220.6048
OUT_13585,76.16441,198.36713
OUT_13586,71.11342,201.29198
OUT_13587,77.20967,201.98442
OUT_13588,59.06728,174.64302
OUT_13589,72.030716,191.09525
OUT_13590,248.01534,410.23764
OUT_13591,65.47769,192.77034
OUT_13592,271.89893,410.226
OUT_13593,72.43231,195.29982
OUT_13594,63.882175,193.134
OUT_13595,897.3878,1079.449
OUT_13596,878.3131,1028.6858
OUT_13597,66.69467,183.55107
OUT_13598,69.29924,193.98184
OUT_13599,1799.9016,2130.717
OUT_13600,74.006134,196.54678
OUT_13601,78.146225,195.98558
OUT_13602,251.71034,430.05692
OUT_13603,885.56616,1064.4812
OUT_13604,81.18106,196.42693
OUT_13605,258.0035,451.1232
OUT_13606,68.67679,188.91397
OUT_13607,246.63496,416.38943
OUT_13608,253.537,403.66595
OUT_13609,68.76233,192.40063
OUT_13610,49.320637,204.9048
OUT_13611,884.7795,1049.9053
OUT_13612,76.50876,197.66975
OUT_13613,894.2419,1081.6621
OUT_13614,245.34804,368.34778
OUT_13615,56.196674,168.26277
OUT_13616,57.99532,186.01894
OUT_13617,269.447,445.4304
OUT_13618,1887.3594,2126.4001
OUT_13619,284.44006,442.69083
OUT_13620,909.21484,1123.8809
OUT_13621,69.71156,198.2042
OUT_13622,271.6792,419.88428
OUT_13623,284.64523,405.579
OUT_13624,256.4793,412.81424
OUT_13625,253.63924,423.66873
OUT_13626,288.05255,443.8466
OUT_13627,242.27534,412.3228
OUT_13628,54.72954,182.17336
OUT_13629,74.21933,205.57253
OUT_13630,74.891754,200.98593
OUT_13631,244.64766,412.47012
OUT_13632,71.81705,196.56372
OUT_13633,267.76587,387.15085
OUT_13634,913.0786,1090.2716
OUT_13635,83.55034,206.9919
OUT_13636,74.98404,196.43958
OUT_13637,44.869343,181.7259
OUT_13638,242.46913,407.4176
OUT_13639,1887.0017,2125.2507
OUT_13640,239.33107,374.31958
OUT_13641,279.5564,427.8346
OUT_13642,912.1542,1057.604
OUT_13643,79.28729,195.14352
OUT_13644,904.5897,1078.6659
OUT_13645,883.5825,1083.4006
OUT_13646,52.90492,178.08495
OUT_13647,918.4177,1137.6089
OUT_13648,1892.7458,2128.3977
OUT_13649,909.90497,1241.1559
OUT_13650,75.26486,195.94182
OUT_13651,279.05103,408.2742
OUT_13652,83.18396,195.83708
OUT_13653,40.488224,178.68384
OUT_13654,266.98706,401.13132
OUT_13655,63.79649,187.63202
OUT_13656,76.5285,199.69412
OUT_13657,275.74847,420.91064
OUT_13658,68.83801,193.48076
OUT_13659,74.00249,200.9458
OUT_13660,247.42891,412.16022
OUT_13661,66.36151,189.35236
OUT_13662,252.95143,417.4076
OUT_13663,271.1048,402.7924
OUT_13664,864.23505,1058.1449
OUT_13665,1966.8718,2124.194
OUT_13666,61.76424,179.46103
OUT_13667,78.17784,200.13719
OUT_13668,217.0749,406.8583
OUT_13669,72.78491,196.28502
OUT_13670,882.8885,1071.8483
OUT_13671,220.2881,337.108
OUT_13672,247.0171,417.1371
OUT_13673,75.47339,197.14217
OUT_13674,72.11716,197.40802
OUT_13675,70.822525,198.2256
OUT_13676,73.046844,201.34889
OUT_13677,924.6485,1306.9012
OUT_13678,905.6027,1112.257
OUT_13679,68.176834,194.39386
OUT_13680,80.10376,201.93875
OUT_13681,62.154346,189.12024
OUT_13682,56.07043,184.26695
OUT_13683,255.89372,375.0573
OUT_13684,281.83643,421.07422
OUT_13685,87.56621,204.99373
OUT_13686,63.620144,185.96646
OUT_13687,247.83894,427.10828
OUT_13688,69.65875,193.34346
OUT_13689,58.503185,189.33467
OUT_13690,52.944218,186.78229
OUT_13691,253.85457,433.0735
OUT_13692,67.18497,189.51102
OUT_13693,279.3346,403.02884
OUT_13694,916.9816,1127.28
OUT_13695,85.394135,200.45813
OUT_13696,260.84637,428.46313
OUT_13697,279.09674,431.14575
OUT_13698,73.01346,197.66747
OUT_13699,277.00067,439.48843
OUT_13700,71.09157,196.38167
OUT_13701,61.902256,187.34238
OUT_13702,245.6064,418.177
OUT_13703,63.44611,192.53334
OUT_13704,73.64107,193.9063
OUT_13705,86.20216,200.66164
OUT_13706,73.723495,196.73825
OUT_13707,50.08009,174.14871
OUT_13708,75.4292,199.3168
OUT_13709,81.60588,198.77574
OUT_13710,67.94612,196.73776
OUT_13711,80.46507,204.82884
OUT_13712,82.19629,196.91022
OUT_13713,93.42128,206.78743
OUT_13714,67.122635,190.62854
OUT_13715,913.1486,1115.9801
OUT_13716,901.394,1060.2085
OUT_13717,251.55495,427.63873
OUT_13718,863.2364,1033.0831
OUT_13719,290.2826,424.29453
OUT_13720,64.14906,188.26213
OUT_13721,249.8155,423.24292
OUT_13722,271.06836,427.65234
OUT_13723,266.8567,403.51413
OUT_13724,61.888645,193.63165
OUT_13725,82.15617,201.7523
OUT_13726,258.13416,403.3836
OUT_13727,83.10051,200.57118
OUT_13728,59.0127,184.52956
OUT_13729,84.03325,220.8219
OUT_13730,61.703075,189.9479
OUT_13731,73.005264,193.81146
OUT_13732,271.39954,418.46176
OUT_13733,72.094666,198.57448
OUT_13734,917.3135,1130.4148
OUT_13735,59.82388,180.6709
OUT_13736,884.8211,1050.1547
OUT_13737,900.3573,1071.1106
OUT_13738,84.639114,202.80441
OUT_13739,71.63129,199.56361
OUT_13740,70.45601,198.00992
OUT_13741,60.914585,189.99753
OUT_13742,895.62427,1080.1648
OUT_13743,72.50928,197.39632
OUT_13744,76.29132,196.2473
OUT_13745,74.36842,196.71408
OUT_13746,46.575993,174.33559
OUT_13747,252.57576,423.9974
OUT_13748,77.53839,198.71681
OUT_13749,73.4178,194.35422
OUT_13750,260.12933,411.05853
OUT_13751,93.41972,221.79787
OUT_13752,251.82213,421.55826
OUT_13753,1889.3235,2126.9744
OUT_13754,78.43698,221.21854
OUT_13755,264.5983,417.3782
OUT_13756,73.78668,191.98569
OUT_13757,903.16455,1090.4413
OUT_13758,895.2647,1108.0532
OUT_13759,83.795364,202.5139
OUT_13760,238.295,408.87302
OUT_13761,878.7006,1040.8925
OUT_13762,917.7463,1094.895
OUT_13763,889.4509,1081.3198
OUT_13764,65.25223,195.27231
OUT_13765,72.40718,196.574
OUT_13766,63.729702,191.3003
OUT_13767,248.39388,422.11
OUT_13768,242.0956,403.60562
OUT_13769,74.786575,191.0571
OUT_13770,63.147984,191.02643
OUT_13771,74.78104,198.5318
OUT_13772,82.09186,201.62666
OUT_13773,247.615,409.04904
OUT_13774,62.17204,192.52678
OUT_13775,71.14075,194.21133
OUT_13776,279.57446,419.86334
OUT_13777,245.97536,423.15817
OUT_13778,73.3138,193.77612
OUT_13779,65.95026,191.62253
OUT_13780,891.2779,1088.905
OUT_13781,63.129948,192.39438
OUT_13782,82.07274,201.02196
OUT_13783,72.48056,210.55763
OUT_13784,65.84354,193.41698
OUT_13785,69.86017,194.92717
OUT_13786,261.3235,414.8482
OUT_13787,68.75609,200.75493
OUT_13788,76.08003,200.49289
OUT_13789,287.50793,439.23758
OUT_13790,253.49556,415.43915
OUT_13791,918.29614,1084.2311
OUT_13792,48.957478,182.5219
OUT_13793,243.1418,389.91843
OUT_13794,74.18559,196.8813
OUT_13795,78.654816,197.16574
OUT_13796,245.31917,419.3945
OUT_13797,39.420002,171.08751
OUT_13798,37.898434,149.35007
OUT_13799,74.91046,200.06374
OUT_13800,890.7341,1065.3754
OUT_13801,920.1073,1138.0483
OUT_13802,883.1429,1033.7147
OUT_13803,57.24429,189.16917
OUT_13804,57.08743,183.75122
OUT_13805,57.247097,188.0772
OUT_13806,288.43073,421.6557
OUT_13807,271.19873,411.6277
OUT_13808,2029.2313,2130.0044
OUT_13809,52.56451,176.02667
OUT_13810,65.40344,193.23518
OUT_13811,241.69392,401.0336
OUT_13812,856.5385,1077.6359
OUT_13813,1883.0842,2131.8037
OUT_13814,81.798416,202.91747
OUT_13815,897.2098,1046.7878
OUT_13816,81.92609,199.12628
OUT_13817,229.5898,352.4282
OUT_13818,270.5348,404.23987
OUT_13819,249.00441,417.5176
OUT_13820,52.602207,183.4252
OUT_13821,901.70416,1076.0717
OUT_13822,57.399883,183.30478
OUT_13823,227.96129,417.96985
OUT_13824,67.60214,193.30109
OUT_13825,66.83945,180.33154
OUT_13826,282.5157,427.1677
OUT_13827,262.95178,413.0649
OUT_13828,1877.6062,2108.527
OUT_13829,289.6267,624.0886
OUT_13830,75.69031,200.7356
OUT_13831,244.1733,356.6048
OUT_13832,61.590252,188.26369
OUT_13833,251.24709,421.49097
OUT_13834,280.51788,436.77728
OUT_13835,238.12526,407.59503
OUT_13836,58.725636,183.96634
OUT_13837,66.32596,193.88515
OUT_13838,62.71741,194.51747
OUT_13839,282.3974,428.72125
OUT_13840,252.39796,429.77652
OUT_13841,71.248566,193.91203
OUT_13842,74.35986,192.50006
OUT_13843,285.07275,425.26227
OUT_13844,78.464554,219.34103
OUT_13845,56.136105,176.25656
OUT_13846,82.99754,206.24965
OUT_13847,241.17232,389.48865
OUT_13848,74.29654,197.7381
OUT_13849,71.95024,197.32027
OUT_13850,76.86931,196.15363
OUT_13851,896.8593,1093.119
OUT_13852,87.151596,198.36298
OUT_13853,63.93498,190.89682
OUT_13854,60.749714,183.9481
OUT_13855,50.62347,175.05307
OUT_13856,73.653656,196.39427
OUT_13857,920.4934,1094.0787
OUT_13858,891.9708,1078.4966
OUT_13859,66.080795,192.1862
OUT_13860,53.0809,184.35634
OUT_13861,79.61743,203.40363
OUT_13862,87.15016,207.27888
OUT_13863,86.55287,202.80212
OUT_13864,68.77887,193.30965
OUT_13865,66.663635,192.99318
OUT_13866,86.59248,212.78279
OUT_13867,70.07651,190.11177
OUT_13868,83.80815,202.87698
OUT_13869,69.86755,193.57498
OUT_13870,68.07312,194.55728
OUT_13871,250.94356,435.60562
OUT_13872,62.687786,187.64182
OUT_13873,253.80019,425.28748
OUT_13874,41.4699,160.96855
OUT_13875,882.1022,1051.3914
OUT_13876,273.56238,402.2262
OUT_13877,889.7424,1109.1406
OUT_13878,279.9754,426.739
OUT_13879,241.9435,402.2262
OUT_13880,1858.6792,2132.8481
OUT_13881,247.78712,410.39413
OUT_13882,67.99954,197.78482
OUT_13883,913.987,1107.4861
OUT_13884,895.6962,1126.7822
OUT_13885,77.80879,193.55174
OUT_13886,78.8766,198.19142
OUT_13887,65.074844,189.31119
OUT_13888,65.30888,193.39052
OUT_13889,67.224106,191.69861
OUT_13890,73.74339,196.40385
OUT_13891,243.23018,408.80533
OUT_13892,69.417465,191.85631
OUT_13893,72.3067,198.8204
OUT_13894,283.1958,425.29147
OUT_13895,72.31151,197.43872
OUT_13896,278.43048,417.9867
OUT_13897,255.51796,393.69626
OUT_13898,52.468166,186.76003
OUT_13899,99.6082,224.60098
OUT_13900,257.6867,421.23102
OUT_13901,46.878963,181.71037
OUT_13902,244.82869,408.34418
OUT_13903,89.82326,220.77507
OUT_13904,876.2669,1086.9834
OUT_13905,905.66956,1085.7218
OUT_13906,77.58037,206.69989
OUT_13907,255.98982,428.63245
OUT_13908,1881.4375,2111.4465
OUT_13909,86.962875,206.51295
OUT_13910,76.17905,201.44995
OUT_13911,63.42867,191.80412
OUT_13912,884.0233,1052.4667
OUT_13913,267.05365,409.03403
OUT_13914,276.07208,414.64413
OUT_13915,276.667,422.59012
OUT_13916,246.75911,410.67242
OUT_13917,276.3777,424.8987
OUT_13918,283.83978,413.16556
OUT_13919,238.92519,411.02606
OUT_13920,83.02728,198.39767
OUT_13921,2008.2689,2121.7114
OUT_13922,71.007416,194.06392
OUT_13923,76.79408,197.6379
OUT_13924,271.4834,402.03162
OUT_13925,906.2917,1056.3601
OUT_13926,247.15224,394.92953
OUT_13927,68.848694,193.76933
OUT_13928,84.97241,205.0728
OUT_13929,56.63593,187.11304
OUT_13930,77.79761,199.76994
OUT_13931,232.33339,428.82162
OUT_13932,274.17804,422.5125
OUT_13933,245.51875,409.49033
OUT_13934,76.111465,199.05945
OUT_13935,230.30122,412.27228
OUT_13936,70.41446,189.11292
OUT_13937,880.7756,1045.4285
OUT_13938,251.21828,424.24954
OUT_13939,69.99725,193.8433
OUT_13940,281.44507,420.80316
OUT_13941,59.946583,185.11165
OUT_13942,69.456375,198.29105
OUT_13943,900.2389,1080.5226
OUT_13944,891.4014,1036.7064
OUT_13945,62.61659,187.63745
OUT_13946,267.98053,432.80054
OUT_13947,263.18567,406.27658
OUT_13948,69.24881,193.37918
OUT_13949,54.0031,185.32893
OUT_13950,892.1535,1043.357
OUT_13951,277.64337,407.04877
OUT_13952,71.58737,199.61433
OUT_13953,268.97754,415.94504
OUT_13954,1948.9712,2119.7446
OUT_13955,94.51372,224.13725
OUT_13956,910.3996,1142.7982
OUT_13957,78.19476,197.9065
OUT_13958,252.38512,423.832
OUT_13959,247.99654,407.43906
OUT_13960,61.159565,189.88321
OUT_13961,270.16766,403.26962
OUT_13962,62.346874,188.67482
OUT_13963,920.4072,1098.615
OUT_13964,66.21147,186.97812
OUT_13965,217.15889,405.61658
OUT_13966,71.818115,181.68492
OUT_13967,54.536823,184.48912
OUT_13968,77.586426,194.8399
OUT_13969,270.30914,404.88742
OUT_13970,896.04724,1086.0474
OUT_13971,74.6109,199.6547
OUT_13972,890.1472,1115.6707
OUT_13973,241.8232,409.62967
OUT_13974,73.15025,206.06581
OUT_13975,883.98755,1110.7638
OUT_13976,90.9828,210.02643
OUT_13977,898.384,1045.3398
OUT_13978,72.91855,199.5682
OUT_13979,245.95412,388.76086
OUT_13980,270.66278,405.6243
OUT_13981,1889.5422,2132.8694
OUT_13982,1893.2551,2127.2556
OUT_13983,74.611084,193.49083
OUT_13984,77.7607,196.06317
OUT_13985,77.757095,197.43297
OUT_13986,1843.5659,2136.76
OUT_13987,78.4229,201.08533
OUT_13988,279.11377,422.33728
OUT_13989,59.281727,179.80399
OUT_13990,77.02684,204.3206
OUT_13991,242.62666,418.43042
OUT_13992,922.50214,1128.644
OUT_13993,62.908154,188.2619
OUT_13994,277.886,427.2809
OUT_13995,80.981094,202.90373
OUT_13996,1822.2837,2130.885
OUT_13997,67.95468,190.42781
OUT_13998,2011.8392,2128.3645
OUT_13999,60.156048,186.10907
OUT_14000,72.796326,198.34332
OUT_14001,67.78131,192.94221
OUT_14002,75.66057,198.66682
OUT_14003,75.36603,200.77805
OUT_14004,75.40065,199.90063
OUT_14005,241.28615,449.28293
OUT_14006,67.169754,189.41614
OUT_14007,266.36542,388.96243
OUT_14008,244.55916,425.8158
OUT_14009,237.24495,410.2256
OUT_14010,66.0885,189.32541
OUT_14011,243.16292,410.50845
OUT_14012,70.21686,188.83183
OUT_14013,67.874435,188.68573
OUT_14014,895.2498,1103.9092
OUT_14015,880.5173,1044.3616
OUT_14016,68.354385,199.15906
OUT_14017,281.42175,424.1101
OUT_14018,66.68317,196.22281
OUT_14019,270.0863,409.91095
OUT_14020,60.722324,189.13676
OUT_14021,255.36421,414.92957
OUT_14022,76.28522,199.70244
OUT_14023,2006.4828,2117.05
OUT_14024,912.82477,1132.7404
OUT_14025,898.7394,1126.6238
OUT_14026,48.725857,159.81915
OUT_14027,80.53111,219.96841
OUT_14028,73.7352,211.37183
OUT_14029,887.3963,1076.451
OUT_14030,914.8125,1132.5663
OUT_14031,275.65143,406.70712
OUT_14032,895.8994,1077.6903
OUT_14033,878.25775,1052.4001
OUT_14034,1876.0254,2103.963
OUT_14035,72.32228,199.98941
OUT_14036,901.5789,1087.0598
OUT_14037,919.68933,1102.1084
OUT_14038,73.22742,198.59184
OUT_14039,237.813,404.0993
OUT_14040,247.42775,409.0839
OUT_14041,66.10567,193.50764
OUT_14042,72.82147,195.21547
OUT_14043,68.20517,195.29143
OUT_14044,71.92795,201.3037
OUT_14045,216.9858,382.94678
OUT_14046,51.38506,180.08855
OUT_14047,283.60602,426.25876
OUT_14048,78.528336,197.53139
OUT_14049,79.53058,199.75087
OUT_14050,1849.6594,2139.3328
OUT_14051,283.0146,427.3903
OUT_14052,71.248505,197.98016
OUT_14053,65.17856,182.82698
OUT_14054,73.02461,196.71927
OUT_14055,46.87888,172.46196
OUT_14056,262.42566,421.06592
OUT_14057,895.44824,1061.4482
OUT_14058,235.83772,395.79605
OUT_14059,64.849,184.93866
OUT_14060,267.31476,401.92535
OUT_14061,226.95888,401.432
OUT_14062,898.2545,1101.5135
OUT_14063,1990.7565,2129.8284
OUT_14064,65.95532,194.46782
OUT_14065,886.872,1089.1787
OUT_14066,75.1243,201.05408
OUT_14067,75.38658,197.53691
OUT_14068,271.9381,412.23004
OUT_14069,65.11691,192.8282
OUT_14070,208.75438,389.55212
OUT_14071,68.78067,192.81824
OUT_14072,237.90028,390.7964
OUT_14073,76.317566,203.10706
OUT_14074,902.3871,1100.5677
OUT_14075,66.37814,196.5917
OUT_14076,883.91077,1024.7051
OUT_14077,68.48183,201.10771
OUT_14078,267.14502,407.9855
OUT_14079,65.04561,192.13634
OUT_14080,239.76765,421.14197
OUT_14081,49.962315,175.87437
OUT_14082,891.5914,1060.5883
OUT_14083,65.201996,189.67459
OUT_14084,60.903812,188.65202
OUT_14085,245.01485,405.91214
OUT_14086,910.00006,1114.7417
OUT_14087,78.80295,201.08774
OUT_14088,276.0984,406.95285
OUT_14089,883.6975,1046.853
OUT_14090,904.5508,1045.784
OUT_14091,61.314884,189.45741
OUT_14092,77.15805,193.89389
OUT_14093,1991.4169,2127.8235
OUT_14094,82.588974,206.14516
OUT_14095,276.9593,421.05484
OUT_14096,70.97287,198.26231
OUT_14097,38.00739,173.84947
OUT_14098,285.23776,426.62253
OUT_14099,246.93349,408.80533
OUT_14100,76.630875,201.44598
OUT_14101,65.99255,193.5815
OUT_14102,246.28584,397.05994
OUT_14103,82.47943,195.44138
OUT_14104,73.77261,194.33186
OUT_14105,67.891205,192.91167
OUT_14106,239.52895,391.41406
OUT_14107,84.44586,196.21016
OUT_14108,67.35152,197.91385
OUT_14109,910.78577,1148.3278
OUT_14110,246.40846,420.30118
OUT_14111,908.7122,1137.676
OUT_14112,72.05023,186.67647
OUT_14113,57.087223,187.758
OUT_14114,878.8582,1043.1658
OUT_14115,81.38197,199.50423
OUT_14116,75.17581,195.75177
OUT_14117,280.91583,411.7472
OUT_14118,1851.654,2140.8215
OUT_14119,257.89996,413.64395
OUT_14120,62.188908,183.12544
OUT_14121,75.02548,197.09004
OUT_14122,80.2457,201.7361
OUT_14123,58.6872,183.66464
OUT_14124,63.37177,193.18478
OUT_14125,67.0318,195.72894
OUT_14126,253.49886,428.32535
OUT_14127,881.64386,1039.8314
OUT_14128,64.35405,182.76692
OUT_14129,64.48378,182.07294
OUT_14130,56.403904,170.25365
OUT_14131,883.6129,1089.0986
OUT_14132,277.06732,409.31573
OUT_14133,897.1311,1068.5109
OUT_14134,86.058365,202.48044
OUT_14135,266.9642,371.67676
OUT_14136,66.49681,187.66809
OUT_14137,69.28955,189.5094
OUT_14138,78.65721,198.84654
OUT_14139,908.0175,1157.3431
OUT_14140,69.47429,202.09076
OUT_14141,66.65515,189.3119
OUT_14142,239.07332,408.51376
OUT_14143,77.23361,197.59718
OUT_14144,250.64668,429.87576
OUT_14145,212.34486,324.8489
OUT_14146,273.83002,416.52502
OUT_14147,233.79451,388.64673
OUT_14148,77.08301,204.57979
OUT_14149,77.82733,198.55743
OUT_14150,71.54373,196.41525
OUT_14151,63.82642,184.45436
OUT_14152,242.75667,408.14246
OUT_14153,58.93491,187.37115
OUT_14154,235.02583,384.5534
OUT_14155,64.652435,195.78928
OUT_14156,276.23935,443.9158
OUT_14157,83.61011,201.22052
OUT_14158,77.55444,196.21506
OUT_14159,282.14172,411.27344
OUT_14160,50.232006,181.5946
OUT_14161,50.679966,182.47377
OUT_14162,245.9319,398.37302
OUT_14163,69.91083,193.79834
OUT_14164,257.20947,422.39474
OUT_14165,245.76888,408.9541
OUT_14166,249.10805,424.33505
OUT_14167,55.420086,184.21509
OUT_14168,72.206665,199.05055
OUT_14169,234.81758,389.92398
OUT_14170,280.9079,409.22083
OUT_14171,80.395615,199.48344
OUT_14172,254.0367,422.42557
OUT_14173,248.61415,427.95724
OUT_14174,73.69426,199.85854
OUT_14175,917.5393,1133.8264
OUT_14176,81.40222,205.23058
OUT_14177,74.21498,202.6915
OUT_14178,83.964905,205.4974
OUT_14179,241.32631,413.84616
OUT_14180,86.7368,202.4542
OUT_14181,62.247417,184.37018
OUT_14182,256.8001,437.18365
OUT_14183,77.63963,200.90096
OUT_14184,66.750854,191.35588
OUT_14185,74.33551,198.35263
OUT_14186,890.1448,1041.3531
OUT_14187,85.68274,206.52322
OUT_14188,66.804245,182.29552
OUT_14189,245.19386,427.73517
OUT_14190,42.23151,163.19733
OUT_14191,900.0042,1087.2821
OUT_14192,914.3522,1086.0472
OUT_14193,80.063095,198.0146
OUT_14194,50.482677,184.33527
OUT_14195,889.82465,1073.3531
OUT_14196,65.87831,192.80275
OUT_14197,867.3581,1036.9879
OUT_14198,67.0432,183.89943
OUT_14199,74.91847,197.11713
OUT_14200,1893.6045,2132.571
OUT_14201,70.07997,199.47664
OUT_14202,62.34289,187.9712
OUT_14203,248.2129,433.1448
OUT_14204,80.08122,210.46771
OUT_14205,65.48335,191.49117
OUT_14206,73.2782,196.75015
OUT_14207,237.93275,422.78024
OUT_14208,915.523,1101.9208
OUT_14209,282.5747,437.4035
OUT_14210,272.26434,449.15344
OUT_14211,88.01277,216.74869
OUT_14212,254.54604,436.23297
OUT_14213,69.815094,196.59201
OUT_14214,56.924,186.1367
OUT_14215,238.01027,401.9906
OUT_14216,73.54358,198.13339
OUT_14217,1842.9878,2131.8357
OUT_14218,69.52457,199.44818
OUT_14219,70.430786,195.56616
OUT_14220,60.708622,186.63866
OUT_14221,261.5282,419.90872
OUT_14222,1991.4169,2129.5186
OUT_14223,65.65015,191.57263
OUT_14224,80.36279,200.02467
OUT_14225,891.33167,1075.1248
OUT_14226,905.09955,1076.8545
OUT_14227,61.474583,190.71004
OUT_14228,234.97932,403.38126
OUT_14229,270.39703,424.9869
OUT_14230,72.6254,196.80713
OUT_14231,924.13525,1138.837
OUT_14232,49.095005,180.53339
OUT_14233,257.41833,415.9424
OUT_14234,64.39963,189.1101
OUT_14235,59.92339,179.47728
OUT_14236,276.64276,405.4451
OUT_14237,254.13753,442.61108
OUT_14238,293.5056,610.2559
OUT_14239,70.239395,198.1154
OUT_14240,1982.1779,2132.009
OUT_14241,889.00085,1038.7068
OUT_14242,880.86365,1088.1332
OUT_14243,287.1332,446.57455
OUT_14244,87.00282,213.30756
OUT_14245,64.515366,194.6782
OUT_14246,58.337315,188.80779
OUT_14247,245.71358,410.54633
OUT_14248,241.57741,401.5256
OUT_14249,243.90492,413.65872
OUT_14250,51.829,186.21274
OUT_14251,899.3381,1083.7583
OUT_14252,244.34145,401.34744
OUT_14253,237.22243,409.51984
OUT_14254,73.437195,197.03296
OUT_14255,55.158497,184.2551
OUT_14256,69.29813,192.98476
OUT_14257,283.4935,430.3669
OUT_14258,241.73872,406.45923
OUT_14259,70.962524,204.44275
OUT_14260,239.24385,404.55734
OUT_14261,75.00615,197.97447
OUT_14262,880.72046,1090.4548
OUT_14263,254.7452,429.8806
OUT_14264,64.77991,183.14171
OUT_14265,236.95143,406.5819
OUT_14266,271.19287,409.1495
OUT_14267,234.7989,419.0481
OUT_14268,248.88527,410.6858
OUT_14269,241.33772,400.98608
OUT_14270,60.183323,191.54825
OUT_14271,251.34413,422.1187
OUT_14272,285.2874,446.89917
OUT_14273,275.94806,407.78107
OUT_14274,2008.2689,2119.2932
OUT_14275,276.33618,420.72003
OUT_14276,69.10826,193.85077
OUT_14277,258.57843,403.26962
OUT_14278,80.13583,207.82802
OUT_14279,73.688385,198.30283
OUT_14280,898.1298,1075.3105
OUT_14281,916.6757,1110.3834
OUT_14282,880.6756,1024.734
OUT_14283,252.22054,435.01007
OUT_14284,56.078518,164.46146
OUT_14285,75.76573,198.90761
OUT_14286,72.16524,199.69164
OUT_14287,250.22054,411.33356
OUT_14288,64.710144,188.04837
OUT_14289,79.814575,195.69803
OUT_14290,263.2989,428.2349
OUT_14291,273.37238,406.35913
OUT_14292,878.9596,1028.2694
OUT_14293,76.023926,196.53651
OUT_14294,1827.7468,2134.694
OUT_14295,60.81657,180.88829
OUT_14296,77.514114,197.8431
OUT_14297,891.6802,1061.5853
OUT_14298,282.75806,446.2308
OUT_14299,225.269,418.84036
OUT_14300,883.4477,1057.851
OUT_14301,38.26016,174.78748
OUT_14302,74.0004,196.54982
OUT_14303,252.65913,426.36456
OUT_14304,76.04074,199.41287
OUT_14305,916.07733,1116.8583
OUT_14306,73.75957,191.27432
OUT_14307,74.40646,199.35805
OUT_14308,82.473694,201.99171
OUT_14309,75.31099,196.60078
OUT_14310,270.03467,424.98483
OUT_14311,68.62041,198.01186
OUT_14312,77.35234,198.1145
OUT_14313,39.808575,157.45622
OUT_14314,276.4292,438.78995
OUT_14315,68.60269,196.06529
OUT_14316,249.14503,415.0667
OUT_14317,85.104324,200.84798
OUT_14318,916.6761,1172.215
OUT_14319,250.19502,434.87466
OUT_14320,73.47592,197.67496
OUT_14321,64.96872,190.80342
OUT_14322,283.5314,434.6171
OUT_14323,880.38434,1131.1158
OUT_14324,72.85455,194.28197
OUT_14325,68.73172,193.41307
OUT_14326,252.16121,426.58438
OUT_14327,66.76219,195.21739
OUT_14328,877.89154,1088.173
OUT_14329,73.601395,199.1113
OUT_14330,56.191044,183.45541
OUT_14331,87.52376,208.72568
OUT_14332,275.86542,409.14026
OUT_14333,71.76196,191.71635
OUT_14334,922.2687,1132.0112
OUT_14335,73.95004,199.80008
OUT_14336,916.2387,1117.5181
OUT_14337,1796.2688,2123.4548
OUT_14338,291.0263,667.016
OUT_14339,68.37065,193.57031
OUT_14340,255.71388,427.86203
OUT_14341,276.46698,407.25
OUT_14342,242.81697,402.80093
OUT_14343,245.97102,403.81635
OUT_14344,81.14714,203.29686
OUT_14345,75.1129,198.56158
OUT_14346,935.68243,1085.1326
OUT_14347,44.926426,164.38873
OUT_14348,93.829605,201.62737
OUT_14349,286.4406,421.41003
OUT_14350,921.2106,1113.9808
OUT_14351,879.5305,1043.1652
OUT_14352,888.14246,1063.6508
OUT_14353,77.34631,202.87292
OUT_14354,49.0834,181.25525
OUT_14355,886.04584,1053.3652
OUT_14356,290.7132,456.3094
OUT_14357,889.84973,1055.6676
OUT_14358,67.671906,196.18036
OUT_14359,885.6986,1067.992
OUT_14360,43.335827,181.39706
OUT_14361,903.9469,1090.0955
OUT_14362,85.155685,198.50102
OUT_14363,239.27284,412.89078
OUT_14364,911.0407,1066.3842
OUT_14365,279.70697,414.3187
OUT_14366,74.23842,198.05037
OUT_14367,1883.47,2125.4016
OUT_14368,245.61446,399.8547
OUT_14369,68.63257,192.68697
OUT_14370,276.4956,407.77347
OUT_14371,69.40497,193.2961
OUT_14372,59.463856,190.45004
OUT_14373,936.7926,1114.1084
OUT_14374,875.0368,1057.7596
OUT_14375,233.59523,395.37222
OUT_14376,923.89124,1136.5447
OUT_14377,68.25406,192.84735
OUT_14378,52.70905,180.66586
OUT_14379,281.64722,433.9171
OUT_14380,241.13637,394.1532
OUT_14381,245.74733,408.033
OUT_14382,73.95303,197.78305
OUT_14383,249.79018,408.86465
OUT_14384,916.5899,1267.036
OUT_14385,53.559643,183.219
OUT_14386,222.0984,343.52176
OUT_14387,75.04065,198.51036
OUT_14388,271.89557,418.063
OUT_14389,274.2624,414.7461
OUT_14390,278.01624,413.06442
OUT_14391,880.0855,1062.114
OUT_14392,83.263824,201.35497
OUT_14393,234.22359,381.59753
OUT_14394,66.071075,193.05972
OUT_14395,77.955154,201.62003
OUT_14396,251.74574,422.1187
OUT_14397,64.73015,189.74564
OUT_14398,276.2613,476.80002
OUT_14399,58.842693,181.24936
OUT_14400,61.381252,185.20654
OUT_14401,49.860462,177.97758
OUT_14402,77.91734,196.1097
OUT_14403,78.25275,199.8605
OUT_14404,41.56908,175.20631
OUT_14405,67.728165,195.53033
OUT_14406,61.731876,189.81987
OUT_14407,60.429714,174.79291
OUT_14408,267.4701,406.365
OUT_14409,78.38121,199.63445
OUT_14410,61.791027,200.66272
OUT_14411,76.92528,198.81215
OUT_14412,72.81583,198.15198
OUT_14413,74.78815,211.45692
OUT_14414,275.67285,419.48495
OUT_14415,919.9027,1061.7218
OUT_14416,41.650013,149.86133
OUT_14417,71.26306,194.96849
OUT_14418,70.6859,196.15347
OUT_14419,46.629223,183.86752
OUT_14420,63.781322,188.65363
OUT_14421,69.18141,211.40195
OUT_14422,65.13948,196.60355
OUT_14423,847.64044,1021.57367
OUT_14424,210.11717,394.21298
OUT_14425,83.60765,202.05649
OUT_14426,72.77695,196.73581
OUT_14427,60.00938,181.5506
OUT_14428,60.77609,184.6706
OUT_14429,887.2358,1070.3049
OUT_14430,246.57823,400.78934
OUT_14431,72.62938,198.15369
OUT_14432,71.74826,191.95015
OUT_14433,900.9409,1087.2994
OUT_14434,78.94153,197.0143
OUT_14435,269.1588,440.042
OUT_14436,1891.9707,2135.6013
OUT_14437,61.488583,187.98085
OUT_14438,909.8806,1107.355
OUT_14439,73.129166,199.55911
OUT_14440,231.08553,365.04657
OUT_14441,909.5961,1076.764
OUT_14442,906.1764,1088.2548
OUT_14443,62.19241,186.92162
OUT_14444,273.35242,423.34073
OUT_14445,86.18153,200.08705
OUT_14446,70.75899,191.74525
OUT_14447,70.3309,192.0217
OUT_14448,74.5146,201.95352
OUT_14449,67.032074,197.33412
OUT_14450,876.77496,1071.6174
OUT_14451,273.80048,419.26788
OUT_14452,66.24753,191.95886
OUT_14453,1770.3623,2125.0999
OUT_14454,273.46735,409.41354
OUT_14455,60.356083,183.23544
OUT_14456,76.29758,199.94334
OUT_14457,286.37323,414.96292
OUT_14458,275.73187,410.287
OUT_14459,261.8084,382.1836
OUT_14460,74.23419,198.79088
OUT_14461,233.71553,416.87216
OUT_14462,252.89827,405.70917
OUT_14463,275.5498,409.59088
OUT_14464,89.649185,202.87918
OUT_14465,68.40042,193.92676
OUT_14466,77.62569,201.55785
OUT_14467,915.4728,1113.2069
OUT_14468,1991.4169,2124.7146
OUT_14469,275.42596,408.95102
OUT_14470,270.30023,431.34018
OUT_14471,233.18446,407.01196
OUT_14472,283.3765,422.12738
OUT_14473,72.58621,199.57234
OUT_14474,68.054504,190.9792
OUT_14475,69.84375,196.81357
OUT_14476,461.15112,1025.3002
OUT_14477,69.00586,191.72607
OUT_14478,69.955826,195.54744
OUT_14479,241.15279,411.31677
OUT_14480,87.60219,208.9055
OUT_14481,73.95633,192.24211
OUT_14482,922.53265,1261.9608
OUT_14483,281.32904,429.95642
OUT_14484,54.693813,187.91147
OUT_14485,903.61957,1064.7349
OUT_14486,77.071884,197.83386
OUT_14487,72.43762,202.8259
OUT_14488,244.3857,406.1673
OUT_14489,75.04347,204.26953
OUT_14490,246.95143,435.31314
OUT_14491,71.676544,198.97691
OUT_14492,77.103195,198.71371
OUT_14493,1820.9592,2131.7258
OUT_14494,241.12032,408.122
OUT_14495,256.9804,446.87857
OUT_14496,73.63295,190.6827
OUT_14497,46.080288,200.26735
OUT_14498,65.37398,188.6297
OUT_14499,43.478405,176.09537
OUT_14500,99.62874,211.8168
OUT_14501,76.127914,194.02946
OUT_14502,883.5381,1105.3269
OUT_14503,68.77919,192.36343
OUT_14504,80.70853,197.20547
OUT_14505,906.01434,1076.4897
OUT_14506,76.92946,197.54709
OUT_14507,78.681915,199.6405
OUT_14508,1891.0156,2133.799
OUT_14509,71.48215,196.5438
OUT_14510,274.8238,413.85855
OUT_14511,65.504944,190.97968
OUT_14512,70.70871,200.3123
OUT_14513,911.02856,1082.5752
OUT_14514,1883.1218,2149.8594
OUT_14515,273.31567,428.27673
OUT_14516,248.89583,437.02734
OUT_14517,57.75526,179.26837
OUT_14518,249.77419,408.10962
OUT_14519,921.66724,1103.5635
OUT_14520,247.78804,416.27444
OUT_14521,255.17842,411.7472
OUT_14522,235.73323,413.91772
OUT_14523,78.366455,202.75325
OUT_14524,919.17535,1124.9417
OUT_14525,1892.9158,2127.3362
OUT_14526,877.004,1047.0554
OUT_14527,54.38271,185.445
OUT_14528,81.61249,204.77267
OUT_14529,242.51894,414.16806
OUT_14530,272.21515,402.96622
OUT_14531,271.72464,408.12283
OUT_14532,65.85654,197.04932
OUT_14533,79.63336,201.39145
OUT_14534,62.299503,192.92117
OUT_14535,287.88922,430.24597
OUT_14536,905.4156,1086.4989
OUT_14537,247.45271,412.33286
OUT_14538,247.8979,419.59598
OUT_14539,51.278996,179.71938
OUT_14540,250.26088,418.03378
OUT_14541,86.34532,217.87999
OUT_14542,78.506424,198.93044
OUT_14543,86.12663,206.98201
OUT_14544,71.61391,199.27905
OUT_14545,71.60222,197.45477
OUT_14546,96.87993,222.97195
OUT_14547,1886.6501,2131.6223
OUT_14548,72.50485,196.62463
OUT_14549,73.81065,198.014
OUT_14550,55.906506,184.68391
OUT_14551,932.93005,1089.792
OUT_14552,62.987843,187.89392
OUT_14553,881.52045,1064.6876
OUT_14554,71.63042,190.47514
OUT_14555,254.56459,429.06436
OUT_14556,899.5898,1043.5775
OUT_14557,276.18805,416.47577
OUT_14558,881.0974,1050.3262
OUT_14559,57.991245,192.81921
OUT_14560,79.6555,202.4829
OUT_14561,264.6421,387.49008
OUT_14562,65.171265,190.83817
OUT_14563,55.590313,181.5217
OUT_14564,251.25264,415.2447
OUT_14565,77.84706,198.77206
OUT_14566,898.18915,1099.1456
OUT_14567,87.30684,216.69994
OUT_14568,266.35825,454.08762
OUT_14569,65.79152,196.40375
OUT_14570,40.447323,150.08168
OUT_14571,247.47615,363.7165
OUT_14572,240.80196,401.34348
OUT_14573,260.39532,425.61636
OUT_14574,60.247234,190.04265
OUT_14575,96.09944,219.84459
OUT_14576,279.8282,435.36346
OUT_14577,913.9699,1094.5422
OUT_14578,67.90277,195.10756
OUT_14579,81.9756,199.18877
OUT_14580,86.93419,203.55577
OUT_14581,67.367004,190.29648
OUT_14582,68.609116,192.69142
OUT_14583,62.654095,185.72527
OUT_14584,884.9288,1110.9052
OUT_14585,89.8284,201.25455
OUT_14586,1891.8784,2128.7966
OUT_14587,69.82233,187.55023
OUT_14588,839.17145,1012.0123
OUT_14589,239.90785,405.21118
OUT_14590,282.11102,413.16794
OUT_14591,84.81944,196.64601
OUT_14592,56.28616,177.43974
OUT_14593,65.57776,194.00761
OUT_14594,240.09431,403.0049
OUT_14595,80.133026,216.73798
OUT_14596,68.683914,191.49751
OUT_14597,43.236797,170.57152
OUT_14598,64.79491,191.99266
OUT_14599,63.26975,193.55768
OUT_14600,913.0019,1080.2322
OUT_14601,918.5303,1092.8468
OUT_14602,1895.0332,2133.2317
OUT_14603,276.08374,438.55353
OUT_14604,88.07216,205.01396
OUT_14605,67.20715,190.52042
OUT_14606,233.17183,406.49902
OUT_14607,271.4834,402.10034
OUT_14608,909.1021,1111.8065
OUT_14609,49.40865,174.01132
OUT_14610,87.26912,204.17406
OUT_14611,249.41078,410.79724
OUT_14612,885.8727,1061.9286
OUT_14613,211.13344,390.92798
OUT_14614,278.06903,407.54373
OUT_14615,1892.5767,2128.0476
OUT_14616,72.16383,199.80467
OUT_14617,65.75198,192.57927
OUT_14618,80.066025,196.89093
OUT_14619,916.55853,1355.2229
OUT_14620,80.203445,198.82419
OUT_14621,49.823895,176.64177
OUT_14622,246.2217,418.28726
OUT_14623,265.203,388.4003
OUT_14624,67.61485,186.71027
OUT_14625,55.7814,183.67738
OUT_14626,286.02344,438.10873
OUT_14627,70.70381,197.81375
OUT_14628,245.64986,399.57657
OUT_14629,228.30568,394.32755
OUT_14630,906.0652,1094.1813
OUT_14631,892.0796,1056.577
OUT_14632,57.69498,179.9403
OUT_14633,77.64613,201.99266
OUT_14634,62.15946,190.0746
OUT_14635,822.05444,998.69244
OUT_14636,243.63124,417.97247
OUT_14637,69.62622,198.93275
OUT_14638,246.78358,419.23462
OUT_14639,245.34816,406.78366
OUT_14640,63.59862,194.3495
OUT_14641,251.60298,428.1343
OUT_14642,43.79788,173.12973
OUT_14643,69.63612,201.00516
OUT_14644,245.09798,410.41522
OUT_14645,884.4324,1081.4249
OUT_14646,77.892746,198.35677
OUT_14647,62.567966,185.29295
OUT_14648,68.65036,192.28886
OUT_14649,270.8346,411.19904
OUT_14650,66.632996,194.94682
OUT_14651,274.40833,407.3219
OUT_14652,76.28316,199.62451
OUT_14653,66.645096,188.76682
OUT_14654,70.47475,193.81912
OUT_14655,48.372753,175.21928
OUT_14656,82.44949,202.67941
OUT_14657,67.33452,185.5018
OUT_14658,46.057064,198.05875
OUT_14659,79.92326,200.04025
OUT_14660,56.465633,188.66373
OUT_14661,63.499958,185.70232
OUT_14662,901.8453,1086.9962
OUT_14663,1742.864,2098.1309
OUT_14664,902.633,1099.5504
OUT_14665,68.19827,194.38219
OUT_14666,72.724045,198.77724
OUT_14667,52.171436,183.96974
OUT_14668,72.67844,200.59833
OUT_14669,58.878933,182.73286
OUT_14670,278.80255,408.22107
OUT_14671,1213.6705,2091.6533
OUT_14672,921.2717,1115.0768
OUT_14673,251.50832,427.83752
OUT_14674,250.07112,408.94675
OUT_14675,54.59757,173.63063
OUT_14676,74.49112,194.09192
OUT_14677,46.511616,177.91971
OUT_14678,71.404144,197.71259
OUT_14679,250.7264,393.1247
OUT_14680,241.1877,416.388
OUT_14681,909.5973,1105.8038
OUT_14682,65.834595,198.65862
OUT_14683,928.03235,1092.5522
OUT_14684,67.92221,189.512
OUT_14685,243.8572,415.81607
OUT_14686,228.91017,402.69443
OUT_14687,258.60178,428.8985
OUT_14688,278.7774,411.50113
OUT_14689,82.69679,200.8805
OUT_14690,249.95778,412.2854
OUT_14691,70.523315,197.65533
OUT_14692,57.780804,180.14268
OUT_14693,253.42696,423.37296
OUT_14694,919.1712,1199.8754
OUT_14695,73.05534,198.32648
OUT_14696,89.42998,219.6559
OUT_14697,52.61472,179.73633
OUT_14698,885.8966,1054.7599
OUT_14699,890.9791,1066.5168
OUT_14700,82.24835,209.0595
OUT_14701,81.69855,200.43129
OUT_14702,69.76805,197.15996
OUT_14703,48.294666,178.42245
OUT_14704,60.260235,189.8006
OUT_14705,270.5163,405.4664
OUT_14706,73.490295,198.9209
OUT_14707,67.4823,191.23254
OUT_14708,886.90375,1123.7738
OUT_14709,924.0086,1146.4628
OUT_14710,242.77596,407.14468
OUT_14711,69.84883,194.37944
OUT_14712,891.10986,1115.8673
OUT_14713,67.558914,217.2297
OUT_14714,245.40468,408.66113
OUT_14715,86.78999,202.3348
OUT_14716,82.99245,194.2535
OUT_14717,68.96414,182.94719
OUT_14718,83.49864,204.3847
OUT_14719,244.7466,420.65118
OUT_14720,918.781,1104.41
OUT_14721,256.2151,429.9991
OUT_14722,276.20984,421.77966
OUT_14723,265.34705,420.74957
OUT_14724,241.62624,411.95816
OUT_14725,896.2038,1059.2142
OUT_14726,268.32288,401.66534
OUT_14727,66.377914,195.49806
OUT_14728,245.2032,416.94153
OUT_14729,70.31961,197.36426
OUT_14730,240.00484,408.80533
OUT_14731,70.64447,192.45924
OUT_14732,40.296673,151.26358
OUT_14733,81.44745,201.21196
OUT_14734,61.091595,188.15865
OUT_14735,278.75397,415.6675
OUT_14736,250.78352,423.3851
OUT_14737,67.633484,193.03409
OUT_14738,242.69032,410.71603
OUT_14739,240.15822,400.08713
OUT_14740,53.318134,177.89317
OUT_14741,891.4476,1045.7852
OUT_14742,74.072235,198.73589
OUT_14743,889.9956,1095.5021
OUT_14744,71.12225,195.36328
OUT_14745,276.7439,403.66595
OUT_14746,74.30795,195.04918
OUT_14747,59.754078,186.85303
OUT_14748,81.454605,202.74382
OUT_14749,880.5873,1041.7521
OUT_14750,241.31233,420.8901
OUT_14751,270.72086,378.15045
OUT_14752,889.33856,1066.4445
OUT_14753,244.75182,378.0797
OUT_14754,896.5808,1087.4209
OUT_14755,233.22957,404.69498
OUT_14756,272.54498,443.27188
OUT_14757,894.0585,1090.3649
OUT_14758,243.85567,368.00903
OUT_14759,281.586,422.0452
OUT_14760,888.7502,1071.7263
OUT_14761,80.60751,198.9683
OUT_14762,241.98427,411.11603
OUT_14763,82.15787,212.33087
OUT_14764,77.92293,199.73543
OUT_14765,205.71327,383.6761
OUT_14766,280.86572,416.38095
OUT_14767,884.7314,1116.5172
OUT_14768,280.13354,435.95776
OUT_14769,73.08447,190.6589
OUT_14770,275.65656,410.84894
OUT_14771,1880.4131,2118.7932
OUT_14772,64.54001,190.59044
OUT_14773,894.81134,1170.0209
OUT_14774,891.2582,1037.8176
OUT_14775,59.249996,185.12283
OUT_14776,67.60036,193.8244
OUT_14777,275.68866,407.91385
OUT_14778,902.94415,1073.1218
OUT_14779,67.97124,192.65584
OUT_14780,69.73073,196.78159
OUT_14781,84.23808,200.16225
OUT_14782,909.711,1095.2471
OUT_14783,281.1239,414.56708
OUT_14784,61.213512,190.67632
OUT_14785,68.19243,192.47545
OUT_14786,60.481693,189.67343
OUT_14787,890.2956,1058.169
OUT_14788,76.15477,201.43323
OUT_14789,85.33267,200.44727
OUT_14790,71.519714,205.36116
OUT_14791,274.03632,417.1301
OUT_14792,76.027145,202.79732
OUT_14793,72.61455,195.93776
OUT_14794,70.68141,191.6504
OUT_14795,66.3026,187.00533
OUT_14796,70.528076,194.05006
OUT_14797,81.741,200.93272
OUT_14798,254.2342,419.52255
OUT_14799,923.9208,1097.0188
OUT_14800,887.9261,1061.0577
OUT_14801,73.15379,204.32176
OUT_14802,256.45966,421.0828
OUT_14803,243.43513,409.61707
OUT_14804,77.80563,196.30273
OUT_14805,69.433334,198.54482
OUT_14806,73.17659,189.01782
OUT_14807,43.50458,181.6205
OUT_14808,59.906193,186.50189
OUT_14809,1991.4169,2125.7712
OUT_14810,255.53719,423.76086
OUT_14811,247.4438,420.57037
OUT_14812,52.64854,205.9225
OUT_14813,59.561634,187.86111
OUT_14814,226.53001,349.36572
OUT_14815,68.984116,197.32965
OUT_14816,41.819904,184.02283
OUT_14817,82.97104,201.54085
OUT_14818,885.8729,1070.3679
OUT_14819,67.03999,199.37508
OUT_14820,920.68994,1114.3271
OUT_14821,72.06798,210.83223
OUT_14822,1991.4169,2128.919
OUT_14823,900.1269,1094.9653
OUT_14824,43.967373,169.83849
OUT_14825,257.58966,439.78217
OUT_14826,45.858326,177.54123
OUT_14827,32.704456,150.42299
OUT_14828,68.230774,197.7171
OUT_14829,55.010693,180.6813
OUT_14830,1884.1438,2116.9592
OUT_14831,78.987686,200.37314
OUT_14832,57.43896,188.59904
OUT_14833,1875.0933,2105.5286
OUT_14834,905.7345,1107.4591
OUT_14835,66.42459,195.73692
OUT_14836,269.18524,411.68405
OUT_14837,73.0336,195.17676
OUT_14838,72.45717,193.5541
OUT_14839,232.50908,354.5304
OUT_14840,64.81781,196.76227
OUT_14841,57.47791,191.93407
OUT_14842,273.5149,408.00647
OUT_14843,283.23926,446.2996
OUT_14844,62.167065,189.14265
OUT_14845,75.726944,199.3376
OUT_14846,911.8973,1106.8329
OUT_14847,296.883,689.27893
OUT_14848,94.97359,204.00206
OUT_14849,78.27045,197.20042
OUT_14850,61.492023,184.45303
OUT_14851,65.61815,189.65596
OUT_14852,83.31477,251.11462
OUT_14853,278.98468,413.15106
OUT_14854,60.313755,190.19183
OUT_14855,80.39867,199.2709
OUT_14856,902.6333,1104.4126
OUT_14857,254.44203,431.53125
OUT_14858,252.32619,419.91696
OUT_14859,888.29083,1053.4596
OUT_14860,34.87662,155.77379
OUT_14861,77.43193,200.41742
OUT_14862,249.72798,410.16714
OUT_14863,266.42688,409.75397
OUT_14864,898.86005,1056.2725
OUT_14865,228.17488,411.88885
OUT_14866,71.912445,212.91335
OUT_14867,75.627335,196.1381
OUT_14868,900.7286,1064.8229
OUT_14869,909.5497,1116.9291
OUT_14870,247.59169,410.6729
OUT_14871,223.79112,355.30524
OUT_14872,1891.0195,2149.8594
OUT_14873,86.76085,203.46492
OUT_14874,1881.7458,2117.7444
OUT_14875,1890.373,2136.994
OUT_14876,878.34064,1053.1506
OUT_14877,68.59766,195.73969
OUT_14878,247.06862,409.55438
OUT_14879,65.493546,196.14133
OUT_14880,83.657745,194.88339
OUT_14881,869.52954,1091.3539
OUT_14882,817.8559,1038.786
OUT_14883,247.26595,410.0261
OUT_14884,935.0852,1104.2247
OUT_14885,859.5396,1034.5563
OUT_14886,66.42769,185.21223
OUT_14887,254.97627,425.9145
OUT_14888,82.37567,201.69116
OUT_14889,273.76227,424.48117
OUT_14890,69.21623,185.76123
OUT_14891,75.06642,194.62982
OUT_14892,55.351254,184.04039
OUT_14893,68.64851,195.97505
OUT_14894,243.38857,416.11157
OUT_14895,50.927258,181.51183
OUT_14896,62.19956,192.37605
OUT_14897,275.7152,426.43164
OUT_14898,85.22569,207.35678
OUT_14899,73.34433,200.2106
OUT_14900,82.275375,195.96642
OUT_14901,259.17114,416.62256
OUT_14902,225.9366,390.7546
OUT_14903,67.7663,190.51349
OUT_14904,280.54962,427.2868
OUT_14905,268.36707,423.78973
OUT_14906,71.3242,195.87988
OUT_14907,87.9402,203.24345
OUT_14908,270.70532,404.33368
OUT_14909,73.00363,195.30362
OUT_14910,76.25345,215.89713
OUT_14911,912.5057,1082.871
OUT_14912,65.52022,192.81258
OUT_14913,282.45746,413.8784
OUT_14914,872.6502,1031.834
OUT_14915,87.84123,201.66635
OUT_14916,243.72072,395.93976
OUT_14917,68.87384,186.81612
OUT_14918,60.60761,183.39214
OUT_14919,60.384106,186.36383
OUT_14920,59.575497,184.09036
OUT_14921,77.45708,198.47704
OUT_14922,1881.3433,2125.4775
OUT_14923,224.32295,382.18207
OUT_14924,280.2047,432.4264
OUT_14925,252.83919,462.68146
OUT_14926,251.52296,426.49503
OUT_14927,248.8691,414.1679
OUT_14928,890.50397,1057.9789
OUT_14929,255.39937,422.50995
OUT_14930,887.3524,1070.8666
OUT_14931,81.91521,201.87419
OUT_14932,74.821945,194.69504
OUT_14933,75.91464,200.33218
OUT_14934,275.72614,416.66336
OUT_14935,255.83687,431.65906
OUT_14936,256.89917,443.45917
OUT_14937,897.6389,1074.5381
OUT_14938,255.66866,417.0677
OUT_14939,83.3293,200.58722
OUT_14940,462.99194,998.6126
OUT_14941,894.2029,1096.7761
OUT_14942,61.386265,189.91829
OUT_14943,68.94467,195.54008
OUT_14944,73.5117,200.87784
OUT_14945,70.697174,198.4579
OUT_14946,886.3307,1118.9219
OUT_14947,903.0854,1067.6123
OUT_14948,84.4801,196.5864
OUT_14949,66.706314,190.77895
OUT_14950,94.8864,221.25095
OUT_14951,87.90991,203.55127
OUT_14952,67.4156,193.26904
OUT_14953,242.98164,423.48544
OUT_14954,255.39265,433.81158
OUT_14955,75.82269,197.87386
OUT_14956,250.02925,419.5758
OUT_14957,74.939285,197.38019
OUT_14958,877.99384,1054.7664
OUT_14959,916.3213,1109.1123
OUT_14960,250.77034,410.89456
OUT_14961,62.08034,188.5405
OUT_14962,275.10187,407.04877
OUT_14963,265.31586,411.42188
OUT_14964,79.75751,201.07938
OUT_14965,250.25868,440.77985
OUT_14966,68.592316,206.98863
OUT_14967,241.0284,408.76038
OUT_14968,243.12086,407.03745
OUT_14969,77.43776,201.9746
OUT_14970,78.506516,198.02583
OUT_14971,280.02344,409.15475
OUT_14972,231.72621,358.70068
OUT_14973,63.192493,193.18846
OUT_14974,883.4425,1060.6097
OUT_14975,59.60281,188.17235
OUT_14976,222.88979,338.66693
OUT_14977,251.74165,414.09473
OUT_14978,65.055984,196.2069
OUT_14979,89.15355,207.06818
OUT_14980,73.494644,195.10335
OUT_14981,896.75775,1150.2222
OUT_14982,268.9776,407.10056
OUT_14983,243.55574,401.55826
OUT_14984,87.164444,204.66805
OUT_14985,54.397243,187.92691
OUT_14986,913.76605,1235.1744
OUT_14987,255.4506,426.86795
OUT_14988,245.18642,415.85696
OUT_14989,242.99275,403.78406
OUT_14990,246.06868,408.50903
OUT_14991,892.9582,1049.6971
OUT_14992,891.05206,1090.0559
OUT_14993,917.3571,1118.6821
OUT_14994,913.1681,1129.8096
OUT_14995,73.73453,199.411
OUT_14996,76.267456,198.03113
OUT_14997,73.6613,199.43819
OUT_14998,234.50975,416.13364
OUT_14999,79.445526,199.34888
OUT_15000,63.384457,190.27705
OUT_15001,278.18365,428.332
OUT_15002,73.20892,197.74594
OUT_15003,76.53113,201.27116
OUT_15004,240.4778,355.37616
OUT_15005,1898.6729,2138.4866
OUT_15006,272.41608,420.35034
OUT_15007,922.4158,1146.9059
OUT_15008,241.53487,387.11343
OUT_15009,65.45683,186.75781
OUT_15010,76.47038,199.82745
OUT_15011,59.245075,183.66843
OUT_15012,228.35475,350.2085
OUT_15013,239.84706,398.0508
OUT_15014,60.893436,185.26154
OUT_15015,76.57066,197.00319
OUT_15016,88.95711,207.66495
OUT_15017,73.51137,199.49036
OUT_15018,39.722736,163.9209
OUT_15019,251.42464,416.45255
OUT_15020,909.9949,1106.272
OUT_15021,77.21173,201.46931
OUT_15022,266.7796,415.7535
OUT_15023,64.98157,192.73528
OUT_15024,244.64796,410.86023
OUT_15025,896.7865,1076.452
OUT_15026,74.184525,199.21848
OUT_15027,259.90088,419.01242
OUT_15028,273.9118,430.88913
OUT_15029,81.840546,198.68031
OUT_15030,56.69778,185.9239
OUT_15031,75.92175,202.01741
OUT_15032,70.01111,195.7745
OUT_15033,279.74078,441.30252
OUT_15034,70.632034,201.58536
OUT_15035,243.51576,417.38345
OUT_15036,62.158077,188.07791
OUT_15037,73.41321,196.85368
OUT_15038,272.42566,421.46194
OUT_15039,209.38246,347.62177
OUT_15040,68.15578,195.87221
OUT_15041,893.5603,1080.9784
OUT_15042,908.8671,1113.1056
OUT_15043,238.0608,429.4489
OUT_15044,70.1716,197.58405
OUT_15045,68.29639,197.16791
OUT_15046,886.95044,1069.6252
OUT_15047,909.2734,1204.9899
OUT_15048,66.75487,193.40361
OUT_15049,889.92725,1056.0687
OUT_15050,70.580444,197.75961
OUT_15051,878.89514,1021.4816
OUT_15052,886.2076,1054.8877
OUT_15053,904.8734,1071.244
OUT_15054,241.1122,402.46777
OUT_15055,1990.7565,2129.742
OUT_15056,75.16379,196.68843
OUT_15057,1982.4205,2130.9963
OUT_15058,59.866238,189.71617
OUT_15059,70.02762,198.26625
OUT_15060,65.40105,187.68806
OUT_15061,921.28723,1081.2139
OUT_15062,263.56348,420.6119
OUT_15063,890.49646,1067.3845
OUT_15064,71.12402,199.15408
OUT_15065,915.1943,1108.0984
OUT_15066,67.45352,192.55537
OUT_15067,252.37776,437.685
OUT_15068,78.535,199.98175
OUT_15069,74.26103,196.90945
OUT_15070,243.22554,403.30933
OUT_15071,79.85669,216.16606
OUT_15072,235.84218,409.8339
OUT_15073,75.02414,197.42183
OUT_15074,73.971375,198.4958
OUT_15075,70.773254,196.78053
OUT_15076,917.1289,1155.3438
OUT_15077,66.7146,185.46393
OUT_15078,905.4704,1067.0876
OUT_15079,71.6013,197.88037
OUT_15080,77.26674,214.8055
OUT_15081,876.5168,1030.584
OUT_15082,912.6396,1124.1027
OUT_15083,890.9462,1165.1342
OUT_15084,66.53493,190.85925
OUT_15085,281.21814,440.9735
OUT_15086,47.067303,185.17493
OUT_15087,71.25426,199.32355
OUT_15088,60.517506,183.12396
OUT_15089,1879.6562,2120.869
OUT_15090,49.637264,182.55978
OUT_15091,909.7083,1135.5588
OUT_15092,232.6473,402.29776
OUT_15093,881.802,1045.1787
OUT_15094,83.72595,203.37773
OUT_15095,76.27522,198.66222
OUT_15096,276.66968,414.5629
OUT_15097,75.34621,200.38344
OUT_15098,901.0382,1093.1962
OUT_15099,73.47418,194.38383
OUT_15100,282.16406,416.4025
OUT_15101,278.44733,416.9936
OUT_15102,80.67503,206.4125
OUT_15103,870.42596,1028.7247
OUT_15104,278.6344,428.26923
OUT_15105,73.179504,195.89526
OUT_15106,81.28024,199.89984
OUT_15107,48.073597,181.52747
OUT_15108,884.1035,1056.5433
OUT_15109,58.27058,187.36842
OUT_15110,68.12445,197.76012
OUT_15111,277.86798,406.76456
OUT_15112,78.05318,198.23355
OUT_15113,81.79088,202.42561
OUT_15114,922.20557,1084.2822
OUT_15115,264.49335,399.90115
OUT_15116,246.33778,430.04352
OUT_15117,81.71417,211.07507
OUT_15118,70.44083,199.14311
OUT_15119,64.96892,188.73611
OUT_15120,51.80537,190.72844
OUT_15121,65.399,197.68156
OUT_15122,867.7564,1009.8178
OUT_15123,64.34273,185.12068
OUT_15124,66.09282,193.25882
OUT_15125,869.6352,1026.0122
OUT_15126,64.84787,197.80733
OUT_15127,78.2047,191.93352
OUT_15128,65.415344,193.0343
OUT_15129,268.5235,411.04724
OUT_15130,82.49762,202.04149
OUT_15131,69.255325,194.74469
OUT_15132,907.92773,1106.1414
OUT_15133,64.64641,194.9149
OUT_15134,270.21783,415.213
OUT_15135,920.4867,1185.7697
OUT_15136,89.87807,205.66698
OUT_15137,68.51492,192.76431
OUT_15138,77.617676,197.94817
OUT_15139,240.49568,409.57422
OUT_15140,60.84763,190.6268
OUT_15141,78.868164,198.47664
OUT_15142,68.478806,194.90935
OUT_15143,66.02869,191.40688
OUT_15144,81.71286,206.14516
OUT_15145,1889.6958,2137.9595
OUT_15146,246.29195,415.52982
OUT_15147,900.21576,1106.9468
OUT_15148,261.71533,412.97525
OUT_15149,248.2607,428.38104
OUT_15150,76.747925,198.42426
OUT_15151,53.03027,181.80168
OUT_15152,73.51497,198.50058
OUT_15153,251.80653,443.33316
OUT_15154,914.6633,1097.231
OUT_15155,281.29718,426.45212
OUT_15156,476.7911,1059.1735
OUT_15157,85.19516,213.63165
OUT_15158,904.32446,1085.7803
OUT_15159,911.4141,1106.3866
OUT_15160,1982.8383,2129.6199
OUT_15161,249.61342,409.4539
OUT_15162,69.88811,188.89728
OUT_15163,890.8016,1057.5243
OUT_15164,78.71367,196.06459
OUT_15165,240.52913,404.1098
OUT_15166,253.25685,428.10416
OUT_15167,283.7531,428.36392
OUT_15168,886.5021,1098.034
OUT_15169,48.226414,190.33781
OUT_15170,280.9151,446.13538
OUT_15171,86.479385,208.12799
OUT_15172,49.087337,179.84811
OUT_15173,232.37062,413.3657
OUT_15174,35.290295,141.23631
OUT_15175,71.52896,198.60713
OUT_15176,218.42152,413.78998
OUT_15177,274.432,416.25067
OUT_15178,67.73137,197.62277
OUT_15179,1889.5461,2141.3093
OUT_15180,70.40582,192.08994
OUT_15181,249.65321,439.1096
OUT_15182,63.37431,183.53851
OUT_15183,888.87897,1144.3298
OUT_15184,920.7523,1109.4229
OUT_15185,890.50305,1054.8535
OUT_15186,69.413055,196.93073
OUT_15187,242.70363,409.41354
OUT_15188,70.144455,194.11586
OUT_15189,264.54065,411.9067
OUT_15190,76.62631,204.56963
OUT_15191,72.88245,194.34824
OUT_15192,62.845585,179.13226
OUT_15193,272.60107,401.9257
OUT_15194,235.03322,390.7546
OUT_15195,69.13997,197.69952
OUT_15196,217.0851,425.9947
OUT_15197,70.36098,190.3669
OUT_15198,918.1791,1080.4763
OUT_15199,259.88208,411.04
OUT_15200,273.09534,404.0993
OUT_15201,88.94194,206.18584
OUT_15202,895.7117,1082.5062
OUT_15203,242.43001,417.81647
OUT_15204,256.7834,417.59448
OUT_15205,78.15167,199.19441
OUT_15206,74.78256,198.8577
OUT_15207,68.543686,199.29109
OUT_15208,895.63196,1101.1743
OUT_15209,48.95133,185.55812
OUT_15210,55.621883,179.2785
OUT_15211,74.195145,198.72716
OUT_15212,890.6606,1129.2955
OUT_15213,86.026566,205.33052
OUT_15214,277.71533,426.3334
OUT_15215,245.88496,419.06247
OUT_15216,247.73122,436.1843
OUT_15217,76.27048,200.78899
OUT_15218,238.04921,402.9731
OUT_15219,251.82649,428.05502
OUT_15220,279.70538,435.09778
OUT_15221,78.97188,196.17609
OUT_15222,885.1978,1061.8344
OUT_15223,74.170334,198.9184
OUT_15224,240.91463,408.80533
OUT_15225,78.20738,214.64578
OUT_15226,69.72894,196.53813
OUT_15227,68.53525,188.574
OUT_15228,895.66675,1055.8253
OUT_15229,73.35913,195.30486
OUT_15230,60.710537,187.91101
OUT_15231,280.4154,440.44534
OUT_15232,1884.0552,2114.9875
OUT_15233,276.422,410.9032
OUT_15234,71.47153,197.47438
OUT_15235,1827.5925,2135.048
OUT_15236,894.827,1084.2666
OUT_15237,76.13866,194.86172
OUT_15238,923.1672,1095.8749
OUT_15239,62.13715,192.68973
OUT_15240,251.91689,408.3602
OUT_15241,34.30482,145.65054
OUT_15242,70.42735,192.36368
OUT_15243,220.19606,319.11444
OUT_15244,76.80167,201.1929
OUT_15245,53.976414,174.55815
OUT_15246,879.5802,1044.5133
OUT_15247,74.08803,205.92743
OUT_15248,64.95297,190.27864
OUT_15249,884.6907,1072.2189
OUT_15250,882.6325,1086.187
OUT_15251,209.5157,333.4359
OUT_15252,904.0612,1128.9506
OUT_15253,256.83008,447.2335
OUT_15254,54.529507,181.57741
OUT_15255,882.6367,1055.8167
OUT_15256,888.2897,1070.401
OUT_15257,72.17676,198.38783
OUT_15258,68.01538,199.21841
OUT_15259,895.0831,1080.5146
OUT_15260,921.2273,1108.4083
OUT_15261,81.27852,200.50015
OUT_15262,75.18005,203.18631
OUT_15263,247.25508,448.081
OUT_15264,237.48259,386.82944
OUT_15265,66.00047,194.37535
OUT_15266,1876.2566,2102.7576
OUT_15267,899.34863,1100.3163
OUT_15268,76.81563,201.95518
OUT_15269,62.746456,191.9856
OUT_15270,77.135956,192.53549
OUT_15271,78.73573,196.01106
OUT_15272,893.42865,1074.1047
OUT_15273,249.91579,407.2607
OUT_15274,242.9695,406.42682
OUT_15275,59.14503,183.06447
OUT_15276,75.03053,196.87434
OUT_15277,287.10834,420.80884
OUT_15278,86.12984,307.5232
OUT_15279,79.26529,209.56082
OUT_15280,277.9765,415.88748
OUT_15281,69.87929,193.97911
OUT_15282,255.0378,412.73532
OUT_15283,1724.1221,2132.7356
OUT_15284,88.26848,204.06612
OUT_15285,2008.2421,2122.8123
OUT_15286,65.71031,189.38315
OUT_15287,285.49487,434.59464
OUT_15288,56.609303,187.75578
OUT_15289,276.53815,424.66452
OUT_15290,226.14452,361.45447
OUT_15291,890.60547,1057.9368
OUT_15292,26.428715,154.24919
OUT_15293,74.235306,191.3019
OUT_15294,2007.952,2121.1877
OUT_15295,58.612972,177.99106
OUT_15296,68.001495,189.80414
OUT_15297,79.3132,195.96687
OUT_15298,254.58315,408.39764
OUT_15299,886.5382,1111.9597
OUT_15300,250.43129,412.49268
OUT_15301,247.04921,423.75122
OUT_15302,72.71246,198.88403
OUT_15303,283.98965,437.59277
OUT_15304,245.761,418.58853
OUT_15305,68.40364,194.14441
OUT_15306,81.88008,196.91019
OUT_15307,72.59648,199.49306
OUT_15308,249.78181,410.27103
OUT_15309,68.70705,196.57945
OUT_15310,241.09572,420.7572
OUT_15311,245.89491,424.2152
OUT_15312,56.107853,166.35437
OUT_15313,265.06537,402.47668
OUT_15314,57.122074,184.84195
OUT_15315,1991.4169,2126.2058
OUT_15316,899.2452,1083.474
OUT_15317,897.3419,1060.2125
OUT_15318,286.56464,419.9791
OUT_15319,250.41249,417.8428
OUT_15320,239.96675,419.5281
OUT_15321,52.928883,179.30148
OUT_15322,875.1297,1046.5018
OUT_15323,278.04443,432.8645
OUT_15324,239.24641,399.7624
OUT_15325,71.486176,198.23888
OUT_15326,69.0406,195.68661
OUT_15327,918.9019,1142.824
OUT_15328,81.1548,197.80075
OUT_15329,887.6447,1078.4077
OUT_15330,74.39133,198.74483
OUT_15331,232.90096,410.69873
OUT_15332,73.56352,200.42905
OUT_15333,896.68384,1050.0333
OUT_15334,273.70776,421.99774
OUT_15335,901.1925,1051.7781
OUT_15336,76.16557,197.9034
OUT_15337,818.96735,1011.9322
OUT_15338,47.836987,163.92499
OUT_15339,56.545757,184.76926
OUT_15340,880.676,1043.3022
OUT_15341,260.69415,440.8845
OUT_15342,1891.5127,2131.8567
OUT_15343,277.19012,420.63037
OUT_15344,884.49756,1052.821
OUT_15345,74.13739,196.39603
OUT_15346,280.2356,440.30206
OUT_15347,60.67438,188.60126
OUT_15348,50.64326,187.4539
OUT_15349,253.0179,422.0318
OUT_15350,47.421383,163.26767
OUT_15351,242.7043,406.65308
OUT_15352,266.20685,392.7431
OUT_15353,1957.8042,2120.3762
OUT_15354,65.15779,194.45209
OUT_15355,83.123566,212.90057
OUT_15356,920.2968,1109.7606
OUT_15357,74.24634,196.70628
OUT_15358,886.8022,1043.7809
OUT_15359,54.17294,183.08073
OUT_15360,70.62955,207.58675
OUT_15361,250.1053,416.9542
OUT_15362,252.24965,435.03107
OUT_15363,270.02393,413.557
OUT_15364,284.24902,424.08295
OUT_15365,56.682713,187.91644
OUT_15366,69.78363,197.58345
OUT_15367,81.99858,201.64526
OUT_15368,65.14462,190.06122
OUT_15369,240.38582,401.71683
OUT_15370,252.86018,425.62997
OUT_15371,70.05495,194.13681
OUT_15372,1878.4814,2125.9631
OUT_15373,226.51558,343.6195
OUT_15374,73.678665,189.3056
OUT_15375,283.26263,429.58
OUT_15376,907.87885,1121.8297
OUT_15377,255.10237,427.33542
OUT_15378,85.21385,198.98897
OUT_15379,277.0793,418.0874
OUT_15380,57.83414,184.29083
OUT_15381,237.07655,411.7475
OUT_15382,248.09962,413.27658
OUT_15383,72.35896,196.6775
OUT_15384,71.19855,206.35565
OUT_15385,76.50099,201.34447
OUT_15386,73.5856,199.00671
OUT_15387,249.57887,409.14294
OUT_15388,80.433044,202.45471
OUT_15389,47.632816,177.69214
OUT_15390,906.57117,1092.3402
OUT_15391,252.38249,456.8806
OUT_15392,275.16235,429.15747
OUT_15393,70.35066,191.06816
OUT_15394,80.55748,199.4004
OUT_15395,78.82616,201.96938
OUT_15396,69.29907,193.0793
OUT_15397,911.5046,1104.8007
OUT_15398,909.9868,1147.3478
OUT_15399,918.85913,1122.2539
OUT_15400,880.2439,1060.1008
OUT_15401,70.97429,199.41954
OUT_15402,248.15828,415.30472
OUT_15403,92.58438,206.22025
OUT_15404,52.87187,171.0365
OUT_15405,69.900635,213.30641
OUT_15406,66.8801,193.1056
OUT_15407,280.64258,428.21967
OUT_15408,70.943924,201.86203
OUT_15409,281.83777,435.79745
OUT_15410,261.75708,384.27594
OUT_15411,274.79895,417.3341
OUT_15412,874.18146,1024.0979
OUT_15413,82.88144,206.09663
OUT_15414,82.95364,200.2022
OUT_15415,925.4756,1146.993
OUT_15416,253.4244,425.4905
OUT_15417,878.43,1038.5062
OUT_15418,889.1572,1056.2583
OUT_15419,252.53975,431.27493
OUT_15420,235.49525,411.57492
OUT_15421,40.49123,159.00984
OUT_15422,69.95975,196.12117
OUT_15423,228.05836,354.83795
OUT_15424,891.32104,1074.9006
OUT_15425,245.58559,419.66098
OUT_15426,64.779526,183.5426
OUT_15427,60.950764,186.44885
OUT_15428,1784.8655,2134.218
OUT_15429,245.1811,414.03967
OUT_15430,72.44501,193.97824
OUT_15431,266.68762,411.68405
OUT_15432,78.710175,199.96017
OUT_15433,80.21706,203.02325
OUT_15434,63.086567,186.7857
OUT_15435,904.00433,1094.2513
OUT_15436,61.40848,187.48605
OUT_15437,247.59834,407.61783
OUT_15438,249.34218,429.28806
OUT_15439,252.35793,429.2996
OUT_15440,70.925385,200.00156
OUT_15441,79.16701,202.66731
OUT_15442,936.6793,1122.3762
OUT_15443,62.28957,186.75241
OUT_15444,277.164,427.7966
OUT_15445,81.65433,205.89645
OUT_15446,242.09383,418.90594
OUT_15447,256.23706,439.38943
OUT_15448,63.1924,189.86908
OUT_15449,916.8963,1081.2076
OUT_15450,270.81042,421.58466
OUT_15451,948.19257,1385.7079
OUT_15452,247.63332,407.18747
OUT_15453,62.729343,191.70221
OUT_15454,242.70082,407.89105
OUT_15455,885.7727,1054.5924
OUT_15456,69.99295,195.31209
OUT_15457,61.481647,195.15398
OUT_15458,895.457,1083.0698
OUT_15459,80.753296,206.7422
OUT_15460,280.68884,412.60315
OUT_15461,896.278,1054.5863
OUT_15462,882.76385,1042.4238
OUT_15463,246.90529,421.0523
OUT_15464,238.80696,410.6921
OUT_15465,72.24066,197.42406
OUT_15466,876.2423,1042.0057
OUT_15467,272.1388,413.2121
OUT_15468,928.72437,1097.9998
OUT_15469,265.5241,389.95163
OUT_15470,890.2448,1058.1237
OUT_15471,62.666965,186.15723
OUT_15472,896.6117,1113.3522
OUT_15473,62.60169,191.1748
OUT_15474,246.6927,406.16534
OUT_15475,65.26817,194.71169
OUT_15476,66.00362,185.04369
OUT_15477,267.53937,401.49213
OUT_15478,74.974976,200.79752
OUT_15479,65.438705,189.18393
OUT_15480,906.7264,1064.3876
OUT_15481,884.5139,1059.9542
OUT_15482,69.57715,202.65239
OUT_15483,284.39038,448.03473
OUT_15484,282.42383,440.19254
OUT_15485,291.04706,617.424
OUT_15486,69.49046,192.02988
OUT_15487,895.18976,1110.1356
OUT_15488,70.837585,195.82246
OUT_15489,897.28046,1084.1654
OUT_15490,75.57793,194.7537
OUT_15491,74.08531,197.20995
OUT_15492,75.44388,201.05072
OUT_15493,906.6722,1116.4403
OUT_15494,259.93555,423.85782
OUT_15495,71.55705,196.87262
OUT_15496,1876.0259,2104.82
OUT_15497,931.1798,1121.96
OUT_15498,908.57404,1090.2441
OUT_15499,87.50084,201.87032
OUT_15500,59.160206,190.75012
OUT_15501,73.14769,201.8226
OUT_15502,900.86847,1093.7665
OUT_15503,61.855953,182.3328
OUT_15504,887.5104,1093.7334
OUT_15505,237.00258,409.31207
OUT_15506,908.3508,1101.7349
OUT_15507,241.0962,405.03818
OUT_15508,83.52382,198.87805
OUT_15509,884.9757,1098.5021
OUT_15510,74.507645,198.55789
OUT_15511,1889.9731,2128.757
OUT_15512,899.8533,1094.5197
OUT_15513,1883.3425,2118.8235
OUT_15514,1854.9663,2140.5935
OUT_15515,73.1306,194.16924
OUT_15516,266.68677,405.69547
OUT_15517,905.75806,1091.3973
OUT_15518,235.30244,361.66656
OUT_15519,247.90602,407.7919
OUT_15520,76.94002,199.6199
OUT_15521,907.11255,1097.6117
OUT_15522,922.9851,1101.3203
OUT_15523,236.33754,391.5488
OUT_15524,254.7983,420.77618
OUT_15525,77.403915,201.25108
OUT_15526,249.64919,429.96616
OUT_15527,257.1463,423.76364
OUT_15528,920.68726,1078.6353
OUT_15529,67.85213,197.3505
OUT_15530,83.24565,208.88393
OUT_15531,63.577183,194.4529
OUT_15532,898.1588,1073.8142
OUT_15533,53.290607,178.4086
OUT_15534,1876.2834,2105.027
OUT_15535,239.2983,404.7376
OUT_15536,61.100315,191.71051
OUT_15537,244.77174,411.84143
OUT_15538,916.7986,1096.4971
OUT_15539,64.49806,194.87634
OUT_15540,80.41107,198.98674
OUT_15541,69.384155,182.77724
OUT_15542,84.4341,205.93288
OUT_15543,880.10406,1051.0038
OUT_15544,85.115875,198.08856
OUT_15545,243.86476,387.21848
OUT_15546,67.05032,184.9989
OUT_15547,253.18996,425.9145
OUT_15548,885.8971,1076.6906
OUT_15549,206.8673,399.7171
OUT_15550,57.32945,188.77383
OUT_15551,279.87408,410.86383
OUT_15552,2034.6554,2144.0508
OUT_15553,72.91928,197.46765
OUT_15554,39.60937,148.18211
OUT_15555,74.725845,202.09917
OUT_15556,80.138794,199.11374
OUT_15557,69.81978,195.709
OUT_15558,71.262726,200.28181
OUT_15559,56.433735,193.94743
OUT_15560,240.2552,401.432
OUT_15561,53.15977,186.84653
OUT_15562,1830.2734,2139.8362
OUT_15563,58.39558,175.61478
OUT_15564,43.950855,173.71318
OUT_15565,875.7618,1043.8934
OUT_15566,79.7608,203.2127
OUT_15567,71.00345,193.9121
OUT_15568,77.2742,194.96774
OUT_15569,74.51889,199.9895
OUT_15570,64.16225,189.93346
OUT_15571,75.00096,196.66849
OUT_15572,75.22209,205.1396
OUT_15573,52.197514,180.11858
OUT_15574,239.1197,407.38428
OUT_15575,82.28218,199.15251
OUT_15576,72.81589,195.97955
OUT_15577,44.577213,181.0358
OUT_15578,920.16754,1107.2383
OUT_15579,290.7909,626.9211
OUT_15580,245.41988,409.60226
OUT_15581,216.76826,409.61594
OUT_15582,272.39478,406.35913
OUT_15583,1884.751,2129.028
OUT_15584,871.2044,1066.7421
OUT_15585,80.41002,199.28883
OUT_15586,240.02852,387.67004
OUT_15587,249.29213,425.4284
OUT_15588,75.44835,209.27728
OUT_15589,83.083755,219.86578
OUT_15590,42.781185,176.58354
OUT_15591,63.5668,187.39622
OUT_15592,915.83716,1138.752
OUT_15593,899.33746,1095.1187
OUT_15594,73.362625,196.61314
OUT_15595,272.51923,419.89188
OUT_15596,898.2079,1111.0115
OUT_15597,59.76074,183.94754
OUT_15598,1896.8601,2131.4075
OUT_15599,54.63261,183.54109
OUT_15600,222.60866,413.78998
OUT_15601,888.47125,1069.2927
OUT_15602,76.91025,197.79904
OUT_15603,271.13007,402.36575
OUT_15604,271.10767,416.3488
OUT_15605,29.121387,146.82231
OUT_15606,256.66852,427.00552
OUT_15607,909.3043,1101.525
OUT_15608,243.49275,404.85306
OUT_15609,279.86,427.51917
OUT_15610,64.83208,195.61229
OUT_15611,62.83823,199.04784
OUT_15612,61.78158,190.305
OUT_15613,1882.6987,2123.9353
OUT_15614,60.989017,200.15956
OUT_15615,256.89935,427.87308
OUT_15616,66.67378,191.09816
OUT_15617,79.335175,221.42676
OUT_15618,69.21361,195.37447
OUT_15619,261.62183,414.42902
OUT_15620,68.18182,196.80557
OUT_15621,286.68274,433.04596
OUT_15622,75.50598,201.61249
OUT_15623,295.07745,690.754
OUT_15624,884.2999,1092.1451
OUT_15625,241.87532,418.60327
OUT_15626,879.12274,1073.1742
OUT_15627,1835.5408,2138.2327
OUT_15628,1881.5403,2122.1633
OUT_15629,914.2777,1206.5175
OUT_15630,73.30365,187.44795
OUT_15631,43.162243,177.7121
OUT_15632,69.75467,190.94331
OUT_15633,77.15437,200.41483
OUT_15634,244.91127,427.21683
OUT_15635,73.03874,198.4185
OUT_15636,53.753002,169.16661
OUT_15637,1895.509,2133.2285
OUT_15638,262.59485,409.83868
OUT_15639,62.210346,186.7496
OUT_15640,80.93077,199.98996
OUT_15641,74.66882,203.34534
OUT_15642,50.22266,183.2961
OUT_15643,61.199284,189.60825
OUT_15644,71.55005,197.0186
OUT_15645,58.56486,184.1023
OUT_15646,231.71693,422.56076
OUT_15647,61.6236,190.55014
OUT_15648,267.41534,414.10724
OUT_15649,275.82007,412.66763
OUT_15650,1896.489,2129.0833
OUT_15651,286.29196,425.8247
OUT_15652,80.555145,198.36734
OUT_15653,83.30945,199.67278
OUT_15654,67.24428,197.20432
OUT_15655,53.53674,185.85689
OUT_15656,58.293407,174.60707
OUT_15657,61.37701,188.37372
OUT_15658,78.34143,201.47006
OUT_15659,282.7976,428.18118
OUT_15660,86.73515,200.24855
OUT_15661,61.377285,179.30959
OUT_15662,248.14528,407.79572
OUT_15663,75.11345,198.67427
OUT_15664,913.281,1113.5271
OUT_15665,1808.4136,2131.6384
OUT_15666,274.49463,427.69772
OUT_15667,904.71344,1104.369
OUT_15668,242.2538,394.47473
OUT_15669,891.8602,1044.8058
OUT_15670,232.07295,409.35583
OUT_15671,82.52721,200.94427
OUT_15672,262.55316,403.8325
OUT_15673,470.3347,1078.8607
OUT_15674,896.9246,1256.7222
OUT_15675,269.97467,402.27768
OUT_15676,57.353,179.14102
OUT_15677,275.4348,434.20605
OUT_15678,253.66188,427.50473
OUT_15679,65.70628,190.93365
OUT_15680,895.3437,1072.9125
OUT_15681,63.389866,193.55379
OUT_15682,77.071396,198.86842
OUT_15683,75.17697,200.12102
OUT_15684,62.325344,189.34123
OUT_15685,259.93658,418.53763
OUT_15686,79.91995,199.0685
OUT_15687,57.27862,192.7057
OUT_15688,1888.6274,2129.5176
OUT_15689,82.294846,196.44925
OUT_15690,245.2499,408.61935
OUT_15691,274.44232,416.34738
OUT_15692,68.44995,196.42406
OUT_15693,907.03955,1066.9894
OUT_15694,274.68164,417.6802
OUT_15695,79.41284,220.50398
OUT_15696,245.53444,413.35828
OUT_15697,1889.6333,2131.8333
OUT_15698,75.5833,198.01752
OUT_15699,76.501724,202.82344
OUT_15700,250.1949,408.0071
OUT_15701,241.04958,404.16138
OUT_15702,888.54285,1043.8181
OUT_15703,74.28882,197.35883
OUT_15704,63.094288,196.60378
OUT_15705,83.882355,201.11284
OUT_15706,272.86237,412.92267
OUT_15707,923.5869,1103.9385
OUT_15708,922.5593,1090.7208
OUT_15709,65.122055,194.6597
OUT_15710,78.31659,200.59152
OUT_15711,68.644806,192.33728
OUT_15712,249.73201,427.75955
OUT_15713,69.08957,194.77405
OUT_15714,70.64055,199.59085
OUT_15715,67.142654,196.27121
OUT_15716,247.34749,408.919
OUT_15717,1829.2661,2131.8372
OUT_15718,77.520676,204.35258
OUT_15719,902.2689,1086.0226
OUT_15720,64.500015,194.30714
OUT_15721,82.16562,194.76692
OUT_15722,285.33258,426.19012
OUT_15723,61.325558,190.01389
OUT_15724,885.08545,1049.0497
OUT_15725,70.72435,196.03986
OUT_15726,85.7717,205.69434
OUT_15727,281.06744,429.2195
OUT_15728,1830.8008,2119.1208
OUT_15729,910.6616,1113.5719
OUT_15730,276.39404,442.48856
OUT_15731,906.8479,1088.6924
OUT_15732,70.49414,198.62016
OUT_15733,879.1784,1143.7347
OUT_15734,76.97829,215.03516
OUT_15735,72.9368,196.61295
OUT_15736,240.58522,409.33337
OUT_15737,240.85164,413.80048
OUT_15738,244.91817,412.45554
OUT_15739,880.34644,1032.6018
OUT_15740,254.48561,448.9953
OUT_15741,86.62862,202.93219
OUT_15742,75.11801,201.53348
OUT_15743,75.9393,194.32104
OUT_15744,79.965,198.00371
OUT_15745,902.286,1081.9281
OUT_15746,890.9452,1074.5355
OUT_15747,44.233944,172.8601
OUT_15748,890.78784,1072.7125
OUT_15749,60.832676,186.93079
OUT_15750,906.21594,1106.0264
OUT_15751,877.6155,1031.6433
OUT_15752,73.713715,199.69972
OUT_15753,84.11125,201.95949
OUT_15754,325.84363,421.15912
OUT_15755,883.3179,1029.3604
OUT_15756,896.2649,1051.2743
OUT_15757,234.09529,410.00653
OUT_15758,281.07175,424.04953
OUT_15759,58.60007,183.55505
OUT_15760,261.80664,405.2967
OUT_15761,55.675816,190.0582
OUT_15762,279.96973,424.42142
OUT_15763,236.02773,400.68784
OUT_15764,280.9793,440.19263
OUT_15765,58.239132,185.46822
OUT_15766,80.999176,210.26694
OUT_15767,64.811356,191.02707
OUT_15768,62.387188,187.08525
OUT_15769,222.84828,333.3169
OUT_15770,80.17102,203.42485
OUT_15771,48.77022,180.68489
OUT_15772,252.95119,412.4469
OUT_15773,283.83728,444.88373
OUT_15774,229.8108,408.9012
OUT_15775,77.67233,197.18593
OUT_15776,68.89134,201.38289
OUT_15777,248.47206,406.66238
OUT_15778,250.85176,427.99823
OUT_15779,246.5782,410.23788
OUT_15780,899.1599,1101.0117
OUT_15781,224.18446,409.95377
OUT_15782,2010.9642,2123.9707
OUT_15783,275.54846,407.59766
OUT_15784,66.402985,190.59364
OUT_15785,28.988026,146.21631
OUT_15786,69.18756,196.08537
OUT_15787,939.1467,1213.1604
OUT_15788,246.14217,422.8772
OUT_15789,74.57027,197.2911
OUT_15790,1883.5127,2122.0654
OUT_15791,76.66594,197.98967
OUT_15792,287.8263,449.4713
OUT_15793,1888.5227,2125.8347
OUT_15794,282.48297,426.8528
OUT_15795,285.2874,428.41476
OUT_15796,86.411026,199.39163
OUT_15797,904.9401,1074.5864
OUT_15798,274.68597,425.81433
OUT_15799,949.83417,1125.6791
OUT_15800,899.55756,1276.572
OUT_15801,912.05383,1161.4792
OUT_15802,1991.4169,2131.4304
OUT_15803,52.894817,185.12227
OUT_15804,66.7103,184.53593
OUT_15805,81.66919,203.43495
OUT_15806,92.107956,208.58824
OUT_15807,74.47604,200.90825
OUT_15808,268.11884,410.15137
OUT_15809,278.84613,428.5411
OUT_15810,74.69878,194.64526
OUT_15811,77.96785,203.19759
OUT_15812,245.15388,418.3525
OUT_15813,73.26227,199.15924
OUT_15814,901.6564,1088.005
OUT_15815,52.341633,185.99773
OUT_15816,67.16516,195.29341
OUT_15817,79.76741,198.73903
OUT_15818,83.67322,207.31133
OUT_15819,72.18025,199.71613
OUT_15820,86.47542,201.65085
OUT_15821,66.885376,192.86617
OUT_15822,58.715076,192.28133
OUT_15823,58.988567,181.4053
OUT_15824,68.60034,194.8522
OUT_15825,903.28577,1083.5009
OUT_15826,278.4281,429.44995
OUT_15827,73.865906,190.04747
OUT_15828,912.28815,1092.6558
OUT_15829,246.72499,408.16806
OUT_15830,244.31972,415.80774
OUT_15831,67.20883,214.94843
OUT_15832,255.89668,442.40564
OUT_15833,68.535355,192.82492
OUT_15834,903.33215,1073.0092
OUT_15835,65.604965,188.55026
OUT_15836,68.14229,199.20988
OUT_15837,1895.478,2136.8552
OUT_15838,908.49115,1158.2219
OUT_15839,914.68604,1086.8142
OUT_15840,899.1979,1055.6791
OUT_15841,283.91394,417.56998
OUT_15842,72.56175,196.47379
OUT_15843,238.19124,402.66675
OUT_15844,69.03467,190.09343
OUT_15845,874.90204,1063.4086
OUT_15846,243.72914,415.73447
OUT_15847,1791.8579,2128.532
OUT_15848,894.8756,1080.8032
OUT_15849,920.1339,1107.4395
OUT_15850,69.1649,192.70956
OUT_15851,57.661427,181.64116
OUT_15852,916.3402,1127.4294
OUT_15853,917.21924,1120.8618
OUT_15854,232.86403,367.3529
OUT_15855,69.6819,195.52666
OUT_15856,73.551895,198.192
OUT_15857,87.601364,204.37419
OUT_15858,84.36488,200.40643
OUT_15859,235.56734,402.2262
OUT_15860,72.8331,195.93755
OUT_15861,1950.7627,2120.1663
OUT_15862,889.3306,1057.8771
OUT_15863,63.317005,192.72775
OUT_15864,83.25252,203.32043
OUT_15865,248.08858,407.88184
OUT_15866,231.8863,359.2409
OUT_15867,252.3293,409.15475
OUT_15868,67.1664,200.40408
OUT_15869,281.97638,424.9066
OUT_15870,44.313137,144.14952
OUT_15871,896.8166,1092.3115
OUT_15872,249.74538,407.3491
OUT_15873,66.2874,194.48961
OUT_15874,957.3151,1445.5933
OUT_15875,79.51622,214.43248
OUT_15876,73.99863,202.04874
OUT_15877,2009.4442,2124.9678
OUT_15878,279.3617,409.13962
OUT_15879,67.92589,197.57542
OUT_15880,244.5389,388.9499
OUT_15881,66.68178,199.86455
OUT_15882,856.7646,1050.7318
OUT_15883,73.23047,196.70515
OUT_15884,70.489624,192.41689
OUT_15885,79.00217,201.77898
OUT_15886,914.199,1063.2224
OUT_15887,72.7872,195.16495
OUT_15888,67.42403,197.1068
OUT_15889,61.123173,192.14603
OUT_15890,1889.3584,2130.3328
OUT_15891,68.758255,195.65569
OUT_15892,47.431164,174.11476
OUT_15893,72.63844,196.24863
OUT_15894,74.06285,200.43631
OUT_15895,888.99756,1084.5139
OUT_15896,85.17012,204.60301
OUT_15897,70.35333,196.88562
OUT_15898,82.908005,206.4551
OUT_15899,887.0927,1043.2003
OUT_15900,283.54578,448.3156
OUT_15901,241.05916,409.0273
OUT_15902,66.72099,196.1233
OUT_15903,75.22655,195.75644
OUT_15904,79.522095,202.32104
OUT_15905,239.59682,410.57104
OUT_15906,1880.2903,2120.2307
OUT_15907,75.12523,198.42569
OUT_15908,252.95186,410.61438
OUT_15909,213.89641,389.7527
OUT_15910,65.7749,199.45276
OUT_15911,229.93794,385.18747
OUT_15912,918.38574,1114.5424
OUT_15913,64.06131,183.95746
OUT_15914,72.197556,196.71558
OUT_15915,73.02693,196.96558
OUT_15916,80.40224,196.18199
OUT_15917,66.25763,180.75261
OUT_15918,62.442966,184.21812
OUT_15919,921.9098,1174.6215
OUT_15920,264.63477,407.5927
OUT_15921,930.7641,1267.7238
OUT_15922,876.9214,1044.1436
OUT_15923,68.87012,193.60252
OUT_15924,244.7643,408.90207
OUT_15925,71.09369,199.9005
OUT_15926,486.50998,1104.0116
OUT_15927,61.176456,180.44804
OUT_15928,67.69664,192.02356
OUT_15929,283.1535,403.48862
OUT_15930,884.6472,1051.5785
OUT_15931,918.5314,1096.3645
OUT_15932,74.390396,198.7994
OUT_15933,71.71608,198.62242
OUT_15934,957.08307,1135.3641
OUT_15935,245.9947,414.2514
OUT_15936,62.091183,190.60306
OUT_15937,75.52309,199.38419
OUT_15938,81.447876,199.4303
OUT_15939,70.249725,190.85681
OUT_15940,84.08937,208.81804
OUT_15941,83.60452,200.75868
OUT_15942,902.1173,1123.6504
OUT_15943,82.765945,205.35532
OUT_15944,74.46799,201.68298
OUT_15945,246.14095,424.5887
OUT_15946,48.908794,169.78352
OUT_15947,75.12872,197.5572
OUT_15948,62.45309,182.96712
OUT_15949,72.69382,200.91187
OUT_15950,87.637405,201.11789
OUT_15951,913.9621,1119.4526
OUT_15952,882.22266,1087.9752
OUT_15953,241.06929,402.78354
OUT_15954,224.98561,341.99677
OUT_15955,884.1364,1116.5455
OUT_15956,60.696865,187.41252
OUT_15957,75.28061,197.2356
OUT_15958,892.5047,1063.3278
OUT_15959,256.47748,445.74078
OUT_15960,66.40794,195.53874
OUT_15961,236.12514,411.8397
OUT_15962,237.91109,390.94058
OUT_15963,56.713444,185.01244
OUT_15964,65.34979,194.62947
OUT_15965,58.660915,183.51678
OUT_15966,273.71643,419.89832
OUT_15967,56.993565,184.13402
OUT_15968,908.4234,1085.4514
OUT_15969,70.30185,192.90082
OUT_15970,70.77414,191.91164
OUT_15971,1991.4169,2130.6711
OUT_15972,280.0133,412.94757
OUT_15973,281.29456,427.61768
OUT_15974,244.80537,417.33365
OUT_15975,241.65675,401.34415
OUT_15976,78.66043,209.90457
OUT_15977,68.09297,197.81935
OUT_15978,281.44153,428.14337
OUT_15979,890.2279,1053.7657
OUT_15980,76.311584,207.88353
OUT_15981,65.67874,193.58182
OUT_15982,49.241573,175.87605
OUT_15983,52.68498,180.66821
OUT_15984,70.15135,190.06001
OUT_15985,892.9918,1051.6696
OUT_15986,249.14241,417.27737
OUT_15987,78.69557,214.91547
OUT_15988,61.24103,192.27324
OUT_15989,880.16736,1082.7736
OUT_15990,269.67737,418.3722
OUT_15991,72.366196,194.17657
OUT_15992,74.297455,198.58363
OUT_15993,273.0691,416.0151
OUT_15994,251.01881,427.09308
OUT_15995,59.184856,185.62991
OUT_15996,900.73285,1078.19
OUT_15997,58.833073,185.32967
OUT_15998,257.81317,430.30457
OUT_15999,60.693157,187.13922
OUT_16000,880.8729,1054.8413
OUT_16001,281.38083,439.7121
OUT_16002,73.52986,188.88513
OUT_16003,251.78139,447.80307
OUT_16004,890.5148,1082.3254
OUT_16005,72.73387,194.69131
OUT_16006,242.87221,418.83023
OUT_16007,76.96884,202.33113
OUT_16008,273.7348,446.0237
OUT_16009,79.44853,202.39145
OUT_16010,78.90105,197.91597
OUT_16011,72.022064,197.38435
OUT_16012,64.69504,190.45158
OUT_16013,58.149075,180.99022
OUT_16014,67.76288,192.49788
OUT_16015,53.40263,175.63467
OUT_16016,901.80237,1085.1844
OUT_16017,75.86661,203.72278
OUT_16018,72.287964,202.81363
OUT_16019,275.45453,413.0649
OUT_16020,252.7527,427.57428
OUT_16021,64.87396,215.85756
OUT_16022,69.624374,200.96527
OUT_16023,286.53564,431.1864
OUT_16024,67.25862,191.59378
OUT_16025,246.07289,395.29404
OUT_16026,247.69704,412.47012
OUT_16027,75.79233,196.9655
OUT_16028,67.933136,192.72786
OUT_16029,271.27496,407.15067
OUT_16030,63.720127,184.93643
OUT_16031,247.55379,409.8789
OUT_16032,78.15033,203.08269
OUT_16033,61.59283,184.71118
OUT_16034,889.0953,1085.6991
OUT_16035,275.38654,424.916
OUT_16036,251.57637,446.98218
OUT_16037,67.49939,197.90866
OUT_16038,81.09375,196.92552
OUT_16039,70.742966,193.5436
OUT_16040,65.25206,191.29453
OUT_16041,1894.9653,2137.7527
OUT_16042,286.5031,428.44095
OUT_16043,895.35986,1071.262
OUT_16044,65.32555,201.77866
OUT_16045,243.11147,408.80533
OUT_16046,275.28082,410.33685
OUT_16047,63.198566,189.16316
OUT_16048,248.70015,411.60727
OUT_16049,889.2951,1058.102
OUT_16050,67.46457,195.97165
OUT_16051,54.055378,179.54474
OUT_16052,79.43916,198.43045
OUT_16053,62.221134,196.75792
OUT_16054,263.20322,433.82953
OUT_16055,919.8125,1109.4487
OUT_16056,86.78871,221.4433
OUT_16057,78.21353,197.72322
OUT_16058,282.84448,427.19208
OUT_16059,63.377644,188.46439
OUT_16060,75.433304,198.04788
OUT_16061,52.50973,184.13805
OUT_16062,282.3051,434.34644
OUT_16063,241.92793,401.38092
OUT_16064,909.12585,1165.4149
OUT_16065,69.046646,199.19994
OUT_16066,61.041172,191.97144
OUT_16067,44.95075,177.01762
OUT_16068,58.80554,182.00514
OUT_16069,288.4469,427.47195
OUT_16070,58.845318,188.31432
OUT_16071,915.6836,1138.0483
OUT_16072,75.724594,199.6635
OUT_16073,80.67641,200.74495
OUT_16074,91.71738,209.87842
OUT_16075,910.15643,1128.3804
OUT_16076,61.920055,187.57597
OUT_16077,257.83533,412.02554
OUT_16078,246.05989,396.50574
OUT_16079,273.61646,442.33563
OUT_16080,73.051346,194.95169
OUT_16081,59.658527,188.82283
OUT_16082,262.32996,410.79767
OUT_16083,903.78986,1063.1914
OUT_16084,243.49196,447.93872
OUT_16085,1880.2058,2112.4949
OUT_16086,924.59717,1095.1936
OUT_16087,244.47188,393.2845
OUT_16088,890.0147,1078.0142
OUT_16089,69.51912,201.75787
OUT_16090,79.046555,202.67834
OUT_16091,75.00795,198.25676
OUT_16092,64.70807,187.26158
OUT_16093,241.15456,388.61954
OUT_16094,1472.0994,2091.6533
OUT_16095,81.843445,200.44951
OUT_16096,78.18158,200.66562
OUT_16097,900.55334,1077.9406
OUT_16098,40.08701,181.0972
OUT_16099,268.8894,400.12982
OUT_16100,82.328735,197.61159
OUT_16101,55.182835,186.56866
OUT_16102,216.84871,335.66125
OUT_16103,232.57368,409.48514
OUT_16104,276.2644,445.72437
OUT_16105,255.24745,439.13205
OUT_16106,282.42285,432.73953
OUT_16107,277.97552,409.69992
OUT_16108,923.3046,1110.4872
OUT_16109,70.78909,194.71785
OUT_16110,88.58888,205.72533
OUT_16111,64.59566,189.65202
OUT_16112,253.46004,426.94424
OUT_16113,901.8519,1049.3734
OUT_16114,900.46674,1093.9784
OUT_16115,65.590515,189.6522
OUT_16116,883.1036,1053.9374
OUT_16117,49.26507,197.01909
OUT_16118,54.755306,177.95703
OUT_16119,80.897125,213.3876
OUT_16120,69.51909,200.85526
OUT_16121,72.91489,197.81412
OUT_16122,61.88091,186.55167
OUT_16123,915.47534,1134.145
OUT_16124,213.12492,418.28027
OUT_16125,86.70079,211.17287
OUT_16126,215.17317,348.68915
OUT_16127,54.71191,183.59602
OUT_16128,253.04701,415.0667
OUT_16129,82.2296,205.73508
OUT_16130,231.59901,402.2262
OUT_16131,68.19696,200.03067
OUT_16132,73.531006,197.86797
OUT_16133,76.81656,198.76538
OUT_16134,67.86139,196.87215
OUT_16135,901.94806,1077.7966
OUT_16136,909.1555,1075.806
OUT_16137,76.49292,197.88037
OUT_16138,73.816696,197.01367
OUT_16139,69.58832,200.03587
OUT_16140,259.75995,420.45398
OUT_16141,71.33894,199.43694
OUT_16142,882.698,1108.0886
OUT_16143,898.31396,1077.3503
OUT_16144,888.7234,1090.5022
OUT_16145,64.79683,197.18932
OUT_16146,890.7923,1095.0117
OUT_16147,251.3647,409.83884
OUT_16148,63.01412,191.69495
OUT_16149,47.596294,182.0844
OUT_16150,890.02264,1083.6605
OUT_16151,68.490234,190.332
OUT_16152,71.96115,195.24417
OUT_16153,910.7027,1085.4973
OUT_16154,277.33337,417.0869
OUT_16155,76.63089,199.54283
OUT_16156,283.33313,449.9121
OUT_16157,62.08269,186.12038
OUT_16158,252.81136,430.40463
OUT_16159,69.41138,198.28027
OUT_16160,59.043316,183.96158
OUT_16161,285.57526,446.59848
OUT_16162,243.21468,410.20108
OUT_16163,83.223465,207.2543
OUT_16164,888.8486,1069.792
OUT_16165,53.68616,184.63115
OUT_16166,69.89963,199.07977
OUT_16167,82.589554,195.36589
OUT_16168,64.41875,190.0879
OUT_16169,927.68896,1103.2601
OUT_16170,912.81464,1244.9546
OUT_16171,234.87483,402.37418
OUT_16172,918.3443,1142.3491
OUT_16173,253.17683,428.38187
OUT_16174,47.23824,170.25308
OUT_16175,75.29021,201.07323
OUT_16176,893.4134,1104.1973
OUT_16177,244.86775,404.65552
OUT_16178,43.324047,151.35933
OUT_16179,256.3232,447.55164
OUT_16180,1834.5508,2124.136
OUT_16181,276.17413,409.52295
OUT_16182,78.40909,197.88632
OUT_16183,1848.1106,2143.2112
OUT_16184,909.6436,1170.919
OUT_16185,868.6715,1037.8757
OUT_16186,82.35469,202.48184
OUT_16187,79.742935,203.92274
OUT_16188,58.126644,182.39618
OUT_16189,246.05629,411.68457
OUT_16190,924.6458,1195.8967
OUT_16191,82.74803,200.33098
OUT_16192,253.98543,427.6739
OUT_16193,279.21167,423.88388
OUT_16194,918.7606,1136.1567
OUT_16195,1882.8645,2147.7197
OUT_16196,253.67336,428.18118
OUT_16197,70.18353,194.07799
OUT_16198,76.84863,198.4623
OUT_16199,931.77246,1093.9667
OUT_16200,67.74315,191.93857
OUT_16201,920.3844,1075.2166
OUT_16202,71.142685,197.56593
OUT_16203,60.943333,189.16518
OUT_16204,273.98993,435.61176
OUT_16205,74.64462,197.90239
OUT_16206,74.61174,201.46698
OUT_16207,230.85664,390.6443
OUT_16208,73.15588,195.32103
OUT_16209,890.4481,1070.8951
OUT_16210,61.00864,190.19511
OUT_16211,53.660732,183.8856
OUT_16212,77.413895,200.38985
OUT_16213,70.85191,195.27821
OUT_16214,72.20126,192.7315
OUT_16215,472.81955,1098.9851
OUT_16216,918.7357,1103.1962
OUT_16217,269.8609,413.139
OUT_16218,75.96542,197.77667
OUT_16219,899.7101,1107.074
OUT_16220,70.147934,198.44574
OUT_16221,56.901966,184.47748
OUT_16222,68.3952,191.85432
OUT_16223,904.1207,1068.7228
OUT_16224,72.648056,194.69067
OUT_16225,244.691,408.58145
OUT_16226,53.176662,182.59178
OUT_16227,75.102936,195.2413
OUT_16228,1952.9265,2128.8142
OUT_16229,941.5528,1110.5533
OUT_16230,282.4474,429.43634
OUT_16231,64.732346,190.7502
OUT_16232,73.23009,200.38933
OUT_16233,65.169495,188.3187
OUT_16234,282.2448,441.40338
OUT_16235,256.28537,463.09964
OUT_16236,78.423065,199.76846
OUT_16237,256.37228,435.02283
OUT_16238,1991.4169,2127.9216
OUT_16239,69.00682,193.77382
OUT_16240,244.4983,430.88992
OUT_16241,77.165985,200.56285
OUT_16242,234.24867,408.74014
OUT_16243,908.8813,1083.7015
OUT_16244,882.1282,1076.8627
OUT_16245,890.5084,1086.8833
OUT_16246,79.07506,194.11195
OUT_16247,69.88382,190.28975
OUT_16248,276.92657,401.9854
OUT_16249,68.70767,196.64636
OUT_16250,84.599335,196.67902
OUT_16251,73.921875,198.48277
OUT_16252,882.76154,1044.2911
OUT_16253,79.463425,194.70288
OUT_16254,915.70337,1055.5404
OUT_16255,452.5135,1023.9547
OUT_16256,232.65602,408.3784
OUT_16257,71.61217,222.97713
OUT_16258,924.0735,1075.0354
OUT_16259,49.91316,171.25533
OUT_16260,82.28647,198.50699
OUT_16261,232.71748,403.3051
OUT_16262,65.95444,187.00119
OUT_16263,75.209946,199.9707
OUT_16264,78.70668,194.05255
OUT_16265,79.14014,199.18616
OUT_16266,66.91762,192.17026
OUT_16267,72.42325,197.37695
OUT_16268,51.344143,184.43652
OUT_16269,270.7094,406.08426
OUT_16270,62.76428,188.7788
OUT_16271,920.23364,1115.5223
OUT_16272,241.52315,410.52173
OUT_16273,376.42737,934.8946
OUT_16274,85.80171,202.31642
OUT_16275,923.51105,1091.4098
OUT_16276,49.3679,180.93143
OUT_16277,73.086105,215.05728
OUT_16278,237.21315,390.3861
OUT_16279,244.88158,422.84357
OUT_16280,52.491436,181.85977
OUT_16281,67.06465,199.94073
OUT_16282,64.7729,191.38199
OUT_16283,255.34187,429.99536
OUT_16284,894.0473,1150.0121
OUT_16285,67.377914,194.01637
OUT_16286,49.627026,183.03827
OUT_16287,252.73738,422.25043
OUT_16288,245.95546,410.77686
OUT_16289,66.62071,195.16441
OUT_16290,53.515896,183.37097
OUT_16291,81.158966,200.09126
OUT_16292,232.20027,393.40094
OUT_16293,258.2152,419.66098
OUT_16294,76.87096,197.64651
OUT_16295,73.794174,201.54291
OUT_16296,283.77362,427.81342
OUT_16297,238.82704,410.93268
OUT_16298,62.82246,187.25615
OUT_16299,237.65529,411.05853
OUT_16300,920.5036,1183.9431
OUT_16301,83.306915,198.38602
OUT_16302,919.79865,1266.9392
OUT_16303,1895.4648,2132.2617
OUT_16304,1997.0564,2135.8037
OUT_16305,65.62483,195.2835
OUT_16306,58.403683,185.79227
OUT_16307,60.000126,186.41847
OUT_16308,79.40776,198.7776
OUT_16309,281.42517,422.93124
OUT_16310,280.3866,432.681
OUT_16311,916.53064,1119.0707
OUT_16312,84.49109,200.65063
OUT_16313,39.00252,174.62512
OUT_16314,912.10474,1101.1007
OUT_16315,905.75446,1146.098
OUT_16316,73.16312,203.81729
OUT_16317,909.3535,1114.4579
OUT_16318,920.7742,1134.267
OUT_16319,70.84515,194.94022
OUT_16320,82.83302,199.88885
OUT_16321,259.93646,407.5677
OUT_16322,886.01117,1057.3027
OUT_16323,248.99892,428.7567
OUT_16324,76.04843,196.15833
OUT_16325,49.629383,169.86697
OUT_16326,880.0741,1057.3392
OUT_16327,228.34676,347.3974
OUT_16328,924.75793,1105.4238
OUT_16329,1892.2712,2126.9216
OUT_16330,877.4693,1049.7316
OUT_16331,1891.7959,2128.6545
OUT_16332,61.354237,193.089
OUT_16333,79.16489,196.53285
OUT_16334,835.0835,1012.70966
OUT_16335,251.08388,429.81308
OUT_16336,1815.5579,2131.7258
OUT_16337,72.19849,192.03577
OUT_16338,72.284836,196.51086
OUT_16339,68.40398,191.94458
OUT_16340,70.16063,193.72548
OUT_16341,240.60133,401.432
OUT_16342,67.5676,183.11562
OUT_16343,917.4962,1118.911
OUT_16344,72.332016,195.36183
OUT_16345,64.5058,191.10793
OUT_16346,52.205868,181.37405
OUT_16347,76.20221,224.65605
OUT_16348,284.47705,425.36737
OUT_16349,478.27982,1057.6376
OUT_16350,86.439865,209.60658
OUT_16351,897.8443,1064.2522
OUT_16352,71.477936,193.26947
OUT_16353,61.32819,194.61581
OUT_16354,93.96971,205.46223
OUT_16355,76.456345,196.8387
OUT_16356,59.728962,189.73645
OUT_16357,83.04198,202.57106
OUT_16358,63.12424,182.89421
OUT_16359,283.21094,433.13025
OUT_16360,80.26022,204.48448
OUT_16361,52.09511,199.98433
OUT_16362,904.96216,1097.0978
OUT_16363,63.82993,185.12639
OUT_16364,894.95917,1169.4272
OUT_16365,69.880936,195.29587
OUT_16366,62.72613,187.85016
OUT_16367,255.63942,416.8702
OUT_16368,68.013885,197.9946
OUT_16369,62.848286,190.26306
OUT_16370,263.60602,419.65167
OUT_16371,58.729824,183.46094
OUT_16372,73.74321,200.55284
OUT_16373,55.36578,192.9385
OUT_16374,72.96303,197.27039
OUT_16375,284.96146,437.94818
OUT_16376,78.28462,210.25185
OUT_16377,71.75392,199.09648
OUT_16378,67.381485,191.92433
OUT_16379,65.297165,192.5794
OUT_16380,76.688965,199.9209
OUT_16381,81.075806,198.41023
OUT_16382,889.8712,1073.4905
OUT_16383,892.24365,1072.8303
OUT_16384,275.4474,413.8088
OUT_16385,76.43048,194.34187
OUT_16386,74.80994,199.91866
OUT_16387,276.5064,461.21823
OUT_16388,2010.0892,2120.3032
OUT_16389,924.0667,1127.0599
OUT_16390,252.23305,437.44586
OUT_16391,71.337326,195.4392
OUT_16392,75.92572,189.37744
OUT_16393,73.14737,199.33945
OUT_16394,887.5917,1077.0883
OUT_16395,70.685776,196.6285
OUT_16396,87.69365,205.3687
OUT_16397,897.06525,1075.0054
OUT_16398,274.1778,403.99234
OUT_16399,72.851135,214.61995
OUT_16400,70.92169,196.52066
OUT_16401,71.2104,196.4342
OUT_16402,248.72035,411.61392
OUT_16403,917.28455,1115.2655
OUT_16404,277.5409,427.9405
OUT_16405,66.21101,194.26581
OUT_16406,85.2572,199.83699
OUT_16407,260.1908,408.2413
OUT_16408,71.41,186.32568
OUT_16409,234.29341,399.31476
OUT_16410,46.123013,156.974
OUT_16411,258.7476,481.25558
OUT_16412,77.3755,206.00502
OUT_16413,873.0421,1039.7455
OUT_16414,888.4447,1087.0536
OUT_16415,67.640884,195.1392
OUT_16416,75.187775,194.84142
OUT_16417,919.4944,1147.8829
OUT_16418,69.98186,205.85997
OUT_16419,239.1805,401.331
OUT_16420,78.41107,194.56671
OUT_16421,280.3636,416.5391
OUT_16422,76.85005,199.58078
OUT_16423,245.74812,416.099
OUT_16424,917.2217,1069.061
OUT_16425,241.57484,427.17938
OUT_16426,942.1245,1176.6796
OUT_16427,76.0394,192.69516
OUT_16428,78.07593,197.03389
OUT_16429,273.36383,418.96802
OUT_16430,52.814106,180.7475
OUT_16431,67.079025,189.46994
OUT_16432,63.361134,181.82507
OUT_16433,244.24086,400.9256
OUT_16434,74.87735,197.27411
OUT_16435,893.77545,1067.412
OUT_16436,246.13142,426.34335
OUT_16437,1676.9688,2114.5164
OUT_16438,80.43819,196.49069
OUT_16439,274.77222,435.73267
OUT_16440,68.612305,187.92732
OUT_16441,915.0209,1133.3848
OUT_16442,59.34058,184.97212
OUT_16443,71.512695,192.3925
OUT_16444,239.70961,417.1757
OUT_16445,73.48819,195.50175
OUT_16446,55.057545,179.92226
OUT_16447,80.94719,195.17847
OUT_16448,253.71321,442.5306
OUT_16449,276.54694,428.67026
OUT_16450,62.545025,189.288
OUT_16451,913.85486,1086.571
OUT_16452,247.78957,426.4193
OUT_16453,69.01543,191.8517
OUT_16454,253.67104,421.79004
OUT_16455,273.15814,405.1232
OUT_16456,74.11174,196.88374
OUT_16457,241.22011,420.93567
OUT_16458,74.19858,198.7302
OUT_16459,880.38715,1062.1622
OUT_16460,1794.0259,2127.6199
OUT_16461,287.71423,436.87323
OUT_16462,56.53632,186.38152
OUT_16463,268.6601,401.432
OUT_16464,84.273224,199.25908
OUT_16465,235.53932,351.9566
OUT_16466,66.89249,188.58047
OUT_16467,844.666,1030.5254
OUT_16468,275.24323,403.18658
OUT_16469,69.873245,193.02576
OUT_16470,887.90955,1062.7716
OUT_16471,67.89311,192.85608
OUT_16472,62.22044,186.42955
OUT_16473,57.450504,173.18678
OUT_16474,65.62088,192.73782
OUT_16475,81.81171,203.11981
OUT_16476,71.49397,191.76558
OUT_16477,245.57722,419.60498
OUT_16478,273.3145,444.48975
OUT_16479,273.76178,407.35254
OUT_16480,265.19153,376.7165
OUT_16481,74.47908,204.17111
OUT_16482,53.36153,183.10698
OUT_16483,251.34596,422.93433
OUT_16484,273.16718,406.46533
OUT_16485,74.649124,200.41441
OUT_16486,53.46558,184.8481
OUT_16487,246.68385,389.00406
OUT_16488,1885.1023,2121.5715
OUT_16489,280.3905,409.52222
OUT_16490,54.75088,173.72182
OUT_16491,84.057724,204.11441
OUT_16492,928.2968,1237.5477
OUT_16493,49.928005,174.76381
OUT_16494,248.69527,422.63092
OUT_16495,93.4424,211.9573
OUT_16496,241.00807,390.11624
OUT_16497,887.2706,1088.4723
OUT_16498,73.5656,198.37895
OUT_16499,248.77895,409.24744
OUT_16500,66.73349,187.75278
OUT_16501,215.9615,405.32388
OUT_16502,887.6047,1033.1364
OUT_16503,71.518036,195.37175
OUT_16504,61.53989,192.90663
OUT_16505,70.98192,196.29718
OUT_16506,52.272,180.14601
OUT_16507,71.934204,201.28142
OUT_16508,69.654785,192.81383
OUT_16509,74.7762,197.46773
OUT_16510,70.51491,190.5486
OUT_16511,875.0445,1087.7334
OUT_16512,75.453705,207.62569
OUT_16513,274.8863,406.89896
OUT_16514,255.16908,479.69568
OUT_16515,240.80574,402.97827
OUT_16516,253.1523,426.98383
OUT_16517,216.43727,343.83868
OUT_16518,68.95679,196.28574
OUT_16519,78.72368,199.0524
OUT_16520,1882.8723,2120.365
OUT_16521,274.53247,467.97928
OUT_16522,61.71748,191.05946
OUT_16523,72.21364,197.33318
OUT_16524,248.97884,403.48862
OUT_16525,251.33943,425.83633
OUT_16526,62.50497,191.54459
OUT_16527,67.183334,192.702
OUT_16528,70.42056,193.4689
OUT_16529,249.17244,414.0786
OUT_16530,897.5126,1115.7295
OUT_16531,899.3339,1084.9465
OUT_16532,76.49278,198.21222
OUT_16533,274.63568,420.32864
OUT_16534,85.00174,198.951
OUT_16535,58.278515,190.93805
OUT_16536,884.33044,1071.8683
OUT_16537,273.576,435.34244
OUT_16538,1847.8706,2138.258
OUT_16539,241.23573,403.71115
OUT_16540,885.63,1027.1166
OUT_16541,78.42384,200.36012
OUT_16542,281.30536,425.59387
OUT_16543,249.76668,419.49844
OUT_16544,251.01918,421.008
OUT_16545,75.41437,194.21931
OUT_16546,88.03383,206.97638
OUT_16547,67.647446,195.26372
OUT_16548,1849.8909,2137.1248
OUT_16549,51.140247,178.64494
OUT_16550,71.17497,198.79395
OUT_16551,241.98543,407.77185
OUT_16552,83.08673,195.24933
OUT_16553,243.27974,362.77838
OUT_16554,73.5468,201.13419
OUT_16555,74.97563,197.89478
OUT_16556,82.67032,200.17628
OUT_16557,71.50021,198.69939
OUT_16558,275.5714,410.59537
OUT_16559,284.15704,429.44995
OUT_16560,72.2298,196.11302
OUT_16561,68.28981,201.16234
OUT_16562,73.74974,196.34306
OUT_16563,70.29393,196.17905
OUT_16564,71.193115,196.99174
OUT_16565,73.19614,202.82175
OUT_16566,60.834766,197.38707
OUT_16567,75.02911,201.17175
OUT_16568,74.96912,194.4528
OUT_16569,254.32503,446.85767
OUT_16570,1885.8794,2125.4775
OUT_16571,64.44319,196.10243
OUT_16572,81.08714,201.53079
OUT_16573,920.7471,1129.2441
OUT_16574,63.39056,185.29228
OUT_16575,80.30557,197.74669
OUT_16576,901.11707,1074.6765
OUT_16577,67.15575,194.28809
OUT_16578,242.93709,403.01483
OUT_16579,274.5829,419.96442
OUT_16580,52.302265,184.0259
OUT_16581,64.10344,187.24396
OUT_16582,73.001785,196.03267
OUT_16583,888.88605,1134.1696
OUT_16584,75.56604,199.9262
OUT_16585,69.10948,197.5207
OUT_16586,876.9195,1037.2477
OUT_16587,75.56679,199.71313
OUT_16588,245.04762,406.97528
OUT_16589,64.785614,195.02791
OUT_16590,901.0792,1128.2299
OUT_16591,69.87222,196.10022
OUT_16592,249.65657,409.6502
OUT_16593,900.71106,1078.9188
OUT_16594,67.53421,193.87059
OUT_16595,83.55615,201.19283
OUT_16596,1212.7538,2065.5588
OUT_16597,914.40485,1125.641
OUT_16598,920.11304,1066.8267
OUT_16599,65.028824,186.96992
OUT_16600,42.16512,175.64967
OUT_16601,247.06636,410.3038
OUT_16602,875.89777,1120.989
OUT_16603,69.787964,194.72939
OUT_16604,73.05542,207.22377
OUT_16605,1827.042,2123.6912
OUT_16606,79.403915,199.3694
OUT_16607,243.83522,420.00586
OUT_16608,70.28914,191.00273
OUT_16609,243.38857,409.17276
OUT_16610,64.52559,181.48318
OUT_16611,66.49802,194.93155
OUT_16612,230.91579,386.2555
OUT_16613,84.72415,199.26158
OUT_16614,77.40405,197.39423
OUT_16615,73.89926,195.99397
OUT_16616,285.88104,446.1372
OUT_16617,234.5171,411.5941
OUT_16618,55.806896,183.04355
OUT_16619,264.43604,412.98492
OUT_16620,249.90248,419.4117
OUT_16621,84.3347,201.9338
OUT_16622,243.8362,395.22433
OUT_16623,876.4382,1055.9225
OUT_16624,57.778774,183.81743
OUT_16625,90.72345,200.5834
OUT_16626,66.07068,195.51154
OUT_16627,74.08418,192.96187
OUT_16628,63.443127,188.67429
OUT_16629,63.27016,190.09671
OUT_16630,70.94681,190.90306
OUT_16631,249.43654,401.66196
OUT_16632,254.25917,413.38586
OUT_16633,919.90625,1091.7058
OUT_16634,67.27629,192.82802
OUT_16635,95.27232,226.21805
OUT_16636,79.214905,204.93724
OUT_16637,70.357254,201.89151
OUT_16638,67.751144,187.02357
OUT_16639,1991.4169,2126.7356
OUT_16640,267.0228,392.15594
OUT_16641,892.98755,1043.6604
OUT_16642,280.15125,423.9216
OUT_16643,204.83412,386.98312
OUT_16644,275.75665,412.8708
OUT_16645,244.07088,408.61533
OUT_16646,239.98909,408.78003
OUT_16647,209.86867,360.33185
OUT_16648,83.331985,201.98404
OUT_16649,883.8416,1132.8892
OUT_16650,88.981064,219.98471
OUT_16651,79.94861,220.7486
OUT_16652,244.42397,421.137
OUT_16653,73.99625,192.189
OUT_16654,911.0488,1111.5988
OUT_16655,77.67445,205.60545
OUT_16656,881.789,1048.5103
OUT_16657,909.1124,1057.6262
OUT_16658,71.44202,187.22554
OUT_16659,906.554,1089.0251
OUT_16660,71.92049,195.83228
OUT_16661,58.93292,183.6147
OUT_16662,275.4046,416.93988
OUT_16663,48.577457,179.99554
OUT_16664,76.442535,199.07457
OUT_16665,262.92136,420.3956
OUT_16666,51.234592,177.57274
OUT_16667,60.67072,192.56445
OUT_16668,70.818726,195.99062
OUT_16669,84.384796,201.79503
OUT_16670,830.6077,1059.2461
OUT_16671,69.41826,196.00575
OUT_16672,72.84062,199.08273
OUT_16673,252.1631,422.82114
OUT_16674,63.596867,190.04335
OUT_16675,912.12024,1121.4364
OUT_16676,890.0719,1067.5999
OUT_16677,70.507324,191.50342
OUT_16678,49.35528,183.01231
OUT_16679,55.825512,183.87746
OUT_16680,250.67,428.02008
OUT_16681,70.38693,186.85684
OUT_16682,78.763016,201.25311
OUT_16683,99.45668,216.83157
OUT_16684,64.09686,188.40773
OUT_16685,278.50983,419.943
OUT_16686,63.7271,191.69365
OUT_16687,888.8456,1045.5968
OUT_16688,913.32526,1097.5935
OUT_16689,71.7345,192.78598
OUT_16690,881.5247,1042.2574
OUT_16691,72.090225,201.6272
OUT_16692,246.92683,405.76645
OUT_16693,91.00676,208.95642
OUT_16694,280.13153,429.84637
OUT_16695,74.12984,201.74498
OUT_16696,62.230877,187.59822
OUT_16697,67.475235,191.95346
OUT_16698,279.08905,407.9854
OUT_16699,76.665955,196.93582
OUT_16700,76.62109,199.6038
OUT_16701,46.83501,182.33118
OUT_16702,247.3561,402.06177
OUT_16703,881.75256,1052.9282
OUT_16704,78.93652,199.61871
OUT_16705,249.75795,418.92227
OUT_16706,65.26236,189.96706
OUT_16707,933.7396,1117.1815
OUT_16708,46.354862,182.42606
OUT_16709,78.11342,216.36171
OUT_16710,70.42137,195.91016
OUT_16711,891.57886,1073.6628
OUT_16712,918.1803,1074.7871
OUT_16713,66.11696,195.98804
OUT_16714,74.08644,198.91399
OUT_16715,71.22653,196.59229
OUT_16716,287.12854,428.68332
OUT_16717,279.8379,437.78824
OUT_16718,85.38191,201.80318
OUT_16719,280.06238,429.59787
OUT_16720,72.18318,192.09468
OUT_16721,241.71828,408.4838
OUT_16722,82.06625,208.28343
OUT_16723,78.532455,203.42961
OUT_16724,888.75006,1063.9213
OUT_16725,233.8691,410.0289
OUT_16726,245.72414,412.17505
OUT_16727,76.421646,201.6834
OUT_16728,915.2529,1123.5728
OUT_16729,65.68741,190.65565
OUT_16730,75.60002,199.60115
OUT_16731,250.23067,408.919
OUT_16732,272.38214,401.2988
OUT_16733,76.19809,203.87279
OUT_16734,81.450424,199.65347
OUT_16735,78.637695,198.92966
OUT_16736,75.98901,198.00922
OUT_16737,269.0666,406.46677
OUT_16738,881.31305,1028.8048
OUT_16739,285.72705,426.13855
OUT_16740,284.43573,436.08667
OUT_16741,889.8507,1040.5284
OUT_16742,925.5996,1067.9412
OUT_16743,76.4427,193.59254
OUT_16744,72.941376,196.55609
OUT_16745,276.54852,414.50525
OUT_16746,241.05946,431.26202
OUT_16747,236.77046,399.33063
OUT_16748,68.670166,184.9275
OUT_16749,896.4597,1076.4838
OUT_16750,66.401566,187.00533
OUT_16751,64.83397,192.26143
OUT_16752,74.16757,198.01756
OUT_16753,895.76086,1084.2751
OUT_16754,79.815414,200.48833
OUT_16755,62.404575,184.26314
OUT_16756,58.952465,184.12872
OUT_16757,276.66907,432.69205
OUT_16758,73.95502,197.52618
OUT_16759,70.92297,193.13106
OUT_16760,250.01457,471.02597
OUT_16761,69.75035,196.34476
OUT_16762,252.77583,409.46384
OUT_16763,58.290707,189.00711
OUT_16764,77.38124,200.53635
OUT_16765,58.27651,179.76051
OUT_16766,212.08891,412.52698
OUT_16767,33.470455,147.40282
OUT_16768,263.92316,409.97974
OUT_16769,919.7084,1149.6046
OUT_16770,278.65192,466.58777
OUT_16771,59.215847,185.38031
OUT_16772,77.78174,199.45618
OUT_16773,-11.9248905,147.754
OUT_16774,75.298584,194.79332
OUT_16775,886.3917,1060.025
OUT_16776,254.56178,401.71683
OUT_16777,222.54115,357.5276
OUT_16778,270.28595,437.69305
OUT_16779,67.121994,198.54271
OUT_16780,61.79278,190.40816
OUT_16781,59.712704,180.9595
OUT_16782,72.64403,191.86992
OUT_16783,274.5459,408.61935
OUT_16784,248.5165,406.8228
OUT_16785,895.6183,1111.9017
OUT_16786,895.1937,1084.0155
OUT_16787,879.4497,1095.9597
OUT_16788,67.72655,191.85323
OUT_16789,81.52319,200.90733
OUT_16790,244.57167,406.9076
OUT_16791,902.32434,1141.8055
OUT_16792,80.82414,213.18994
OUT_16793,265.2472,402.35492
OUT_16794,263.92786,411.56238
OUT_16795,63.156956,188.35399
OUT_16796,272.05127,419.2685
OUT_16797,76.41725,196.99571
OUT_16798,74.51189,199.73358
OUT_16799,79.05235,202.89793
OUT_16800,60.264393,189.39073
OUT_16801,72.606094,199.34787
OUT_16802,84.337204,200.02335
OUT_16803,85.28134,202.21071
OUT_16804,887.24756,1053.3236
OUT_16805,69.17757,197.18407
OUT_16806,906.3916,1103.9183
OUT_16807,284.42755,442.1336
OUT_16808,883.5408,1046.7302
OUT_16809,910.6114,1120.6477
OUT_16810,268.57245,406.35913
OUT_16811,77.00174,199.00113
OUT_16812,902.6382,1176.6307
OUT_16813,901.2333,1102.054
OUT_16814,74.75017,193.69952
OUT_16815,889.8296,1077.4507
OUT_16816,90.55925,201.74928
OUT_16817,247.5915,415.83902
OUT_16818,238.0868,409.87482
OUT_16819,68.37778,197.3293
OUT_16820,888.7579,1058.8794
OUT_16821,286.25647,431.25095
OUT_16822,61.30086,188.85802
OUT_16823,76.16899,200.1668
OUT_16824,279.08905,407.17938
OUT_16825,80.5065,201.53464
OUT_16826,94.008224,212.75934
OUT_16827,2040.2406,2148.9956
OUT_16828,274.22522,415.557
OUT_16829,67.464874,186.95021
OUT_16830,885.7107,1077.5652
OUT_16831,71.269485,195.38113
OUT_16832,895.09344,1045.7552
OUT_16833,280.26117,426.5141
OUT_16834,275.94897,423.8141
OUT_16835,67.52092,192.26918
OUT_16836,53.95577,182.25014
OUT_16837,59.651203,187.69933
OUT_16838,896.7528,1064.0087
OUT_16839,247.98647,408.48456
OUT_16840,878.5514,1064.1307
OUT_16841,909.78064,1128.493
OUT_16842,56.57857,183.33871
OUT_16843,53.128345,182.29724
OUT_16844,250.96767,408.6479
OUT_16845,63.954456,187.52513
OUT_16846,86.41249,200.01369
OUT_16847,37.628605,151.3244
OUT_16848,910.0832,1095.726
OUT_16849,63.28464,195.69951
OUT_16850,62.744877,193.89493
OUT_16851,919.3321,1054.0741
OUT_16852,245.93233,421.05484
OUT_16853,77.23163,195.67862
OUT_16854,54.607662,185.78746
OUT_16855,247.93654,431.60205
OUT_16856,275.7511,409.62967
OUT_16857,275.5805,413.97226
OUT_16858,904.5746,1102.7122
OUT_16859,80.19452,201.94336
OUT_16860,220.63722,399.74548
OUT_16861,275.35464,406.7565
OUT_16862,63.673,186.14151
OUT_16863,910.80194,1119.1024
OUT_16864,1853.6758,2141.1213
OUT_16865,72.28876,199.7673
OUT_16866,272.6959,414.46033
OUT_16867,75.99872,195.97989
OUT_16868,918.6433,1203.2059
OUT_16869,72.11345,197.95837
OUT_16870,255.70186,414.14035
OUT_16871,87.752686,202.54103
OUT_16872,883.20197,1062.5734
OUT_16873,243.88722,418.64023
OUT_16874,269.23706,414.9048
OUT_16875,220.33571,409.69656
OUT_16876,889.93677,1086.5336
OUT_16877,75.70274,216.96346
OUT_16878,68.96808,196.44194
OUT_16879,73.78656,195.3136
OUT_16880,895.8798,1093.4738
OUT_16881,51.63709,182.80695
OUT_16882,244.5121,423.40976
OUT_16883,78.09589,199.76752
OUT_16884,896.79095,1061.8567
OUT_16885,66.36247,178.95674
OUT_16886,64.38704,194.99431
OUT_16887,76.59003,198.79996
OUT_16888,245.4399,406.5855
OUT_16889,253.79836,423.73535
OUT_16890,66.80853,187.15698
OUT_16891,932.50385,1271.5615
OUT_16892,45.304592,168.1583
OUT_16893,255.2759,425.59537
OUT_16894,280.805,422.1568
OUT_16895,77.32272,200.65752
OUT_16896,75.91104,199.14214
OUT_16897,76.239456,203.48169
OUT_16898,72.4534,196.4639
OUT_16899,898.40283,1071.1399
OUT_16900,873.7769,1024.0629
OUT_16901,83.1087,198.38817
OUT_16902,245.82112,417.8787
OUT_16903,91.84834,206.33496
OUT_16904,50.376675,181.25354
OUT_16905,235.15157,340.07874
OUT_16906,74.17224,200.36363
OUT_16907,76.09195,201.59514
OUT_16908,874.32245,1063.2683
OUT_16909,886.664,1055.2645
OUT_16910,71.685394,199.15385
OUT_16911,92.57381,222.18262
OUT_16912,88.46547,207.65128
OUT_16913,238.1999,399.46228
OUT_16914,85.51442,208.1537
OUT_16915,84.53563,219.06192
OUT_16916,59.498524,184.27347
OUT_16917,70.18187,196.49918
OUT_16918,64.47487,186.9423
OUT_16919,80.26213,200.24596
OUT_16920,250.38704,411.64435
OUT_16921,264.9968,409.90607
OUT_16922,59.541325,185.7354
OUT_16923,243.4117,406.9076
OUT_16924,901.30835,1130.8777
OUT_16925,913.1362,1098.7687
OUT_16926,81.386475,198.91872
OUT_16927,274.81433,413.20648
OUT_16928,250.3171,404.20468
OUT_16929,74.86081,196.72707
OUT_16930,251.82545,408.99304
OUT_16931,70.81583,195.46362
OUT_16932,253.10085,422.6845
OUT_16933,58.80865,181.13899
OUT_16934,277.05988,422.91272
OUT_16935,1884.999,2118.6355
OUT_16936,271.59515,407.77347
OUT_16937,903.55255,1061.8765
OUT_16938,76.42717,202.92279
OUT_16939,69.93036,197.8852
OUT_16940,63.127834,183.12323
OUT_16941,75.29961,198.65793
OUT_16942,249.02846,405.045
OUT_16943,65.157166,187.2813
OUT_16944,274.03522,412.3129
OUT_16945,81.12059,202.84201
OUT_16946,1894.5791,2133.9739
OUT_16947,61.978107,185.9664
OUT_16948,56.060543,178.6806
OUT_16949,67.83649,194.07092
OUT_16950,89.038086,201.76027
OUT_16951,70.69493,192.06436
OUT_16952,67.17505,200.11528
OUT_16953,74.0302,199.00017
OUT_16954,51.02611,185.39499
OUT_16955,80.704315,201.11557
OUT_16956,69.353836,192.30856
OUT_16957,65.9012,192.71744
OUT_16958,899.6708,1101.0942
OUT_16959,1960.1423,2119.6973
OUT_16960,74.570694,199.57774
OUT_16961,277.68506,425.33258
OUT_16962,64.12335,195.2209
OUT_16963,57.21139,183.82217
OUT_16964,59.650593,189.91661
OUT_16965,238.29079,401.4042
OUT_16966,54.979015,185.4943
OUT_16967,249.39406,411.6527
OUT_16968,266.08636,408.81467
OUT_16969,276.601,423.5484
OUT_16970,276.06787,413.61832
OUT_16971,879.6448,1043.5078
OUT_16972,78.53113,198.74344
OUT_16973,59.312054,184.11595
OUT_16974,247.73909,409.35962
OUT_16975,248.2422,408.07385
OUT_16976,73.75119,196.06522
OUT_16977,890.37866,1098.2234
OUT_16978,65.51964,190.29126
OUT_16979,67.009384,189.37503
OUT_16980,74.75061,197.7276
OUT_16981,75.601974,197.92534
OUT_16982,69.5576,196.37883
OUT_16983,240.30507,400.10904
OUT_16984,69.9373,192.18181
OUT_16985,249.50917,411.5027
OUT_16986,1885.8423,2127.6887
OUT_16987,286.3567,424.10278
OUT_16988,268.26556,407.31848
OUT_16989,242.39717,401.55826
OUT_16990,922.1538,1112.2655
OUT_16991,249.00539,415.90118
OUT_16992,66.033066,184.12706
OUT_16993,70.01132,192.45082
OUT_16994,251.12544,423.73535
OUT_16995,65.8584,189.58742
OUT_16996,252.48293,438.37048
OUT_16997,239.83528,402.10034
OUT_16998,58.483646,183.30974
OUT_16999,275.97394,441.1137
OUT_17000,68.93631,198.27881
OUT_17001,79.822296,193.30272
OUT_17002,276.5495,463.44205
OUT_17003,76.36536,184.35158
OUT_17004,292.55072,467.8179
OUT_17005,291.42053,442.17062
OUT_17006,289.95062,431.53122
OUT_17007,286.68652,435.9145
OUT_17008,918.5625,1061.7721
OUT_17009,2024.2113,2151.3015
OUT_17010,1828.4746,2156.449
OUT_17011,80.54111,202.32799
OUT_17012,64.747955,177.97037
OUT_17013,72.25021,191.83469
OUT_17014,1894.1467,2146.0798
OUT_17015,276.3407,445.17236
OUT_17016,66.92697,191.69699
OUT_17017,78.95102,196.37875
OUT_17018,79.92297,204.8831
OUT_17019,275.01917,439.5388
OUT_17020,74.32939,190.0297
OUT_17021,933.3254,1115.7668
OUT_17022,68.43175,182.76425
OUT_17023,88.15752,200.63876
OUT_17024,57.057743,193.8855
OUT_17025,910.1116,1053.694
OUT_17026,40.213,166.77182
OUT_17027,82.75758,207.39227
OUT_17028,933.35974,1162.3186
OUT_17029,86.67226,201.55249
OUT_17030,85.056564,197.9822
OUT_17031,65.256516,180.98235
OUT_17032,92.175125,200.61539
OUT_17033,65.95906,186.93921
OUT_17034,255.38948,420.27246
OUT_17035,60.596287,182.15561
OUT_17036,91.369705,215.1201
OUT_17037,281.5395,446.2988
OUT_17038,88.64729,203.3754
OUT_17039,308.42847,455.4878
OUT_17040,69.51099,188.80064
OUT_17041,252.62898,370.7932
OUT_17042,80.75186,195.54814
OUT_17043,56.498447,175.60017
OUT_17044,913.76306,1071.1237
OUT_17045,86.57387,214.847
OUT_17046,48.90404,173.54282
OUT_17047,920.6492,1086.6957
OUT_17048,81.19026,192.97276
OUT_17049,1902.6616,2186.5532
OUT_17050,301.2343,460.16156
OUT_17051,81.64343,201.48174
OUT_17052,86.4091,202.36777
OUT_17053,266.9928,437.13474
OUT_17054,291.68213,421.29895
OUT_17055,106.27553,203.95303
OUT_17056,253.076,402.9491
OUT_17057,307.23785,473.46082
OUT_17058,945.9049,1140.7736
OUT_17059,302.99414,459.67368
OUT_17060,77.360886,201.89032
OUT_17061,270.6026,400.95395
OUT_17062,92.703445,219.17815
OUT_17063,90.90053,203.65973
OUT_17064,305.98206,441.17282
OUT_17065,82.01796,195.07838
OUT_17066,839.7948,1024.416
OUT_17067,2021.83,2138.7585
OUT_17068,259.6054,437.8391
OUT_17069,251.65309,430.3721
OUT_17070,257.68323,417.40433
OUT_17071,1900.352,2149.5427
OUT_17072,106.3763,210.67775
OUT_17073,277.03583,443.8648
OUT_17074,291.46808,439.89728
OUT_17075,79.70288,192.12044
OUT_17076,49.118443,196.86235
OUT_17077,65.29065,189.71925
OUT_17078,919.0666,1090.3243
OUT_17079,85.91554,213.95543
OUT_17080,247.84856,421.49017
OUT_17081,70.59526,188.89008
OUT_17082,927.274,1092.5956
OUT_17083,81.00578,197.43784
OUT_17084,82.509415,198.65913
OUT_17085,923.9478,1097.7584
OUT_17086,68.236435,188.25381
OUT_17087,975.0672,1411.4094
OUT_17088,939.0598,1194.2284
OUT_17089,86.93465,213.80067
OUT_17090,64.50606,181.27193
OUT_17091,82.444855,190.14648
OUT_17092,936.71954,1103.72
OUT_17093,91.459915,213.51263
OUT_17094,76.142914,197.72775
OUT_17095,263.20337,416.28607
OUT_17096,70.406586,187.92018
OUT_17097,77.782364,189.19693
OUT_17098,265.2483,464.7819
OUT_17099,263.47913,436.16583
OUT_17100,289.20953,432.9404
OUT_17101,501.19406,1033.4385
OUT_17102,297.4203,437.27567
OUT_17103,75.892914,201.09169
OUT_17104,245.45485,469.32236
OUT_17105,61.15334,195.0756
OUT_17106,78.923645,194.98372
OUT_17107,240.35793,350.88168
OUT_17108,84.148544,199.70302
OUT_17109,88.2997,202.88918
OUT_17110,921.70135,1079.1636
OUT_17111,269.15466,415.11557
OUT_17112,59.229115,179.7583
OUT_17113,84.90993,211.16817
OUT_17114,102.19524,214.01799
OUT_17115,119.94003,220.04858
OUT_17116,82.01828,198.07176
OUT_17117,64.747574,188.90668
OUT_17118,87.74971,203.04767
OUT_17119,285.5669,438.56766
OUT_17120,101.54637,220.30594
OUT_17121,914.1105,1055.7004
OUT_17122,264.18988,419.73618
OUT_17123,930.8398,1146.5325
OUT_17124,530.68085,1102.7261
OUT_17125,275.22424,429.8878
OUT_17126,76.53464,183.41508
OUT_17127,81.63983,207.4355
OUT_17128,72.54813,189.98898
OUT_17129,907.8962,1117.937
OUT_17130,60.282322,183.20401
OUT_17131,939.164,1096.4408
OUT_17132,59.651745,182.40509
OUT_17133,67.56462,191.18558
OUT_17134,92.311356,204.26062
OUT_17135,249.27422,354.76166
OUT_17136,278.88214,416.5663
OUT_17137,271.71753,444.48062
OUT_17138,84.82623,199.26863
OUT_17139,81.975464,200.1371
OUT_17140,272.59467,445.40134
OUT_17141,286.02496,433.85062
OUT_17142,248.98409,453.3126
OUT_17143,306.76044,460.8992
OUT_17144,248.6454,446.6198
OUT_17145,67.04811,175.69983
OUT_17146,67.267136,188.03246
OUT_17147,79.90062,189.24126
OUT_17148,298.27734,433.6985
OUT_17149,271.29337,438.22693
OUT_17150,75.760666,188.88971
OUT_17151,88.47197,208.35576
OUT_17152,304.69012,454.00574
OUT_17153,940.0235,1113.2192
OUT_17154,94.877,211.91035
OUT_17155,92.56154,221.08154
OUT_17156,96.13878,222.5273
OUT_17157,276.5282,449.22543
OUT_17158,240.83601,428.7977
OUT_17159,254.72029,414.0563
OUT_17160,916.66205,1108.2169
OUT_17161,308.19135,443.61823
OUT_17162,931.98785,1093.9033
OUT_17163,33.900272,144.97047
OUT_17164,67.749435,186.30983
OUT_17165,83.40146,199.58604
OUT_17166,74.231766,184.56432
OUT_17167,914.77594,1149.4106
OUT_17168,40.700306,167.214
OUT_17169,81.429306,187.31917
OUT_17170,60.137257,184.01546
OUT_17171,105.94496,227.21954
OUT_17172,918.5036,1107.8698
OUT_17173,305.74213,438.83502
OUT_17174,50.377018,174.39653
OUT_17175,1898.3303,2148.4792
OUT_17176,73.03003,190.67416
OUT_17177,238.2165,431.84482
OUT_17178,939.22876,1082.9288
OUT_17179,248.07314,414.2694
OUT_17180,107.90297,321.55685
OUT_17181,78.56082,194.76071
OUT_17182,96.71852,218.52655
OUT_17183,908.8173,1057.3124
OUT_17184,69.074814,191.19768
OUT_17185,89.18199,209.81804
OUT_17186,252.28865,406.4232
OUT_17187,1898.6626,2164.6292
OUT_17188,88.10573,204.86456
OUT_17189,278.15704,457.14957
OUT_17190,88.05818,206.87285
OUT_17191,91.29738,202.79837
OUT_17192,918.40784,1086.2466
OUT_17193,245.29897,431.23505
OUT_17194,260.51282,449.83316
OUT_17195,91.82231,221.19005
OUT_17196,81.01878,200.45457
OUT_17197,93.67998,210.58992
OUT_17198,337.37244,665.3114
OUT_17199,86.11299,212.21951
OUT_17200,289.4361,463.47433
OUT_17201,294.299,477.70297
OUT_17202,284.3376,433.18945
OUT_17203,85.21181,198.30672
OUT_17204,270.9922,439.3491
OUT_17205,69.62721,186.62921
OUT_17206,310.37994,454.33276
OUT_17207,944.9381,1149.0759
OUT_17208,923.52905,1136.5898
OUT_17209,74.43869,187.34839
OUT_17210,81.11684,197.78656
OUT_17211,87.33757,207.21408
OUT_17212,90.17433,210.08984
OUT_17213,78.57898,196.47964
OUT_17214,307.19324,463.71875
OUT_17215,269.68274,436.03177
OUT_17216,1901.0332,2155.2368
OUT_17217,87.109634,199.01405
OUT_17218,91.27507,221.27946
OUT_17219,66.53778,182.78424
OUT_17220,79.130264,198.43073
OUT_17221,81.70363,203.23581
OUT_17222,271.76758,438.28122
OUT_17223,85.621216,208.19978
OUT_17224,291.5534,438.85983
OUT_17225,255.912,399.77274
OUT_17226,87.40373,194.57863
OUT_17227,65.86838,206.80705
OUT_17228,83.23097,212.55907
OUT_17229,80.327805,195.0329
OUT_17230,53.20371,187.7578
OUT_17231,906.69574,1074.4236
OUT_17232,908.9309,1046.5555
OUT_17233,265.0121,420.7998
OUT_17234,270.67896,454.21817
OUT_17235,77.492294,197.6627
OUT_17236,87.0638,207.98305
OUT_17237,78.86174,196.85063
OUT_17238,68.9059,193.7037
OUT_17239,290.68597,419.26398
OUT_17240,285.0813,449.1788
OUT_17241,262.65894,468.18234
OUT_17242,273.19348,449.0494
OUT_17243,67.41847,195.47746
OUT_17244,98.26662,216.45154
OUT_17245,309.8396,444.24655
OUT_17246,299.1878,461.0026
OUT_17247,267.0899,440.3496
OUT_17248,275.98267,424.09164
OUT_17249,82.44374,202.55247
OUT_17250,303.3213,499.852
OUT_17251,49.66892,181.2166
OUT_17252,57.491047,187.97757
OUT_17253,272.54932,451.97214
OUT_17254,90.93306,205.90396
OUT_17255,85.05148,201.57712
OUT_17256,63.072147,183.79083
OUT_17257,275.77582,433.4488
OUT_17258,75.92842,191.71944
OUT_17259,295.15887,437.85962
OUT_17260,251.12471,418.19092
OUT_17261,50.883213,178.29323
OUT_17262,88.00041,215.71909
OUT_17263,912.65424,1119.0913
OUT_17264,87.9008,204.14523
OUT_17265,96.396194,208.91736
OUT_17266,79.068695,196.03827
OUT_17267,86.48131,201.97394
OUT_17268,78.27762,198.9864
OUT_17269,243.70528,439.20462
OUT_17270,948.6605,1102.1511
OUT_17271,52.678272,176.95448
OUT_17272,305.40137,442.67154
OUT_17273,293.83875,467.9307
OUT_17274,87.71214,211.33998
OUT_17275,328.81506,712.04517
OUT_17276,281.83316,439.64377
OUT_17277,276.37195,461.12466
OUT_17278,75.888214,199.57391
OUT_17279,84.99153,203.95728
OUT_17280,1893.0605,2136.1086
OUT_17281,78.86742,199.0252
OUT_17282,280.9057,415.87476
OUT_17283,88.47795,197.74413
OUT_17284,89.91783,214.80179
OUT_17285,313.86627,466.48813
OUT_17286,88.26543,203.18636
OUT_17287,73.44536,192.74466
OUT_17288,69.00835,192.06633
OUT_17289,276.19214,408.38986
OUT_17290,58.210056,176.54704
OUT_17291,85.93187,202.85841
OUT_17292,80.01889,192.938
OUT_17293,289.86603,455.43686
OUT_17294,98.76738,207.9582
OUT_17295,89.003525,200.99477
OUT_17296,78.63109,188.28026
OUT_17297,78.43407,204.60753
OUT_17298,86.467514,199.36006
OUT_17299,82.201965,201.12161
OUT_17300,68.7823,197.06628
OUT_17301,922.8392,1054.4703
OUT_17302,274.83136,452.97916
OUT_17303,266.19232,435.31546
OUT_17304,913.01154,1104.3331
OUT_17305,276.95917,462.5526
OUT_17306,82.025116,200.78757
OUT_17307,275.4397,442.38812
OUT_17308,242.82784,413.26987
OUT_17309,89.68837,202.11205
OUT_17310,82.68576,214.2081
OUT_17311,84.08443,200.15965
OUT_17312,924.16394,1063.6504
OUT_17313,78.27083,202.94711
OUT_17314,916.20306,1108.3135
OUT_17315,847.10223,1012.36743
OUT_17316,44.812046,173.2024
OUT_17317,237.4864,403.86282
OUT_17318,932.6483,1141.713
OUT_17319,68.36398,189.91934
OUT_17320,257.53394,417.60104
OUT_17321,913.9605,1067.7814
OUT_17322,272.7461,429.21024
OUT_17323,294.99823,430.47308
OUT_17324,930.2028,1103.8273
OUT_17325,304.81122,494.94907
OUT_17326,1902.6616,2164.9575
OUT_17327,76.152054,191.18404
OUT_17328,292.4195,426.4759
OUT_17329,934.0421,1130.8511
OUT_17330,67.40408,188.90698
OUT_17331,72.92337,185.46013
OUT_17332,69.58002,180.11162
OUT_17333,85.931076,202.38918
OUT_17334,935.1132,1104.5496
OUT_17335,90.55147,202.38698
OUT_17336,65.92813,186.28787
OUT_17337,73.84288,193.48708
OUT_17338,266.84253,428.38498
OUT_17339,296.28882,455.33966
OUT_17340,90.3232,215.74695
OUT_17341,72.968094,191.58165
OUT_17342,277.20312,458.29193
OUT_17343,272.97827,451.3869
OUT_17344,83.619125,199.23189
OUT_17345,924.3107,1122.6084
OUT_17346,87.286545,201.16968
OUT_17347,88.47432,197.62178
OUT_17348,914.8735,1097.3169
OUT_17349,89.7711,201.38043
OUT_17350,928.0921,1156.4608
OUT_17351,85.05028,203.95569
OUT_17352,81.21718,194.88351
OUT_17353,76.7005,201.44124
OUT_17354,911.44434,1061.8833
OUT_17355,43.48534,169.43687
OUT_17356,92.30925,203.33794
OUT_17357,102.55434,208.00264
OUT_17358,82.86459,199.70053
OUT_17359,78.05896,189.38573
OUT_17360,94.838974,201.526
OUT_17361,81.375916,200.11296
OUT_17362,285.29224,452.7657
OUT_17363,96.20784,225.7327
OUT_17364,268.09552,468.23813
OUT_17365,57.9269,180.33711
OUT_17366,927.08234,1089.1299
OUT_17367,91.74373,210.17198
OUT_17368,78.98192,200.84848
OUT_17369,84.85361,203.5582
OUT_17370,84.58479,206.93832
OUT_17371,1901.0139,2181.255
OUT_17372,914.4111,1079.9965
OUT_17373,266.9264,425.66653
OUT_17374,934.4556,1121.6936
OUT_17375,91.00255,218.62254
OUT_17376,78.26306,190.8583
OUT_17377,58.221027,184.4571
OUT_17378,916.48975,1082.81
OUT_17379,51.40961,179.7805
OUT_17380,80.996704,193.91785
OUT_17381,91.64259,218.74692
OUT_17382,64.300476,193.06184
OUT_17383,108.088394,216.17023
OUT_17384,66.727234,185.97818
OUT_17385,271.74603,437.92148
OUT_17386,267.8023,439.61716
OUT_17387,94.26024,214.35759
OUT_17388,84.66844,201.86559
OUT_17389,1955.9436,2145.179
OUT_17390,83.742294,199.33049
OUT_17391,88.45308,210.77205
OUT_17392,920.3144,1109.5762
OUT_17393,53.971333,180.56741
OUT_17394,251.31856,428.6519
OUT_17395,55.29363,175.66156
OUT_17396,271.003,470.01746
OUT_17397,259.8579,409.8119
OUT_17398,68.97658,193.35991
OUT_17399,93.706375,202.7884
OUT_17400,252.93953,421.11874
OUT_17401,86.682785,197.74413
OUT_17402,259.09857,419.9859
OUT_17403,246.3398,396.8276
OUT_17404,340.47406,663.7474
OUT_17405,920.152,1109.3999
OUT_17406,66.06784,192.2628
OUT_17407,93.23024,216.37279
OUT_17408,934.3655,1136.0082
OUT_17409,80.130936,197.29858
OUT_17410,92.62535,213.30261
OUT_17411,51.002483,197.85657
OUT_17412,84.02913,196.51163
OUT_17413,301.06287,439.38724
OUT_17414,279.5409,466.82492
OUT_17415,270.4347,436.74985
OUT_17416,917.9538,1094.7479
OUT_17417,48.96021,172.14325
OUT_17418,297.08466,439.95032
OUT_17419,293.9798,449.09558
OUT_17420,271.9364,445.01614
OUT_17421,83.772995,196.03123
OUT_17422,929.9596,1121.1953
OUT_17423,920.93805,1084.0382
OUT_17424,2010.8705,2143.5383
OUT_17425,2040.7728,2168.0112
OUT_17426,90.77687,198.80751
OUT_17427,97.122116,212.01376
OUT_17428,86.08528,207.1423
OUT_17429,87.68642,193.6618
OUT_17430,910.7994,1068.5016
OUT_17431,95.416855,211.41277
OUT_17432,257.2337,412.59384
OUT_17433,925.82104,1065.2635
OUT_17434,86.53966,206.35289
OUT_17435,934.2724,1097.886
OUT_17436,917.139,1093.1952
OUT_17437,1901.9949,2150.053
OUT_17438,85.829834,199.82515
OUT_17439,61.47971,186.73006
OUT_17440,919.06323,1077.0675
OUT_17441,92.17561,239.19493
OUT_17442,74.70416,192.03413
OUT_17443,270.6942,433.4488
OUT_17444,71.44496,185.44466
OUT_17445,67.39151,184.47762
OUT_17446,290.28833,429.5779
OUT_17447,884.88403,1089.032
OUT_17448,111.02533,203.04521
OUT_17449,110.00185,222.30351
OUT_17450,265.81537,415.89093
OUT_17451,265.3786,447.0468
OUT_17452,97.04112,231.0359
OUT_17453,270.53528,440.66257
OUT_17454,92.71135,207.07454
OUT_17455,66.4617,192.85158
OUT_17456,84.28693,201.70154
OUT_17457,933.0264,1065.7549
OUT_17458,85.97899,188.75499
OUT_17459,921.0369,1082.8696
OUT_17460,296.19287,446.35632
OUT_17461,85.77496,202.3943
OUT_17462,69.611145,191.77
OUT_17463,231.18526,412.04047
OUT_17464,271.4754,442.90533
OUT_17465,111.03929,229.66681
OUT_17466,88.099686,204.86551
OUT_17467,105.02684,230.24232
OUT_17468,305.68292,451.18207
OUT_17469,86.87996,202.10329
OUT_17470,97.53468,210.3073
OUT_17471,243.76863,426.60196
OUT_17472,90.10622,209.83604
OUT_17473,259.57385,458.61627
OUT_17474,927.92426,1103.2632
OUT_17475,82.27963,203.89082
OUT_17476,281.8252,446.715
OUT_17477,916.86786,1063.5623
OUT_17478,936.5678,1315.5123
OUT_17479,92.25563,206.9725
OUT_17480,87.55858,203.65193
OUT_17481,57.089237,180.36139
OUT_17482,87.681046,210.19449
OUT_17483,294.347,464.56656
OUT_17484,273.5216,439.5408
OUT_17485,92.42244,202.02127
OUT_17486,88.368515,210.32828
OUT_17487,81.15239,196.51714
OUT_17488,87.70369,197.00957
OUT_17489,95.40532,208.324
OUT_17490,90.7231,221.34566
OUT_17491,271.87372,436.80118
OUT_17492,912.70215,1069.1188
OUT_17493,53.515034,162.72758
OUT_17494,915.962,1075.0161
OUT_17495,925.0612,1104.2565
OUT_17496,100.37926,208.81564
OUT_17497,62.614414,188.09216
OUT_17498,80.22757,200.21265
OUT_17499,67.277985,181.82108
OUT_17500,279.9973,478.82083
OUT_17501,277.13818,420.41257
OUT_17502,269.00665,437.66132
OUT_17503,71.91304,193.76573
OUT_17504,80.01611,198.04987
OUT_17505,88.46739,209.64783
OUT_17506,920.23303,1126.5593
OUT_17507,84.92294,195.95592
OUT_17508,936.2266,1132.5144
OUT_17509,48.820408,174.95027
OUT_17510,95.179184,220.71597
OUT_17511,77.45291,195.63953
OUT_17512,89.30882,204.51022
OUT_17513,64.469604,186.16283
OUT_17514,86.07335,198.65944
OUT_17515,87.65483,202.75737
OUT_17516,290.92822,423.7624
OUT_17517,92.566696,221.3474
OUT_17518,87.09581,206.28073
OUT_17519,306.36755,449.84494
OUT_17520,256.08057,434.17047
OUT_17521,272.2032,442.7577
OUT_17522,935.4056,1107.4222
OUT_17523,83.51633,199.63101
OUT_17524,926.4985,1096.2874
OUT_17525,99.717575,210.42653
OUT_17526,297.16467,445.20306
OUT_17527,265.83087,404.6513
OUT_17528,296.86072,440.47226
OUT_17529,75.25391,195.87021
OUT_17530,933.6431,1085.6632
OUT_17531,75.129745,197.75278
OUT_17532,926.28827,1062.8816
OUT_17533,72.838974,190.40126
OUT_17534,82.77046,200.45396
OUT_17535,279.9859,456.62936
OUT_17536,80.19534,192.2652
OUT_17537,62.76328,180.07686
OUT_17538,308.13647,463.40726
OUT_17539,87.807236,199.98471
OUT_17540,928.2011,1109.5812
OUT_17541,75.03708,192.17807
OUT_17542,291.68823,487.7501
OUT_17543,74.07692,196.74059
OUT_17544,88.97804,210.00113
OUT_17545,83.762985,200.5897
OUT_17546,88.98027,203.08609
OUT_17547,42.317966,157.30113
OUT_17548,89.24254,200.84694
OUT_17549,908.45135,1193.3065
OUT_17550,263.20532,438.94992
OUT_17551,59.821598,183.43796
OUT_17552,113.80812,255.32718
OUT_17553,102.30705,216.79541
OUT_17554,268.63403,437.83395
OUT_17555,79.54378,194.68402
OUT_17556,244.48976,374.9442
OUT_17557,78.719406,200.31096
OUT_17558,85.62816,219.0763
OUT_17559,276.92603,465.24954
OUT_17560,87.16264,205.31734
OUT_17561,78.0594,192.9813
OUT_17562,73.039536,193.81589
OUT_17563,90.08995,216.24667
OUT_17564,78.90297,205.5939
OUT_17565,84.44762,199.14134
OUT_17566,277.78314,437.83395
OUT_17567,269.73285,433.97763
OUT_17568,261.2724,434.28723
OUT_17569,91.13243,205.51334
OUT_17570,82.57864,200.5267
OUT_17571,72.351776,185.66858
OUT_17572,290.57825,438.8588
OUT_17573,89.8318,207.10184
OUT_17574,918.8072,1091.6948
OUT_17575,49.524143,165.00107
OUT_17576,82.920746,199.82025
OUT_17577,274.2296,447.434
OUT_17578,88.85072,201.89636
OUT_17579,262.80304,422.30762
OUT_17580,72.44142,188.5926
OUT_17581,932.25116,1137.9906
OUT_17582,70.99611,193.64838
OUT_17583,255.78603,418.58032
OUT_17584,936.77094,1174.6669
OUT_17585,935.3299,1110.9547
OUT_17586,71.18326,191.86353
OUT_17587,247.95644,451.07843
OUT_17588,59.66527,180.58153
OUT_17589,275.79395,441.6826
OUT_17590,95.9095,207.63213
OUT_17591,74.18591,197.7444
OUT_17592,56.28902,179.12775
OUT_17593,70.55397,182.74734
OUT_17594,81.98567,199.41898
OUT_17595,106.06224,214.96703
OUT_17596,920.77563,1138.7107
OUT_17597,87.18959,198.1072
OUT_17598,2017.6508,2149.818
OUT_17599,83.33528,193.18474
OUT_17600,85.19116,193.76112
OUT_17601,919.825,1102.303
OUT_17602,911.6255,1036.8624
OUT_17603,303.7489,467.244
OUT_17604,938.9515,1349.1008
OUT_17605,241.13954,430.4094
OUT_17606,1955.6389,2139.2205
OUT_17607,919.0218,1089.7704
OUT_17608,87.8976,206.30579
OUT_17609,65.18385,183.91447
OUT_17610,259.73883,417.07147
OUT_17611,118.29747,249.08221
OUT_17612,90.222,208.00363
OUT_17613,270.55756,441.56802
OUT_17614,283.24414,454.78644
OUT_17615,301.79865,452.54562
OUT_17616,73.81967,191.68416
OUT_17617,102.73793,209.50847
OUT_17618,942.3175,1138.7979
OUT_17619,269.62958,435.8171
OUT_17620,80.573,197.24832
OUT_17621,939.87506,1125.5126
OUT_17622,916.17316,1050.6261
OUT_17623,89.78285,219.11665
OUT_17624,253.64998,420.43237
OUT_17625,278.0888,464.76917
OUT_17626,76.12105,192.91501
OUT_17627,91.16545,214.74359
OUT_17628,83.51352,198.11934
OUT_17629,939.7748,1117.7909
OUT_17630,273.44537,450.33633
OUT_17631,43.088734,168.53906
OUT_17632,251.33669,432.193
OUT_17633,80.9402,217.79466
OUT_17634,84.22368,200.95007
OUT_17635,96.6891,203.11888
OUT_17636,915.0375,1095.0981
OUT_17637,76.65489,193.33069
OUT_17638,79.28993,195.0792
OUT_17639,91.30931,200.27298
OUT_17640,195.0696,328.44788
OUT_17641,73.89734,191.22821
OUT_17642,81.06061,201.17322
OUT_17643,65.77791,173.74539
OUT_17644,76.46469,194.66887
OUT_17645,283.9922,436.83047
OUT_17646,926.32477,1125.338
OUT_17647,78.32747,186.06668
OUT_17648,51.46114,181.73297
OUT_17649,80.13623,200.13068
OUT_17650,87.934555,199.863
OUT_17651,916.76483,1071.9946
OUT_17652,1904.6812,2162.4575
OUT_17653,271.77722,454.96402
OUT_17654,252.53651,424.35986
OUT_17655,82.905396,199.80775
OUT_17656,938.3293,1124.6942
OUT_17657,65.92406,185.21162
OUT_17658,63.45325,173.02122
OUT_17659,296.68854,428.3743
OUT_17660,917.36566,1069.817
OUT_17661,937.43506,1089.0851
OUT_17662,933.4209,1072.5034
OUT_17663,85.047806,198.2182
OUT_17664,911.5773,1040.5189
OUT_17665,79.329834,197.7097
OUT_17666,76.737305,179.54655
OUT_17667,914.0485,1056.879
OUT_17668,931.26074,1118.3867
OUT_17669,89.15584,204.74698
OUT_17670,81.26547,202.3681
OUT_17671,285.22156,479.39615
OUT_17672,87.870926,198.53928
OUT_17673,916.6821,1066.1184
OUT_17674,78.743774,189.63974
OUT_17675,308.7243,463.40726
OUT_17676,276.1883,460.40237
OUT_17677,921.70856,1092.6215
OUT_17678,106.907394,224.17262
OUT_17679,276.6477,435.90747
OUT_17680,80.541565,206.55002
OUT_17681,80.66545,199.96666
OUT_17682,89.789505,205.19067
OUT_17683,303.7063,455.56598
OUT_17684,64.94133,179.90475
OUT_17685,251.8503,436.09354
OUT_17686,73.97821,191.06569
OUT_17687,1895.6458,2150.0676
OUT_17688,260.86,417.3229
OUT_17689,105.00868,217.49599
OUT_17690,49.136333,166.40771
OUT_17691,87.9536,201.13048
OUT_17692,99.666824,211.08003
OUT_17693,82.79184,204.23332
OUT_17694,965.0206,1464.5552
OUT_17695,69.96246,184.07228
OUT_17696,305.79883,448.21884
OUT_17697,256.8294,421.11874
OUT_17698,2013.5033,2138.4255
OUT_17699,267.59363,449.1036
OUT_17700,76.37048,193.75294
OUT_17701,90.46541,203.92671
OUT_17702,72.79309,189.2009
OUT_17703,259.42548,404.09048
OUT_17704,86.97432,213.20576
OUT_17705,59.940464,180.46758
OUT_17706,50.39413,176.49538
OUT_17707,936.83075,1118.4321
OUT_17708,84.307175,197.39043
OUT_17709,276.08368,448.10855
OUT_17710,57.818134,178.87389
OUT_17711,91.982925,212.84998
OUT_17712,89.14937,208.56728
OUT_17713,94.49202,210.9309
OUT_17714,70.05165,189.96811
OUT_17715,74.24576,191.70581
OUT_17716,85.455536,200.22662
OUT_17717,910.1665,1096.6813
OUT_17718,920.82733,1076.3287
OUT_17719,85.44472,198.54366
OUT_17720,272.8634,443.742
OUT_17721,273.6394,464.6433
OUT_17722,83.66641,198.2168
OUT_17723,93.20781,208.72256
OUT_17724,81.5139,212.57083
OUT_17725,83.60571,200.82143
OUT_17726,1895.1108,2136.4333
OUT_17727,309.28046,487.71863
OUT_17728,77.136444,200.36005
OUT_17729,261.04254,425.0045
OUT_17730,65.28688,198.07294
OUT_17731,80.425064,210.14507
OUT_17732,277.50922,436.80118
OUT_17733,82.97656,194.69925
OUT_17734,94.798904,205.62346
OUT_17735,306.97656,471.79688
OUT_17736,923.31146,1095.1373
OUT_17737,928.13776,1126.5431
OUT_17738,926.9805,1115.549
OUT_17739,923.80133,1106.2876
OUT_17740,318.92676,478.8113
OUT_17741,247.27132,442.21622
OUT_17742,268.96967,423.61246
OUT_17743,81.71507,196.25584
OUT_17744,253.72835,436.39655
OUT_17745,75.099,185.37582
OUT_17746,74.04076,196.70915
OUT_17747,90.364975,219.29489
OUT_17748,93.1035,208.65785
OUT_17749,90.76314,210.21544
OUT_17750,84.01041,201.04736
OUT_17751,87.55467,201.80363
OUT_17752,943.22345,1113.5483
OUT_17753,267.97772,450.36615
OUT_17754,2011.7792,2140.6257
OUT_17755,279.26648,470.7294
OUT_17756,280.36993,418.19913
OUT_17757,98.741806,208.656
OUT_17758,98.78691,230.5471
OUT_17759,62.825512,188.96468
OUT_17760,91.78554,206.97829
OUT_17761,914.84296,1062.7914
OUT_17762,255.4327,416.588
OUT_17763,281.14612,471.3223
OUT_17764,298.5301,471.86087
OUT_17765,81.34285,202.84425
OUT_17766,74.728745,191.98491
OUT_17767,62.143726,187.32185
OUT_17768,95.30464,200.13004
OUT_17769,1897.7173,2145.9421
OUT_17770,922.1713,1076.8694
OUT_17771,289.7398,419.32925
OUT_17772,81.379196,199.90012
OUT_17773,83.87993,197.45792
OUT_17774,77.59659,201.29402
OUT_17775,274.3338,452.43723
OUT_17776,832.62646,976.7189
OUT_17777,233.91756,432.58328
OUT_17778,915.6323,1114.4918
OUT_17779,83.04663,206.23427
OUT_17780,241.87971,435.32968
OUT_17781,100.58943,218.81993
OUT_17782,303.49866,473.35693
OUT_17783,945.58264,1199.8159
OUT_17784,81.308975,198.6656
OUT_17785,96.66286,258.06952
OUT_17786,267.72278,435.46768
OUT_17787,90.24959,220.62444
OUT_17788,82.195694,195.48938
OUT_17789,87.59688,209.3412
OUT_17790,82.903305,200.71352
OUT_17791,945.20465,1423.5853
OUT_17792,263.66937,399.94427
OUT_17793,87.87288,197.70467
OUT_17794,86.82579,204.41147
OUT_17795,65.83974,191.91264
OUT_17796,66.784134,190.18076
OUT_17797,85.65544,206.02818
OUT_17798,81.22545,203.3429
OUT_17799,76.78224,190.31786
OUT_17800,936.08203,1083.3245
OUT_17801,247.82747,364.9574
OUT_17802,267.2091,417.11584
OUT_17803,92.177414,201.1675
OUT_17804,98.071335,213.21217
OUT_17805,2009.3353,2141.5986
OUT_17806,76.43443,201.21631
OUT_17807,39.358967,157.4791
OUT_17808,267.6938,464.19058
OUT_17809,312.6153,626.4876
OUT_17810,85.126236,195.62288
OUT_17811,290.83112,451.15436
OUT_17812,78.08151,191.73
OUT_17813,88.515915,202.00478
OUT_17814,78.44957,195.72823
OUT_17815,927.14355,1101.3253
OUT_17816,87.824234,201.80219
OUT_17817,77.05316,201.21962
OUT_17818,929.9047,1096.2885
OUT_17819,68.00331,197.61868
OUT_17820,920.6598,1125.338
OUT_17821,87.964096,201.03026
OUT_17822,72.05803,198.96106
OUT_17823,91.00374,199.57152
OUT_17824,300.4087,452.51486
OUT_17825,78.650604,196.06802
OUT_17826,277.2218,438.16995
OUT_17827,933.3642,1159.564
OUT_17828,101.91527,223.39906
OUT_17829,86.65346,197.37231
OUT_17830,915.02014,1066.2089
OUT_17831,925.6898,1090.0585
OUT_17832,91.44502,202.94844
OUT_17833,69.89462,181.89474
OUT_17834,268.6761,433.43976
OUT_17835,261.5385,413.6651
OUT_17836,2040.7728,2164.457
OUT_17837,113.10152,268.55038
OUT_17838,907.8996,1054.8025
OUT_17839,923.4809,1119.1129
OUT_17840,80.389786,197.18634
OUT_17841,82.43761,199.82686
OUT_17842,88.87773,205.23462
OUT_17843,2011.1571,2141.4023
OUT_17844,269.80878,439.36368
OUT_17845,910.20123,1066.2842
OUT_17846,279.2744,442.09064
OUT_17847,302.00238,432.40475
OUT_17848,94.2755,225.71832
OUT_17849,310.0569,457.1704
OUT_17850,91.16524,216.40082
OUT_17851,300.9934,448.09415
OUT_17852,297.04846,435.7259
OUT_17853,281.02893,458.41397
OUT_17854,1897.3347,2149.01
OUT_17855,858.7448,1068.0497
OUT_17856,912.9547,1058.1206
OUT_17857,85.755585,200.0108
OUT_17858,294.162,440.34674
OUT_17859,240.63197,419.87656
OUT_17860,69.2448,184.82208
OUT_17861,88.10005,201.09282
OUT_17862,91.780594,216.31313
OUT_17863,90.99715,208.45883
OUT_17864,83.379456,197.63683
OUT_17865,71.700836,194.19322
OUT_17866,98.560074,202.81366
OUT_17867,308.56293,450.7339
OUT_17868,86.054,198.91196
OUT_17869,274.27948,422.53693
OUT_17870,78.704605,199.65321
OUT_17871,267.1283,435.60327
OUT_17872,96.15401,213.30777
OUT_17873,92.47188,222.60907
OUT_17874,77.28885,196.03845
OUT_17875,277.64917,463.12436
OUT_17876,272.92462,438.76968
OUT_17877,52.358433,175.58049
OUT_17878,270.64062,437.45236
OUT_17879,96.45549,209.10782
OUT_17880,1904.1602,2150.1648
OUT_17881,78.97003,193.37762
OUT_17882,263.81543,439.0561
OUT_17883,299.9171,436.67157
OUT_17884,925.02356,1181.956
OUT_17885,78.09665,197.51044
OUT_17886,272.5609,457.33203
OUT_17887,91.13606,200.97346
OUT_17888,62.534397,186.82704
OUT_17889,286.40045,439.84702
OUT_17890,92.20787,204.50641
OUT_17891,917.4222,1103.9049
OUT_17892,92.84279,222.99083
OUT_17893,94.23378,201.4262
OUT_17894,75.124054,190.7521
OUT_17895,85.949265,200.48479
OUT_17896,84.36278,196.62434
OUT_17897,87.85805,199.76756
OUT_17898,46.652958,158.74165
OUT_17899,252.3639,392.13116
OUT_17900,85.552414,206.33006
OUT_17901,74.39273,193.26048
OUT_17902,921.5171,1081.223
OUT_17903,78.52504,192.51985
OUT_17904,78.80356,197.863
OUT_17905,66.239044,190.25415
OUT_17906,919.6035,1056.4922
OUT_17907,251.44563,428.85614
OUT_17908,68.310104,192.36852
OUT_17909,67.930145,193.59106
OUT_17910,1893.5105,2141.9358
OUT_17911,52.60507,181.25098
OUT_17912,266.00433,471.63696
OUT_17913,73.65494,193.54144
OUT_17914,84.99286,203.94489
OUT_17915,69.16341,183.43964
OUT_17916,80.15564,195.4365
OUT_17917,65.49281,179.49588
OUT_17918,955.5706,1137.8881
OUT_17919,73.790955,186.85681
OUT_17920,86.44847,200.66647
OUT_17921,85.30203,210.96553
OUT_17922,83.27586,205.25371
OUT_17923,1895.3013,2140.785
OUT_17924,92.08638,202.45232
OUT_17925,53.320827,180.06761
OUT_17926,296.67828,448.9803
OUT_17927,307.75513,469.2232
OUT_17928,94.41609,200.99556
OUT_17929,43.46332,180.34772
OUT_17930,99.56645,218.42319
OUT_17931,93.1541,205.91115
OUT_17932,102.15547,202.4832
OUT_17933,917.9605,1076.1208
OUT_17934,250.78554,378.60345
OUT_17935,281.73938,468.4397
OUT_17936,913.8318,1084.7588
OUT_17937,304.61896,458.77365
OUT_17938,65.95494,184.63947
OUT_17939,76.426285,193.71538
OUT_17940,83.595215,200.73195
OUT_17941,78.202774,194.22144
OUT_17942,88.20308,206.72499
OUT_17943,69.37152,188.20535
OUT_17944,931.1963,1158.3689
OUT_17945,72.208954,195.36443
OUT_17946,87.83275,201.11984
OUT_17947,899.6022,1012.31604
OUT_17948,90.62114,249.18419
OUT_17949,87.78508,206.26904
OUT_17950,78.151306,188.37462
OUT_17951,92.794815,198.46141
OUT_17952,90.06523,200.85918
OUT_17953,69.41998,193.09773
OUT_17954,75.38335,197.93861
OUT_17955,940.7964,1139.6239
OUT_17956,266.97168,435.69012
OUT_17957,293.7624,432.777
OUT_17958,72.27957,184.02182
OUT_17959,75.73357,193.62761
OUT_17960,82.77553,197.44223
OUT_17961,76.772736,202.81427
OUT_17962,71.762146,183.97952
OUT_17963,291.2968,448.81906
OUT_17964,294.41614,458.72604
OUT_17965,79.36319,195.79701
OUT_17966,75.615326,200.16733
OUT_17967,919.354,1131.2162
OUT_17968,62.718235,185.87326
OUT_17969,86.61424,200.80257
OUT_17970,82.17703,198.36679
OUT_17971,60.798588,177.40952
OUT_17972,296.94977,459.17728
OUT_17973,947.7794,1185.0825
OUT_17974,89.14851,204.91351
OUT_17975,929.655,1114.2576
OUT_17976,91.84126,200.7676
OUT_17977,79.76601,200.73322
OUT_17978,77.6172,191.31187
OUT_17979,921.80255,1073.9517
OUT_17980,75.26236,200.32101
OUT_17981,89.66579,199.92232
OUT_17982,72.70674,184.04149
OUT_17983,1895.3328,2143.6877
OUT_17984,73.117065,186.41447
OUT_17985,45.56615,163.71597
OUT_17986,916.02826,1095.9265
OUT_17987,950.0136,1254.693
OUT_17988,516.1092,1076.5884
OUT_17989,930.1213,1132.8604
OUT_17990,91.767624,204.40523
OUT_17991,305.61115,439.99057
OUT_17992,78.262115,195.0202
OUT_17993,87.77745,204.82062
OUT_17994,259.94196,440.11234
OUT_17995,924.5431,1098.1198
OUT_17996,89.21727,208.19412
OUT_17997,88.547775,204.19215
OUT_17998,77.808044,190.98982
OUT_17999,87.93944,201.96996
OUT_18000,90.52745,208.0254
OUT_18001,79.85591,198.87222
OUT_18002,87.09325,210.1447
OUT_18003,67.46011,188.30873
OUT_18004,295.4967,429.32462
OUT_18005,61.70316,182.13521
OUT_18006,929.93304,1112.8096
OUT_18007,79.98125,196.72354
OUT_18008,95.1859,207.66357
OUT_18009,88.18913,207.11342
OUT_18010,110.07924,215.43127
OUT_18011,918.0947,1081.22
OUT_18012,928.01587,1150.468
OUT_18013,94.490524,208.9277
OUT_18014,92.2816,201.83504
OUT_18015,283.6151,435.321
OUT_18016,80.65828,200.26033
OUT_18017,969.28186,1111.7339
OUT_18018,920.82654,1187.0961
OUT_18019,79.324554,195.62787
OUT_18020,284.3432,449.3138
OUT_18021,81.05148,199.37083
OUT_18022,2016.6093,2153.3933
OUT_18023,1900.2368,2147.3381
OUT_18024,82.13466,197.79958
OUT_18025,275.71442,450.47726
OUT_18026,285.015,414.24716
OUT_18027,277.46576,429.6771
OUT_18028,295.95422,466.84384
OUT_18029,1889.5388,2138.8455
OUT_18030,62.743565,184.93448
OUT_18031,294.4261,469.4158
OUT_18032,88.79668,203.08609
OUT_18033,257.05048,423.1554
OUT_18034,244.95827,427.4667
OUT_18035,925.1972,1107.6699
OUT_18036,979.86005,1442.0037
OUT_18037,73.012085,197.26163
OUT_18038,84.89719,200.8725
OUT_18039,71.165375,196.49124
OUT_18040,295.12128,454.75186
OUT_18041,90.170334,200.44342
OUT_18042,87.87755,199.05905
OUT_18043,89.34273,206.2437
OUT_18044,273.80817,470.47516
OUT_18045,271.82233,440.843
OUT_18046,267.80475,465.58743
OUT_18047,68.98659,182.60483
OUT_18048,83.518326,203.77068
OUT_18049,92.75722,210.27562
OUT_18050,934.2996,1138.9701
OUT_18051,287.59802,434.2616
OUT_18052,70.789566,191.51216
OUT_18053,275.06885,452.6796
OUT_18054,79.17787,212.05011
OUT_18055,1897.0635,2149.346
OUT_18056,82.59337,200.47333
OUT_18057,123.77013,233.79239
OUT_18058,295.68793,472.66516
OUT_18059,65.08325,189.82849
OUT_18060,905.9296,1050.0009
OUT_18061,295.55005,428.72894
OUT_18062,257.8678,460.59607
OUT_18063,86.40639,199.32394
OUT_18064,62.63869,186.92905
OUT_18065,85.262115,201.51802
OUT_18066,47.031147,169.90688
OUT_18067,292.5935,428.56207
OUT_18068,277.7788,430.9818
OUT_18069,84.29344,208.04904
OUT_18070,71.30087,188.0903
OUT_18071,1895.0793,2140.0447
OUT_18072,929.4282,1130.0492
OUT_18073,260.74316,436.70166
OUT_18074,65.48169,188.51668
OUT_18075,269.203,426.80823
OUT_18076,63.56043,184.41373
OUT_18077,68.14548,185.11598
OUT_18078,302.02606,484.121
OUT_18079,95.189224,207.92325
OUT_18080,50.93909,174.77992
OUT_18081,86.09114,211.47342
OUT_18082,88.253006,203.5862
OUT_18083,103.11992,205.95428
OUT_18084,86.03502,205.81158
OUT_18085,276.73694,436.8705
OUT_18086,919.75494,1059.344
OUT_18087,262.0597,426.007
OUT_18088,74.82057,199.86046
OUT_18089,78.51027,195.61383
OUT_18090,264.06848,433.32965
OUT_18091,295.15015,469.80298
OUT_18092,296.98077,447.3279
OUT_18093,274.8767,449.78876
OUT_18094,278.64423,469.1709
OUT_18095,334.945,474.81912
OUT_18096,84.6429,198.76308
OUT_18097,71.84059,183.51872
OUT_18098,77.140076,199.72829
OUT_18099,933.75385,1106.3696
OUT_18100,333.34888,456.51288
OUT_18101,88.339584,202.44237
OUT_18102,301.64618,456.0113
OUT_18103,94.33461,222.16623
OUT_18104,293.8039,433.7327
OUT_18105,81.12317,204.8831
OUT_18106,275.8039,452.11398
OUT_18107,93.9547,201.28185
OUT_18108,285.75568,506.3443
OUT_18109,80.937836,203.69394
OUT_18110,916.41754,1122.476
OUT_18111,97.40047,219.5342
OUT_18112,56.78603,157.30603
OUT_18113,56.27328,185.26251
OUT_18114,89.464676,207.37276
OUT_18115,84.18916,206.25938
OUT_18116,63.285946,178.03264
OUT_18117,279.69763,446.2992
OUT_18118,55.48675,177.3976
OUT_18119,68.46677,185.0293
OUT_18120,87.98729,206.5365
OUT_18121,91.57506,202.16777
OUT_18122,96.080215,205.14226
OUT_18123,275.0904,454.96304
OUT_18124,83.005615,195.24638
OUT_18125,2038.7206,2151.4197
OUT_18126,88.7216,201.52306
OUT_18127,65.02779,186.4336
OUT_18128,1885.9521,2138.1707
OUT_18129,107.59599,237.115
OUT_18130,918.26874,1079.225
OUT_18131,264.93756,438.66827
OUT_18132,89.742294,215.47641
OUT_18133,83.18233,203.34914
OUT_18134,84.28929,191.72829
OUT_18135,100.798874,225.31377
OUT_18136,263.9063,429.04062
OUT_18137,65.91733,187.19139
OUT_18138,66.26613,175.70866
OUT_18139,85.44774,198.48898
OUT_18140,104.65639,210.64677
OUT_18141,918.15137,1069.8973
OUT_18142,84.5255,210.07272
OUT_18143,74.90091,198.04782
OUT_18144,273.51868,467.48962
OUT_18145,276.73438,448.98413
OUT_18146,308.2954,457.52142
OUT_18147,91.36699,209.84222
OUT_18148,71.11502,186.78719
OUT_18149,919.627,1139.0563
OUT_18150,925.5154,1094.6488
OUT_18151,79.497665,190.03497
OUT_18152,279.4687,441.52164
OUT_18153,250.48738,404.3739
OUT_18154,293.87683,476.38873
OUT_18155,304.14795,471.6305
OUT_18156,302.16327,436.3998
OUT_18157,932.84784,1135.0095
OUT_18158,921.46844,1140.3793
OUT_18159,31.844318,173.57355
OUT_18160,928.93036,1115.549
OUT_18161,69.566696,182.44984
OUT_18162,88.828354,228.1493
OUT_18163,908.81354,1061.8163
OUT_18164,79.4102,201.35146
OUT_18165,69.22255,183.02368
OUT_18166,1895.1108,2136.533
OUT_18167,922.20233,1096.4955
OUT_18168,63.99515,188.33015
OUT_18169,98.96239,216.16376
OUT_18170,913.3251,1090.8575
OUT_18171,71.66055,195.57744
OUT_18172,936.8384,1109.5941
OUT_18173,266.3225,443.32245
OUT_18174,270.6219,443.8017
OUT_18175,263.00073,436.04678
OUT_18176,77.14618,188.56877
OUT_18177,61.86553,185.60533
OUT_18178,93.220505,204.78105
OUT_18179,307.35468,464.42056
OUT_18180,92.72679,217.58693
OUT_18181,88.815445,206.72795
OUT_18182,104.30388,218.77246
OUT_18183,263.18744,414.4869
OUT_18184,77.246704,191.94876
OUT_18185,279.09564,458.96576
OUT_18186,290.34875,413.14624
OUT_18187,940.0398,1091.855
OUT_18188,61.79987,186.48051
OUT_18189,278.83582,443.38766
OUT_18190,88.41878,209.82047
OUT_18191,915.78656,1095.5203
OUT_18192,271.56503,432.3057
OUT_18193,79.6127,199.15024
OUT_18194,304.99683,467.75513
OUT_18195,298.71875,432.79938
OUT_18196,82.531494,203.9534
OUT_18197,83.03204,194.26286
OUT_18198,66.6942,176.47891
OUT_18199,92.31615,219.61734
OUT_18200,260.4206,418.67053
OUT_18201,92.3177,206.42914
OUT_18202,294.1336,429.1651
OUT_18203,922.03754,1123.4298
OUT_18204,289.1883,427.39023
OUT_18205,86.20845,200.36417
OUT_18206,84.31064,196.42201
OUT_18207,917.3463,1070.5751
OUT_18208,253.50508,421.27933
OUT_18209,1802.3088,2152.4387
OUT_18210,945.4999,1081.8441
OUT_18211,260.71558,413.61386
OUT_18212,82.7207,205.72253
OUT_18213,73.43591,183.20367
OUT_18214,94.568405,201.06639
OUT_18215,275.99725,425.63214
OUT_18216,251.89159,355.26007
OUT_18217,284.5197,464.99908
OUT_18218,921.63043,1099.0525
OUT_18219,100.84697,203.80022
OUT_18220,910.64923,1044.0436
OUT_18221,263.01416,419.31345
OUT_18222,271.7375,429.66348
OUT_18223,919.3601,1084.6758
OUT_18224,256.9626,439.65472
OUT_18225,81.750534,202.68872
OUT_18226,920.3674,1131.6207
OUT_18227,263.799,442.03897
OUT_18228,85.04283,202.28749
OUT_18229,100.01521,212.1366
OUT_18230,85.5365,201.59619
OUT_18231,89.6577,202.6296
OUT_18232,85.21889,198.45221
OUT_18233,67.83719,182.63095
OUT_18234,946.563,1091.2571
OUT_18235,69.18736,186.79991
OUT_18236,90.996506,213.17058
OUT_18237,77.70418,201.16219
OUT_18238,84.34012,198.06425
OUT_18239,48.40981,175.4907
OUT_18240,905.8543,1062.998
OUT_18241,1982.8531,2153.925
OUT_18242,940.0616,1148.9636
OUT_18243,100.58003,220.89958
OUT_18244,81.85434,196.41318
OUT_18245,285.84253,420.1418
OUT_18246,261.78125,440.64648
OUT_18247,103.71953,229.8009
OUT_18248,270.7036,397.19293
OUT_18249,244.95363,405.07184
OUT_18250,74.758514,199.00519
OUT_18251,78.35956,198.74121
OUT_18252,88.84808,200.78073
OUT_18253,89.69371,197.31128
OUT_18254,918.57526,1078.4485
OUT_18255,70.661224,183.75204
OUT_18256,99.92818,214.30606
OUT_18257,958.18835,1313.7341
OUT_18258,92.80394,202.1231
OUT_18259,86.47728,201.74672
OUT_18260,81.5995,199.56892
OUT_18261,82.88783,191.6772
OUT_18262,54.263187,184.34496
OUT_18263,919.8823,1128.6475
OUT_18264,923.0972,1087.4697
OUT_18265,287.24695,416.0203
OUT_18266,66.35036,186.27367
OUT_18267,935.078,1154.0604
OUT_18268,56.260693,179.36374
OUT_18269,72.965805,183.82695
OUT_18270,87.78993,203.1422
OUT_18271,80.40073,200.9975
OUT_18272,26.775776,142.7677
OUT_18273,90.520065,218.20052
OUT_18274,281.62622,460.40237
OUT_18275,922.1357,1120.675
OUT_18276,84.74031,201.12958
OUT_18277,87.73772,209.12776
OUT_18278,89.112686,200.885
OUT_18279,1897.9763,2148.0764
OUT_18280,59.507763,186.79128
OUT_18281,271.67828,417.45648
OUT_18282,53.08704,179.49312
OUT_18283,67.15718,189.55402
OUT_18284,87.215164,220.8289
OUT_18285,272.73022,426.05865
OUT_18286,937.271,1097.7294
OUT_18287,270.1574,428.31363
OUT_18288,84.64661,202.98463
OUT_18289,281.8675,431.48444
OUT_18290,926.1622,1112.0394
OUT_18291,909.6549,1069.1512
OUT_18292,67.113785,189.76083
OUT_18293,926.8713,1106.741
OUT_18294,85.09219,198.99866
OUT_18295,87.825455,205.44188
OUT_18296,928.32605,1133.2974
OUT_18297,266.96094,438.98105
OUT_18298,81.814026,195.22073
OUT_18299,289.56073,442.21622
OUT_18300,293.62384,450.5188
OUT_18301,83.631744,195.78056
OUT_18302,84.38048,204.92622
OUT_18303,72.95726,191.87637
OUT_18304,83.8259,212.31459
OUT_18305,919.5711,1083.4479
OUT_18306,288.00848,411.94147
OUT_18307,82.02452,201.20146
OUT_18308,286.912,407.38922
OUT_18309,297.3664,453.83838
OUT_18310,285.875,476.49588
OUT_18311,80.069565,197.06474
OUT_18312,87.673935,197.22687
OUT_18313,281.12732,466.29453
OUT_18314,924.6012,1087.1738
OUT_18315,42.202732,158.97435
OUT_18316,55.369755,171.51614
OUT_18317,264.71045,441.1083
OUT_18318,44.978825,164.63887
OUT_18319,260.0124,418.33694
OUT_18320,89.76482,256.35083
OUT_18321,907.0942,1079.1655
OUT_18322,262.00806,413.59598
OUT_18323,301.28333,449.59863
OUT_18324,268.91345,460.99246
OUT_18325,93.649826,212.35922
OUT_18326,74.54585,193.7804
OUT_18327,74.61104,197.484
OUT_18328,66.05328,183.17818
OUT_18329,77.81183,196.40683
OUT_18330,938.69415,1088.0999
OUT_18331,906.15985,1042.1434
OUT_18332,81.736984,195.33554
OUT_18333,75.28555,191.44359
OUT_18334,927.84015,1092.943
OUT_18335,250.33662,401.7605
OUT_18336,95.40929,209.86172
OUT_18337,919.14954,1084.7216
OUT_18338,1895.3779,2148.4783
OUT_18339,292.89972,443.56342
OUT_18340,89.57869,210.97739
OUT_18341,273.56586,431.26178
OUT_18342,281.95374,437.41882
OUT_18343,270.62244,436.43607
OUT_18344,93.33598,225.49811
OUT_18345,94.79158,202.53622
OUT_18346,279.1272,456.43073
OUT_18347,81.11047,202.0383
OUT_18348,88.103745,208.04541
OUT_18349,90.23863,208.1611
OUT_18350,76.243546,196.6481
OUT_18351,84.681885,204.09735
OUT_18352,1894.6162,2139.5398
OUT_18353,39.606586,147.1195
OUT_18354,301.5055,433.60455
OUT_18355,15.323498,141.44176
OUT_18356,73.280655,184.71783
OUT_18357,52.826046,175.97708
OUT_18358,920.4665,1109.5231
OUT_18359,72.449646,183.09523
OUT_18360,93.90889,205.68127
OUT_18361,262.26038,438.72336
OUT_18362,267.94098,438.01202
OUT_18363,262.73016,456.7927
OUT_18364,79.31233,191.92424
OUT_18365,260.08533,425.61798
OUT_18366,291.6444,475.89862
OUT_18367,83.09848,193.49428
OUT_18368,852.7044,1056.9554
OUT_18369,288.42908,429.69403
OUT_18370,83.71503,201.37325
OUT_18371,84.79483,203.4375
OUT_18372,91.528885,205.00288
OUT_18373,46.372303,166.29056
OUT_18374,86.392654,215.2639
OUT_18375,71.078476,189.91264
OUT_18376,89.88939,205.24852
OUT_18377,1984.883,2149.9348
OUT_18378,291.96368,452.95233
OUT_18379,81.699356,194.65356
OUT_18380,268.3009,504.3703
OUT_18381,90.85567,208.0106
OUT_18382,910.421,1071.4662
OUT_18383,936.45404,1175.5128
OUT_18384,81.50206,202.31209
OUT_18385,80.45708,193.0513
OUT_18386,99.20796,212.30809
OUT_18387,942.4397,1173.1843
OUT_18388,66.024734,189.80014
OUT_18389,70.73859,186.50406
OUT_18390,77.18904,194.59793
OUT_18391,253.26283,413.66245
OUT_18392,928.9788,1094.2286
OUT_18393,108.17378,228.30142
OUT_18394,292.54688,449.33167
OUT_18395,72.43138,197.2421
OUT_18396,78.68413,192.82382
OUT_18397,81.55795,195.99173
OUT_18398,928.1951,1110.9623
OUT_18399,268.424,423.3958
OUT_18400,85.24675,206.39378
OUT_18401,76.75606,191.98953
OUT_18402,53.46018,180.3377
OUT_18403,273.78308,476.69565
OUT_18404,89.41316,215.87906
OUT_18405,301.95087,465.15097
OUT_18406,112.221756,242.60904
OUT_18407,944.2166,1170.8773
OUT_18408,934.5877,1110.1798
OUT_18409,268.36133,432.5424
OUT_18410,288.8023,445.41757
OUT_18411,257.7904,413.59598
OUT_18412,85.24628,204.19188
OUT_18413,938.6135,1119.2737
OUT_18414,306.20245,483.8524
OUT_18415,86.23393,191.2618
OUT_18416,331.2729,485.9746
OUT_18417,60.909733,187.02876
OUT_18418,82.50148,198.05293
OUT_18419,82.229095,198.22173
OUT_18420,285.9549,423.91534
OUT_18421,284.07764,420.40015
OUT_18422,291.08942,431.44922
OUT_18423,70.92819,192.75209
OUT_18424,82.831635,205.6659
OUT_18425,300.3235,445.0669
OUT_18426,86.30144,203.39449
OUT_18427,300.8022,436.49203
OUT_18428,82.89209,201.33133
OUT_18429,289.6388,429.11316
OUT_18430,86.84816,198.97609
OUT_18431,305.9323,478.00085
OUT_18432,93.26207,211.01157
OUT_18433,67.449615,188.77364
OUT_18434,78.94876,193.84192
OUT_18435,95.99126,202.29933
OUT_18436,87.74559,202.84657
OUT_18437,73.72864,190.44238
OUT_18438,57.686558,181.30226
OUT_18439,303.85217,448.14532
OUT_18440,917.49066,1047.1096
OUT_18441,85.30995,199.54381
OUT_18442,82.85498,199.02792
OUT_18443,87.09398,203.99355
OUT_18444,256.2022,439.51743
OUT_18445,89.971054,196.84413
OUT_18446,259.1482,440.84888
OUT_18447,933.0664,1109.0784
OUT_18448,71.752075,192.56944
OUT_18449,300.36932,471.83466
OUT_18450,87.90349,201.02231
OUT_18451,86.6407,198.8082
OUT_18452,1860.4194,2147.6218
OUT_18453,62.543423,184.77104
OUT_18454,934.1082,1149.4175
OUT_18455,86.79521,209.8918
OUT_18456,80.16913,195.60869
OUT_18457,66.895294,189.43321
OUT_18458,145.4178,307.97498
OUT_18459,304.8478,473.3048
OUT_18460,96.20274,201.21472
OUT_18461,273.1753,448.75516
OUT_18462,87.23125,212.96053
OUT_18463,91.06444,206.06845
OUT_18464,90.36336,199.25804
OUT_18465,74.09689,193.7124
OUT_18466,89.75859,206.90997
OUT_18467,75.10402,189.13513
OUT_18468,943.7371,1107.6981
OUT_18469,248.62782,415.6459
OUT_18470,66.644135,191.95369
OUT_18471,85.70325,205.71031
OUT_18472,62.211666,186.7672
OUT_18473,514.24164,1050.7014
OUT_18474,86.29616,203.40044
OUT_18475,79.146866,194.24847
OUT_18476,274.0628,443.3586
OUT_18477,1931.2351,2142.7473
OUT_18478,74.43912,194.62929
OUT_18479,944.27325,1143.8096
OUT_18480,67.75455,183.25322
OUT_18481,941.66187,1114.2458
OUT_18482,289.40033,436.6659
OUT_18483,84.31824,209.03558
OUT_18484,80.080444,198.14203
OUT_18485,307.70935,452.63974
OUT_18486,920.8075,1078.9923
OUT_18487,61.56615,187.221
OUT_18488,107.69139,214.44685
OUT_18489,98.32643,211.27983
OUT_18490,89.96904,202.0117
OUT_18491,931.47754,1105.5653
OUT_18492,91.59462,208.13425
OUT_18493,84.29834,200.31366
OUT_18494,66.33612,182.94713
OUT_18495,96.74864,216.87897
OUT_18496,86.6732,204.53767
OUT_18497,301.73724,461.1429
OUT_18498,83.47299,196.22511
OUT_18499,74.23619,189.42392
OUT_18500,95.46068,209.79602
OUT_18501,1894.9438,2148.2942
OUT_18502,953.44244,1274.9324
OUT_18503,60.980503,184.18288
OUT_18504,919.37427,1094.2806
OUT_18505,282.2912,439.62936
OUT_18506,258.49054,441.1064
OUT_18507,915.1192,1128.2268
OUT_18508,269.24426,454.0892
OUT_18509,78.84044,193.41106
OUT_18510,96.56514,217.64488
OUT_18511,2030.6097,2148.4275
OUT_18512,102.01036,211.2418
OUT_18513,69.140656,188.5269
OUT_18514,86.90996,202.73529
OUT_18515,97.26671,211.59201
OUT_18516,80.84621,184.8762
OUT_18517,90.29057,212.6617
OUT_18518,282.91925,466.68146
OUT_18519,80.19754,206.1922
OUT_18520,84.30711,198.37642
OUT_18521,299.74493,447.81573
OUT_18522,924.9362,1124.1678
OUT_18523,936.6676,1074.5505
OUT_18524,265.02435,414.40295
OUT_18525,48.689022,179.63354
OUT_18526,90.355835,201.20004
OUT_18527,275.60745,448.07794
OUT_18528,89.29469,223.08893
OUT_18529,87.89299,222.4868
OUT_18530,96.96721,208.91736
OUT_18531,255.92757,433.40448
OUT_18532,935.0385,1128.8016
OUT_18533,59.658726,182.17055
OUT_18534,77.57854,178.07552
OUT_18535,89.89641,225.82751
OUT_18536,96.2094,213.55235
OUT_18537,920.89014,1063.4954
OUT_18538,287.94873,447.2002
OUT_18539,279.0138,463.0475
OUT_18540,82.42497,204.19322
OUT_18541,267.22388,431.64044
OUT_18542,910.132,1073.9889
OUT_18543,75.09683,198.08292
OUT_18544,85.08835,210.0194
OUT_18545,915.87463,1102.8752
OUT_18546,243.89247,378.32263
OUT_18547,259.2693,428.19843
OUT_18548,302.59637,462.1913
OUT_18549,277.8061,470.75354
OUT_18550,86.77968,212.25572
OUT_18551,56.13625,182.09866
OUT_18552,87.1154,201.26006
OUT_18553,92.46724,219.61725
OUT_18554,257.74054,425.37952
OUT_18555,291.64917,448.83148
OUT_18556,942.0279,1087.6523
OUT_18557,92.19536,204.8885
OUT_18558,47.941364,179.1873
OUT_18559,256.61945,421.61435
OUT_18560,71.296906,189.76433
OUT_18561,84.34175,196.47021
OUT_18562,301.77844,460.6524
OUT_18563,69.618576,182.47124
OUT_18564,82.32614,199.96808
OUT_18565,71.12593,198.58066
OUT_18566,80.42151,193.41934
OUT_18567,272.2505,434.86517
OUT_18568,42.855595,164.55432
OUT_18569,304.26996,447.84143
OUT_18570,58.803104,182.11469
OUT_18571,16.454098,136.82986
OUT_18572,929.38855,1073.9517
OUT_18573,277.68982,445.13025
OUT_18574,93.77388,202.81743
OUT_18575,249.9565,395.04782
OUT_18576,278.84784,482.06616
OUT_18577,253.16548,415.7093
OUT_18578,268.47137,450.44275
OUT_18579,238.13368,423.29535
OUT_18580,92.01201,215.41023
OUT_18581,263.029,429.59372
OUT_18582,258.54187,409.2045
OUT_18583,79.97275,197.24724
OUT_18584,267.41693,416.38916
OUT_18585,89.85225,209.83807
OUT_18586,47.904438,173.45486
OUT_18587,300.90723,481.25797
OUT_18588,23.82433,140.02934
OUT_18589,931.2215,1121.5917
OUT_18590,65.381805,189.40512
OUT_18591,71.14159,186.02243
OUT_18592,92.794235,205.61009
OUT_18593,301.1659,472.14398
OUT_18594,51.238438,169.32388
OUT_18595,86.755264,199.48398
OUT_18596,88.932816,205.86957
OUT_18597,290.95343,458.8532
OUT_18598,84.473495,201.91194
OUT_18599,79.180466,220.2804
OUT_18600,76.273224,194.72235
OUT_18601,85.55855,202.03462
OUT_18602,301.04236,433.2843
OUT_18603,90.94328,226.35478
OUT_18604,938.826,1090.8464
OUT_18605,105.60127,215.00551
OUT_18606,93.14073,209.12259
OUT_18607,916.1783,1066.6141
OUT_18608,262.87445,429.59918
OUT_18609,65.86981,193.59262
OUT_18610,75.51805,186.40561
OUT_18611,305.6322,452.07233
OUT_18612,84.74922,196.01804
OUT_18613,90.04237,203.34949
OUT_18614,912.44885,1080.797
OUT_18615,71.28346,191.6569
OUT_18616,74.82237,188.32158
OUT_18617,307.18988,450.53644
OUT_18618,79.00745,199.15985
OUT_18619,259.4334,435.11194
OUT_18620,86.53737,201.24304
OUT_18621,94.28099,202.71681
OUT_18622,271.91382,412.8058
OUT_18623,942.7694,1460.4205
OUT_18624,57.657764,179.94641
OUT_18625,85.41423,202.3462
OUT_18626,296.46436,431.20715
OUT_18627,291.60956,413.59598
OUT_18628,259.27472,419.8782
OUT_18629,91.613754,207.39941
OUT_18630,921.3148,1128.1277
OUT_18631,917.5347,1093.2184
OUT_18632,255.02065,419.36353
OUT_18633,96.271805,215.50238
OUT_18634,77.44708,189.36673
OUT_18635,263.03876,421.59357
OUT_18636,266.88452,436.3074
OUT_18637,926.128,1111.2609
OUT_18638,87.282974,203.87813
OUT_18639,85.5446,193.83566
OUT_18640,72.48711,199.0736
OUT_18641,293.77356,468.18234
OUT_18642,85.80351,198.09312
OUT_18643,79.660324,193.59126
OUT_18644,77.19255,202.77101
OUT_18645,89.4908,205.55728
OUT_18646,257.31506,441.536
OUT_18647,304.7326,459.8752
OUT_18648,912.6153,1072.4087
OUT_18649,242.06789,387.44028
OUT_18650,96.70528,201.3702
OUT_18651,72.486984,189.21974
OUT_18652,289.96124,425.99747
OUT_18653,36.880177,158.59074
OUT_18654,89.90819,205.78163
OUT_18655,94.174515,206.41502
OUT_18656,88.76457,206.95465
OUT_18657,87.01683,204.46504
OUT_18658,243.67488,465.7244
OUT_18659,915.8425,1089.6584
OUT_18660,948.0531,1102.407
OUT_18661,85.19113,200.36282
OUT_18662,293.31555,466.11063
OUT_18663,244.97066,417.42853
OUT_18664,83.178085,193.5241
OUT_18665,86.101456,204.47534
OUT_18666,84.86922,201.37288
OUT_18667,847.96783,1002.42957
OUT_18668,261.41858,424.6505
OUT_18669,297.35205,478.06363
OUT_18670,253.14961,416.2582
OUT_18671,1900.2178,2155.8516
OUT_18672,83.2961,198.68628
OUT_18673,57.800358,175.18404
OUT_18674,923.08234,1094.0643
OUT_18675,922.2709,1104.6448
OUT_18676,250.72334,428.10324
OUT_18677,58.44562,185.21445
OUT_18678,235.32582,399.21066
OUT_18679,296.91357,439.29523
OUT_18680,293.41406,442.36224
OUT_18681,82.72688,199.22948
OUT_18682,935.4206,1095.0134
OUT_18683,84.75404,203.28555
OUT_18684,938.4845,1074.9105
OUT_18685,88.42412,206.5804
OUT_18686,66.68619,183.20085
OUT_18687,83.046646,200.29308
OUT_18688,276.18848,468.6005
OUT_18689,916.15784,1084.6023
OUT_18690,88.41783,202.02661
OUT_18691,87.923386,211.86108
OUT_18692,86.10585,203.32341
OUT_18693,273.84186,436.8587
OUT_18694,74.22017,193.32724
OUT_18695,66.95441,190.45296
OUT_18696,284.94788,441.43005
OUT_18697,68.31784,187.10997
OUT_18698,85.083496,200.55045
OUT_18699,77.9341,198.04416
OUT_18700,270.177,415.0917
OUT_18701,930.5413,1099.521
OUT_18702,259.72272,458.89975
OUT_18703,278.12335,445.73135
OUT_18704,89.45296,199.32129
OUT_18705,70.33562,195.75555
OUT_18706,83.54736,196.56364
OUT_18707,930.37067,1126.6755
OUT_18708,89.4666,206.60982
OUT_18709,87.617386,201.07439
OUT_18710,84.80452,203.8627
OUT_18711,77.25508,198.65285
OUT_18712,267.5752,440.6946
OUT_18713,80.15599,201.96553
OUT_18714,916.6242,1098.157
OUT_18715,937.0919,1111.818
OUT_18716,87.76878,201.18414
OUT_18717,89.93385,205.97902
OUT_18718,87.1931,200.21768
OUT_18719,250.84938,399.73062
OUT_18720,110.26036,228.12653
OUT_18721,74.95537,193.06558
OUT_18722,84.356,202.8907
OUT_18723,109.70784,224.43207
OUT_18724,46.70026,164.48688
OUT_18725,58.841373,181.08868
OUT_18726,73.94531,194.69707
OUT_18727,295.88342,434.33932
OUT_18728,250.30305,376.6897
OUT_18729,321.90387,649.5521
OUT_18730,84.34395,204.03413
OUT_18731,89.13347,204.84975
OUT_18732,919.44104,1070.4976
OUT_18733,92.82414,204.13234
OUT_18734,86.654434,207.5923
OUT_18735,269.24524,432.40182
OUT_18736,276.71167,464.0278
OUT_18737,940.2723,1096.4408
OUT_18738,1884.9219,2140.1575
OUT_18739,271.46362,444.21826
OUT_18740,923.90027,1076.8875
OUT_18741,295.8418,415.0837
OUT_18742,45.930317,166.84709
OUT_18743,70.55507,195.04994
OUT_18744,90.36998,208.74458
OUT_18745,916.0038,1045.7375
OUT_18746,68.41177,182.65092
OUT_18747,90.27907,201.2191
OUT_18748,309.1541,455.15204
OUT_18749,72.71724,197.81595
OUT_18750,91.07924,202.63365
OUT_18751,921.72784,1110.8218
OUT_18752,76.028244,191.34709
OUT_18753,97.754105,216.9993
OUT_18754,927.6606,1204.7439
OUT_18755,303.73724,469.34515
OUT_18756,68.80606,188.97412
OUT_18757,80.32352,200.8811
OUT_18758,81.20836,186.2255
OUT_18759,78.67612,198.38141
OUT_18760,70.393875,181.28401
OUT_18761,932.132,1162.9762
OUT_18762,259.13257,424.23672
OUT_18763,89.33214,210.40863
OUT_18764,70.27734,186.77853
OUT_18765,88.51466,203.81093
OUT_18766,297.23492,432.0406
OUT_18767,932.399,1125.7306
OUT_18768,933.9137,1109.8099
OUT_18769,83.00755,201.89902
OUT_18770,78.811035,195.6676
OUT_18771,100.00963,213.65932
OUT_18772,910.0537,1066.8713
OUT_18773,82.666626,198.22627
OUT_18774,299.61383,450.33633
OUT_18775,278.1908,443.1966
OUT_18776,82.11064,210.45268
OUT_18777,297.98846,430.6027
OUT_18778,86.08595,200.12427
OUT_18779,306.1698,455.45584
OUT_18780,70.12836,185.82576
OUT_18781,268.70782,443.0539
OUT_18782,263.91565,471.19116
OUT_18783,93.14284,204.90619
OUT_18784,93.29724,209.18459
OUT_18785,88.562454,201.56696
OUT_18786,51.81583,183.72743
OUT_18787,59.67377,182.24171
OUT_18788,1896.4829,2148.0203
OUT_18789,267.414,442.69943
OUT_18790,290.83447,437.91647
OUT_18791,941.2898,1130.8071
OUT_18792,74.69321,189.12512
OUT_18793,1990.1401,2148.4749
OUT_18794,91.6241,212.71779
OUT_18795,305.69513,471.63696
OUT_18796,1904.6558,2153.4934
OUT_18797,83.991516,198.72636
OUT_18798,84.71048,188.63673
OUT_18799,293.77747,470.79715
OUT_18800,277.83197,434.0761
OUT_18801,299.06738,432.5424
OUT_18802,1894.3899,2141.6482
OUT_18803,57.74938,173.26598
OUT_18804,73.8876,189.72888
OUT_18805,963.14417,1130.1754
OUT_18806,82.19879,200.00174
OUT_18807,76.6514,195.96829
OUT_18808,42.49045,154.02774
OUT_18809,73.95903,188.80139
OUT_18810,80.97769,192.46606
OUT_18811,90.617386,206.95691
OUT_18812,71.07033,182.57059
OUT_18813,65.715546,182.91362
OUT_18814,261.9682,453.67737
OUT_18815,915.4821,1127.5243
OUT_18816,82.296585,202.15587
OUT_18817,69.274826,186.70679
OUT_18818,71.37961,192.42218
OUT_18819,936.25714,1118.4331
OUT_18820,71.90993,184.54292
OUT_18821,286.583,444.22437
OUT_18822,78.15645,190.87943
OUT_18823,279.80444,471.8951
OUT_18824,91.23137,209.03354
OUT_18825,946.4898,1122.4138
OUT_18826,275.74463,437.91876
OUT_18827,1950.1023,2147.26
OUT_18828,44.734104,163.65787
OUT_18829,227.5851,354.50006
OUT_18830,91.199936,203.91078
OUT_18831,106.471115,267.96463
OUT_18832,300.70142,425.12424
OUT_18833,274.97742,450.80026
OUT_18834,88.40617,200.57452
OUT_18835,934.2414,1095.0208
OUT_18836,88.58354,205.60954
OUT_18837,71.80597,195.01587
OUT_18838,928.33167,1115.549
OUT_18839,91.671585,210.4242
OUT_18840,274.62177,466.70905
OUT_18841,84.416275,200.36353
OUT_18842,74.488174,199.16911
OUT_18843,248.63289,398.01282
OUT_18844,927.29266,1250.422
OUT_18845,88.43526,199.85318
OUT_18846,94.132065,203.79543
OUT_18847,72.58342,170.6787
OUT_18848,276.21924,445.70514
OUT_18849,89.130295,198.30467
OUT_18850,2011.0643,2135.237
OUT_18851,78.30713,196.61145
OUT_18852,927.21875,1102.3247
OUT_18853,268.37354,446.8248
OUT_18854,75.481674,189.80066
OUT_18855,934.4037,1153.2186
OUT_18856,89.64287,219.57768
OUT_18857,56.45345,185.58394
OUT_18858,946.4259,1153.2899
OUT_18859,85.11752,204.066
OUT_18860,270.3165,437.11676
OUT_18861,88.3185,208.77036
OUT_18862,275.19354,443.42133
OUT_18863,916.1657,1090.5288
OUT_18864,250.57149,453.58273
OUT_18865,72.03421,193.94073
OUT_18866,512.4436,1044.062
OUT_18867,292.86212,417.96207
OUT_18868,64.35115,181.15363
OUT_18869,73.41106,195.8071
OUT_18870,275.84985,460.55847
OUT_18871,87.82066,198.9764
OUT_18872,248.23402,399.37482
OUT_18873,296.78754,438.24734
OUT_18874,917.2868,1082.4554
OUT_18875,92.35362,204.73346
OUT_18876,263.8365,418.97397
OUT_18877,1895.9507,2146.5554
OUT_18878,81.52028,195.18907
OUT_18879,48.242832,187.81291
OUT_18880,95.24733,214.95296
OUT_18881,59.58881,170.0851
OUT_18882,272.29773,463.1568
OUT_18883,260.1881,415.3746
OUT_18884,309.29926,691.727
OUT_18885,922.0175,1116.683
OUT_18886,83.04985,201.12714
OUT_18887,62.906178,196.63002
OUT_18888,266.42334,419.02087
OUT_18889,71.489914,191.14537
OUT_18890,294.58667,434.71298
OUT_18891,56.130344,184.572
OUT_18892,294.3864,456.26608
OUT_18893,88.12645,205.27643
OUT_18894,272.11676,432.82724
OUT_18895,87.98561,199.05902
OUT_18896,945.4572,1105.8344
OUT_18897,261.9983,435.19995
OUT_18898,103.82228,219.51796
OUT_18899,70.8712,181.26923
OUT_18900,244.834,351.4442
OUT_18901,92.73726,199.51411
OUT_18902,275.00867,447.09042
OUT_18903,901.6616,1056.1859
OUT_18904,277.08447,466.96982
OUT_18905,281.98663,466.7706
OUT_18906,61.0044,184.94919
OUT_18907,59.554554,177.42473
OUT_18908,89.3705,206.5729
OUT_18909,836.3807,1065.2837
OUT_18910,298.24963,472.72134
OUT_18911,933.11774,1095.299
OUT_18912,500.55612,1032.9863
OUT_18913,933.05133,1110.0973
OUT_18914,303.9759,440.61096
OUT_18915,275.39307,438.34427
OUT_18916,80.25467,197.8234
OUT_18917,72.08055,191.20284
OUT_18918,89.28682,201.66048
OUT_18919,919.1372,1059.3011
OUT_18920,78.54588,198.6602
OUT_18921,274.17896,447.14447
OUT_18922,256.83246,415.8481
OUT_18923,33.541843,149.89468
OUT_18924,301.8305,454.84024
OUT_18925,283.66803,470.12567
OUT_18926,85.301605,202.88707
OUT_18927,103.402084,232.49658
OUT_18928,91.27214,203.94647
OUT_18929,262.43805,466.11063
OUT_18930,907.4781,1078.6207
OUT_18931,93.22505,200.15741
OUT_18932,77.91582,195.94675
OUT_18933,286.27075,478.74356
OUT_18934,1971.948,2138.0583
OUT_18935,75.07373,189.83026
OUT_18936,67.403854,189.72238
OUT_18937,35.03226,148.66063
OUT_18938,231.66078,345.1562
OUT_18939,917.00305,1094.5079
OUT_18940,80.417145,200.91852
OUT_18941,933.9031,1148.5975
OUT_18942,290.87775,410.92926
OUT_18943,89.25798,198.63255
OUT_18944,232.54008,357.64697
OUT_18945,303.60638,467.71692
OUT_18946,65.76488,190.12756
OUT_18947,79.53827,199.65414
OUT_18948,301.38367,467.83353
OUT_18949,89.44972,201.03287
OUT_18950,922.36176,1086.5204
OUT_18951,300.17847,437.22168
OUT_18952,262.8647,421.901
OUT_18953,99.75459,210.1774
OUT_18954,85.66702,203.84541
OUT_18955,79.77707,203.40775
OUT_18956,931.1156,1136.5509
OUT_18957,84.54028,198.78836
OUT_18958,933.3143,1113.4545
OUT_18959,81.00838,189.17464
OUT_18960,83.04198,207.92584
OUT_18961,78.10808,198.2292
OUT_18962,276.4381,450.98105
OUT_18963,82.56224,199.12367
OUT_18964,76.39131,194.08127
OUT_18965,245.64857,407.82516
OUT_18966,245.47475,412.6799
OUT_18967,90.363266,209.94817
OUT_18968,277.34735,455.71426
OUT_18969,71.36191,183.26332
OUT_18970,284.80072,436.87952
OUT_18971,83.36876,203.72838
OUT_18972,234.56221,406.90393
OUT_18973,256.0548,417.12936
OUT_18974,80.09035,208.9055
OUT_18975,273.4931,439.36264
OUT_18976,76.41562,184.65439
OUT_18977,91.01323,201.50432
OUT_18978,60.711605,186.09778
OUT_18979,296.9442,439.30673
OUT_18980,78.5708,184.54358
OUT_18981,87.77666,209.52129
OUT_18982,925.299,1113.9043
OUT_18983,937.3598,1109.8368
OUT_18984,88.32799,197.33717
OUT_18985,943.4039,1121.1016
OUT_18986,921.91455,1120.6334
OUT_18987,76.82318,193.68045
OUT_18988,265.42535,430.46454
OUT_18989,72.986786,191.7058
OUT_18990,73.620224,195.62076
OUT_18991,65.280106,185.28297
OUT_18992,951.3407,1162.1147
OUT_18993,83.675705,201.19496
OUT_18994,304.10822,456.77405
OUT_18995,1861.8872,2175.4578
OUT_18996,268.7544,465.60776
OUT_18997,99.41524,216.07997
OUT_18998,939.5247,1112.7131
OUT_18999,64.3866,186.26219
OUT_19000,93.52205,220.37547
OUT_19001,68.25868,177.80246
OUT_19002,303.59784,455.13818
OUT_19003,84.79382,201.57756
OUT_19004,924.9884,1087.6011
OUT_19005,95.95238,214.67165
OUT_19006,276.56256,444.19696
OUT_19007,92.636856,203.50154
OUT_19008,51.688435,172.52617
OUT_19009,82.036896,195.41312
OUT_19010,34.286274,162.46956
OUT_19011,70.4344,190.33055
OUT_19012,1896.117,2148.1038
OUT_19013,293.74927,448.50143
OUT_19014,74.06572,192.08788
OUT_19015,97.4738,203.62852
OUT_19016,73.922775,188.38689
OUT_19017,92.55238,205.82457
OUT_19018,930.83575,1134.9438
OUT_19019,83.16292,194.7757
OUT_19020,66.77719,183.24763
OUT_19021,71.60268,191.74722
OUT_19022,90.79762,213.36984
OUT_19023,302.58325,446.66937
OUT_19024,1795.2722,2138.5022
OUT_19025,925.07947,1106.3081
OUT_19026,320.82855,620.5602
OUT_19027,258.30957,413.40656
OUT_19028,914.6021,1116.4504
OUT_19029,249.91908,393.8275
OUT_19030,2009.5223,2149.4705
OUT_19031,86.0724,201.58908
OUT_19032,93.60103,217.21019
OUT_19033,258.50543,417.40433
OUT_19034,274.04968,450.8088
OUT_19035,72.93141,195.3761
OUT_19036,85.94527,209.6874
OUT_19037,83.6633,198.65627
OUT_19038,943.9506,1174.4047
OUT_19039,957.7097,1103.5231
OUT_19040,2019.6185,2154.307
OUT_19041,275.53973,471.3474
OUT_19042,309.28473,444.19696
OUT_19043,919.64984,1122.4792
OUT_19044,274.5805,425.08298
OUT_19045,936.3437,1100.7296
OUT_19046,305.51257,443.08167
OUT_19047,90.19096,207.76025
OUT_19048,89.55986,200.12718
OUT_19049,911.25024,1045.5707
OUT_19050,257.6994,423.05338
OUT_19051,907.68463,1057.3455
OUT_19052,260.01648,377.1577
OUT_19053,84.6637,199.0609
OUT_19054,264.34113,441.26538
OUT_19055,79.222244,196.78032
OUT_19056,79.20085,193.63022
OUT_19057,85.32796,209.02553
OUT_19058,300.22516,439.6831
OUT_19059,72.96629,197.71992
OUT_19060,258.60455,440.96384
OUT_19061,302.06134,478.4919
OUT_19062,256.5739,416.60974
OUT_19063,306.2126,471.71948
OUT_19064,302.93048,456.0322
OUT_19065,98.22536,207.13725
OUT_19066,92.770035,211.14204
OUT_19067,99.06267,204.60101
OUT_19068,1892.1465,2139.8083
OUT_19069,262.62195,434.4993
OUT_19070,86.769424,205.82318
OUT_19071,84.61598,197.04858
OUT_19072,294.72382,430.3721
OUT_19073,258.24817,421.19418
OUT_19074,78.82852,198.75467
OUT_19075,930.4846,1158.0109
OUT_19076,250.75307,411.4944
OUT_19077,100.053116,211.67374
OUT_19078,89.14809,205.23553
OUT_19079,103.10295,218.35152
OUT_19080,85.72243,200.60478
OUT_19081,90.70955,212.60007
OUT_19082,89.13728,207.757
OUT_19083,84.86754,202.72995
OUT_19084,66.07239,186.33879
OUT_19085,262.46814,425.8038
OUT_19086,49.759235,168.06348
OUT_19087,65.82875,178.718
OUT_19088,92.12779,236.77795
OUT_19089,265.74908,447.44818
OUT_19090,282.50555,464.95615
OUT_19091,940.3818,1134.8945
OUT_19092,908.6265,1060.6029
OUT_19093,91.14522,220.8498
OUT_19094,923.5022,1090.9314
OUT_19095,87.278946,213.38356
OUT_19096,69.44473,184.90813
OUT_19097,87.77913,215.54399
OUT_19098,86.585556,196.57254
OUT_19099,79.43797,182.50026
OUT_19100,281.55347,424.54413
OUT_19101,88.60362,202.96704
OUT_19102,87.112076,203.30788
OUT_19103,259.19135,422.259
OUT_19104,258.024,428.351
OUT_19105,249.41896,407.97592
OUT_19106,80.5518,195.53104
OUT_19107,88.48674,209.24055
OUT_19108,72.67337,185.06158
OUT_19109,76.65633,193.76254
OUT_19110,258.32147,409.3946
OUT_19111,75.93451,187.85506
OUT_19112,92.699814,205.31142
OUT_19113,92.00423,215.67134
OUT_19114,258.76352,455.42648
OUT_19115,914.7039,1069.0419
OUT_19116,285.96252,436.94305
OUT_19117,81.19682,198.53369
OUT_19118,79.656906,210.69542
OUT_19119,285.59973,450.66174
OUT_19120,297.86212,449.55078
OUT_19121,913.325,1178.5314
OUT_19122,299.38263,464.8268
OUT_19123,79.92746,202.63771
OUT_19124,87.841995,201.99875
OUT_19125,920.7988,1067.7328
OUT_19126,1970.1096,2144.2869
OUT_19127,91.07353,208.0181
OUT_19128,81.549805,200.691
OUT_19129,294.13086,438.83502
OUT_19130,261.18115,428.82654
OUT_19131,258.05365,429.3368
OUT_19132,279.11267,446.28766
OUT_19133,915.2906,1114.831
OUT_19134,276.22552,453.43616
OUT_19135,294.7625,437.05396
OUT_19136,86.764755,196.3891
OUT_19137,292.6255,427.88376
OUT_19138,103.5829,210.06679
OUT_19139,290.38007,473.12064
OUT_19140,98.14925,221.25964
OUT_19141,96.6176,208.49492
OUT_19142,915.10693,1084.9639
OUT_19143,96.883224,210.46481
OUT_19144,84.05473,201.50168
OUT_19145,92.70216,212.03946
OUT_19146,261.92963,453.0255
OUT_19147,81.10283,193.23723
OUT_19148,77.24144,195.16956
OUT_19149,54.617664,177.66656
OUT_19150,59.65639,192.41942
OUT_19151,1892.0854,2140.2625
OUT_19152,269.0794,432.4233
OUT_19153,256.78088,428.28635
OUT_19154,928.51544,1101.8441
OUT_19155,74.557846,196.71974
OUT_19156,90.971054,223.58037
OUT_19157,63.21522,179.0922
OUT_19158,89.871994,212.7318
OUT_19159,936.2573,1101.4615
OUT_19160,263.59918,480.3244
OUT_19161,292.14166,418.69333
OUT_19162,77.95622,193.35269
OUT_19163,281.0257,400.99832
OUT_19164,250.89973,395.94458
OUT_19165,100.51265,211.7656
OUT_19166,79.63519,196.23578
OUT_19167,283.12793,447.57928
OUT_19168,65.80585,184.9451
OUT_19169,301.20276,466.48395
OUT_19170,94.04253,210.59686
OUT_19171,80.92731,205.97525
OUT_19172,82.10495,201.86201
OUT_19173,92.08061,211.70938
OUT_19174,89.77391,220.74776
OUT_19175,89.32094,203.3069
OUT_19176,276.1056,448.82635
OUT_19177,927.14703,1101.9294
OUT_19178,81.76643,199.87062
OUT_19179,74.172226,190.39288
OUT_19180,69.05681,187.8612
OUT_19181,82.46036,199.94382
OUT_19182,251.8644,417.51
OUT_19183,87.21904,192.90192
OUT_19184,77.175385,192.1831
OUT_19185,313.30176,526.4136
OUT_19186,936.976,1121.1016
OUT_19187,1897.7646,2148.6355
OUT_19188,72.19165,191.70448
OUT_19189,97.75557,214.14246
OUT_19190,288.0877,447.01483
OUT_19191,40.934513,152.1026
OUT_19192,73.15921,188.63461
OUT_19193,88.060074,199.80348
OUT_19194,273.78625,452.61453
OUT_19195,269.28784,440.09634
OUT_19196,288.71198,426.82922
OUT_19197,90.96849,205.25592
OUT_19198,84.73683,204.3734
OUT_19199,88.73567,202.28285
OUT_19200,75.7944,193.61635
OUT_19201,937.299,1101.8585
OUT_19202,100.55492,219.16168
OUT_19203,69.39024,185.56697
OUT_19204,933.2311,1180.7555
OUT_19205,88.81175,204.79448
OUT_19206,267.1562,436.54224
OUT_19207,246.88673,414.00827
OUT_19208,263.8518,428.72845
OUT_19209,279.23462,443.61932
OUT_19210,261.9154,406.30225
OUT_19211,926.7568,1109.5146
OUT_19212,93.12944,199.68582
OUT_19213,78.72029,200.23506
OUT_19214,914.37933,1104.3976
OUT_19215,83.55426,205.70377
OUT_19216,270.19086,423.12872
OUT_19217,300.90857,475.21918
OUT_19218,72.71147,184.67233
OUT_19219,85.78879,197.67677
OUT_19220,62.922382,187.95853
OUT_19221,50.66596,183.98045
OUT_19222,90.70894,200.87294
OUT_19223,85.51024,200.04402
OUT_19224,53.404324,173.60411
OUT_19225,300.2287,439.52362
OUT_19226,90.370224,206.49971
OUT_19227,283.6643,445.54312
OUT_19228,81.132416,194.81023
OUT_19229,245.3785,356.85602
OUT_19230,915.9926,1144.1606
OUT_19231,81.06267,195.39386
OUT_19232,271.06702,426.9987
OUT_19233,238.10219,407.6734
OUT_19234,83.72412,191.02612
OUT_19235,929.60675,1091.6068
OUT_19236,267.79736,429.39142
OUT_19237,87.45668,199.89734
OUT_19238,51.29453,180.96146
OUT_19239,79.11211,190.42288
OUT_19240,258.56537,428.4711
OUT_19241,91.277725,202.83626
OUT_19242,79.82196,192.76591
OUT_19243,281.70886,418.7094
OUT_19244,305.867,437.72906
OUT_19245,88.28389,197.9812
OUT_19246,258.70392,410.9447
OUT_19247,102.45317,229.1391
OUT_19248,308.4732,437.40143
OUT_19249,301.7934,439.83804
OUT_19250,95.27074,219.80193
OUT_19251,85.15611,203.48466
OUT_19252,920.53656,1059.9226
OUT_19253,248.86739,399.0925
OUT_19254,45.491383,181.55772
OUT_19255,273.67407,418.59073
OUT_19256,75.68208,192.81226
OUT_19257,252.23927,443.11176
OUT_19258,1892.5676,2148.4773
OUT_19259,46.776066,174.2269
OUT_19260,73.604065,194.85968
OUT_19261,251.31569,421.83817
OUT_19262,77.85094,200.53792
OUT_19263,272.19666,436.71866
OUT_19264,47.011448,173.36
OUT_19265,273.96417,445.62262
OUT_19266,262.19427,435.07285
OUT_19267,56.185383,184.7069
OUT_19268,256.2213,428.81686
OUT_19269,67.345825,182.73299
OUT_19270,83.4489,202.39561
OUT_19271,298.0849,429.81317
OUT_19272,86.80736,212.93799
OUT_19273,941.7162,1187.5845
OUT_19274,94.30333,219.04094
OUT_19275,927.39886,1105.8141
OUT_19276,80.899734,200.6138
OUT_19277,89.28224,197.70474
OUT_19278,915.6881,1116.8018
OUT_19279,84.32127,199.34001
OUT_19280,88.714554,213.11852
OUT_19281,98.89955,212.02202
OUT_19282,937.9231,1122.1713
OUT_19283,244.28426,364.51086
OUT_19284,920.63983,1084.1855
OUT_19285,297.71222,435.4682
OUT_19286,63.14745,185.68556
OUT_19287,93.80742,221.11172
OUT_19288,78.08583,201.02837
OUT_19289,231.31056,366.7415
OUT_19290,85.88623,200.09543
OUT_19291,940.9361,1258.1204
OUT_19292,68.541336,199.39287
OUT_19293,85.914505,197.40442
OUT_19294,258.16962,413.726
OUT_19295,296.36652,449.15863
OUT_19296,297.48608,432.24567
OUT_19297,73.26515,196.2256
OUT_19298,919.3678,1088.4933
OUT_19299,93.69173,208.4504
OUT_19300,924.4042,1127.3478
OUT_19301,77.33952,189.1031
OUT_19302,87.20537,199.85036
OUT_19303,935.3403,1106.3884
OUT_19304,82.53114,201.46616
OUT_19305,55.371906,175.73576
OUT_19306,92.12727,202.01347
OUT_19307,937.91693,1121.1016
OUT_19308,909.16846,1059.7751
OUT_19309,75.51532,188.87323
OUT_19310,1904.144,2152.0212
OUT_19311,1896.5496,2149.557
OUT_19312,2019.6185,2150.0623
OUT_19313,90.66054,202.57083
OUT_19314,90.01802,209.14085
OUT_19315,72.35112,195.49004
OUT_19316,265.6902,412.60205
OUT_19317,81.67445,198.09554
OUT_19318,920.93475,1109.7493
OUT_19319,274.26862,445.61917
OUT_19320,927.2168,1087.8386
OUT_19321,76.31877,202.69461
OUT_19322,82.30827,192.5591
OUT_19323,917.5175,1097.585
OUT_19324,270.49115,438.32986
OUT_19325,926.72015,1115.7115
OUT_19326,94.124344,200.87364
OUT_19327,91.21553,219.44162
OUT_19328,58.80643,186.9526
OUT_19329,95.18007,208.2792
OUT_19330,83.688065,200.57498
OUT_19331,291.29236,456.87476
OUT_19332,918.6733,1127.6182
OUT_19333,927.1943,1153.6897
OUT_19334,88.30803,208.62262
OUT_19335,87.78517,200.82243
OUT_19336,81.58453,198.71684
OUT_19337,48.63132,160.16556
OUT_19338,92.363846,206.87944
OUT_19339,905.8671,1049.1964
OUT_19340,58.30527,180.3978
OUT_19341,921.3831,1105.5168
OUT_19342,919.32697,1077.1693
OUT_19343,73.23691,186.30127
OUT_19344,946.3494,1291.9983
OUT_19345,288.88983,452.04355
OUT_19346,74.26048,192.47127
OUT_19347,93.390976,200.2283
OUT_19348,1895.2932,2144.5002
OUT_19349,295.95544,462.8724
OUT_19350,915.12384,1099.583
OUT_19351,78.27513,187.74658
OUT_19352,73.368225,189.80464
OUT_19353,257.69745,434.3559
OUT_19354,82.72128,198.93393
OUT_19355,963.56573,1158.0347
OUT_19356,921.96564,1116.0533
OUT_19357,926.80695,1085.8807
OUT_19358,306.28412,463.0475
OUT_19359,78.49664,203.20361
OUT_19360,925.58777,1098.3406
OUT_19361,77.021774,196.2375
OUT_19362,281.807,436.74432
OUT_19363,279.4665,453.56403
OUT_19364,87.63042,214.23419
OUT_19365,1902.6616,2167.849
OUT_19366,1905.8394,2153.595
OUT_19367,276.0415,444.73926
OUT_19368,927.60974,1170.655
OUT_19369,61.841923,180.9255
OUT_19370,74.06773,198.08089
OUT_19371,57.920864,180.92184
OUT_19372,274.31958,438.8621
OUT_19373,64.71135,185.70422
OUT_19374,85.90915,205.64912
OUT_19375,68.11923,198.91234
OUT_19376,85.48796,201.50473
OUT_19377,82.73871,205.21016
OUT_19378,68.599304,191.02634
OUT_19379,106.26265,213.0345
OUT_19380,79.02779,199.37178
OUT_19381,265.19843,425.7344
OUT_19382,923.33624,1089.6283
OUT_19383,281.62286,429.45135
OUT_19384,95.02141,222.72797
OUT_19385,71.85127,191.16365
OUT_19386,79.41301,197.32169
OUT_19387,74.05501,190.39871
OUT_19388,262.9416,441.25592
OUT_19389,99.25258,316.22696
OUT_19390,79.016846,200.00175
OUT_19391,87.205734,202.4426
OUT_19392,69.663666,186.67644
OUT_19393,270.83704,409.24805
OUT_19394,271.81787,439.44516
OUT_19395,88.035385,202.91673
OUT_19396,82.43422,198.23987
OUT_19397,916.85736,1108.0938
OUT_19398,95.71745,233.3994
OUT_19399,98.67702,219.77007
OUT_19400,64.01442,185.84987
OUT_19401,908.9802,1143.7773
OUT_19402,88.2464,205.73926
OUT_19403,263.44305,450.9714
OUT_19404,88.17293,204.17448
OUT_19405,913.17487,1062.3695
OUT_19406,89.81181,207.96748
OUT_19407,921.3078,1088.5576
OUT_19408,53.6414,176.37477
OUT_19409,300.90802,465.41364
OUT_19410,77.17517,197.8476
OUT_19411,62.87409,180.32733
OUT_19412,72.20935,189.93384
OUT_19413,86.57994,200.22165
OUT_19414,86.59099,201.90588
OUT_19415,254.09166,379.1867
OUT_19416,920.9545,1095.4723
OUT_19417,941.4642,1099.9949
OUT_19418,294.7657,466.46048
OUT_19419,70.67595,191.32306
OUT_19420,308.08606,465.84964
OUT_19421,136.89577,322.44217
OUT_19422,83.638916,195.33955
OUT_19423,275.89166,435.4061
OUT_19424,91.723434,218.78546
OUT_19425,278.29034,442.76038
OUT_19426,86.61865,199.21477
OUT_19427,68.86737,186.50206
OUT_19428,75.52014,191.22922
OUT_19429,41.94887,151.00569
OUT_19430,83.36699,200.54361
OUT_19431,304.48816,444.62393
OUT_19432,83.78752,199.64178
OUT_19433,87.40846,200.99065
OUT_19434,941.1618,1144.3711
OUT_19435,76.46756,189.6369
OUT_19436,278.6645,471.77948
OUT_19437,273.79413,444.5847
OUT_19438,73.13933,191.20526
OUT_19439,66.62105,187.03302
OUT_19440,287.20746,458.68146
OUT_19441,81.62604,201.52365
OUT_19442,62.158436,188.7512
OUT_19443,287.0525,463.49023
OUT_19444,77.95207,213.5493
OUT_19445,279.89575,445.65088
OUT_19446,85.10748,199.24829
OUT_19447,85.524445,198.505
OUT_19448,91.98497,213.89203
OUT_19449,933.1889,1132.4895
OUT_19450,75.475845,187.67128
OUT_19451,297.86328,442.38538
OUT_19452,267.3955,438.83502
OUT_19453,69.87756,193.24574
OUT_19454,92.93028,214.78384
OUT_19455,79.551315,201.1229
OUT_19456,59.157917,182.42703
OUT_19457,75.96289,202.27597
OUT_19458,277.15137,421.58472
OUT_19459,291.84296,706.0643
OUT_19460,230.81221,325.25415
OUT_19461,42.815113,171.12581
OUT_19462,937.42535,1122.7324
OUT_19463,930.7151,1100.1008
OUT_19464,78.62128,211.10178
OUT_19465,90.96605,221.37305
OUT_19466,85.041794,204.85464
OUT_19467,286.0711,448.42047
OUT_19468,88.85252,202.2978
OUT_19469,72.27763,190.91823
OUT_19470,80.5013,195.54053
OUT_19471,266.3789,436.39975
OUT_19472,274.37628,436.7741
OUT_19473,933.69305,1230.8868
OUT_19474,68.25223,208.71661
OUT_19475,55.81702,177.84761
OUT_19476,301.18536,461.9201
OUT_19477,87.32991,208.18126
OUT_19478,339.73285,652.2078
OUT_19479,75.59427,197.19861
OUT_19480,74.539734,194.86214
OUT_19481,301.87317,448.90073
OUT_19482,271.97162,457.61642
OUT_19483,57.616276,192.54797
OUT_19484,111.52388,310.8754
OUT_19485,81.91026,225.93427
OUT_19486,51.7384,182.89049
OUT_19487,274.9181,450.55283
OUT_19488,78.708206,198.11612
OUT_19489,84.51355,200.49202
OUT_19490,70.583755,189.81874
OUT_19491,96.63423,213.24384
OUT_19492,247.30019,397.12314
OUT_19493,939.63275,1259.2745
OUT_19494,63.606983,185.00597
OUT_19495,929.65186,1104.6522
OUT_19496,50.63622,155.57628
OUT_19497,92.42488,225.66847
OUT_19498,76.63522,182.30342
OUT_19499,76.5385,192.4441
OUT_19500,99.45766,227.48856
OUT_19501,87.53688,202.47333
OUT_19502,924.03265,1098.0133
OUT_19503,85.509445,200.22348
OUT_19504,79.26254,189.37337
OUT_19505,87.666214,204.11566
OUT_19506,243.37788,424.2215
OUT_19507,59.577045,181.19492
OUT_19508,78.803024,198.05128
OUT_19509,287.3476,451.48795
OUT_19510,83.46217,199.7064
OUT_19511,276.25494,465.4973
OUT_19512,225.33272,341.43744
OUT_19513,288.245,450.11893
OUT_19514,923.1892,1131.3505
OUT_19515,78.24376,192.28908
OUT_19516,99.52525,207.80013
OUT_19517,85.07161,205.86993
OUT_19518,101.571396,206.2495
OUT_19519,939.6623,1111.9655
OUT_19520,87.45708,198.2428
OUT_19521,929.9517,1094.0787
OUT_19522,74.74591,193.11107
OUT_19523,42.576023,158.48582
OUT_19524,86.65837,205.84537
OUT_19525,79.3253,186.83789
OUT_19526,86.06209,198.71498
OUT_19527,92.55696,217.48456
OUT_19528,80.254425,196.58502
OUT_19529,83.06871,205.67639
OUT_19530,85.55922,200.25182
OUT_19531,246.03279,404.52145
OUT_19532,58.485462,184.4732
OUT_19533,84.000946,200.11711
OUT_19534,63.67657,180.76636
OUT_19535,940.67114,1102.5374
OUT_19536,101.92641,314.3785
OUT_19537,928.84784,1147.182
OUT_19538,273.9491,402.08212
OUT_19539,306.0899,445.69998
OUT_19540,298.00836,440.84332
OUT_19541,239.65248,427.3256
OUT_19542,84.40085,200.97581
OUT_19543,95.44948,226.58319
OUT_19544,933.3107,1113.9447
OUT_19545,94.37373,205.70161
OUT_19546,267.44763,434.35327
OUT_19547,263.21777,439.95032
OUT_19548,1893.9302,2140.41
OUT_19549,278.16803,472.37302
OUT_19550,302.68622,471.79688
OUT_19551,274.73706,468.60638
OUT_19552,925.0172,1088.4174
OUT_19553,83.45862,205.5895
OUT_19554,942.23285,1107.279
OUT_19555,101.71239,211.7175
OUT_19556,941.59576,1087.6523
OUT_19557,82.29181,193.06227
OUT_19558,104.797226,206.99301
OUT_19559,82.9604,199.9266
OUT_19560,916.47986,1067.7571
OUT_19561,252.85866,417.9661
OUT_19562,279.83136,436.81155
OUT_19563,81.45119,198.95958
OUT_19564,83.71037,202.39137
OUT_19565,280.47253,439.44516
OUT_19566,86.804794,203.70988
OUT_19567,83.95564,200.94545
OUT_19568,258.8407,419.7567
OUT_19569,88.903244,202.6254
OUT_19570,932.83875,1107.4252
OUT_19571,303.30902,450.69745
OUT_19572,232.30128,414.85123
OUT_19573,69.1667,192.5978
OUT_19574,1891.2788,2139.4036
OUT_19575,84.181564,197.66533
OUT_19576,313.7962,437.85962
OUT_19577,217.29622,317.65466
OUT_19578,74.95853,193.62184
OUT_19579,80.54193,198.65398
OUT_19580,41.53507,148.93903
OUT_19581,80.58684,194.58595
OUT_19582,96.43233,206.63098
OUT_19583,266.80524,418.24203
OUT_19584,278.52112,438.40503
OUT_19585,270.07953,452.37488
OUT_19586,83.85835,196.27168
OUT_19587,913.7297,1090.053
OUT_19588,1893.0979,2134.073
OUT_19589,288.80316,465.60556
OUT_19590,249.85866,391.98517
OUT_19591,83.11044,198.25691
OUT_19592,249.4717,413.7201
OUT_19593,235.76851,342.77716
OUT_19594,288.03375,436.25372
OUT_19595,930.66766,1271.3429
OUT_19596,62.372562,182.35529
OUT_19597,269.4734,440.43372
OUT_19598,55.913578,185.66666
OUT_19599,915.0255,1064.1091
OUT_19600,301.16803,474.27533
OUT_19601,74.91792,193.28525
OUT_19602,921.0975,1082.8977
OUT_19603,92.24013,193.49428
OUT_19604,95.65849,214.74998
OUT_19605,928.7782,1182.8435
OUT_19606,77.742935,184.53761
OUT_19607,63.63178,185.49516
OUT_19608,98.59839,200.3014
OUT_19609,94.364426,214.40402
OUT_19610,85.58807,204.00333
OUT_19611,297.1518,548.9773
OUT_19612,83.0294,214.13339
OUT_19613,927.84186,1145.2926
OUT_19614,927.9974,1126.7167
OUT_19615,913.7639,1100.0645
OUT_19616,84.576965,200.71309
OUT_19617,291.7422,437.04486
OUT_19618,51.565052,155.27855
OUT_19619,75.12981,187.26785
OUT_19620,85.32623,200.82909
OUT_19621,72.85269,174.6822
OUT_19622,60.085697,184.62544
OUT_19623,295.46838,434.3323
OUT_19624,84.3522,204.49057
OUT_19625,912.36115,1051.5662
OUT_19626,71.4749,185.995
OUT_19627,294.17493,456.5401
OUT_19628,934.9233,1109.2593
OUT_19629,305.3371,439.44516
OUT_19630,73.119064,194.71368
OUT_19631,71.12898,190.20299
OUT_19632,262.1579,438.35733
OUT_19633,249.2206,436.81244
OUT_19634,2024.2113,2145.9065
OUT_19635,77.114334,195.71814
OUT_19636,850.64453,1035.3358
OUT_19637,938.58954,1099.1969
OUT_19638,72.33302,190.63643
OUT_19639,79.76224,202.27411
OUT_19640,77.9843,194.59007
OUT_19641,927.4578,1076.888
OUT_19642,273.73303,447.5237
OUT_19643,264.00427,428.6217
OUT_19644,911.5685,1043.9886
OUT_19645,76.163086,191.59186
OUT_19646,938.83124,1098.1196
OUT_19647,83.61783,198.83888
OUT_19648,938.4008,1113.9515
OUT_19649,57.202396,178.54692
OUT_19650,91.32262,203.26735
OUT_19651,80.666794,204.43375
OUT_19652,934.7262,1084.7408
OUT_19653,323.1911,651.05853
OUT_19654,258.34387,407.20874
OUT_19655,67.38901,178.61624
OUT_19656,309.7652,478.38083
OUT_19657,244.28133,353.7752
OUT_19658,82.31305,203.7612
OUT_19659,99.99437,228.37819
OUT_19660,918.88135,1105.5662
OUT_19661,928.8461,1083.8729
OUT_19662,75.347946,195.51917
OUT_19663,94.32326,214.27719
OUT_19664,82.19728,198.31128
OUT_19665,266.11877,435.50906
OUT_19666,919.9058,1083.928
OUT_19667,80.85318,196.00186
OUT_19668,301.406,448.12814
OUT_19669,255.09816,407.12622
OUT_19670,285.24365,436.60617
OUT_19671,251.38014,420.49887
OUT_19672,930.2336,1093.8165
OUT_19673,80.727325,200.90193
OUT_19674,301.6396,462.8278
OUT_19675,304.1729,454.90436
OUT_19676,279.2815,452.5367
OUT_19677,290.0711,449.53394
OUT_19678,307.85315,462.96683
OUT_19679,88.82677,198.52925
OUT_19680,257.81848,450.42093
OUT_19681,301.74176,438.83502
OUT_19682,57.274815,175.2424
OUT_19683,81.484955,206.69258
OUT_19684,258.73346,428.2714
OUT_19685,80.065765,199.64899
OUT_19686,54.793125,168.94302
OUT_19687,266.53522,440.92258
OUT_19688,57.4668,179.28937
OUT_19689,90.072525,203.46777
OUT_19690,80.173676,202.35786
OUT_19691,914.67084,1115.3406
OUT_19692,76.55731,193.37018
OUT_19693,95.99733,221.27762
OUT_19694,61.393,173.69609
OUT_19695,274.5724,416.80576
OUT_19696,938.7827,1195.2185
OUT_19697,269.27216,445.5875
OUT_19698,84.653885,202.58408
OUT_19699,78.91495,197.2575
OUT_19700,104.04619,237.04686
OUT_19701,76.57179,193.52025
OUT_19702,73.12843,200.23793
OUT_19703,956.014,1138.2197
OUT_19704,275.73077,454.73697
OUT_19705,103.02394,217.9408
OUT_19706,85.60042,202.42047
OUT_19707,71.72983,195.26111
OUT_19708,247.48457,424.34595
OUT_19709,934.2905,1159.499
OUT_19710,96.52409,225.27513
OUT_19711,78.396454,195.47852
OUT_19712,66.793396,183.50706
OUT_19713,70.80531,193.29622
OUT_19714,82.023026,196.54803
OUT_19715,265.81427,445.4979
OUT_19716,263.88855,408.60223
OUT_19717,101.8835,223.96115
OUT_19718,70.76892,185.3412
OUT_19719,86.97743,204.24236
OUT_19720,83.50755,205.09053
OUT_19721,84.67503,207.02472
OUT_19722,62.582737,173.88336
OUT_19723,79.320206,203.598
OUT_19724,71.96988,189.1835
OUT_19725,269.02625,443.9168
OUT_19726,89.32155,209.05197
OUT_19727,86.956955,200.93207
OUT_19728,919.24176,1051.019
OUT_19729,923.0403,1094.25
OUT_19730,943.87634,1109.5873
OUT_19731,85.83482,200.63805
OUT_19732,80.067184,195.73006
OUT_19733,78.64606,196.97934
OUT_19734,301.48486,458.62683
OUT_19735,92.1602,206.4496
OUT_19736,78.854614,196.44104
OUT_19737,58.472675,182.67207
OUT_19738,250.41982,412.83432
OUT_19739,80.89809,193.44897
OUT_19740,88.09972,198.47809
OUT_19741,68.23279,191.02821
OUT_19742,275.63562,439.44516
OUT_19743,941.3138,1334.9863
OUT_19744,925.8464,1063.5464
OUT_19745,258.73004,425.3981
OUT_19746,45.856777,178.56772
OUT_19747,90.94966,201.52351
OUT_19748,89.14,201.51387
OUT_19749,80.52051,206.85126
OUT_19750,294.4856,443.6905
OUT_19751,88.36467,200.52336
OUT_19752,87.24968,211.13007
OUT_19753,274.09967,437.30634
OUT_19754,88.84065,210.90465
OUT_19755,930.0096,1118.021
OUT_19756,302.5265,446.35632
OUT_19757,940.7071,1107.9055
OUT_19758,280.0551,439.8734
OUT_19759,86.42677,206.77985
OUT_19760,62.050655,181.63516
OUT_19761,250.0627,356.29974
OUT_19762,59.387424,185.51137
OUT_19763,56.130512,162.75647
OUT_19764,70.896164,190.57973
OUT_19765,92.18654,203.43575
OUT_19766,77.25,196.86237
OUT_19767,102.65428,211.3257
OUT_19768,106.6519,215.19086
OUT_19769,2008.2465,2147.0803
OUT_19770,92.72948,221.38916
OUT_19771,91.28984,211.00015
OUT_19772,922.6756,1108.3853
OUT_19773,63.586933,175.9529
OUT_19774,927.833,1146.8572
OUT_19775,91.499985,205.01874
OUT_19776,227.6067,346.17804
OUT_19777,291.59973,416.57336
OUT_19778,82.03221,196.23083
OUT_19779,93.72188,202.54356
OUT_19780,266.528,428.1196
OUT_19781,99.40947,214.07652
OUT_19782,71.40646,185.32826
OUT_19783,65.36044,190.64975
OUT_19784,61.52335,184.48875
OUT_19785,293.97534,420.8013
OUT_19786,272.01312,451.4694
OUT_19787,293.76617,424.89188
OUT_19788,916.6705,1080.9347
OUT_19789,88.62828,212.34769
OUT_19790,84.86723,198.58334
OUT_19791,109.78825,273.81012
OUT_19792,110.036575,243.48073
OUT_19793,88.73781,200.28546
OUT_19794,276.74017,419.51205
OUT_19795,84.54497,205.23965
OUT_19796,69.02449,187.22548
OUT_19797,87.078964,194.96858
OUT_19798,86.07048,208.3463
OUT_19799,99.6389,208.93379
OUT_19800,276.20862,451.91068
OUT_19801,285.69745,442.2484
OUT_19802,1899.8625,2150.027
OUT_19803,943.65796,1132.0646
OUT_19804,269.27466,439.5813
OUT_19805,921.438,1074.6892
OUT_19806,921.8549,1205.2578
OUT_19807,83.433334,208.3387
OUT_19808,917.04913,1106.0881
OUT_19809,301.536,451.27713
OUT_19810,276.74524,419.32138
OUT_19811,103.77611,221.86824
OUT_19812,87.1902,193.71817
OUT_19813,94.645096,216.73523
OUT_19814,83.17607,196.75822
OUT_19815,93.07878,203.15414
OUT_19816,79.715775,199.88321
OUT_19817,935.99963,1117.1724
OUT_19818,50.147373,177.3832
OUT_19819,72.84456,188.16043
OUT_19820,84.38728,198.90634
OUT_19821,272.17993,465.35687
OUT_19822,89.27782,204.1312
OUT_19823,241.49312,431.80893
OUT_19824,55.614704,188.91176
OUT_19825,73.55002,191.00513
OUT_19826,299.67816,471.3102
OUT_19827,2009.2245,2136.7424
OUT_19828,923.4244,1159.4977
OUT_19829,83.19751,203.16255
OUT_19830,297.0857,474.23145
OUT_19831,276.69128,404.5457
OUT_19832,83.20984,197.85162
OUT_19833,222.49846,351.0567
OUT_19834,283.56097,429.47186
OUT_19835,78.62279,194.25093
OUT_19836,84.982285,204.64737
OUT_19837,953.3741,1243.4688
OUT_19838,60.694675,183.68211
OUT_19839,87.484146,201.47481
OUT_19840,95.319626,214.73819
OUT_19841,122.696915,343.57544
OUT_19842,263.5595,413.9383
OUT_19843,271.66827,453.45645
OUT_19844,94.13692,210.43126
OUT_19845,38.84354,159.00958
OUT_19846,90.71376,202.44774
OUT_19847,95.23595,200.56175
OUT_19848,76.979385,189.76762
OUT_19849,79.6617,192.9117
OUT_19850,1843.2717,2157.6624
OUT_19851,87.26326,210.15387
OUT_19852,1895.1108,2136.9202
OUT_19853,289.29932,491.575
OUT_19854,86.43364,245.468
OUT_19855,85.6396,205.24753
OUT_19856,910.00214,1145.2926
OUT_19857,73.269394,190.22934
OUT_19858,56.092846,181.70067
OUT_19859,939.4384,1114.3281
OUT_19860,86.76427,199.90213
OUT_19861,53.29868,175.29224
OUT_19862,79.387314,200.17683
OUT_19863,252.17244,431.4112
OUT_19864,91.96568,210.67656
OUT_19865,2027.4335,2146.6375
OUT_19866,64.67345,187.77867
OUT_19867,300.0816,445.5336
OUT_19868,86.243484,202.96898
OUT_19869,87.97331,207.03664
OUT_19870,78.75827,200.47325
OUT_19871,307.30737,461.28232
OUT_19872,76.98863,199.54753
OUT_19873,89.17183,202.14665
OUT_19874,297.7868,459.6856
OUT_19875,275.1264,468.44626
OUT_19876,304.4662,460.59607
OUT_19877,263.466,476.4923
OUT_19878,296.8509,427.87204
OUT_19879,44.29607,163.54362
OUT_19880,86.61757,208.74307
OUT_19881,46.807484,168.77858
OUT_19882,70.825836,195.31813
OUT_19883,73.731155,188.4887
OUT_19884,84.46982,204.1544
OUT_19885,271.1637,449.65817
OUT_19886,70.77957,189.48253
OUT_19887,270.49902,428.10623
OUT_19888,92.20265,209.58583
OUT_19889,85.72862,208.96362
OUT_19890,77.52565,192.93939
OUT_19891,54.384144,177.70995
OUT_19892,294.13068,428.01843
OUT_19893,253.05714,465.1577
OUT_19894,937.646,1148.1246
OUT_19895,89.322586,205.1077
OUT_19896,922.9192,1143.4252
OUT_19897,63.072437,184.2604
OUT_19898,827.17395,976.57117
OUT_19899,292.6424,460.63376
OUT_19900,81.346725,192.32553
OUT_19901,82.96326,200.36867
OUT_19902,94.39113,212.06015
OUT_19903,90.04726,199.29602
OUT_19904,83.580536,196.60872
OUT_19905,81.45099,200.91132
OUT_19906,107.57683,312.34863
OUT_19907,277.57135,477.57074
OUT_19908,67.2433,187.8061
OUT_19909,82.85382,202.3218
OUT_19910,27.007572,160.53575
OUT_19911,46.643665,165.97478
OUT_19912,931.7175,1107.4054
OUT_19913,82.78136,204.74832
OUT_19914,51.44321,170.74632
OUT_19915,89.32942,213.52806
OUT_19916,82.9095,191.86519
OUT_19917,71.069916,185.26862
OUT_19918,83.46098,206.88896
OUT_19919,86.614334,200.57658
OUT_19920,92.483444,201.11589
OUT_19921,300.48816,452.6562
OUT_19922,89.92168,200.18254
OUT_19923,278.2896,465.15097
OUT_19924,85.617355,201.21684
OUT_19925,295.18646,456.10715
OUT_19926,72.38168,187.69354
OUT_19927,84.65234,193.06683
OUT_19928,305.72375,447.92297
OUT_19929,284.8766,469.69354
OUT_19930,82.85426,202.04707
OUT_19931,266.2766,447.58002
OUT_19932,92.888535,217.77391
OUT_19933,86.42424,203.47688
OUT_19934,922.4076,1071.9874
OUT_19935,939.5572,1104.6667
OUT_19936,82.69096,202.35669
OUT_19937,302.08118,439.68683
OUT_19938,79.14467,203.20676
OUT_19939,78.71892,193.45497
OUT_19940,922.2288,1101.2343
OUT_19941,920.61456,1125.7235
OUT_19942,79.157166,200.18288
OUT_19943,921.54755,1088.9825
OUT_19944,76.34903,201.26944
OUT_19945,86.83775,200.45877
OUT_19946,79.97624,197.03336
OUT_19947,855.29346,1086.6633
OUT_19948,100.64525,220.65462
OUT_19949,74.74458,197.99585
OUT_19950,76.82733,200.45578
OUT_19951,916.0649,1060.2225
OUT_19952,79.77655,203.2066
OUT_19953,260.0221,434.16608
OUT_19954,901.46466,1037.1215
OUT_19955,65.23312,174.24829
OUT_19956,75.844955,188.37462
OUT_19957,911.0919,1037.1018
OUT_19958,82.96828,201.03592
OUT_19959,922.7425,1115.8397
OUT_19960,933.77313,1152.189
OUT_19961,88.82402,206.6816
OUT_19962,300.01263,441.03195
OUT_19963,69.123215,190.03677
OUT_19964,272.51776,433.76352
OUT_19965,268.77332,433.85178
OUT_19966,65.622665,179.50836
OUT_19967,53.147907,169.17496
OUT_19968,84.97752,199.21634
OUT_19969,83.46358,200.7323
OUT_19970,301.36688,463.4084
OUT_19971,266.77747,417.41
OUT_19972,92.51289,199.18054
OUT_19973,77.39351,204.24889
OUT_19974,87.703964,199.89197
OUT_19975,269.02234,454.98322
OUT_19976,90.61366,207.69498
OUT_19977,943.431,1129.2404
OUT_19978,921.1622,1105.1815
OUT_19979,294.56494,425.65994
OUT_19980,74.2831,195.94252
OUT_19981,92.49242,203.93549
OUT_19982,88.05315,200.97485
OUT_19983,73.642426,193.18802
OUT_19984,260.77087,451.9132
OUT_19985,928.05023,1105.0674
OUT_19986,294.63647,437.30634
OUT_19987,86.156265,204.45863
OUT_19988,75.92207,193.73088
OUT_19989,66.06235,188.8762
OUT_19990,85.165955,198.11284
OUT_19991,924.56464,1111.849
OUT_19992,268.0681,454.95712
OUT_19993,276.78394,474.41788
OUT_19994,261.95923,429.3887
OUT_19995,286.976,429.5776
OUT_19996,262.87024,425.2132
OUT_19997,92.78639,221.64444
OUT_19998,289.6626,424.76157
OUT_19999,90.1823,206.83826
OUT_20000,45.0217,158.53195
