Outlet_ID,Maximum_Monthly_Liters
OUT_00001,1941.471
OUT_00002,1668.42
OUT_00003,1790.852
OUT_00004,1682.091
OUT_00005,1815.721
OUT_00006,1559.205
OUT_00007,2100.206
OUT_00008,2091.249
OUT_00009,1817.056
OUT_00010,1886.505
OUT_00011,1779.042
OUT_00012,1332.686
OUT_00013,948.244
OUT_00014,928.092
OUT_00015,1067.356
OUT_00016,1542.657
OUT_00017,1261.022
OUT_00018,903.577
OUT_00019,2168.541
OUT_00020,1951.859
OUT_00021,1513.384
OUT_00022,1523.354
OUT_00023,1578.66
OUT_00024,1857.525
OUT_00025,1579.624
OUT_00026,1698.867
OUT_00027,1316.899
OUT_00028,2087.77
OUT_00029,977.384
OUT_00030,2199.205
OUT_00031,1327.468
OUT_00032,2193.102
OUT_00033,1569.68
OUT_00034,1493.867
OUT_00035,1806.538
OUT_00036,1459.023
OUT_00037,1497.653
OUT_00038,1906.647
OUT_00039,1774.48
OUT_00040,1845.005
OUT_00041,1435.604
OUT_00042,1635.437
OUT_00043,906.496
OUT_00044,1527.35
OUT_00045,1803.115
OUT_00046,1013.578
OUT_00047,1769.797
OUT_00048,936.186
OUT_00049,1744.905
OUT_00050,1134.752
OUT_00051,1941.989
OUT_00052,1717.431
OUT_00053,1786.657
OUT_00054,1824.228
OUT_00055,1895.006
OUT_00056,1674.089
OUT_00057,1196.893
OUT_00058,1886.108
OUT_00059,970.342
OUT_00060,1165.366
OUT_00061,967.705
OUT_00062,1212.218
OUT_00063,974.436
OUT_00064,995.55
OUT_00065,874.013
OUT_00066,941.856
OUT_00067,946.1
OUT_00068,1055.137
OUT_00069,954.588
OUT_00070,997.091
OUT_00071,987.056
OUT_00072,1259.531
OUT_00073,978.86
OUT_00074,1285.319
OUT_00075,889.012
OUT_00076,1257.512
OUT_00077,982.934
OUT_00078,1137.139
OUT_00079,1174.442
OUT_00080,1062.313
OUT_00081,937.295
OUT_00082,1003.012
OUT_00083,907.046
OUT_00084,835.666
OUT_00085,960.905
OUT_00086,1083.061
OUT_00087,1277.391
OUT_00088,965.098
OUT_00089,852.838
OUT_00090,982.135
OUT_00091,810.773
OUT_00092,1219.902
OUT_00093,915.827
OUT_00094,891.428
OUT_00095,982.566
OUT_00096,1220.067
OUT_00097,912.415
OUT_00098,907.87
OUT_00099,919.063
OUT_00100,947.809
OUT_00101,1136.868
OUT_00102,926.553
OUT_00103,1001.583
OUT_00104,1170.38
OUT_00105,993.509
OUT_00106,1057.024
OUT_00107,928.02
OUT_00108,1189.565
OUT_00109,951.756
OUT_00110,968.92
OUT_00111,931.614
OUT_00112,1216.44
OUT_00113,1033.331
OUT_00114,905.883
OUT_00115,957.624
OUT_00116,967.436
OUT_00117,1235.142
OUT_00118,1040.387
OUT_00119,910.188
OUT_00120,1183.479
OUT_00121,997.972
OUT_00122,909.356
OUT_00123,910.331
OUT_00124,947.585
OUT_00125,1184.678
OUT_00126,735.768
OUT_00127,976.467
OUT_00128,1174.099
OUT_00129,904.089
OUT_00130,934.734
OUT_00131,980.117
OUT_00132,879.175
OUT_00133,792.445
OUT_00134,1182.791
OUT_00135,890.071
OUT_00136,1001.648
OUT_00137,1168.002
OUT_00138,911.88
OUT_00139,910.457
OUT_00140,789.881
OUT_00141,929.875
OUT_00142,1004.174
OUT_00143,974.736
OUT_00144,905.761
OUT_00145,942.507
OUT_00146,1320.38
OUT_00147,943.226
OUT_00148,874.782
OUT_00149,914.186
OUT_00150,914.017
OUT_00151,882.545
OUT_00152,989.999
OUT_00153,915.429
OUT_00154,888.692
OUT_00155,990.593
OUT_00156,929.999
OUT_00157,994.319
OUT_00158,981.918
OUT_00159,827.296
OUT_00160,982.198
OUT_00161,870.437
OUT_00162,887.117
OUT_00163,1068.669
OUT_00164,957.19
OUT_00165,1074.555
OUT_00166,876.579
OUT_00167,976.586
OUT_00168,979.38
OUT_00169,964.282
OUT_00170,954.172
OUT_00171,964.59
OUT_00172,1078.682
OUT_00173,1065.732
OUT_00174,934.417
OUT_00175,951.111
OUT_00176,942.212
OUT_00177,892.987
OUT_00178,1267.716
OUT_00179,1249.74
OUT_00180,945.01
OUT_00181,1329.705
OUT_00182,958.709
OUT_00183,920.03
OUT_00184,964.356
OUT_00185,897.81
OUT_00186,1016.135
OUT_00187,955.223
OUT_00188,937.654
OUT_00189,949.639
OUT_00190,961.206
OUT_00191,1218.789
OUT_00192,915.908
OUT_00193,906.451
OUT_00194,950.109
OUT_00195,958.566
OUT_00196,969.152
OUT_00197,816.353
OUT_00198,941.595
OUT_00199,1104.434
OUT_00200,978.832
OUT_00201,696.387
OUT_00202,894.355
OUT_00203,921.314
OUT_00204,904.896
OUT_00205,1339.733
OUT_00206,1056.118
OUT_00207,964.844
OUT_00208,1199.003
OUT_00209,999.218
OUT_00210,903.945
OUT_00211,939.904
OUT_00212,936.739
OUT_00213,1226.919
OUT_00214,1120.524
OUT_00215,1002.004
OUT_00216,956.586
OUT_00217,1004.898
OUT_00218,891.976
OUT_00219,1201.964
OUT_00220,1237.485
OUT_00221,1181.588
OUT_00222,989.233
OUT_00223,936.913
OUT_00224,1089.879
OUT_00225,962.747
OUT_00226,1081.551
OUT_00227,977.28
OUT_00228,884.933
OUT_00229,868.783
OUT_00230,838.184
OUT_00231,1159.419
OUT_00232,968.144
OUT_00233,1114.712
OUT_00234,930.559
OUT_00235,904.098
OUT_00236,853.827
OUT_00237,1117.45
OUT_00238,916.472
OUT_00239,912.74
OUT_00240,947.497
OUT_00241,1003.801
OUT_00242,949.408
OUT_00243,989.882
OUT_00244,824.801
OUT_00245,872.812
OUT_00246,1149.368
OUT_00247,1307.609
OUT_00248,846.099
OUT_00249,1222.801
OUT_00250,1157.799
OUT_00251,933.022
OUT_00252,1112.386
OUT_00253,1018.464
OUT_00254,1068.729
OUT_00255,922.417
OUT_00256,841.152
OUT_00257,1169.2
OUT_00258,1183.837
OUT_00259,1179.825
OUT_00260,895.544
OUT_00261,953.341
OUT_00262,944.756
OUT_00263,961.619
OUT_00264,933.692
OUT_00265,1228.917
OUT_00266,951.024
OUT_00267,1197.531
OUT_00268,943.363
OUT_00269,899.388
OUT_00270,1031.786
OUT_00271,839.899
OUT_00272,911.691
OUT_00273,1226.536
OUT_00274,898.087
OUT_00275,989.342
OUT_00276,826.039
OUT_00277,1117.647
OUT_00278,995.612
OUT_00279,1072.561
OUT_00280,971.205
OUT_00281,848.035
OUT_00282,947.493
OUT_00283,882.044
OUT_00284,875.655
OUT_00285,933.438
OUT_00286,921.461
OUT_00287,921.496
OUT_00288,946.842
OUT_00289,886.531
OUT_00290,923.96
OUT_00291,1230.803
OUT_00292,924.435
OUT_00293,908.856
OUT_00294,901.019
OUT_00295,1088.896
OUT_00296,1008.071
OUT_00297,923.892
OUT_00298,899.16
OUT_00299,1191.241
OUT_00300,1007.493
OUT_00301,965.485
OUT_00302,1019.5
OUT_00303,1125.543
OUT_00304,847.055
OUT_00305,830.308
OUT_00306,951.723
OUT_00307,1011.645
OUT_00308,1009.192
OUT_00309,969.922
OUT_00310,944.867
OUT_00311,958.62
OUT_00312,989.475
OUT_00313,1018.367
OUT_00314,854.816
OUT_00315,916.042
OUT_00316,908.048
OUT_00317,999.512
OUT_00318,976.825
OUT_00319,900.262
OUT_00320,889.303
OUT_00321,963.066
OUT_00322,1075.541
OUT_00323,927.877
OUT_00324,853.772
OUT_00325,955.656
OUT_00326,1003.236
OUT_00327,898.404
OUT_00328,915.735
OUT_00329,940.824
OUT_00330,952.9
OUT_00331,937.933
OUT_00332,835.119
OUT_00333,1196.106
OUT_00334,979.839
OUT_00335,924.634
OUT_00336,920.857
OUT_00337,928.255
OUT_00338,1212.598
OUT_00339,1219.673
OUT_00340,994.174
OUT_00341,1148.619
OUT_00342,1005.524
OUT_00343,1012.082
OUT_00344,915.593
OUT_00345,1231.512
OUT_00346,991.243
OUT_00347,1181.08
OUT_00348,880.275
OUT_00349,969.018
OUT_00350,1210.412
OUT_00351,965.29
OUT_00352,852.57
OUT_00353,1027.156
OUT_00354,947.736
OUT_00355,918.512
OUT_00356,889.865
OUT_00357,884.502
OUT_00358,892.103
OUT_00359,991.588
OUT_00360,915.143
OUT_00361,1195.822
OUT_00362,929.495
OUT_00363,953.144
OUT_00364,911.609
OUT_00365,886.047
OUT_00366,860.946
OUT_00367,1263.009
OUT_00368,916.521
OUT_00369,964.101
OUT_00370,928.052
OUT_00371,924.005
OUT_00372,1014.995
OUT_00373,958.648
OUT_00374,918.479
OUT_00375,897.604
OUT_00376,1275.575
OUT_00377,975.651
OUT_00378,1045.686
OUT_00379,1158.063
OUT_00380,979.879
OUT_00381,971.114
OUT_00382,896.252
OUT_00383,894.254
OUT_00384,978.229
OUT_00385,980.893
OUT_00386,1174.679
OUT_00387,1251.35
OUT_00388,966.097
OUT_00389,1157.3
OUT_00390,938.103
OUT_00391,884.289
OUT_00392,948.172
OUT_00393,986.438
OUT_00394,956.839
OUT_00395,958.173
OUT_00396,946.824
OUT_00397,958.345
OUT_00398,997.46
OUT_00399,898.316
OUT_00400,959.798
OUT_00401,171.372
OUT_00402,1107.17
OUT_00403,364.032
OUT_00404,128.795
OUT_00405,482.047
OUT_00406,157.457
OUT_00407,192.573
OUT_00408,129.837
OUT_00409,380.818
OUT_00410,392.004
OUT_00411,112.354
OUT_00412,123.383
OUT_00413,1246.983
OUT_00414,125.934
OUT_00415,145.593
OUT_00416,450.953
OUT_00417,998.881
OUT_00418,340.691
OUT_00419,106.634
OUT_00420,100.93
OUT_00421,286.634
OUT_00422,408.89
OUT_00423,1026.991
OUT_00424,1003.886
OUT_00425,151.173
OUT_00426,376.676
OUT_00427,316.324
OUT_00428,2489.619
OUT_00429,324.201
OUT_00430,177.558
OUT_00431,129.894
OUT_00432,2503.334
OUT_00433,341.313
OUT_00434,2435.703
OUT_00435,431.661
OUT_00436,127.489
OUT_00437,122.806
OUT_00438,400.627
OUT_00439,333.218
OUT_00440,165.868
OUT_00441,165.867
OUT_00442,170.641
OUT_00443,394.53
OUT_00444,395.749
OUT_00445,1123.427
OUT_00446,160.694
OUT_00447,115.75
OUT_00448,157.499
OUT_00449,2539.19
OUT_00450,1195.423
OUT_00451,144.067
OUT_00452,180.247
OUT_00453,370.592
OUT_00454,385.877
OUT_00455,2390.055
OUT_00456,354.791
OUT_00457,1201.804
OUT_00458,118.032
OUT_00459,412.685
OUT_00460,388.882
OUT_00461,156.317
OUT_00462,169.334
OUT_00463,1122.679
OUT_00464,144.228
OUT_00465,404.755
OUT_00466,1235.065
OUT_00467,115.839
OUT_00468,1258.287
OUT_00469,164.859
OUT_00470,128.541
OUT_00471,302.733
OUT_00472,363.52
OUT_00473,150.737
OUT_00474,93.333
OUT_00475,159.019
OUT_00476,409.076
OUT_00477,142.331
OUT_00478,328.922
OUT_00479,122.768
OUT_00480,162.243
OUT_00481,107.704
OUT_00482,351.355
OUT_00483,123.842
OUT_00484,120.646
OUT_00485,398.612
OUT_00486,431.634
OUT_00487,127.803
OUT_00488,158.28
OUT_00489,423.023
OUT_00490,166.212
OUT_00491,129.965
OUT_00492,1113.978
OUT_00493,431.135
OUT_00494,147.93
OUT_00495,118.831
OUT_00496,152.892
OUT_00497,327.524
OUT_00498,413.385
OUT_00499,455.621
OUT_00500,124.51
OUT_00501,376.193
OUT_00502,300.816
OUT_00503,1105.096
OUT_00504,299.383
OUT_00505,140.805
OUT_00506,2375.666
OUT_00507,2408.07
OUT_00508,392.532
OUT_00509,348.815
OUT_00510,381.296
OUT_00511,354.159
OUT_00512,129.28
OUT_00513,132.351
OUT_00514,100.818
OUT_00515,1236.721
OUT_00516,161.208
OUT_00517,420.325
OUT_00518,297.377
OUT_00519,163.723
OUT_00520,103.532
OUT_00521,143.408
OUT_00522,134.09
OUT_00523,116.618
OUT_00524,148.243
OUT_00525,1075.073
OUT_00526,383.68
OUT_00527,418.517
OUT_00528,374.93
OUT_00529,386.256
OUT_00530,1215.097
OUT_00531,148.325
OUT_00532,165.722
OUT_00533,160.323
OUT_00534,1227.701
OUT_00535,106.844
OUT_00536,132.269
OUT_00537,115.703
OUT_00538,162.586
OUT_00539,1210.122
OUT_00540,110.972
OUT_00541,441.634
OUT_00542,111.865
OUT_00543,114.104
OUT_00544,102.302
OUT_00545,406.248
OUT_00546,313.693
OUT_00547,140.342
OUT_00548,121.283
OUT_00549,98.913
OUT_00550,341.444
OUT_00551,1190.892
OUT_00552,112.01
OUT_00553,290.259
OUT_00554,110.796
OUT_00555,127.91
OUT_00556,373.355
OUT_00557,94.932
OUT_00558,121.601
OUT_00559,152.216
OUT_00560,376.257
OUT_00561,169.52
OUT_00562,144.943
OUT_00563,136.216
OUT_00564,149.893
OUT_00565,421.172
OUT_00566,154.964
OUT_00567,1282.356
OUT_00568,2519.497
OUT_00569,130.962
OUT_00570,1210.566
OUT_00571,175.53
OUT_00572,153.349
OUT_00573,1048.752
OUT_00574,406.322
OUT_00575,121.993
OUT_00576,340.803
OUT_00577,1221.762
OUT_00578,156.456
OUT_00579,2591.783
OUT_00580,1239.671
OUT_00581,1182.502
OUT_00582,460.982
OUT_00583,145.816
OUT_00584,159.733
OUT_00585,416.276
OUT_00586,364.128
OUT_00587,267.963
OUT_00588,89.709
OUT_00589,1246.356
OUT_00590,427.493
OUT_00591,1152.035
OUT_00592,155.842
OUT_00593,147.24
OUT_00594,380.731
OUT_00595,331.939
OUT_00596,158.797
OUT_00597,150.27
OUT_00598,118.557
OUT_00599,113.841
OUT_00600,1226.413
OUT_00601,396.772
OUT_00602,145.134
OUT_00603,1173.16
OUT_00604,411.627
OUT_00605,168.335
OUT_00606,1343.936
OUT_00607,1052.755
OUT_00608,404.985
OUT_00609,363.016
OUT_00610,1069.358
OUT_00611,150.1
OUT_00612,143.329
OUT_00613,147.054
OUT_00614,1231.803
OUT_00615,111.264
OUT_00616,386.673
OUT_00617,368.925
OUT_00618,400.222
OUT_00619,2967.249
OUT_00620,412.05
OUT_00621,452.73
OUT_00622,133.637
OUT_00623,144.85
OUT_00624,420.872
OUT_00625,360.66
OUT_00626,1103.419
OUT_00627,255.597
OUT_00628,163.661
OUT_00629,424.203
OUT_00630,132.912
OUT_00631,140.965
OUT_00632,150.254
OUT_00633,1179.976
OUT_00634,417.194
OUT_00635,373.883
OUT_00636,321.702
OUT_00637,397.986
OUT_00638,424.908
OUT_00639,1186.904
OUT_00640,397.252
OUT_00641,152.986
OUT_00642,373.704
OUT_00643,283.25
OUT_00644,432.414
OUT_00645,298.27
OUT_00646,118.409
OUT_00647,156.939
OUT_00648,386.039
OUT_00649,1209.006
OUT_00650,355.416
OUT_00651,112.122
OUT_00652,389.255
OUT_00653,123.584
OUT_00654,155.289
OUT_00655,111.523
OUT_00656,347.75
OUT_00657,133.091
OUT_00658,379.845
OUT_00659,176.11
OUT_00660,1066.471
OUT_00661,316.1
OUT_00662,431.522
OUT_00663,438.457
OUT_00664,122.776
OUT_00665,160.167
OUT_00666,1082.976
OUT_00667,354.219
OUT_00668,133.691
OUT_00669,161.714
OUT_00670,380.843
OUT_00671,408.201
OUT_00672,167.811
OUT_00673,331.392
OUT_00674,997.879
OUT_00675,127.151
OUT_00676,168.42
OUT_00677,413.703
OUT_00678,143.164
OUT_00679,189.049
OUT_00680,290.043
OUT_00681,131.547
OUT_00682,135.587
OUT_00683,456.542
OUT_00684,2582.198
OUT_00685,103.398
OUT_00686,1202.038
OUT_00687,1137.835
OUT_00688,145.82
OUT_00689,2594.059
OUT_00690,111.034
OUT_00691,2480.001
OUT_00692,135.114
OUT_00693,427.031
OUT_00694,1208.942
OUT_00695,135.645
OUT_00696,129.199
OUT_00697,352.197
OUT_00698,1131.054
OUT_00699,1284.455
OUT_00700,159.489
OUT_00701,147.782
OUT_00702,124.673
OUT_00703,325.448
OUT_00704,415.67
OUT_00705,155.678
OUT_00706,328.227
OUT_00707,138.907
OUT_00708,108.237
OUT_00709,141.196
OUT_00710,306.359
OUT_00711,152.386
OUT_00712,1138.393
OUT_00713,154.799
OUT_00714,105.724
OUT_00715,407.297
OUT_00716,100.89
OUT_00717,1100.672
OUT_00718,143.924
OUT_00719,151.467
OUT_00720,1232.485
OUT_00721,122.547
OUT_00722,334.059
OUT_00723,117.415
OUT_00724,146.856
OUT_00725,102.979
OUT_00726,1231.71
OUT_00727,450.281
OUT_00728,1047.189
OUT_00729,135.333
OUT_00730,300.367
OUT_00731,1208.239
OUT_00732,388.685
OUT_00733,334.338
OUT_00734,1077.471
OUT_00735,147.131
OUT_00736,1121.023
OUT_00737,1149.948
OUT_00738,129.869
OUT_00739,192.548
OUT_00740,358.994
OUT_00741,139.41
OUT_00742,2667.17
OUT_00743,168.228
OUT_00744,260.398
OUT_00745,382.458
OUT_00746,1005.194
OUT_00747,454.402
OUT_00748,157.007
OUT_00749,372.347
OUT_00750,326.334
OUT_00751,159.73
OUT_00752,138.325
OUT_00753,1181.764
OUT_00754,178.866
OUT_00755,1142.572
OUT_00756,250.287
OUT_00757,266.593
OUT_00758,141.03
OUT_00759,75.841
OUT_00760,114.175
OUT_00761,361.256
OUT_00762,133.309
OUT_00763,89.979
OUT_00764,414.861
OUT_00765,111.051
OUT_00766,122.377
OUT_00767,410.527
OUT_00768,92.617
OUT_00769,454.168
OUT_00770,121.832
OUT_00771,401.343
OUT_00772,410.408
OUT_00773,1076.081
OUT_00774,109.835
OUT_00775,447.96
OUT_00776,135.64
OUT_00777,184.25
OUT_00778,2411.72
OUT_00779,288.567
OUT_00780,129.874
OUT_00781,156.11
OUT_00782,125.585
OUT_00783,99.59
OUT_00784,158.156
OUT_00785,416.781
OUT_00786,160.162
OUT_00787,368.49
OUT_00788,341.98
OUT_00789,1126.762
OUT_00790,135.63
OUT_00791,2497.197
OUT_00792,1178.629
OUT_00793,251.656
OUT_00794,119.917
OUT_00795,1188.351
OUT_00796,123.198
OUT_00797,366.449
OUT_00798,331.66
OUT_00799,1088.448
OUT_00800,1186.274
OUT_00801,119.587
OUT_00802,138.399
OUT_00803,364.991
OUT_00804,117.11
OUT_00805,133.283
OUT_00806,118.315
OUT_00807,156.457
OUT_00808,320.106
OUT_00809,420.288
OUT_00810,154.837
OUT_00811,134.369
OUT_00812,128.957
OUT_00813,145.264
OUT_00814,154.218
OUT_00815,2540.793
OUT_00816,117.403
OUT_00817,112.695
OUT_00818,190.362
OUT_00819,115.291
OUT_00820,121.098
OUT_00821,153.136
OUT_00822,276.489
OUT_00823,1144.714
OUT_00824,132.057
OUT_00825,384.14
OUT_00826,372.594
OUT_00827,158.964
OUT_00828,348.644
OUT_00829,136.356
OUT_00830,154.169
OUT_00831,137.619
OUT_00832,139.091
OUT_00833,396.4
OUT_00834,412.666
OUT_00835,402.708
OUT_00836,383.306
OUT_00837,1166.005
OUT_00838,438.597
OUT_00839,140.197
OUT_00840,2557.484
OUT_00841,144.206
OUT_00842,128.726
OUT_00843,447.448
OUT_00844,117.216
OUT_00845,357.651
OUT_00846,93.838
OUT_00847,276.566
OUT_00848,423.135
OUT_00849,312.977
OUT_00850,160.066
OUT_00851,120.683
OUT_00852,412.433
OUT_00853,2545.748
OUT_00854,366.356
OUT_00855,125.149
OUT_00856,2601.213
OUT_00857,1192.116
OUT_00858,123.452
OUT_00859,145.605
OUT_00860,113.036
OUT_00861,139.328
OUT_00862,128.242
OUT_00863,133.002
OUT_00864,107.604
OUT_00865,373.828
OUT_00866,324.306
OUT_00867,340.115
OUT_00868,155.804
OUT_00869,162.241
OUT_00870,343.236
OUT_00871,1211.766
OUT_00872,161.276
OUT_00873,1214.585
OUT_00874,423.233
OUT_00875,136.977
OUT_00876,111.546
OUT_00877,1106.942
OUT_00878,356.156
OUT_00879,324.419
OUT_00880,111.422
OUT_00881,1149.9
OUT_00882,139.208
OUT_00883,132.293
OUT_00884,410.949
OUT_00885,449.992
OUT_00886,2472.471
OUT_00887,120.131
OUT_00888,134.74
OUT_00889,437.701
OUT_00890,412.094
OUT_00891,460.844
OUT_00892,119.52
OUT_00893,152.394
OUT_00894,156.186
OUT_00895,275.584
OUT_00896,131.172
OUT_00897,396.311
OUT_00898,142.719
OUT_00899,183.853
OUT_00900,129.219
OUT_00901,163.374
OUT_00902,128.192
OUT_00903,1186.922
OUT_00904,113.096
OUT_00905,135.067
OUT_00906,1206.612
OUT_00907,126.752
OUT_00908,167.284
OUT_00909,142.863
OUT_00910,185.357
OUT_00911,157.972
OUT_00912,1123.887
OUT_00913,317.986
OUT_00914,421.697
OUT_00915,113.683
OUT_00916,360.882
OUT_00917,292.489
OUT_00918,1225.189
OUT_00919,155.794
OUT_00920,402.639
OUT_00921,428.251
OUT_00922,145.595
OUT_00923,1170.448
OUT_00924,265.424
OUT_00925,134.109
OUT_00926,105.163
OUT_00927,127.321
OUT_00928,169.703
OUT_00929,373.217
OUT_00930,428.004
OUT_00931,125.572
OUT_00932,180.078
OUT_00933,1235.511
OUT_00934,1141.769
OUT_00935,400.068
OUT_00936,152.389
OUT_00937,1214.601
OUT_00938,290.221
OUT_00939,136.997
OUT_00940,157.94
OUT_00941,312.915
OUT_00942,334.968
OUT_00943,1273.386
OUT_00944,129.39
OUT_00945,416.532
OUT_00946,143.063
OUT_00947,123.33
OUT_00948,171.044
OUT_00949,113.384
OUT_00950,137.16
OUT_00951,337.459
OUT_00952,1039.151
OUT_00953,139.498
OUT_00954,1161.049
OUT_00955,386.458
OUT_00956,390.28
OUT_00957,114.099
OUT_00958,151.841
OUT_00959,127.489
OUT_00960,1132.021
OUT_00961,124.188
OUT_00962,435.487
OUT_00963,317.763
OUT_00964,94.911
OUT_00965,2631.103
OUT_00966,137.209
OUT_00967,143.352
OUT_00968,145.719
OUT_00969,371.461
OUT_00970,139.492
OUT_00971,131.984
OUT_00972,376.155
OUT_00973,1143.81
OUT_00974,141.682
OUT_00975,121.921
OUT_00976,356.569
OUT_00977,121.815
OUT_00978,152.054
OUT_00979,143.588
OUT_00980,136.56
OUT_00981,415.744
OUT_00982,154.169
OUT_00983,105.143
OUT_00984,160.135
OUT_00985,487.565
OUT_00986,1110.009
OUT_00987,156.944
OUT_00988,328.393
OUT_00989,159.249
OUT_00990,1245.582
OUT_00991,180.777
OUT_00992,472.979
OUT_00993,151.672
OUT_00994,1332.094
OUT_00995,1317.99
OUT_00996,2734.789
OUT_00997,396.22
OUT_00998,431.685
OUT_00999,405.819
OUT_01000,153.234
OUT_01001,142.928
OUT_01002,130.627
OUT_01003,174.017
OUT_01004,128.517
OUT_01005,313.245
OUT_01006,2757.849
OUT_01007,157.022
OUT_01008,374.143
OUT_01009,160.098
OUT_01010,313.796
OUT_01011,380.791
OUT_01012,417.339
OUT_01013,137.339
OUT_01014,320.06
OUT_01015,425.374
OUT_01016,308.478
OUT_01017,141.222
OUT_01018,1210.869
OUT_01019,135.829
OUT_01020,137.002
OUT_01021,135.744
OUT_01022,190.039
OUT_01023,1043.054
OUT_01024,138.785
OUT_01025,415.854
OUT_01026,274.946
OUT_01027,150.111
OUT_01028,151.438
OUT_01029,133.379
OUT_01030,123.217
OUT_01031,141.732
OUT_01032,2462.555
OUT_01033,165.218
OUT_01034,154.76
OUT_01035,342.022
OUT_01036,1148.262
OUT_01037,336.867
OUT_01038,440.404
OUT_01039,402.016
OUT_01040,422.006
OUT_01041,364.234
OUT_01042,157.666
OUT_01043,133.058
OUT_01044,2403.095
OUT_01045,131.352
OUT_01046,105.008
OUT_01047,119.203
OUT_01048,153.768
OUT_01049,389.686
OUT_01050,163.082
OUT_01051,413.875
OUT_01052,90.682
OUT_01053,137.964
OUT_01054,343.534
OUT_01055,120.19
OUT_01056,428.633
OUT_01057,107.586
OUT_01058,344.192
OUT_01059,385.693
OUT_01060,423.163
OUT_01061,2502.438
OUT_01062,135.142
OUT_01063,110.555
OUT_01064,145.662
OUT_01065,127.71
OUT_01066,112.962
OUT_01067,97.408
OUT_01068,176.488
OUT_01069,319.712
OUT_01070,166.916
OUT_01071,164.353
OUT_01072,364.699
OUT_01073,1186.937
OUT_01074,384.37
OUT_01075,429.735
OUT_01076,395.811
OUT_01077,112.22
OUT_01078,130.757
OUT_01079,1164.617
OUT_01080,345.289
OUT_01081,147.699
OUT_01082,115.142
OUT_01083,82.482
OUT_01084,109.656
OUT_01085,1145.439
OUT_01086,354.817
OUT_01087,165.837
OUT_01088,115.608
OUT_01089,112.713
OUT_01090,1250.727
OUT_01091,106.878
OUT_01092,124.857
OUT_01093,324.487
OUT_01094,130.737
OUT_01095,155.394
OUT_01096,142.936
OUT_01097,410.125
OUT_01098,122.341
OUT_01099,1196.887
OUT_01100,2448.21
OUT_01101,135.018
OUT_01102,378.22
OUT_01103,132.734
OUT_01104,141.812
OUT_01105,1150.277
OUT_01106,151.357
OUT_01107,1165.739
OUT_01108,2468.65
OUT_01109,397.747
OUT_01110,402.533
OUT_01111,400.365
OUT_01112,150.084
OUT_01113,136.321
OUT_01114,144.816
OUT_01115,310.689
OUT_01116,450.656
OUT_01117,175.464
OUT_01118,119.5
OUT_01119,153.506
OUT_01120,142.122
OUT_01121,404.124
OUT_01122,174.096
OUT_01123,329.885
OUT_01124,2736.457
OUT_01125,173.839
OUT_01126,153.688
OUT_01127,131.681
OUT_01128,135.031
OUT_01129,170.579
OUT_01130,1249.486
OUT_01131,157.496
OUT_01132,150.962
OUT_01133,1164.507
OUT_01134,1142.288
OUT_01135,1316.74
OUT_01136,142.553
OUT_01137,353.627
OUT_01138,375.396
OUT_01139,134.703
OUT_01140,101.083
OUT_01141,124.674
OUT_01142,359.619
OUT_01143,97.722
OUT_01144,149.086
OUT_01145,388.816
OUT_01146,2569.492
OUT_01147,131.731
OUT_01148,356.661
OUT_01149,380.525
OUT_01150,103.029
OUT_01151,148.461
OUT_01152,2650.742
OUT_01153,1216.799
OUT_01154,147.506
OUT_01155,150.836
OUT_01156,319.715
OUT_01157,410.745
OUT_01158,104.684
OUT_01159,90.667
OUT_01160,95.866
OUT_01161,130.643
OUT_01162,149.55
OUT_01163,102.68
OUT_01164,1205.685
OUT_01165,143.102
OUT_01166,370.901
OUT_01167,145.289
OUT_01168,143.117
OUT_01169,178.016
OUT_01170,124.374
OUT_01171,128.493
OUT_01172,93.965
OUT_01173,379.009
OUT_01174,132.302
OUT_01175,1112.563
OUT_01176,347.247
OUT_01177,115.284
OUT_01178,1155.169
OUT_01179,295.954
OUT_01180,329.098
OUT_01181,143.407
OUT_01182,388.735
OUT_01183,151.872
OUT_01184,144.866
OUT_01185,103.502
OUT_01186,136.754
OUT_01187,180.827
OUT_01188,128.308
OUT_01189,182.118
OUT_01190,138.961
OUT_01191,395.66
OUT_01192,128.295
OUT_01193,76.549
OUT_01194,151.397
OUT_01195,426.849
OUT_01196,91.316
OUT_01197,1156.028
OUT_01198,311.316
OUT_01199,136.114
OUT_01200,99.601
OUT_01201,170.08
OUT_01202,125.577
OUT_01203,1135.459
OUT_01204,365.42
OUT_01205,116.469
OUT_01206,140.675
OUT_01207,2537.04
OUT_01208,142.802
OUT_01209,132.279
OUT_01210,393.451
OUT_01211,378.7
OUT_01212,2514.517
OUT_01213,143.48
OUT_01214,1099.84
OUT_01215,1196.131
OUT_01216,138.408
OUT_01217,1234.195
OUT_01218,421.68
OUT_01219,133.386
OUT_01220,383.545
OUT_01221,2408.433
OUT_01222,179.14
OUT_01223,358.178
OUT_01224,347.924
OUT_01225,364.176
OUT_01226,118.991
OUT_01227,128.918
OUT_01228,131.719
OUT_01229,150.067
OUT_01230,342.081
OUT_01231,169.159
OUT_01232,155.622
OUT_01233,420.187
OUT_01234,128.892
OUT_01235,284.603
OUT_01236,1240.599
OUT_01237,130.39
OUT_01238,453.864
OUT_01239,1260.006
OUT_01240,147.021
OUT_01241,2624.703
OUT_01242,136.935
OUT_01243,134.755
OUT_01244,132.023
OUT_01245,129.62
OUT_01246,1186.661
OUT_01247,101.757
OUT_01248,86.773
OUT_01249,137.067
OUT_01250,369.456
OUT_01251,180.497
OUT_01252,150.025
OUT_01253,983.751
OUT_01254,123.863
OUT_01255,129.625
OUT_01256,142.579
OUT_01257,127.078
OUT_01258,349.532
OUT_01259,108.067
OUT_01260,118.866
OUT_01261,128.895
OUT_01262,1166.167
OUT_01263,1143.957
OUT_01264,148.118
OUT_01265,288.881
OUT_01266,392.664
OUT_01267,1094.108
OUT_01268,323.635
OUT_01269,134.028
OUT_01270,1188.656
OUT_01271,128.126
OUT_01272,409.933
OUT_01273,1260.056
OUT_01274,167.968
OUT_01275,149.016
OUT_01276,118.899
OUT_01277,157.637
OUT_01278,98.916
OUT_01279,347.602
OUT_01280,166.824
OUT_01281,413.58
OUT_01282,117.698
OUT_01283,127.131
OUT_01284,392.272
OUT_01285,154.269
OUT_01286,155.666
OUT_01287,1076.863
OUT_01288,1141.347
OUT_01289,128.62
OUT_01290,376.91
OUT_01291,1168.4
OUT_01292,1218.737
OUT_01293,387.366
OUT_01294,133.422
OUT_01295,423.048
OUT_01296,152.011
OUT_01297,159.167
OUT_01298,386.38
OUT_01299,2423.071
OUT_01300,317.118
OUT_01301,133.858
OUT_01302,174.354
OUT_01303,123.651
OUT_01304,1111.873
OUT_01305,120.266
OUT_01306,348.656
OUT_01307,411.504
OUT_01308,100.675
OUT_01309,177.089
OUT_01310,125.577
OUT_01311,122.928
OUT_01312,139.723
OUT_01313,144.973
OUT_01314,398.969
OUT_01315,107.515
OUT_01316,2616.405
OUT_01317,147.32
OUT_01318,132.43
OUT_01319,112.71
OUT_01320,130.004
OUT_01321,132.956
OUT_01322,122.094
OUT_01323,443.443
OUT_01324,101.524
OUT_01325,273.494
OUT_01326,125.777
OUT_01327,120.757
OUT_01328,128.625
OUT_01329,149.608
OUT_01330,99.741
OUT_01331,1260.518
OUT_01332,437.734
OUT_01333,131.649
OUT_01334,298.679
OUT_01335,107.375
OUT_01336,136.131
OUT_01337,142.482
OUT_01338,1166.728
OUT_01339,138.099
OUT_01340,116.905
OUT_01341,126.457
OUT_01342,379.604
OUT_01343,126.286
OUT_01344,167.868
OUT_01345,127.177
OUT_01346,422.922
OUT_01347,324.05
OUT_01348,395.876
OUT_01349,161.918
OUT_01350,320.035
OUT_01351,156.961
OUT_01352,1194.596
OUT_01353,160.623
OUT_01354,95.101
OUT_01355,1085.959
OUT_01356,421.399
OUT_01357,115.114
OUT_01358,346.721
OUT_01359,134.867
OUT_01360,388.331
OUT_01361,147.724
OUT_01362,2508.806
OUT_01363,203.908
OUT_01364,366.572
OUT_01365,133.641
OUT_01366,387.59
OUT_01367,419.965
OUT_01368,139.562
OUT_01369,1282.954
OUT_01370,102.061
OUT_01371,104.119
OUT_01372,300.783
OUT_01373,323.161
OUT_01374,420.3
OUT_01375,1131.56
OUT_01376,2508.643
OUT_01377,284.668
OUT_01378,148.055
OUT_01379,164.55
OUT_01380,384.031
OUT_01381,141.905
OUT_01382,1165.68
OUT_01383,380.425
OUT_01384,179.382
OUT_01385,296.265
OUT_01386,376.025
OUT_01387,123.091
OUT_01388,135.179
OUT_01389,1312.26
OUT_01390,154.509
OUT_01391,1273.245
OUT_01392,165.222
OUT_01393,141.911
OUT_01394,135.568
OUT_01395,346.741
OUT_01396,1261.614
OUT_01397,101.585
OUT_01398,144.858
OUT_01399,137.321
OUT_01400,1235.341
OUT_01401,342.45
OUT_01402,168.339
OUT_01403,405.788
OUT_01404,131.257
OUT_01405,95.67
OUT_01406,111.819
OUT_01407,139.549
OUT_01408,407.274
OUT_01409,1186.043
OUT_01410,1271.139
OUT_01411,1145.54
OUT_01412,309.953
OUT_01413,384.281
OUT_01414,140.843
OUT_01415,113.387
OUT_01416,181.353
OUT_01417,362.815
OUT_01418,334.04
OUT_01419,371.668
OUT_01420,1127.699
OUT_01421,116.9
OUT_01422,137.33
OUT_01423,110.433
OUT_01424,124.241
OUT_01425,338.702
OUT_01426,136.766
OUT_01427,134.706
OUT_01428,322.475
OUT_01429,119.603
OUT_01430,147.384
OUT_01431,153.748
OUT_01432,131.316
OUT_01433,122.173
OUT_01434,115.85
OUT_01435,131.277
OUT_01436,402.307
OUT_01437,1200.974
OUT_01438,126.808
OUT_01439,394.819
OUT_01440,2517.912
OUT_01441,366.778
OUT_01442,322.397
OUT_01443,132.453
OUT_01444,326.181
OUT_01445,375.942
OUT_01446,139.743
OUT_01447,1071.876
OUT_01448,385.139
OUT_01449,374.802
OUT_01450,127.375
OUT_01451,375.763
OUT_01452,129.353
OUT_01453,1156.807
OUT_01454,121.065
OUT_01455,157.713
OUT_01456,149.45
OUT_01457,134.309
OUT_01458,384.559
OUT_01459,144.545
OUT_01460,426.059
OUT_01461,1118.52
OUT_01462,82.91
OUT_01463,79.35
OUT_01464,134.369
OUT_01465,168.279
OUT_01466,155.272
OUT_01467,151.468
OUT_01468,112.326
OUT_01469,158.673
OUT_01470,317.606
OUT_01471,2492.485
OUT_01472,2378.824
OUT_01473,1243.16
OUT_01474,176.754
OUT_01475,116.643
OUT_01476,340.162
OUT_01477,139.202
OUT_01478,110.912
OUT_01479,165.974
OUT_01480,124.395
OUT_01481,1052.49
OUT_01482,141.256
OUT_01483,339.269
OUT_01484,144.186
OUT_01485,1117.272
OUT_01486,168.706
OUT_01487,141.885
OUT_01488,113.142
OUT_01489,157.842
OUT_01490,365.664
OUT_01491,159.753
OUT_01492,156.148
OUT_01493,101.039
OUT_01494,143.755
OUT_01495,298.648
OUT_01496,152.092
OUT_01497,355.193
OUT_01498,340.034
OUT_01499,378.115
OUT_01500,1177.478
OUT_01501,141.762
OUT_01502,442.296
OUT_01503,1193.489
OUT_01504,355.371
OUT_01505,2609.685
OUT_01506,1107.699
OUT_01507,1205.179
OUT_01508,122.514
OUT_01509,134.259
OUT_01510,377.572
OUT_01511,120.176
OUT_01512,123.282
OUT_01513,118.762
OUT_01514,2445.59
OUT_01515,104.576
OUT_01516,157.953
OUT_01517,139.411
OUT_01518,374.797
OUT_01519,144.215
OUT_01520,1188.656
OUT_01521,397.878
OUT_01522,120.87
OUT_01523,386.962
OUT_01524,330.002
OUT_01525,150.959
OUT_01526,372.403
OUT_01527,1207.208
OUT_01528,2722.782
OUT_01529,168.2
OUT_01530,126.568
OUT_01531,118.66
OUT_01532,1115.188
OUT_01533,154.709
OUT_01534,148.249
OUT_01535,97.78
OUT_01536,150.138
OUT_01537,136.345
OUT_01538,148.3
OUT_01539,151.507
OUT_01540,1272.839
OUT_01541,163.692
OUT_01542,148.393
OUT_01543,141.762
OUT_01544,182.673
OUT_01545,455.711
OUT_01546,415.947
OUT_01547,426.008
OUT_01548,124.838
OUT_01549,402.589
OUT_01550,400.775
OUT_01551,143.729
OUT_01552,447.823
OUT_01553,321.625
OUT_01554,2561.421
OUT_01555,148.355
OUT_01556,158.955
OUT_01557,2481.586
OUT_01558,129.127
OUT_01559,1245.138
OUT_01560,1164.585
OUT_01561,144.284
OUT_01562,113.471
OUT_01563,359.326
OUT_01564,141.63
OUT_01565,294.839
OUT_01566,166.453
OUT_01567,2451.533
OUT_01568,130.771
OUT_01569,174.062
OUT_01570,1113.6
OUT_01571,119.019
OUT_01572,411.944
OUT_01573,152.997
OUT_01574,144.344
OUT_01575,143.154
OUT_01576,128.082
OUT_01577,374.71
OUT_01578,302.232
OUT_01579,129.864
OUT_01580,165.871
OUT_01581,293.684
OUT_01582,1115.195
OUT_01583,388.911
OUT_01584,130.201
OUT_01585,117.981
OUT_01586,165.526
OUT_01587,141.76
OUT_01588,376.093
OUT_01589,415.263
OUT_01590,130.613
OUT_01591,140.392
OUT_01592,135.671
OUT_01593,1105.01
OUT_01594,437.359
OUT_01595,2693.72
OUT_01596,380.982
OUT_01597,107.403
OUT_01598,406.604
OUT_01599,139.865
OUT_01600,165.228
OUT_01601,115.797
OUT_01602,391.663
OUT_01603,123.564
OUT_01604,165.385
OUT_01605,1155.993
OUT_01606,109.292
OUT_01607,157.973
OUT_01608,131.827
OUT_01609,292.845
OUT_01610,315.244
OUT_01611,114.48
OUT_01612,105.941
OUT_01613,102.091
OUT_01614,103.083
OUT_01615,112.116
OUT_01616,166.546
OUT_01617,169.438
OUT_01618,162.356
OUT_01619,476.339
OUT_01620,385.877
OUT_01621,1206.997
OUT_01622,124.175
OUT_01623,109.659
OUT_01624,2496.169
OUT_01625,147.484
OUT_01626,134.967
OUT_01627,139.296
OUT_01628,142.047
OUT_01629,1065.36
OUT_01630,156.489
OUT_01631,123.559
OUT_01632,132.807
OUT_01633,127.743
OUT_01634,1161.055
OUT_01635,348.013
OUT_01636,283.977
OUT_01637,102.097
OUT_01638,361.353
OUT_01639,1388.207
OUT_01640,2328.106
OUT_01641,2623.958
OUT_01642,122.278
OUT_01643,162.376
OUT_01644,132.767
OUT_01645,165.361
OUT_01646,147.998
OUT_01647,141.579
OUT_01648,167.598
OUT_01649,131.346
OUT_01650,2407.757
OUT_01651,175.627
OUT_01652,143.971
OUT_01653,370.067
OUT_01654,1125.547
OUT_01655,108.852
OUT_01656,1176.902
OUT_01657,153.331
OUT_01658,174.798
OUT_01659,123.101
OUT_01660,306.085
OUT_01661,396.222
OUT_01662,365.962
OUT_01663,130.123
OUT_01664,85.122
OUT_01665,2473.165
OUT_01666,1164.787
OUT_01667,318.715
OUT_01668,157.734
OUT_01669,107.619
OUT_01670,144.092
OUT_01671,131.845
OUT_01672,258.508
OUT_01673,141.498
OUT_01674,105.638
OUT_01675,331.735
OUT_01676,483.482
OUT_01677,95.165
OUT_01678,121.212
OUT_01679,1016.628
OUT_01680,142.567
OUT_01681,124.738
OUT_01682,161.587
OUT_01683,136.074
OUT_01684,136.8
OUT_01685,141.204
OUT_01686,344.197
OUT_01687,130.378
OUT_01688,401.813
OUT_01689,144.231
OUT_01690,125.981
OUT_01691,2519.744
OUT_01692,449.098
OUT_01693,138.978
OUT_01694,1155.814
OUT_01695,424.467
OUT_01696,116.221
OUT_01697,132.462
OUT_01698,135.132
OUT_01699,107.497
OUT_01700,122.63
OUT_01701,360.942
OUT_01702,150.55
OUT_01703,160.322
OUT_01704,376.036
OUT_01705,1229.899
OUT_01706,142.943
OUT_01707,142.566
OUT_01708,373.914
OUT_01709,130.785
OUT_01710,410.593
OUT_01711,130.023
OUT_01712,2445.187
OUT_01713,121.141
OUT_01714,143.788
OUT_01715,338.793
OUT_01716,2584.832
OUT_01717,186.204
OUT_01718,356.673
OUT_01719,121.885
OUT_01720,158.383
OUT_01721,179.136
OUT_01722,153.168
OUT_01723,328.273
OUT_01724,141.401
OUT_01725,2614.009
OUT_01726,114.633
OUT_01727,132.433
OUT_01728,117.452
OUT_01729,159.953
OUT_01730,405.968
OUT_01731,367.204
OUT_01732,352.993
OUT_01733,142.447
OUT_01734,365.808
OUT_01735,1323.228
OUT_01736,2373.684
OUT_01737,1143.833
OUT_01738,358.317
OUT_01739,379.904
OUT_01740,1197.453
OUT_01741,323.157
OUT_01742,348.229
OUT_01743,82.281
OUT_01744,150.576
OUT_01745,130.17
OUT_01746,412.919
OUT_01747,129.324
OUT_01748,161.921
OUT_01749,1208.649
OUT_01750,132.276
OUT_01751,141.733
OUT_01752,132.533
OUT_01753,128.07
OUT_01754,382.741
OUT_01755,432.626
OUT_01756,403.418
OUT_01757,1194.617
OUT_01758,1334.523
OUT_01759,148.453
OUT_01760,2468.709
OUT_01761,132.143
OUT_01762,130.238
OUT_01763,354.142
OUT_01764,155.702
OUT_01765,157.34
OUT_01766,1086.506
OUT_01767,1141.998
OUT_01768,389.626
OUT_01769,143.533
OUT_01770,324.675
OUT_01771,132.429
OUT_01772,384.311
OUT_01773,136.88
OUT_01774,446.063
OUT_01775,1131.311
OUT_01776,118.602
OUT_01777,153.597
OUT_01778,378.075
OUT_01779,135.792
OUT_01780,407.025
OUT_01781,109.902
OUT_01782,2582.615
OUT_01783,138.884
OUT_01784,163.653
OUT_01785,1345.931
OUT_01786,139.006
OUT_01787,144.964
OUT_01788,343.258
OUT_01789,136.813
OUT_01790,151.739
OUT_01791,117.996
OUT_01792,188.668
OUT_01793,141.272
OUT_01794,403.003
OUT_01795,373.606
OUT_01796,122.316
OUT_01797,103.545
OUT_01798,294.71
OUT_01799,144.385
OUT_01800,288.467
OUT_01801,1128.041
OUT_01802,1204.894
OUT_01803,1166.561
OUT_01804,458.761
OUT_01805,367.885
OUT_01806,1280.541
OUT_01807,132.672
OUT_01808,331.921
OUT_01809,368.878
OUT_01810,172.431
OUT_01811,143.586
OUT_01812,91.53
OUT_01813,449.233
OUT_01814,413.684
OUT_01815,123.922
OUT_01816,150.556
OUT_01817,169.034
OUT_01818,142.071
OUT_01819,170.663
OUT_01820,409.657
OUT_01821,2594.727
OUT_01822,162.165
OUT_01823,161.86
OUT_01824,167.132
OUT_01825,1229.163
OUT_01826,1270.89
OUT_01827,1214.381
OUT_01828,431.236
OUT_01829,132.034
OUT_01830,112.85
OUT_01831,103.622
OUT_01832,103.091
OUT_01833,142.653
OUT_01834,1267.947
OUT_01835,1161.8
OUT_01836,103.819
OUT_01837,130.736
OUT_01838,295.489
OUT_01839,363.849
OUT_01840,154.027
OUT_01841,2451.35
OUT_01842,308.955
OUT_01843,135.2
OUT_01844,1131.294
OUT_01845,158.554
OUT_01846,115.15
OUT_01847,1214.875
OUT_01848,387.15
OUT_01849,154.984
OUT_01850,319.723
OUT_01851,1152.328
OUT_01852,1082.846
OUT_01853,431.74
OUT_01854,1178.571
OUT_01855,136.883
OUT_01856,384.994
OUT_01857,126.063
OUT_01858,162.704
OUT_01859,143.859
OUT_01860,345.008
OUT_01861,350.707
OUT_01862,148.377
OUT_01863,336.908
OUT_01864,321.997
OUT_01865,151.334
OUT_01866,148.401
OUT_01867,148.884
OUT_01868,305.737
OUT_01869,2512.529
OUT_01870,127.811
OUT_01871,135.665
OUT_01872,332.111
OUT_01873,420.693
OUT_01874,135.173
OUT_01875,361.32
OUT_01876,378.314
OUT_01877,1237.21
OUT_01878,1217.68
OUT_01879,2417.299
OUT_01880,273.998
OUT_01881,123.259
OUT_01882,152.038
OUT_01883,120.0
OUT_01884,144.278
OUT_01885,433.029
OUT_01886,122.727
OUT_01887,1205.625
OUT_01888,132.056
OUT_01889,309.45
OUT_01890,109.464
OUT_01891,1187.837
OUT_01892,328.277
OUT_01893,126.127
OUT_01894,429.775
OUT_01895,138.804
OUT_01896,137.386
OUT_01897,1217.943
OUT_01898,371.126
OUT_01899,1166.973
OUT_01900,125.7
OUT_01901,2551.336
OUT_01902,134.321
OUT_01903,2609.89
OUT_01904,147.269
OUT_01905,127.539
OUT_01906,2512.411
OUT_01907,1227.285
OUT_01908,1061.469
OUT_01909,172.85
OUT_01910,155.908
OUT_01911,387.565
OUT_01912,140.633
OUT_01913,354.034
OUT_01914,148.501
OUT_01915,111.81
OUT_01916,164.002
OUT_01917,368.95
OUT_01918,141.792
OUT_01919,157.646
OUT_01920,171.977
OUT_01921,136.87
OUT_01922,159.087
OUT_01923,138.315
OUT_01924,159.038
OUT_01925,1157.362
OUT_01926,1152.027
OUT_01927,377.191
OUT_01928,1231.543
OUT_01929,408.415
OUT_01930,158.209
OUT_01931,113.166
OUT_01932,305.958
OUT_01933,81.924
OUT_01934,143.043
OUT_01935,114.942
OUT_01936,150.081
OUT_01937,2515.551
OUT_01938,394.839
OUT_01939,380.804
OUT_01940,139.009
OUT_01941,375.987
OUT_01942,110.036
OUT_01943,118.754
OUT_01944,2521.229
OUT_01945,135.337
OUT_01946,408.162
OUT_01947,124.966
OUT_01948,407.314
OUT_01949,124.329
OUT_01950,148.272
OUT_01951,1097.667
OUT_01952,136.268
OUT_01953,1206.713
OUT_01954,471.251
OUT_01955,1182.408
OUT_01956,125.345
OUT_01957,111.467
OUT_01958,362.081
OUT_01959,169.101
OUT_01960,143.426
OUT_01961,1198.611
OUT_01962,114.078
OUT_01963,1175.756
OUT_01964,124.248
OUT_01965,374.711
OUT_01966,115.451
OUT_01967,1096.905
OUT_01968,284.857
OUT_01969,124.893
OUT_01970,2489.488
OUT_01971,448.851
OUT_01972,116.551
OUT_01973,148.018
OUT_01974,135.543
OUT_01975,359.29
OUT_01976,283.515
OUT_01977,168.778
OUT_01978,109.644
OUT_01979,402.037
OUT_01980,387.887
OUT_01981,364.246
OUT_01982,1282.744
OUT_01983,392.5
OUT_01984,1127.619
OUT_01985,1241.942
OUT_01986,132.702
OUT_01987,125.694
OUT_01988,319.48
OUT_01989,282.737
OUT_01990,130.392
OUT_01991,1241.838
OUT_01992,312.274
OUT_01993,188.362
OUT_01994,341.9
OUT_01995,119.007
OUT_01996,1123.581
OUT_01997,1058.102
OUT_01998,136.736
OUT_01999,1256.249
OUT_02000,413.971
OUT_02001,148.916
OUT_02002,167.501
OUT_02003,112.95
OUT_02004,117.502
OUT_02005,278.105
OUT_02006,389.41
OUT_02007,301.372
OUT_02008,311.058
OUT_02009,392.097
OUT_02010,116.461
OUT_02011,140.865
OUT_02012,400.155
OUT_02013,138.8
OUT_02014,1061.549
OUT_02015,119.773
OUT_02016,1516.728
OUT_02017,1195.583
OUT_02018,349.939
OUT_02019,148.285
OUT_02020,135.713
OUT_02021,151.189
OUT_02022,2486.515
OUT_02023,154.946
OUT_02024,273.626
OUT_02025,2545.541
OUT_02026,458.08
OUT_02027,393.781
OUT_02028,340.728
OUT_02029,429.19
OUT_02030,385.468
OUT_02031,83.093
OUT_02032,446.236
OUT_02033,147.738
OUT_02034,2494.803
OUT_02035,101.406
OUT_02036,129.384
OUT_02037,140.744
OUT_02038,130.893
OUT_02039,122.748
OUT_02040,249.591
OUT_02041,138.157
OUT_02042,109.329
OUT_02043,300.246
OUT_02044,1184.855
OUT_02045,302.48
OUT_02046,134.596
OUT_02047,1492.72
OUT_02048,169.988
OUT_02049,109.703
OUT_02050,100.818
OUT_02051,442.208
OUT_02052,146.38
OUT_02053,141.305
OUT_02054,1050.279
OUT_02055,406.48
OUT_02056,2503.388
OUT_02057,405.533
OUT_02058,1296.428
OUT_02059,322.949
OUT_02060,165.705
OUT_02061,105.784
OUT_02062,119.992
OUT_02063,93.326
OUT_02064,157.099
OUT_02065,119.784
OUT_02066,1218.717
OUT_02067,109.24
OUT_02068,1173.693
OUT_02069,119.837
OUT_02070,96.667
OUT_02071,144.795
OUT_02072,1245.877
OUT_02073,2503.072
OUT_02074,189.685
OUT_02075,110.07
OUT_02076,106.675
OUT_02077,113.264
OUT_02078,2574.865
OUT_02079,388.972
OUT_02080,125.982
OUT_02081,118.991
OUT_02082,176.526
OUT_02083,2430.996
OUT_02084,435.423
OUT_02085,1105.195
OUT_02086,346.982
OUT_02087,389.688
OUT_02088,1145.867
OUT_02089,130.344
OUT_02090,142.758
OUT_02091,158.317
OUT_02092,385.684
OUT_02093,87.789
OUT_02094,1105.858
OUT_02095,333.414
OUT_02096,2587.611
OUT_02097,1200.478
OUT_02098,411.533
OUT_02099,398.261
OUT_02100,100.781
OUT_02101,182.712
OUT_02102,139.654
OUT_02103,397.102
OUT_02104,514.099
OUT_02105,107.93
OUT_02106,158.035
OUT_02107,108.317
OUT_02108,115.134
OUT_02109,157.877
OUT_02110,131.586
OUT_02111,163.644
OUT_02112,100.461
OUT_02113,409.446
OUT_02114,391.727
OUT_02115,162.66
OUT_02116,140.431
OUT_02117,102.359
OUT_02118,338.206
OUT_02119,301.567
OUT_02120,132.909
OUT_02121,1228.546
OUT_02122,104.724
OUT_02123,354.466
OUT_02124,447.101
OUT_02125,119.683
OUT_02126,143.708
OUT_02127,115.189
OUT_02128,1068.659
OUT_02129,175.195
OUT_02130,132.681
OUT_02131,1026.317
OUT_02132,353.851
OUT_02133,1154.47
OUT_02134,351.366
OUT_02135,405.448
OUT_02136,1123.988
OUT_02137,361.39
OUT_02138,1267.797
OUT_02139,1310.065
OUT_02140,138.776
OUT_02141,320.277
OUT_02142,147.548
OUT_02143,330.364
OUT_02144,137.873
OUT_02145,122.998
OUT_02146,1714.272
OUT_02147,401.322
OUT_02148,423.984
OUT_02149,126.654
OUT_02150,147.544
OUT_02151,334.733
OUT_02152,2415.17
OUT_02153,136.359
OUT_02154,159.014
OUT_02155,325.283
OUT_02156,122.108
OUT_02157,360.035
OUT_02158,138.874
OUT_02159,120.837
OUT_02160,148.581
OUT_02161,134.004
OUT_02162,355.52
OUT_02163,149.954
OUT_02164,376.557
OUT_02165,145.705
OUT_02166,115.947
OUT_02167,143.388
OUT_02168,131.306
OUT_02169,101.668
OUT_02170,160.614
OUT_02171,136.775
OUT_02172,339.44
OUT_02173,96.754
OUT_02174,126.088
OUT_02175,145.345
OUT_02176,2571.796
OUT_02177,371.583
OUT_02178,146.166
OUT_02179,392.903
OUT_02180,2441.019
OUT_02181,1142.979
OUT_02182,162.582
OUT_02183,314.071
OUT_02184,350.126
OUT_02185,460.964
OUT_02186,164.829
OUT_02187,393.1
OUT_02188,158.906
OUT_02189,152.563
OUT_02190,2628.65
OUT_02191,392.246
OUT_02192,356.591
OUT_02193,464.873
OUT_02194,155.404
OUT_02195,139.905
OUT_02196,360.212
OUT_02197,139.622
OUT_02198,106.949
OUT_02199,142.324
OUT_02200,411.853
OUT_02201,1240.942
OUT_02202,128.09
OUT_02203,1296.936
OUT_02204,418.047
OUT_02205,1168.955
OUT_02206,153.256
OUT_02207,1132.526
OUT_02208,149.694
OUT_02209,160.625
OUT_02210,159.586
OUT_02211,160.019
OUT_02212,377.504
OUT_02213,108.447
OUT_02214,257.013
OUT_02215,449.846
OUT_02216,379.018
OUT_02217,1083.527
OUT_02218,422.448
OUT_02219,338.601
OUT_02220,125.836
OUT_02221,171.294
OUT_02222,124.412
OUT_02223,380.088
OUT_02224,368.462
OUT_02225,129.555
OUT_02226,397.252
OUT_02227,131.231
OUT_02228,331.986
OUT_02229,339.95
OUT_02230,353.634
OUT_02231,132.993
OUT_02232,110.457
OUT_02233,166.343
OUT_02234,400.435
OUT_02235,77.01
OUT_02236,2428.151
OUT_02237,135.782
OUT_02238,1182.82
OUT_02239,131.726
OUT_02240,150.93
OUT_02241,135.178
OUT_02242,1144.334
OUT_02243,1134.192
OUT_02244,314.122
OUT_02245,126.913
OUT_02246,1150.284
OUT_02247,142.719
OUT_02248,435.076
OUT_02249,352.492
OUT_02250,122.569
OUT_02251,95.754
OUT_02252,146.33
OUT_02253,290.864
OUT_02254,342.149
OUT_02255,412.132
OUT_02256,115.965
OUT_02257,444.59
OUT_02258,122.75
OUT_02259,114.43
OUT_02260,167.668
OUT_02261,158.607
OUT_02262,133.726
OUT_02263,369.926
OUT_02264,123.299
OUT_02265,170.261
OUT_02266,128.31
OUT_02267,1260.252
OUT_02268,126.319
OUT_02269,400.354
OUT_02270,154.889
OUT_02271,152.68
OUT_02272,374.177
OUT_02273,286.12
OUT_02274,123.98
OUT_02275,407.188
OUT_02276,105.873
OUT_02277,422.277
OUT_02278,101.731
OUT_02279,1058.557
OUT_02280,400.367
OUT_02281,91.42
OUT_02282,142.463
OUT_02283,147.482
OUT_02284,418.971
OUT_02285,125.452
OUT_02286,992.386
OUT_02287,321.499
OUT_02288,411.229
OUT_02289,130.504
OUT_02290,115.145
OUT_02291,173.815
OUT_02292,139.384
OUT_02293,134.627
OUT_02294,148.138
OUT_02295,351.539
OUT_02296,299.733
OUT_02297,140.663
OUT_02298,1211.348
OUT_02299,121.499
OUT_02300,107.481
OUT_02301,1146.857
OUT_02302,126.47
OUT_02303,1266.78
OUT_02304,367.433
OUT_02305,386.512
OUT_02306,174.004
OUT_02307,164.164
OUT_02308,1146.165
OUT_02309,106.96
OUT_02310,1166.745
OUT_02311,372.315
OUT_02312,351.17
OUT_02313,424.235
OUT_02314,450.638
OUT_02315,144.231
OUT_02316,130.09
OUT_02317,94.749
OUT_02318,383.706
OUT_02319,111.265
OUT_02320,382.358
OUT_02321,165.866
OUT_02322,2513.706
OUT_02323,161.468
OUT_02324,426.991
OUT_02325,164.058
OUT_02326,122.284
OUT_02327,96.811
OUT_02328,145.205
OUT_02329,139.382
OUT_02330,161.556
OUT_02331,152.547
OUT_02332,270.123
OUT_02333,141.517
OUT_02334,1204.965
OUT_02335,152.477
OUT_02336,152.736
OUT_02337,163.7
OUT_02338,138.027
OUT_02339,230.535
OUT_02340,132.295
OUT_02341,378.918
OUT_02342,137.949
OUT_02343,424.782
OUT_02344,1074.005
OUT_02345,154.649
OUT_02346,1150.428
OUT_02347,410.349
OUT_02348,129.434
OUT_02349,385.274
OUT_02350,414.672
OUT_02351,2466.489
OUT_02352,380.845
OUT_02353,452.462
OUT_02354,367.187
OUT_02355,423.756
OUT_02356,94.757
OUT_02357,97.115
OUT_02358,1193.054
OUT_02359,160.816
OUT_02360,125.036
OUT_02361,346.75
OUT_02362,129.877
OUT_02363,148.938
OUT_02364,440.313
OUT_02365,483.118
OUT_02366,164.34
OUT_02367,154.835
OUT_02368,117.018
OUT_02369,1112.612
OUT_02370,142.781
OUT_02371,2458.042
OUT_02372,164.723
OUT_02373,2582.254
OUT_02374,328.298
OUT_02375,267.943
OUT_02376,126.959
OUT_02377,126.989
OUT_02378,117.755
OUT_02379,386.924
OUT_02380,120.586
OUT_02381,131.533
OUT_02382,165.774
OUT_02383,2630.109
OUT_02384,359.944
OUT_02385,1174.565
OUT_02386,984.703
OUT_02387,1268.982
OUT_02388,182.984
OUT_02389,153.712
OUT_02390,378.518
OUT_02391,346.037
OUT_02392,165.955
OUT_02393,109.72
OUT_02394,332.582
OUT_02395,124.654
OUT_02396,370.818
OUT_02397,150.916
OUT_02398,132.268
OUT_02399,1108.446
OUT_02400,136.843
OUT_02401,2628.676
OUT_02402,146.473
OUT_02403,139.652
OUT_02404,1233.102
OUT_02405,1277.177
OUT_02406,111.251
OUT_02407,311.902
OUT_02408,424.847
OUT_02409,376.463
OUT_02410,138.89
OUT_02411,166.886
OUT_02412,142.586
OUT_02413,93.601
OUT_02414,139.565
OUT_02415,1217.853
OUT_02416,1145.399
OUT_02417,177.782
OUT_02418,995.332
OUT_02419,381.031
OUT_02420,113.796
OUT_02421,153.491
OUT_02422,2534.074
OUT_02423,315.83
OUT_02424,96.076
OUT_02425,348.377
OUT_02426,102.763
OUT_02427,407.771
OUT_02428,382.329
OUT_02429,153.355
OUT_02430,341.726
OUT_02431,2389.517
OUT_02432,163.789
OUT_02433,87.216
OUT_02434,166.017
OUT_02435,129.035
OUT_02436,1049.401
OUT_02437,2592.761
OUT_02438,144.502
OUT_02439,437.053
OUT_02440,158.556
OUT_02441,116.552
OUT_02442,327.351
OUT_02443,128.152
OUT_02444,1227.248
OUT_02445,379.328
OUT_02446,397.845
OUT_02447,115.882
OUT_02448,154.193
OUT_02449,113.749
OUT_02450,106.993
OUT_02451,396.761
OUT_02452,1268.073
OUT_02453,147.053
OUT_02454,383.563
OUT_02455,161.503
OUT_02456,111.554
OUT_02457,464.687
OUT_02458,1189.113
OUT_02459,2482.389
OUT_02460,380.21
OUT_02461,171.199
OUT_02462,123.444
OUT_02463,141.264
OUT_02464,143.306
OUT_02465,150.353
OUT_02466,130.256
OUT_02467,120.922
OUT_02468,118.719
OUT_02469,299.682
OUT_02470,410.441
OUT_02471,2422.114
OUT_02472,265.598
OUT_02473,147.189
OUT_02474,174.441
OUT_02475,2498.64
OUT_02476,129.968
OUT_02477,147.067
OUT_02478,97.227
OUT_02479,1190.465
OUT_02480,132.333
OUT_02481,139.721
OUT_02482,1202.08
OUT_02483,159.411
OUT_02484,371.53
OUT_02485,128.61
OUT_02486,316.55
OUT_02487,131.647
OUT_02488,156.079
OUT_02489,124.294
OUT_02490,374.53
OUT_02491,145.755
OUT_02492,315.734
OUT_02493,135.371
OUT_02494,385.596
OUT_02495,111.583
OUT_02496,347.525
OUT_02497,139.714
OUT_02498,1157.437
OUT_02499,109.452
OUT_02500,302.132
OUT_02501,1085.939
OUT_02502,358.714
OUT_02503,128.544
OUT_02504,122.759
OUT_02505,144.998
OUT_02506,113.641
OUT_02507,96.261
OUT_02508,167.749
OUT_02509,431.664
OUT_02510,347.324
OUT_02511,474.309
OUT_02512,341.879
OUT_02513,133.99
OUT_02514,1169.865
OUT_02515,1156.259
OUT_02516,1051.296
OUT_02517,443.015
OUT_02518,103.189
OUT_02519,126.251
OUT_02520,406.982
OUT_02521,131.292
OUT_02522,444.436
OUT_02523,399.415
OUT_02524,1279.26
OUT_02525,1229.091
OUT_02526,148.29
OUT_02527,383.736
OUT_02528,324.254
OUT_02529,163.2
OUT_02530,298.612
OUT_02531,410.188
OUT_02532,111.811
OUT_02533,158.437
OUT_02534,381.822
OUT_02535,157.545
OUT_02536,152.574
OUT_02537,152.786
OUT_02538,1085.133
OUT_02539,99.934
OUT_02540,119.093
OUT_02541,1168.192
OUT_02542,105.393
OUT_02543,400.938
OUT_02544,364.594
OUT_02545,369.644
OUT_02546,122.393
OUT_02547,153.534
OUT_02548,299.203
OUT_02549,446.917
OUT_02550,136.163
OUT_02551,99.138
OUT_02552,1122.99
OUT_02553,120.377
OUT_02554,116.069
OUT_02555,399.775
OUT_02556,126.436
OUT_02557,152.28
OUT_02558,161.704
OUT_02559,156.746
OUT_02560,114.085
OUT_02561,162.803
OUT_02562,101.632
OUT_02563,258.346
OUT_02564,119.755
OUT_02565,377.72
OUT_02566,410.115
OUT_02567,83.642
OUT_02568,409.062
OUT_02569,157.61
OUT_02570,317.527
OUT_02571,383.815
OUT_02572,134.137
OUT_02573,133.998
OUT_02574,333.167
OUT_02575,163.257
OUT_02576,2564.175
OUT_02577,147.306
OUT_02578,1124.705
OUT_02579,334.371
OUT_02580,131.525
OUT_02581,415.2
OUT_02582,2642.843
OUT_02583,131.871
OUT_02584,153.195
OUT_02585,149.605
OUT_02586,2415.899
OUT_02587,131.36
OUT_02588,130.877
OUT_02589,128.81
OUT_02590,450.207
OUT_02591,1174.299
OUT_02592,358.28
OUT_02593,1249.666
OUT_02594,102.595
OUT_02595,110.985
OUT_02596,1225.038
OUT_02597,1120.554
OUT_02598,1161.153
OUT_02599,2520.77
OUT_02600,439.037
OUT_02601,404.293
OUT_02602,149.958
OUT_02603,1165.023
OUT_02604,151.64
OUT_02605,379.071
OUT_02606,1035.825
OUT_02607,163.684
OUT_02608,347.77
OUT_02609,106.698
OUT_02610,432.542
OUT_02611,303.394
OUT_02612,363.108
OUT_02613,390.492
OUT_02614,94.383
OUT_02615,1167.357
OUT_02616,1182.355
OUT_02617,2623.33
OUT_02618,119.184
OUT_02619,386.802
OUT_02620,111.403
OUT_02621,281.58
OUT_02622,130.453
OUT_02623,126.284
OUT_02624,130.535
OUT_02625,441.64
OUT_02626,1179.735
OUT_02627,133.983
OUT_02628,358.881
OUT_02629,80.805
OUT_02630,112.24
OUT_02631,158.807
OUT_02632,335.485
OUT_02633,126.085
OUT_02634,140.472
OUT_02635,155.86
OUT_02636,2537.088
OUT_02637,129.856
OUT_02638,411.952
OUT_02639,94.446
OUT_02640,421.392
OUT_02641,1167.896
OUT_02642,141.627
OUT_02643,1209.005
OUT_02644,347.763
OUT_02645,143.905
OUT_02646,143.741
OUT_02647,1187.867
OUT_02648,161.064
OUT_02649,140.918
OUT_02650,299.085
OUT_02651,290.216
OUT_02652,156.529
OUT_02653,140.417
OUT_02654,1170.331
OUT_02655,142.084
OUT_02656,123.077
OUT_02657,134.775
OUT_02658,140.947
OUT_02659,130.336
OUT_02660,132.899
OUT_02661,361.31
OUT_02662,171.052
OUT_02663,405.608
OUT_02664,1194.876
OUT_02665,1263.116
OUT_02666,335.201
OUT_02667,153.15
OUT_02668,1146.924
OUT_02669,145.171
OUT_02670,149.62
OUT_02671,141.141
OUT_02672,131.277
OUT_02673,130.036
OUT_02674,96.856
OUT_02675,115.47
OUT_02676,387.836
OUT_02677,127.683
OUT_02678,112.465
OUT_02679,120.758
OUT_02680,127.807
OUT_02681,161.133
OUT_02682,154.281
OUT_02683,132.957
OUT_02684,1046.126
OUT_02685,148.445
OUT_02686,417.986
OUT_02687,123.592
OUT_02688,427.072
OUT_02689,119.906
OUT_02690,312.488
OUT_02691,1134.001
OUT_02692,326.238
OUT_02693,119.476
OUT_02694,116.69
OUT_02695,151.139
OUT_02696,326.582
OUT_02697,455.614
OUT_02698,392.104
OUT_02699,435.497
OUT_02700,122.9
OUT_02701,1023.978
OUT_02702,173.789
OUT_02703,406.849
OUT_02704,172.202
OUT_02705,142.341
OUT_02706,118.682
OUT_02707,217.193
OUT_02708,151.23
OUT_02709,123.995
OUT_02710,440.253
OUT_02711,127.411
OUT_02712,150.971
OUT_02713,168.401
OUT_02714,302.627
OUT_02715,163.583
OUT_02716,127.901
OUT_02717,1196.86
OUT_02718,121.992
OUT_02719,123.702
OUT_02720,122.397
OUT_02721,2651.213
OUT_02722,327.322
OUT_02723,135.605
OUT_02724,116.704
OUT_02725,145.545
OUT_02726,150.758
OUT_02727,120.701
OUT_02728,1171.489
OUT_02729,119.11
OUT_02730,114.926
OUT_02731,465.34
OUT_02732,140.985
OUT_02733,115.455
OUT_02734,1119.336
OUT_02735,112.463
OUT_02736,387.643
OUT_02737,282.838
OUT_02738,120.383
OUT_02739,389.604
OUT_02740,418.622
OUT_02741,163.473
OUT_02742,106.215
OUT_02743,118.138
OUT_02744,407.356
OUT_02745,124.664
OUT_02746,412.808
OUT_02747,145.712
OUT_02748,143.301
OUT_02749,117.583
OUT_02750,134.333
OUT_02751,1179.501
OUT_02752,131.405
OUT_02753,396.746
OUT_02754,113.753
OUT_02755,2668.491
OUT_02756,131.965
OUT_02757,156.25
OUT_02758,2613.38
OUT_02759,149.799
OUT_02760,1280.415
OUT_02761,115.469
OUT_02762,133.349
OUT_02763,149.833
OUT_02764,135.162
OUT_02765,1113.584
OUT_02766,291.773
OUT_02767,302.864
OUT_02768,146.294
OUT_02769,156.483
OUT_02770,395.915
OUT_02771,131.106
OUT_02772,124.022
OUT_02773,286.47
OUT_02774,298.405
OUT_02775,430.345
OUT_02776,1198.914
OUT_02777,163.916
OUT_02778,96.56
OUT_02779,143.786
OUT_02780,438.68
OUT_02781,346.569
OUT_02782,1263.778
OUT_02783,2537.457
OUT_02784,365.973
OUT_02785,124.469
OUT_02786,137.614
OUT_02787,125.034
OUT_02788,286.299
OUT_02789,126.912
OUT_02790,130.791
OUT_02791,383.4
OUT_02792,1051.342
OUT_02793,329.749
OUT_02794,125.622
OUT_02795,159.674
OUT_02796,161.499
OUT_02797,444.763
OUT_02798,400.695
OUT_02799,91.958
OUT_02800,428.562
OUT_02801,139.404
OUT_02802,153.056
OUT_02803,102.573
OUT_02804,164.822
OUT_02805,143.962
OUT_02806,435.71
OUT_02807,383.258
OUT_02808,336.806
OUT_02809,126.773
OUT_02810,473.837
OUT_02811,170.382
OUT_02812,111.56
OUT_02813,145.692
OUT_02814,145.604
OUT_02815,149.801
OUT_02816,140.601
OUT_02817,401.4
OUT_02818,412.761
OUT_02819,420.085
OUT_02820,1251.427
OUT_02821,383.124
OUT_02822,127.371
OUT_02823,103.831
OUT_02824,435.113
OUT_02825,158.668
OUT_02826,123.188
OUT_02827,431.645
OUT_02828,174.127
OUT_02829,1167.22
OUT_02830,317.987
OUT_02831,125.205
OUT_02832,1190.986
OUT_02833,451.145
OUT_02834,379.431
OUT_02835,144.721
OUT_02836,2520.379
OUT_02837,159.747
OUT_02838,331.097
OUT_02839,145.341
OUT_02840,1191.004
OUT_02841,2639.072
OUT_02842,409.102
OUT_02843,131.726
OUT_02844,139.482
OUT_02845,144.922
OUT_02846,291.546
OUT_02847,153.978
OUT_02848,136.092
OUT_02849,404.392
OUT_02850,137.709
OUT_02851,104.65
OUT_02852,346.843
OUT_02853,374.048
OUT_02854,2597.415
OUT_02855,110.531
OUT_02856,107.425
OUT_02857,365.197
OUT_02858,1150.907
OUT_02859,142.685
OUT_02860,2627.919
OUT_02861,103.794
OUT_02862,177.338
OUT_02863,407.47
OUT_02864,365.463
OUT_02865,2530.807
OUT_02866,176.051
OUT_02867,165.439
OUT_02868,94.117
OUT_02869,123.853
OUT_02870,122.691
OUT_02871,133.423
OUT_02872,164.232
OUT_02873,371.686
OUT_02874,415.81
OUT_02875,340.986
OUT_02876,359.484
OUT_02877,123.949
OUT_02878,306.527
OUT_02879,117.795
OUT_02880,121.37
OUT_02881,130.2
OUT_02882,151.664
OUT_02883,2493.405
OUT_02884,124.969
OUT_02885,129.88
OUT_02886,167.377
OUT_02887,404.795
OUT_02888,134.286
OUT_02889,162.911
OUT_02890,1140.355
OUT_02891,109.75
OUT_02892,2541.22
OUT_02893,159.922
OUT_02894,123.925
OUT_02895,1228.88
OUT_02896,978.047
OUT_02897,369.136
OUT_02898,134.646
OUT_02899,161.732
OUT_02900,286.648
OUT_02901,403.733
OUT_02902,339.856
OUT_02903,96.502
OUT_02904,149.742
OUT_02905,154.909
OUT_02906,1247.348
OUT_02907,122.166
OUT_02908,140.751
OUT_02909,369.877
OUT_02910,291.302
OUT_02911,2468.366
OUT_02912,106.178
OUT_02913,439.385
OUT_02914,142.351
OUT_02915,98.586
OUT_02916,116.352
OUT_02917,151.361
OUT_02918,137.839
OUT_02919,1214.599
OUT_02920,302.806
OUT_02921,124.843
OUT_02922,1140.108
OUT_02923,372.019
OUT_02924,445.261
OUT_02925,376.809
OUT_02926,129.608
OUT_02927,113.49
OUT_02928,149.633
OUT_02929,139.985
OUT_02930,1200.501
OUT_02931,118.762
OUT_02932,372.3
OUT_02933,116.175
OUT_02934,123.848
OUT_02935,157.974
OUT_02936,2619.845
OUT_02937,156.637
OUT_02938,139.188
OUT_02939,400.118
OUT_02940,147.249
OUT_02941,2446.498
OUT_02942,141.934
OUT_02943,153.176
OUT_02944,113.807
OUT_02945,164.912
OUT_02946,101.865
OUT_02947,119.063
OUT_02948,138.122
OUT_02949,309.831
OUT_02950,2773.935
OUT_02951,131.169
OUT_02952,358.364
OUT_02953,300.337
OUT_02954,360.878
OUT_02955,139.47
OUT_02956,1231.531
OUT_02957,165.527
OUT_02958,374.724
OUT_02959,389.777
OUT_02960,401.828
OUT_02961,138.254
OUT_02962,3004.816
OUT_02963,413.515
OUT_02964,2598.885
OUT_02965,112.262
OUT_02966,1043.481
OUT_02967,69.239
OUT_02968,116.414
OUT_02969,1203.252
OUT_02970,1249.108
OUT_02971,440.987
OUT_02972,462.098
OUT_02973,417.55
OUT_02974,991.968
OUT_02975,105.039
OUT_02976,135.896
OUT_02977,439.212
OUT_02978,442.025
OUT_02979,118.848
OUT_02980,137.087
OUT_02981,136.262
OUT_02982,126.78
OUT_02983,464.923
OUT_02984,165.848
OUT_02985,336.723
OUT_02986,430.504
OUT_02987,147.721
OUT_02988,103.52
OUT_02989,332.927
OUT_02990,318.089
OUT_02991,142.636
OUT_02992,115.267
OUT_02993,319.081
OUT_02994,1024.099
OUT_02995,147.937
OUT_02996,1167.806
OUT_02997,1164.736
OUT_02998,139.867
OUT_02999,128.638
OUT_03000,346.865
OUT_03001,287.039
OUT_03002,347.493
OUT_03003,136.269
OUT_03004,1160.793
OUT_03005,104.793
OUT_03006,314.8
OUT_03007,149.234
OUT_03008,157.826
OUT_03009,339.504
OUT_03010,129.102
OUT_03011,132.785
OUT_03012,130.468
OUT_03013,463.877
OUT_03014,344.778
OUT_03015,432.077
OUT_03016,141.638
OUT_03017,353.581
OUT_03018,1189.634
OUT_03019,466.104
OUT_03020,2453.284
OUT_03021,1076.651
OUT_03022,170.679
OUT_03023,159.249
OUT_03024,411.339
OUT_03025,121.099
OUT_03026,142.044
OUT_03027,117.996
OUT_03028,348.82
OUT_03029,173.915
OUT_03030,124.971
OUT_03031,344.903
OUT_03032,159.147
OUT_03033,164.255
OUT_03034,103.98
OUT_03035,124.354
OUT_03036,1167.604
OUT_03037,2435.678
OUT_03038,1006.38
OUT_03039,409.557
OUT_03040,1029.289
OUT_03041,372.811
OUT_03042,138.018
OUT_03043,453.445
OUT_03044,116.277
OUT_03045,193.357
OUT_03046,146.261
OUT_03047,133.339
OUT_03048,372.985
OUT_03049,144.858
OUT_03050,134.02
OUT_03051,161.29
OUT_03052,1267.119
OUT_03053,415.625
OUT_03054,120.403
OUT_03055,370.809
OUT_03056,1085.397
OUT_03057,161.524
OUT_03058,133.317
OUT_03059,397.429
OUT_03060,121.668
OUT_03061,1244.516
OUT_03062,120.354
OUT_03063,127.301
OUT_03064,2512.802
OUT_03065,2590.604
OUT_03066,151.577
OUT_03067,164.402
OUT_03068,108.557
OUT_03069,278.839
OUT_03070,1215.271
OUT_03071,151.398
OUT_03072,357.443
OUT_03073,157.982
OUT_03074,425.526
OUT_03075,2489.984
OUT_03076,390.784
OUT_03077,2480.749
OUT_03078,2469.095
OUT_03079,135.51
OUT_03080,136.067
OUT_03081,347.268
OUT_03082,168.033
OUT_03083,110.189
OUT_03084,1237.434
OUT_03085,248.31
OUT_03086,150.548
OUT_03087,174.982
OUT_03088,1119.585
OUT_03089,405.993
OUT_03090,340.33
OUT_03091,159.419
OUT_03092,133.418
OUT_03093,1288.405
OUT_03094,139.242
OUT_03095,169.085
OUT_03096,166.781
OUT_03097,1313.101
OUT_03098,140.54
OUT_03099,1016.902
OUT_03100,126.782
OUT_03101,124.366
OUT_03102,383.436
OUT_03103,454.857
OUT_03104,177.804
OUT_03105,160.734
OUT_03106,116.309
OUT_03107,115.596
OUT_03108,131.378
OUT_03109,137.709
OUT_03110,167.451
OUT_03111,139.133
OUT_03112,273.276
OUT_03113,410.478
OUT_03114,155.509
OUT_03115,166.936
OUT_03116,269.327
OUT_03117,109.227
OUT_03118,116.713
OUT_03119,149.296
OUT_03120,155.011
OUT_03121,120.155
OUT_03122,171.521
OUT_03123,121.39
OUT_03124,123.132
OUT_03125,431.687
OUT_03126,128.381
OUT_03127,156.357
OUT_03128,140.194
OUT_03129,1123.91
OUT_03130,161.222
OUT_03131,2470.515
OUT_03132,111.738
OUT_03133,121.567
OUT_03134,1248.587
OUT_03135,143.913
OUT_03136,340.369
OUT_03137,115.791
OUT_03138,117.637
OUT_03139,287.297
OUT_03140,129.108
OUT_03141,183.223
OUT_03142,346.856
OUT_03143,112.994
OUT_03144,157.481
OUT_03145,101.501
OUT_03146,425.193
OUT_03147,417.606
OUT_03148,2635.023
OUT_03149,147.356
OUT_03150,296.135
OUT_03151,172.469
OUT_03152,156.81
OUT_03153,376.602
OUT_03154,1108.124
OUT_03155,420.946
OUT_03156,381.512
OUT_03157,1169.964
OUT_03158,119.246
OUT_03159,135.396
OUT_03160,414.393
OUT_03161,369.188
OUT_03162,148.758
OUT_03163,164.86
OUT_03164,1154.712
OUT_03165,358.844
OUT_03166,147.117
OUT_03167,2513.748
OUT_03168,147.15
OUT_03169,161.341
OUT_03170,436.683
OUT_03171,336.718
OUT_03172,133.604
OUT_03173,155.626
OUT_03174,174.125
OUT_03175,350.352
OUT_03176,111.375
OUT_03177,96.34
OUT_03178,127.134
OUT_03179,334.991
OUT_03180,125.608
OUT_03181,139.289
OUT_03182,130.496
OUT_03183,1192.823
OUT_03184,429.707
OUT_03185,156.974
OUT_03186,371.516
OUT_03187,131.441
OUT_03188,157.418
OUT_03189,339.426
OUT_03190,190.54
OUT_03191,1158.223
OUT_03192,104.914
OUT_03193,114.277
OUT_03194,442.497
OUT_03195,155.205
OUT_03196,390.411
OUT_03197,119.414
OUT_03198,126.628
OUT_03199,350.51
OUT_03200,293.065
OUT_03201,402.367
OUT_03202,114.484
OUT_03203,116.564
OUT_03204,388.017
OUT_03205,135.904
OUT_03206,460.063
OUT_03207,150.725
OUT_03208,2488.915
OUT_03209,163.452
OUT_03210,103.721
OUT_03211,307.362
OUT_03212,145.257
OUT_03213,297.396
OUT_03214,432.103
OUT_03215,388.689
OUT_03216,113.901
OUT_03217,389.233
OUT_03218,330.118
OUT_03219,112.675
OUT_03220,301.416
OUT_03221,419.525
OUT_03222,288.748
OUT_03223,121.91
OUT_03224,454.421
OUT_03225,163.483
OUT_03226,155.217
OUT_03227,351.653
OUT_03228,2397.789
OUT_03229,2755.114
OUT_03230,144.983
OUT_03231,398.278
OUT_03232,131.951
OUT_03233,1077.141
OUT_03234,293.212
OUT_03235,128.684
OUT_03236,169.13
OUT_03237,170.688
OUT_03238,170.062
OUT_03239,159.517
OUT_03240,313.027
OUT_03241,159.131
OUT_03242,1084.808
OUT_03243,153.582
OUT_03244,128.704
OUT_03245,257.805
OUT_03246,117.999
OUT_03247,134.857
OUT_03248,357.206
OUT_03249,121.803
OUT_03250,140.502
OUT_03251,1192.021
OUT_03252,1205.761
OUT_03253,130.979
OUT_03254,155.18
OUT_03255,339.728
OUT_03256,419.608
OUT_03257,149.468
OUT_03258,452.846
OUT_03259,324.575
OUT_03260,1163.233
OUT_03261,158.862
OUT_03262,354.038
OUT_03263,117.17
OUT_03264,2439.493
OUT_03265,340.254
OUT_03266,105.235
OUT_03267,142.618
OUT_03268,454.758
OUT_03269,285.443
OUT_03270,108.92
OUT_03271,1061.756
OUT_03272,404.418
OUT_03273,1110.417
OUT_03274,2493.899
OUT_03275,188.574
OUT_03276,122.167
OUT_03277,139.27
OUT_03278,151.089
OUT_03279,122.65
OUT_03280,135.747
OUT_03281,2500.051
OUT_03282,385.255
OUT_03283,1126.648
OUT_03284,143.254
OUT_03285,122.125
OUT_03286,151.055
OUT_03287,2406.975
OUT_03288,431.984
OUT_03289,121.317
OUT_03290,132.21
OUT_03291,151.392
OUT_03292,157.846
OUT_03293,389.467
OUT_03294,168.373
OUT_03295,174.324
OUT_03296,2468.837
OUT_03297,1216.932
OUT_03298,160.458
OUT_03299,307.028
OUT_03300,292.647
OUT_03301,366.594
OUT_03302,1195.831
OUT_03303,133.811
OUT_03304,134.145
OUT_03305,166.248
OUT_03306,143.094
OUT_03307,154.982
OUT_03308,423.233
OUT_03309,115.709
OUT_03310,98.903
OUT_03311,155.79
OUT_03312,1209.249
OUT_03313,123.085
OUT_03314,138.914
OUT_03315,2469.693
OUT_03316,1280.186
OUT_03317,91.237
OUT_03318,118.548
OUT_03319,387.38
OUT_03320,85.954
OUT_03321,326.101
OUT_03322,406.446
OUT_03323,394.782
OUT_03324,1136.251
OUT_03325,2555.871
OUT_03326,142.721
OUT_03327,1113.169
OUT_03328,1170.619
OUT_03329,450.844
OUT_03330,2363.533
OUT_03331,145.894
OUT_03332,147.299
OUT_03333,1198.348
OUT_03334,1225.119
OUT_03335,415.599
OUT_03336,367.6
OUT_03337,338.26
OUT_03338,160.714
OUT_03339,148.178
OUT_03340,392.434
OUT_03341,1241.675
OUT_03342,129.031
OUT_03343,153.996
OUT_03344,1166.417
OUT_03345,1070.579
OUT_03346,2474.628
OUT_03347,161.558
OUT_03348,145.599
OUT_03349,441.389
OUT_03350,371.629
OUT_03351,145.611
OUT_03352,339.447
OUT_03353,2591.124
OUT_03354,123.704
OUT_03355,165.107
OUT_03356,96.268
OUT_03357,312.957
OUT_03358,2474.025
OUT_03359,1112.404
OUT_03360,154.067
OUT_03361,366.737
OUT_03362,112.687
OUT_03363,124.443
OUT_03364,135.6
OUT_03365,148.945
OUT_03366,384.883
OUT_03367,408.7
OUT_03368,1119.586
OUT_03369,141.002
OUT_03370,443.426
OUT_03371,343.612
OUT_03372,115.705
OUT_03373,389.018
OUT_03374,112.383
OUT_03375,132.048
OUT_03376,99.378
OUT_03377,370.394
OUT_03378,105.133
OUT_03379,483.927
OUT_03380,143.649
OUT_03381,2792.72
OUT_03382,161.036
OUT_03383,1026.368
OUT_03384,140.75
OUT_03385,117.029
OUT_03386,155.109
OUT_03387,1144.521
OUT_03388,969.728
OUT_03389,160.259
OUT_03390,121.497
OUT_03391,1244.081
OUT_03392,139.44
OUT_03393,374.272
OUT_03394,154.791
OUT_03395,1078.035
OUT_03396,358.084
OUT_03397,138.283
OUT_03398,104.462
OUT_03399,145.944
OUT_03400,458.475
OUT_03401,323.278
OUT_03402,2672.648
OUT_03403,127.15
OUT_03404,128.538
OUT_03405,114.161
OUT_03406,1125.17
OUT_03407,345.767
OUT_03408,127.917
OUT_03409,403.352
OUT_03410,136.705
OUT_03411,2457.764
OUT_03412,135.894
OUT_03413,1194.883
OUT_03414,1251.761
OUT_03415,2429.944
OUT_03416,165.122
OUT_03417,168.136
OUT_03418,1234.631
OUT_03419,120.455
OUT_03420,160.288
OUT_03421,163.949
OUT_03422,151.654
OUT_03423,1197.762
OUT_03424,1203.042
OUT_03425,322.677
OUT_03426,111.883
OUT_03427,306.368
OUT_03428,122.563
OUT_03429,146.074
OUT_03430,357.801
OUT_03431,97.339
OUT_03432,155.218
OUT_03433,125.152
OUT_03434,291.373
OUT_03435,161.833
OUT_03436,1071.866
OUT_03437,131.422
OUT_03438,448.316
OUT_03439,360.215
OUT_03440,148.156
OUT_03441,138.636
OUT_03442,302.716
OUT_03443,1143.794
OUT_03444,1216.307
OUT_03445,333.439
OUT_03446,1107.318
OUT_03447,151.854
OUT_03448,363.514
OUT_03449,97.752
OUT_03450,327.87
OUT_03451,1204.997
OUT_03452,114.749
OUT_03453,466.433
OUT_03454,173.976
OUT_03455,136.839
OUT_03456,93.928
OUT_03457,407.015
OUT_03458,2483.295
OUT_03459,152.777
OUT_03460,123.546
OUT_03461,139.287
OUT_03462,121.534
OUT_03463,135.791
OUT_03464,136.248
OUT_03465,382.816
OUT_03466,382.429
OUT_03467,1186.197
OUT_03468,293.696
OUT_03469,136.944
OUT_03470,100.306
OUT_03471,135.518
OUT_03472,164.02
OUT_03473,133.081
OUT_03474,156.057
OUT_03475,136.565
OUT_03476,397.496
OUT_03477,321.413
OUT_03478,117.362
OUT_03479,213.0
OUT_03480,400.429
OUT_03481,116.352
OUT_03482,980.371
OUT_03483,123.03
OUT_03484,2699.112
OUT_03485,151.61
OUT_03486,151.145
OUT_03487,127.924
OUT_03488,134.604
OUT_03489,450.703
OUT_03490,112.424
OUT_03491,334.037
OUT_03492,1207.953
OUT_03493,2540.479
OUT_03494,423.433
OUT_03495,132.123
OUT_03496,99.934
OUT_03497,343.186
OUT_03498,277.512
OUT_03499,378.771
OUT_03500,143.162
OUT_03501,374.61
OUT_03502,134.758
OUT_03503,389.413
OUT_03504,114.707
OUT_03505,316.51
OUT_03506,328.157
OUT_03507,151.797
OUT_03508,1209.865
OUT_03509,99.745
OUT_03510,127.26
OUT_03511,144.953
OUT_03512,123.542
OUT_03513,1230.503
OUT_03514,113.896
OUT_03515,138.996
OUT_03516,142.586
OUT_03517,165.57
OUT_03518,290.784
OUT_03519,1219.145
OUT_03520,123.917
OUT_03521,419.629
OUT_03522,156.533
OUT_03523,151.914
OUT_03524,415.122
OUT_03525,108.643
OUT_03526,95.554
OUT_03527,178.711
OUT_03528,117.983
OUT_03529,439.015
OUT_03530,180.168
OUT_03531,339.04
OUT_03532,185.394
OUT_03533,1221.423
OUT_03534,444.42
OUT_03535,168.336
OUT_03536,179.774
OUT_03537,337.678
OUT_03538,156.734
OUT_03539,169.575
OUT_03540,94.197
OUT_03541,379.344
OUT_03542,362.297
OUT_03543,124.566
OUT_03544,144.129
OUT_03545,384.782
OUT_03546,119.154
OUT_03547,358.077
OUT_03548,132.523
OUT_03549,2504.705
OUT_03550,327.388
OUT_03551,1242.678
OUT_03552,430.139
OUT_03553,131.969
OUT_03554,373.039
OUT_03555,1096.801
OUT_03556,2525.302
OUT_03557,128.52
OUT_03558,360.03
OUT_03559,2622.139
OUT_03560,390.613
OUT_03561,330.845
OUT_03562,160.816
OUT_03563,385.445
OUT_03564,380.423
OUT_03565,302.727
OUT_03566,183.791
OUT_03567,425.366
OUT_03568,174.466
OUT_03569,1165.474
OUT_03570,2458.3
OUT_03571,1262.42
OUT_03572,1142.113
OUT_03573,142.836
OUT_03574,385.797
OUT_03575,1099.681
OUT_03576,160.002
OUT_03577,2603.407
OUT_03578,448.938
OUT_03579,1139.129
OUT_03580,132.155
OUT_03581,142.244
OUT_03582,420.964
OUT_03583,133.178
OUT_03584,118.498
OUT_03585,139.582
OUT_03586,149.152
OUT_03587,377.732
OUT_03588,143.369
OUT_03589,108.406
OUT_03590,129.454
OUT_03591,2403.247
OUT_03592,150.416
OUT_03593,133.624
OUT_03594,296.66
OUT_03595,330.111
OUT_03596,401.539
OUT_03597,1208.115
OUT_03598,1301.104
OUT_03599,137.331
OUT_03600,121.311
OUT_03601,311.09
OUT_03602,298.864
OUT_03603,143.676
OUT_03604,413.568
OUT_03605,142.437
OUT_03606,1344.792
OUT_03607,303.149
OUT_03608,157.438
OUT_03609,137.96
OUT_03610,146.656
OUT_03611,154.786
OUT_03612,149.476
OUT_03613,160.338
OUT_03614,126.268
OUT_03615,1169.791
OUT_03616,1230.873
OUT_03617,150.222
OUT_03618,156.214
OUT_03619,322.309
OUT_03620,384.085
OUT_03621,172.56
OUT_03622,1148.885
OUT_03623,311.081
OUT_03624,153.646
OUT_03625,144.959
OUT_03626,123.215
OUT_03627,134.668
OUT_03628,84.854
OUT_03629,1199.004
OUT_03630,411.069
OUT_03631,1265.207
OUT_03632,154.385
OUT_03633,186.895
OUT_03634,1249.578
OUT_03635,2932.618
OUT_03636,154.283
OUT_03637,349.449
OUT_03638,100.118
OUT_03639,120.456
OUT_03640,119.374
OUT_03641,400.866
OUT_03642,227.041
OUT_03643,468.492
OUT_03644,1203.001
OUT_03645,377.187
OUT_03646,167.206
OUT_03647,128.175
OUT_03648,342.929
OUT_03649,374.604
OUT_03650,142.33
OUT_03651,1436.552
OUT_03652,129.72
OUT_03653,2588.875
OUT_03654,147.371
OUT_03655,327.557
OUT_03656,137.87
OUT_03657,133.907
OUT_03658,114.563
OUT_03659,142.06
OUT_03660,132.111
OUT_03661,145.586
OUT_03662,110.013
OUT_03663,297.703
OUT_03664,320.548
OUT_03665,1238.42
OUT_03666,109.341
OUT_03667,1194.989
OUT_03668,452.842
OUT_03669,1134.644
OUT_03670,121.749
OUT_03671,427.879
OUT_03672,179.101
OUT_03673,158.429
OUT_03674,397.84
OUT_03675,148.293
OUT_03676,2494.948
OUT_03677,122.792
OUT_03678,306.801
OUT_03679,126.889
OUT_03680,2552.672
OUT_03681,146.158
OUT_03682,140.986
OUT_03683,153.637
OUT_03684,164.66
OUT_03685,155.123
OUT_03686,2583.659
OUT_03687,107.046
OUT_03688,105.189
OUT_03689,157.517
OUT_03690,128.209
OUT_03691,156.026
OUT_03692,157.689
OUT_03693,101.805
OUT_03694,189.928
OUT_03695,414.574
OUT_03696,145.077
OUT_03697,380.412
OUT_03698,418.319
OUT_03699,1178.92
OUT_03700,416.184
OUT_03701,1269.36
OUT_03702,170.14
OUT_03703,344.749
OUT_03704,350.853
OUT_03705,162.642
OUT_03706,105.264
OUT_03707,155.114
OUT_03708,165.032
OUT_03709,996.299
OUT_03710,286.128
OUT_03711,138.496
OUT_03712,119.49
OUT_03713,143.628
OUT_03714,365.48
OUT_03715,441.874
OUT_03716,128.651
OUT_03717,94.639
OUT_03718,389.512
OUT_03719,2545.055
OUT_03720,103.009
OUT_03721,395.31
OUT_03722,122.534
OUT_03723,1206.469
OUT_03724,2478.677
OUT_03725,126.663
OUT_03726,325.232
OUT_03727,145.25
OUT_03728,113.506
OUT_03729,414.642
OUT_03730,346.975
OUT_03731,362.565
OUT_03732,116.859
OUT_03733,116.469
OUT_03734,377.887
OUT_03735,335.946
OUT_03736,399.538
OUT_03737,167.799
OUT_03738,428.205
OUT_03739,1203.297
OUT_03740,93.846
OUT_03741,2552.646
OUT_03742,127.218
OUT_03743,351.253
OUT_03744,117.906
OUT_03745,123.675
OUT_03746,351.296
OUT_03747,152.379
OUT_03748,279.879
OUT_03749,110.332
OUT_03750,166.205
OUT_03751,152.835
OUT_03752,101.531
OUT_03753,118.194
OUT_03754,1213.031
OUT_03755,181.684
OUT_03756,305.778
OUT_03757,2418.921
OUT_03758,105.802
OUT_03759,145.563
OUT_03760,376.482
OUT_03761,133.175
OUT_03762,410.821
OUT_03763,143.659
OUT_03764,1121.426
OUT_03765,157.404
OUT_03766,2501.851
OUT_03767,414.83
OUT_03768,122.977
OUT_03769,420.634
OUT_03770,432.799
OUT_03771,330.914
OUT_03772,1097.028
OUT_03773,1152.153
OUT_03774,100.17
OUT_03775,118.913
OUT_03776,137.769
OUT_03777,107.226
OUT_03778,137.157
OUT_03779,117.585
OUT_03780,164.282
OUT_03781,443.646
OUT_03782,376.5
OUT_03783,120.982
OUT_03784,101.221
OUT_03785,171.336
OUT_03786,2857.963
OUT_03787,361.626
OUT_03788,121.09
OUT_03789,358.187
OUT_03790,145.394
OUT_03791,1199.142
OUT_03792,372.23
OUT_03793,170.313
OUT_03794,141.918
OUT_03795,387.969
OUT_03796,1298.393
OUT_03797,136.803
OUT_03798,411.295
OUT_03799,309.577
OUT_03800,1126.743
OUT_03801,284.515
OUT_03802,368.724
OUT_03803,1119.777
OUT_03804,386.223
OUT_03805,104.154
OUT_03806,141.249
OUT_03807,143.042
OUT_03808,123.057
OUT_03809,153.819
OUT_03810,117.684
OUT_03811,111.616
OUT_03812,161.936
OUT_03813,121.305
OUT_03814,2561.385
OUT_03815,1178.094
OUT_03816,112.762
OUT_03817,107.66
OUT_03818,154.384
OUT_03819,288.268
OUT_03820,126.196
OUT_03821,161.532
OUT_03822,183.271
OUT_03823,306.708
OUT_03824,1292.792
OUT_03825,373.336
OUT_03826,136.283
OUT_03827,122.21
OUT_03828,1072.773
OUT_03829,2451.702
OUT_03830,182.007
OUT_03831,476.247
OUT_03832,364.321
OUT_03833,1196.199
OUT_03834,137.381
OUT_03835,109.205
OUT_03836,162.082
OUT_03837,148.78
OUT_03838,127.837
OUT_03839,136.261
OUT_03840,1242.987
OUT_03841,1173.861
OUT_03842,423.709
OUT_03843,405.834
OUT_03844,1245.197
OUT_03845,119.931
OUT_03846,424.137
OUT_03847,1318.6
OUT_03848,435.48
OUT_03849,1138.699
OUT_03850,1097.7
OUT_03851,117.345
OUT_03852,108.124
OUT_03853,210.567
OUT_03854,112.624
OUT_03855,165.838
OUT_03856,304.511
OUT_03857,161.504
OUT_03858,117.488
OUT_03859,107.362
OUT_03860,439.977
OUT_03861,1168.531
OUT_03862,128.163
OUT_03863,1090.999
OUT_03864,981.501
OUT_03865,140.488
OUT_03866,2681.829
OUT_03867,156.623
OUT_03868,139.795
OUT_03869,391.915
OUT_03870,117.95
OUT_03871,169.238
OUT_03872,134.613
OUT_03873,400.563
OUT_03874,124.358
OUT_03875,314.05
OUT_03876,1260.484
OUT_03877,366.533
OUT_03878,1185.081
OUT_03879,139.831
OUT_03880,108.091
OUT_03881,147.791
OUT_03882,157.888
OUT_03883,142.347
OUT_03884,137.73
OUT_03885,2711.945
OUT_03886,296.126
OUT_03887,163.041
OUT_03888,108.666
OUT_03889,424.585
OUT_03890,1233.024
OUT_03891,373.619
OUT_03892,166.117
OUT_03893,1226.769
OUT_03894,128.872
OUT_03895,1160.242
OUT_03896,144.219
OUT_03897,383.996
OUT_03898,412.686
OUT_03899,393.589
OUT_03900,1075.36
OUT_03901,130.197
OUT_03902,1197.36
OUT_03903,111.45
OUT_03904,152.803
OUT_03905,457.307
OUT_03906,1119.592
OUT_03907,299.365
OUT_03908,159.297
OUT_03909,384.99
OUT_03910,1190.551
OUT_03911,2522.092
OUT_03912,147.439
OUT_03913,142.24
OUT_03914,139.526
OUT_03915,122.668
OUT_03916,1157.652
OUT_03917,124.802
OUT_03918,1139.803
OUT_03919,158.655
OUT_03920,1096.21
OUT_03921,151.222
OUT_03922,383.58
OUT_03923,2526.29
OUT_03924,128.897
OUT_03925,138.161
OUT_03926,1076.437
OUT_03927,1143.516
OUT_03928,2513.792
OUT_03929,121.218
OUT_03930,298.938
OUT_03931,415.03
OUT_03932,404.693
OUT_03933,107.854
OUT_03934,395.548
OUT_03935,401.455
OUT_03936,141.862
OUT_03937,277.986
OUT_03938,132.377
OUT_03939,1199.119
OUT_03940,363.006
OUT_03941,168.993
OUT_03942,436.385
OUT_03943,121.542
OUT_03944,2419.95
OUT_03945,143.727
OUT_03946,146.357
OUT_03947,414.607
OUT_03948,120.733
OUT_03949,140.441
OUT_03950,162.898
OUT_03951,106.986
OUT_03952,127.075
OUT_03953,421.831
OUT_03954,2539.578
OUT_03955,361.478
OUT_03956,131.38
OUT_03957,2484.244
OUT_03958,452.413
OUT_03959,2533.441
OUT_03960,1042.164
OUT_03961,132.685
OUT_03962,138.371
OUT_03963,415.272
OUT_03964,402.897
OUT_03965,1140.346
OUT_03966,114.374
OUT_03967,2479.228
OUT_03968,162.415
OUT_03969,196.104
OUT_03970,86.384
OUT_03971,105.312
OUT_03972,989.884
OUT_03973,126.315
OUT_03974,346.882
OUT_03975,452.722
OUT_03976,166.35
OUT_03977,139.971
OUT_03978,155.53
OUT_03979,368.298
OUT_03980,1255.293
OUT_03981,374.077
OUT_03982,1148.495
OUT_03983,2657.851
OUT_03984,136.984
OUT_03985,347.186
OUT_03986,1266.284
OUT_03987,126.889
OUT_03988,1121.088
OUT_03989,152.7
OUT_03990,122.526
OUT_03991,1084.845
OUT_03992,371.177
OUT_03993,383.586
OUT_03994,1216.492
OUT_03995,157.649
OUT_03996,189.321
OUT_03997,379.994
OUT_03998,129.804
OUT_03999,2531.951
OUT_04000,145.237
OUT_04001,152.788
OUT_04002,172.821
OUT_04003,160.69
OUT_04004,119.664
OUT_04005,1189.666
OUT_04006,403.047
OUT_04007,331.745
OUT_04008,160.567
OUT_04009,1147.707
OUT_04010,154.228
OUT_04011,313.632
OUT_04012,137.932
OUT_04013,1210.353
OUT_04014,111.674
OUT_04015,154.129
OUT_04016,153.959
OUT_04017,432.746
OUT_04018,296.869
OUT_04019,124.38
OUT_04020,132.675
OUT_04021,1153.742
OUT_04022,149.771
OUT_04023,365.235
OUT_04024,106.204
OUT_04025,357.168
OUT_04026,1258.617
OUT_04027,2540.615
OUT_04028,167.894
OUT_04029,113.666
OUT_04030,148.824
OUT_04031,330.334
OUT_04032,466.257
OUT_04033,444.765
OUT_04034,376.58
OUT_04035,119.783
OUT_04036,113.67
OUT_04037,287.569
OUT_04038,144.491
OUT_04039,394.255
OUT_04040,100.842
OUT_04041,120.82
OUT_04042,122.466
OUT_04043,117.528
OUT_04044,1167.881
OUT_04045,396.296
OUT_04046,284.284
OUT_04047,134.483
OUT_04048,1293.867
OUT_04049,189.46
OUT_04050,1127.14
OUT_04051,140.423
OUT_04052,1093.211
OUT_04053,122.864
OUT_04054,141.701
OUT_04055,95.812
OUT_04056,2482.824
OUT_04057,372.245
OUT_04058,108.138
OUT_04059,1197.648
OUT_04060,324.052
OUT_04061,1190.367
OUT_04062,1208.006
OUT_04063,1158.83
OUT_04064,1221.836
OUT_04065,148.561
OUT_04066,180.13
OUT_04067,357.764
OUT_04068,1021.956
OUT_04069,401.015
OUT_04070,436.921
OUT_04071,1233.874
OUT_04072,148.759
OUT_04073,110.3
OUT_04074,145.296
OUT_04075,344.211
OUT_04076,422.329
OUT_04077,139.072
OUT_04078,160.538
OUT_04079,133.478
OUT_04080,279.748
OUT_04081,122.081
OUT_04082,127.519
OUT_04083,361.513
OUT_04084,129.294
OUT_04085,156.983
OUT_04086,163.718
OUT_04087,429.103
OUT_04088,400.23
OUT_04089,114.621
OUT_04090,410.579
OUT_04091,113.158
OUT_04092,456.049
OUT_04093,123.11
OUT_04094,310.855
OUT_04095,150.061
OUT_04096,147.986
OUT_04097,1150.938
OUT_04098,365.559
OUT_04099,391.071
OUT_04100,129.13
OUT_04101,113.798
OUT_04102,1127.03
OUT_04103,128.071
OUT_04104,151.393
OUT_04105,286.545
OUT_04106,354.732
OUT_04107,344.281
OUT_04108,1243.943
OUT_04109,130.6
OUT_04110,394.047
OUT_04111,1137.798
OUT_04112,115.776
OUT_04113,127.529
OUT_04114,320.084
OUT_04115,368.905
OUT_04116,117.327
OUT_04117,125.863
OUT_04118,117.68
OUT_04119,1156.663
OUT_04120,2502.945
OUT_04121,415.093
OUT_04122,327.239
OUT_04123,307.591
OUT_04124,144.673
OUT_04125,126.614
OUT_04126,304.716
OUT_04127,162.39
OUT_04128,2410.871
OUT_04129,166.705
OUT_04130,142.444
OUT_04131,1251.473
OUT_04132,120.341
OUT_04133,388.2
OUT_04134,116.483
OUT_04135,327.065
OUT_04136,2630.305
OUT_04137,361.837
OUT_04138,142.044
OUT_04139,1131.012
OUT_04140,129.75
OUT_04141,108.221
OUT_04142,1185.918
OUT_04143,1218.908
OUT_04144,136.777
OUT_04145,148.137
OUT_04146,111.917
OUT_04147,130.908
OUT_04148,140.329
OUT_04149,78.142
OUT_04150,351.791
OUT_04151,338.713
OUT_04152,112.604
OUT_04153,144.678
OUT_04154,1192.667
OUT_04155,1067.382
OUT_04156,79.419
OUT_04157,155.404
OUT_04158,148.514
OUT_04159,156.44
OUT_04160,131.268
OUT_04161,2544.329
OUT_04162,121.114
OUT_04163,129.891
OUT_04164,133.422
OUT_04165,1105.413
OUT_04166,150.953
OUT_04167,120.813
OUT_04168,112.264
OUT_04169,152.795
OUT_04170,376.452
OUT_04171,2658.113
OUT_04172,109.363
OUT_04173,297.012
OUT_04174,1255.652
OUT_04175,121.041
OUT_04176,296.966
OUT_04177,118.854
OUT_04178,139.102
OUT_04179,170.154
OUT_04180,369.039
OUT_04181,367.93
OUT_04182,134.608
OUT_04183,160.077
OUT_04184,158.943
OUT_04185,295.536
OUT_04186,151.75
OUT_04187,440.159
OUT_04188,119.222
OUT_04189,463.729
OUT_04190,1115.381
OUT_04191,173.993
OUT_04192,134.408
OUT_04193,1168.655
OUT_04194,1232.839
OUT_04195,181.637
OUT_04196,1260.219
OUT_04197,148.453
OUT_04198,378.75
OUT_04199,2583.871
OUT_04200,347.138
OUT_04201,141.031
OUT_04202,150.69
OUT_04203,472.463
OUT_04204,109.025
OUT_04205,287.301
OUT_04206,2624.619
OUT_04207,414.159
OUT_04208,106.015
OUT_04209,148.775
OUT_04210,293.979
OUT_04211,151.969
OUT_04212,415.618
OUT_04213,146.875
OUT_04214,419.401
OUT_04215,294.751
OUT_04216,389.194
OUT_04217,1368.768
OUT_04218,145.45
OUT_04219,153.676
OUT_04220,131.492
OUT_04221,987.311
OUT_04222,119.549
OUT_04223,127.412
OUT_04224,386.299
OUT_04225,138.663
OUT_04226,1250.14
OUT_04227,382.265
OUT_04228,115.014
OUT_04229,339.483
OUT_04230,191.236
OUT_04231,436.029
OUT_04232,1099.534
OUT_04233,1119.81
OUT_04234,157.209
OUT_04235,180.571
OUT_04236,339.365
OUT_04237,2457.114
OUT_04238,443.829
OUT_04239,2376.028
OUT_04240,134.626
OUT_04241,346.38
OUT_04242,104.34
OUT_04243,129.499
OUT_04244,171.725
OUT_04245,394.131
OUT_04246,121.815
OUT_04247,107.305
OUT_04248,144.552
OUT_04249,362.691
OUT_04250,1228.533
OUT_04251,2365.166
OUT_04252,105.037
OUT_04253,88.495
OUT_04254,1235.639
OUT_04255,160.184
OUT_04256,415.235
OUT_04257,162.363
OUT_04258,423.968
OUT_04259,1156.907
OUT_04260,2627.387
OUT_04261,1245.859
OUT_04262,109.112
OUT_04263,433.53
OUT_04264,110.59
OUT_04265,145.388
OUT_04266,158.751
OUT_04267,133.92
OUT_04268,133.124
OUT_04269,1190.297
OUT_04270,436.941
OUT_04271,400.118
OUT_04272,379.838
OUT_04273,107.462
OUT_04274,377.111
OUT_04275,136.045
OUT_04276,365.848
OUT_04277,164.353
OUT_04278,136.434
OUT_04279,156.276
OUT_04280,394.871
OUT_04281,313.602
OUT_04282,1088.554
OUT_04283,310.351
OUT_04284,127.01
OUT_04285,148.538
OUT_04286,368.913
OUT_04287,275.873
OUT_04288,145.248
OUT_04289,160.88
OUT_04290,135.361
OUT_04291,388.666
OUT_04292,164.646
OUT_04293,1049.997
OUT_04294,351.739
OUT_04295,2493.936
OUT_04296,140.325
OUT_04297,122.95
OUT_04298,319.378
OUT_04299,451.461
OUT_04300,133.598
OUT_04301,157.701
OUT_04302,157.611
OUT_04303,142.262
OUT_04304,1199.745
OUT_04305,268.717
OUT_04306,114.153
OUT_04307,111.961
OUT_04308,110.442
OUT_04309,1222.637
OUT_04310,154.901
OUT_04311,127.223
OUT_04312,1160.168
OUT_04313,146.627
OUT_04314,141.363
OUT_04315,117.27
OUT_04316,131.094
OUT_04317,431.811
OUT_04318,362.446
OUT_04319,152.72
OUT_04320,1206.843
OUT_04321,126.979
OUT_04322,1231.224
OUT_04323,136.214
OUT_04324,384.717
OUT_04325,158.617
OUT_04326,398.596
OUT_04327,118.14
OUT_04328,1219.668
OUT_04329,107.221
OUT_04330,408.615
OUT_04331,296.119
OUT_04332,133.722
OUT_04333,441.108
OUT_04334,438.802
OUT_04335,1164.68
OUT_04336,116.639
OUT_04337,146.435
OUT_04338,154.069
OUT_04339,152.557
OUT_04340,134.415
OUT_04341,115.403
OUT_04342,1171.288
OUT_04343,146.386
OUT_04344,171.28
OUT_04345,129.78
OUT_04346,150.664
OUT_04347,1130.717
OUT_04348,128.464
OUT_04349,1189.664
OUT_04350,436.89
OUT_04351,1017.38
OUT_04352,436.681
OUT_04353,339.897
OUT_04354,120.577
OUT_04355,178.292
OUT_04356,1236.886
OUT_04357,1169.516
OUT_04358,383.298
OUT_04359,2471.608
OUT_04360,332.974
OUT_04361,388.792
OUT_04362,144.622
OUT_04363,122.726
OUT_04364,128.582
OUT_04365,134.596
OUT_04366,151.591
OUT_04367,171.67
OUT_04368,2545.004
OUT_04369,404.483
OUT_04370,471.408
OUT_04371,148.768
OUT_04372,104.794
OUT_04373,381.401
OUT_04374,123.627
OUT_04375,122.83
OUT_04376,131.378
OUT_04377,124.043
OUT_04378,162.002
OUT_04379,154.667
OUT_04380,137.398
OUT_04381,161.373
OUT_04382,1168.751
OUT_04383,176.331
OUT_04384,168.606
OUT_04385,1293.029
OUT_04386,144.884
OUT_04387,351.572
OUT_04388,320.428
OUT_04389,156.706
OUT_04390,386.541
OUT_04391,282.163
OUT_04392,441.958
OUT_04393,2470.092
OUT_04394,147.452
OUT_04395,106.706
OUT_04396,157.132
OUT_04397,104.311
OUT_04398,91.417
OUT_04399,1220.733
OUT_04400,1162.53
OUT_04401,131.831
OUT_04402,1060.814
OUT_04403,128.739
OUT_04404,1268.019
OUT_04405,1011.366
OUT_04406,119.127
OUT_04407,342.982
OUT_04408,132.764
OUT_04409,2525.567
OUT_04410,170.697
OUT_04411,147.093
OUT_04412,136.826
OUT_04413,1209.555
OUT_04414,1202.355
OUT_04415,1317.829
OUT_04416,146.774
OUT_04417,332.05
OUT_04418,347.424
OUT_04419,124.037
OUT_04420,110.548
OUT_04421,81.956
OUT_04422,1156.937
OUT_04423,327.214
OUT_04424,375.57
OUT_04425,145.999
OUT_04426,132.725
OUT_04427,156.926
OUT_04428,126.876
OUT_04429,351.653
OUT_04430,393.591
OUT_04431,140.22
OUT_04432,334.092
OUT_04433,1126.981
OUT_04434,302.773
OUT_04435,1072.973
OUT_04436,1216.587
OUT_04437,1100.326
OUT_04438,1112.428
OUT_04439,1264.83
OUT_04440,314.506
OUT_04441,149.723
OUT_04442,1248.541
OUT_04443,169.191
OUT_04444,310.014
OUT_04445,72.248
OUT_04446,449.877
OUT_04447,164.526
OUT_04448,291.063
OUT_04449,1222.105
OUT_04450,412.366
OUT_04451,355.565
OUT_04452,106.683
OUT_04453,429.218
OUT_04454,404.583
OUT_04455,111.184
OUT_04456,103.621
OUT_04457,410.57
OUT_04458,386.308
OUT_04459,130.682
OUT_04460,377.423
OUT_04461,124.519
OUT_04462,128.89
OUT_04463,104.817
OUT_04464,140.373
OUT_04465,451.234
OUT_04466,383.619
OUT_04467,449.256
OUT_04468,179.276
OUT_04469,104.691
OUT_04470,118.93
OUT_04471,1239.733
OUT_04472,364.653
OUT_04473,125.031
OUT_04474,239.414
OUT_04475,89.936
OUT_04476,415.354
OUT_04477,114.449
OUT_04478,1158.402
OUT_04479,312.48
OUT_04480,1068.258
OUT_04481,100.149
OUT_04482,347.028
OUT_04483,171.233
OUT_04484,392.946
OUT_04485,138.391
OUT_04486,124.304
OUT_04487,1015.968
OUT_04488,138.275
OUT_04489,1269.295
OUT_04490,122.828
OUT_04491,103.862
OUT_04492,1199.652
OUT_04493,175.026
OUT_04494,181.536
OUT_04495,157.839
OUT_04496,108.427
OUT_04497,409.061
OUT_04498,416.451
OUT_04499,148.622
OUT_04500,2751.806
OUT_04501,135.475
OUT_04502,431.75
OUT_04503,125.857
OUT_04504,182.943
OUT_04505,130.446
OUT_04506,348.022
OUT_04507,1164.335
OUT_04508,162.818
OUT_04509,1120.902
OUT_04510,363.961
OUT_04511,155.185
OUT_04512,134.622
OUT_04513,146.776
OUT_04514,1227.536
OUT_04515,356.77
OUT_04516,310.018
OUT_04517,459.648
OUT_04518,353.355
OUT_04519,88.728
OUT_04520,1261.87
OUT_04521,96.736
OUT_04522,88.03
OUT_04523,1240.829
OUT_04524,119.659
OUT_04525,313.834
OUT_04526,1216.846
OUT_04527,138.611
OUT_04528,1149.365
OUT_04529,154.323
OUT_04530,151.038
OUT_04531,110.738
OUT_04532,108.943
OUT_04533,1175.146
OUT_04534,167.72
OUT_04535,436.164
OUT_04536,407.227
OUT_04537,139.084
OUT_04538,148.431
OUT_04539,103.02
OUT_04540,318.521
OUT_04541,364.47
OUT_04542,149.155
OUT_04543,133.781
OUT_04544,387.191
OUT_04545,154.151
OUT_04546,123.634
OUT_04547,353.871
OUT_04548,147.958
OUT_04549,156.454
OUT_04550,130.111
OUT_04551,363.008
OUT_04552,407.006
OUT_04553,353.813
OUT_04554,128.223
OUT_04555,128.178
OUT_04556,1279.878
OUT_04557,99.026
OUT_04558,387.126
OUT_04559,110.614
OUT_04560,1278.85
OUT_04561,289.412
OUT_04562,123.091
OUT_04563,116.324
OUT_04564,118.74
OUT_04565,404.104
OUT_04566,374.792
OUT_04567,183.522
OUT_04568,1245.907
OUT_04569,2460.717
OUT_04570,159.173
OUT_04571,420.16
OUT_04572,169.168
OUT_04573,379.814
OUT_04574,144.409
OUT_04575,473.412
OUT_04576,1252.884
OUT_04577,106.555
OUT_04578,112.027
OUT_04579,158.045
OUT_04580,408.466
OUT_04581,375.627
OUT_04582,147.172
OUT_04583,466.363
OUT_04584,184.007
OUT_04585,130.942
OUT_04586,378.417
OUT_04587,138.566
OUT_04588,165.433
OUT_04589,182.277
OUT_04590,368.959
OUT_04591,137.85
OUT_04592,409.074
OUT_04593,2565.943
OUT_04594,1260.948
OUT_04595,387.183
OUT_04596,131.21
OUT_04597,99.428
OUT_04598,1110.754
OUT_04599,285.683
OUT_04600,108.994
OUT_04601,121.991
OUT_04602,143.27
OUT_04603,436.238
OUT_04604,126.867
OUT_04605,145.643
OUT_04606,1122.522
OUT_04607,374.524
OUT_04608,140.39
OUT_04609,2524.304
OUT_04610,1130.428
OUT_04611,1236.154
OUT_04612,1172.94
OUT_04613,1170.919
OUT_04614,112.33
OUT_04615,1251.911
OUT_04616,129.713
OUT_04617,289.64
OUT_04618,373.01
OUT_04619,427.033
OUT_04620,1238.114
OUT_04621,405.615
OUT_04622,129.673
OUT_04623,130.493
OUT_04624,118.559
OUT_04625,151.775
OUT_04626,1253.082
OUT_04627,384.289
OUT_04628,304.652
OUT_04629,350.311
OUT_04630,367.931
OUT_04631,144.918
OUT_04632,138.064
OUT_04633,467.417
OUT_04634,356.164
OUT_04635,119.075
OUT_04636,135.555
OUT_04637,163.59
OUT_04638,141.869
OUT_04639,137.177
OUT_04640,2574.89
OUT_04641,432.631
OUT_04642,144.204
OUT_04643,152.183
OUT_04644,1261.872
OUT_04645,121.867
OUT_04646,125.383
OUT_04647,150.239
OUT_04648,323.129
OUT_04649,141.338
OUT_04650,148.071
OUT_04651,1243.664
OUT_04652,81.427
OUT_04653,123.087
OUT_04654,108.26
OUT_04655,91.915
OUT_04656,135.151
OUT_04657,138.593
OUT_04658,141.901
OUT_04659,155.008
OUT_04660,131.904
OUT_04661,295.702
OUT_04662,133.465
OUT_04663,135.426
OUT_04664,1084.643
OUT_04665,125.836
OUT_04666,165.791
OUT_04667,1242.658
OUT_04668,105.619
OUT_04669,364.503
OUT_04670,130.255
OUT_04671,409.76
OUT_04672,346.722
OUT_04673,161.928
OUT_04674,163.916
OUT_04675,395.472
OUT_04676,1208.27
OUT_04677,169.815
OUT_04678,2593.417
OUT_04679,1099.909
OUT_04680,132.957
OUT_04681,335.587
OUT_04682,179.695
OUT_04683,361.133
OUT_04684,132.385
OUT_04685,330.862
OUT_04686,375.943
OUT_04687,107.146
OUT_04688,128.542
OUT_04689,114.413
OUT_04690,129.707
OUT_04691,94.777
OUT_04692,148.821
OUT_04693,129.572
OUT_04694,1134.307
OUT_04695,444.852
OUT_04696,159.592
OUT_04697,347.355
OUT_04698,164.541
OUT_04699,413.867
OUT_04700,397.751
OUT_04701,1182.732
OUT_04702,433.142
OUT_04703,1164.5
OUT_04704,1120.468
OUT_04705,150.218
OUT_04706,1090.429
OUT_04707,354.31
OUT_04708,158.902
OUT_04709,137.486
OUT_04710,398.224
OUT_04711,117.643
OUT_04712,139.925
OUT_04713,1164.034
OUT_04714,1097.079
OUT_04715,143.197
OUT_04716,348.617
OUT_04717,113.847
OUT_04718,1128.456
OUT_04719,177.933
OUT_04720,172.146
OUT_04721,318.776
OUT_04722,172.526
OUT_04723,252.208
OUT_04724,1142.641
OUT_04725,131.506
OUT_04726,353.849
OUT_04727,106.907
OUT_04728,326.23
OUT_04729,459.849
OUT_04730,165.938
OUT_04731,325.858
OUT_04732,113.642
OUT_04733,1146.812
OUT_04734,1166.62
OUT_04735,91.241
OUT_04736,442.667
OUT_04737,1225.8
OUT_04738,117.248
OUT_04739,98.386
OUT_04740,118.493
OUT_04741,144.35
OUT_04742,1240.554
OUT_04743,327.79
OUT_04744,347.266
OUT_04745,119.863
OUT_04746,1045.792
OUT_04747,331.981
OUT_04748,143.564
OUT_04749,130.744
OUT_04750,118.671
OUT_04751,1203.017
OUT_04752,2521.875
OUT_04753,302.927
OUT_04754,435.118
OUT_04755,418.534
OUT_04756,357.281
OUT_04757,182.921
OUT_04758,1133.7
OUT_04759,110.605
OUT_04760,129.961
OUT_04761,400.387
OUT_04762,127.529
OUT_04763,147.208
OUT_04764,107.553
OUT_04765,402.82
OUT_04766,952.065
OUT_04767,169.838
OUT_04768,1224.752
OUT_04769,164.811
OUT_04770,120.909
OUT_04771,145.929
OUT_04772,1192.246
OUT_04773,125.291
OUT_04774,396.458
OUT_04775,155.245
OUT_04776,362.545
OUT_04777,128.407
OUT_04778,181.682
OUT_04779,431.056
OUT_04780,168.736
OUT_04781,353.489
OUT_04782,379.937
OUT_04783,319.826
OUT_04784,365.216
OUT_04785,359.12
OUT_04786,461.672
OUT_04787,153.827
OUT_04788,415.057
OUT_04789,183.546
OUT_04790,2513.691
OUT_04791,1271.063
OUT_04792,110.063
OUT_04793,143.744
OUT_04794,169.152
OUT_04795,1149.355
OUT_04796,303.961
OUT_04797,130.965
OUT_04798,1194.892
OUT_04799,103.699
OUT_04800,148.546
OUT_04801,105.846
OUT_04802,153.007
OUT_04803,149.138
OUT_04804,1238.201
OUT_04805,138.13
OUT_04806,133.764
OUT_04807,398.777
OUT_04808,1157.317
OUT_04809,134.498
OUT_04810,421.437
OUT_04811,1175.441
OUT_04812,2709.551
OUT_04813,123.922
OUT_04814,1173.833
OUT_04815,76.685
OUT_04816,133.412
OUT_04817,142.418
OUT_04818,375.069
OUT_04819,2753.79
OUT_04820,139.219
OUT_04821,139.539
OUT_04822,145.167
OUT_04823,453.892
OUT_04824,140.239
OUT_04825,101.753
OUT_04826,174.362
OUT_04827,103.131
OUT_04828,129.081
OUT_04829,117.576
OUT_04830,1217.992
OUT_04831,136.875
OUT_04832,407.005
OUT_04833,476.966
OUT_04834,141.396
OUT_04835,2660.214
OUT_04836,371.496
OUT_04837,143.639
OUT_04838,100.384
OUT_04839,111.219
OUT_04840,153.003
OUT_04841,164.229
OUT_04842,120.938
OUT_04843,118.54
OUT_04844,1233.52
OUT_04845,83.289
OUT_04846,142.154
OUT_04847,120.407
OUT_04848,301.818
OUT_04849,413.182
OUT_04850,157.383
OUT_04851,411.855
OUT_04852,303.316
OUT_04853,2624.961
OUT_04854,1085.876
OUT_04855,140.999
OUT_04856,404.556
OUT_04857,1031.379
OUT_04858,147.1
OUT_04859,382.741
OUT_04860,357.033
OUT_04861,361.337
OUT_04862,350.463
OUT_04863,112.519
OUT_04864,362.438
OUT_04865,430.895
OUT_04866,315.962
OUT_04867,153.997
OUT_04868,347.644
OUT_04869,1271.975
OUT_04870,133.575
OUT_04871,181.673
OUT_04872,379.307
OUT_04873,1150.543
OUT_04874,130.529
OUT_04875,155.46
OUT_04876,309.247
OUT_04877,126.36
OUT_04878,129.61
OUT_04879,2560.209
OUT_04880,115.304
OUT_04881,133.952
OUT_04882,419.793
OUT_04883,146.177
OUT_04884,168.583
OUT_04885,1128.947
OUT_04886,325.009
OUT_04887,1002.741
OUT_04888,129.061
OUT_04889,144.644
OUT_04890,124.32
OUT_04891,343.94
OUT_04892,1091.175
OUT_04893,357.722
OUT_04894,152.203
OUT_04895,132.241
OUT_04896,185.429
OUT_04897,118.22
OUT_04898,1154.569
OUT_04899,403.907
OUT_04900,132.993
OUT_04901,387.163
OUT_04902,121.845
OUT_04903,363.909
OUT_04904,407.644
OUT_04905,144.34
OUT_04906,183.043
OUT_04907,139.953
OUT_04908,124.982
OUT_04909,156.068
OUT_04910,347.21
OUT_04911,150.37
OUT_04912,347.649
OUT_04913,1171.746
OUT_04914,370.782
OUT_04915,126.0
OUT_04916,129.493
OUT_04917,386.339
OUT_04918,125.84
OUT_04919,2388.966
OUT_04920,394.153
OUT_04921,146.281
OUT_04922,329.06
OUT_04923,139.445
OUT_04924,1128.034
OUT_04925,1198.419
OUT_04926,111.484
OUT_04927,332.405
OUT_04928,268.663
OUT_04929,464.651
OUT_04930,139.966
OUT_04931,122.359
OUT_04932,307.569
OUT_04933,116.981
OUT_04934,116.819
OUT_04935,118.906
OUT_04936,354.245
OUT_04937,320.36
OUT_04938,125.812
OUT_04939,146.322
OUT_04940,112.465
OUT_04941,1064.92
OUT_04942,1181.255
OUT_04943,152.086
OUT_04944,1204.626
OUT_04945,327.738
OUT_04946,109.554
OUT_04947,1028.204
OUT_04948,95.294
OUT_04949,372.027
OUT_04950,363.774
OUT_04951,162.327
OUT_04952,425.758
OUT_04953,1156.197
OUT_04954,370.741
OUT_04955,98.615
OUT_04956,124.765
OUT_04957,109.349
OUT_04958,136.806
OUT_04959,376.356
OUT_04960,166.991
OUT_04961,111.392
OUT_04962,2543.634
OUT_04963,400.5
OUT_04964,133.688
OUT_04965,110.576
OUT_04966,146.886
OUT_04967,151.243
OUT_04968,439.629
OUT_04969,359.732
OUT_04970,122.265
OUT_04971,1183.48
OUT_04972,422.246
OUT_04973,1285.172
OUT_04974,298.283
OUT_04975,137.655
OUT_04976,112.717
OUT_04977,104.041
OUT_04978,381.056
OUT_04979,2568.307
OUT_04980,289.384
OUT_04981,148.996
OUT_04982,313.908
OUT_04983,1038.94
OUT_04984,129.941
OUT_04985,1125.693
OUT_04986,391.845
OUT_04987,164.379
OUT_04988,128.847
OUT_04989,136.001
OUT_04990,419.361
OUT_04991,85.85
OUT_04992,1130.597
OUT_04993,110.963
OUT_04994,312.213
OUT_04995,129.682
OUT_04996,395.742
OUT_04997,126.338
OUT_04998,113.206
OUT_04999,376.453
OUT_05000,137.36
OUT_05001,100.342
OUT_05002,132.041
OUT_05003,150.795
OUT_05004,165.938
OUT_05005,411.036
OUT_05006,138.447
OUT_05007,2390.167
OUT_05008,124.616
OUT_05009,146.522
OUT_05010,127.908
OUT_05011,386.072
OUT_05012,105.495
OUT_05013,145.398
OUT_05014,415.657
OUT_05015,288.745
OUT_05016,326.751
OUT_05017,162.354
OUT_05018,318.199
OUT_05019,157.676
OUT_05020,139.537
OUT_05021,369.039
OUT_05022,106.196
OUT_05023,135.469
OUT_05024,357.512
OUT_05025,152.875
OUT_05026,426.109
OUT_05027,153.088
OUT_05028,151.466
OUT_05029,357.523
OUT_05030,175.983
OUT_05031,141.382
OUT_05032,164.474
OUT_05033,163.559
OUT_05034,369.681
OUT_05035,154.023
OUT_05036,136.534
OUT_05037,117.505
OUT_05038,120.036
OUT_05039,144.583
OUT_05040,121.693
OUT_05041,114.746
OUT_05042,154.386
OUT_05043,132.455
OUT_05044,390.482
OUT_05045,1073.469
OUT_05046,1134.065
OUT_05047,158.386
OUT_05048,159.081
OUT_05049,143.497
OUT_05050,2448.515
OUT_05051,109.257
OUT_05052,1205.124
OUT_05053,155.969
OUT_05054,122.122
OUT_05055,138.248
OUT_05056,386.198
OUT_05057,355.697
OUT_05058,155.624
OUT_05059,439.808
OUT_05060,121.226
OUT_05061,136.604
OUT_05062,124.238
OUT_05063,127.046
OUT_05064,457.386
OUT_05065,356.423
OUT_05066,426.036
OUT_05067,143.402
OUT_05068,130.638
OUT_05069,136.657
OUT_05070,351.051
OUT_05071,2532.739
OUT_05072,153.235
OUT_05073,380.933
OUT_05074,99.002
OUT_05075,104.159
OUT_05076,130.325
OUT_05077,106.006
OUT_05078,385.131
OUT_05079,1183.387
OUT_05080,303.462
OUT_05081,129.767
OUT_05082,298.221
OUT_05083,366.878
OUT_05084,316.718
OUT_05085,273.042
OUT_05086,147.618
OUT_05087,326.049
OUT_05088,148.787
OUT_05089,349.772
OUT_05090,379.041
OUT_05091,1140.045
OUT_05092,2485.007
OUT_05093,352.112
OUT_05094,420.047
OUT_05095,2620.622
OUT_05096,111.6
OUT_05097,1139.404
OUT_05098,142.29
OUT_05099,142.843
OUT_05100,175.855
OUT_05101,1170.286
OUT_05102,358.456
OUT_05103,134.347
OUT_05104,1129.864
OUT_05105,124.592
OUT_05106,151.44
OUT_05107,377.674
OUT_05108,150.497
OUT_05109,117.647
OUT_05110,177.56
OUT_05111,114.937
OUT_05112,388.908
OUT_05113,145.048
OUT_05114,118.65
OUT_05115,1116.898
OUT_05116,353.869
OUT_05117,144.907
OUT_05118,298.045
OUT_05119,109.595
OUT_05120,2543.532
OUT_05121,117.588
OUT_05122,1263.414
OUT_05123,295.311
OUT_05124,439.758
OUT_05125,144.017
OUT_05126,130.466
OUT_05127,141.921
OUT_05128,340.941
OUT_05129,424.87
OUT_05130,1127.586
OUT_05131,380.562
OUT_05132,122.78
OUT_05133,2403.841
OUT_05134,365.046
OUT_05135,241.276
OUT_05136,334.649
OUT_05137,135.741
OUT_05138,133.483
OUT_05139,125.4
OUT_05140,107.466
OUT_05141,430.147
OUT_05142,1192.117
OUT_05143,463.442
OUT_05144,158.569
OUT_05145,144.735
OUT_05146,143.11
OUT_05147,367.201
OUT_05148,129.699
OUT_05149,326.956
OUT_05150,350.901
OUT_05151,122.654
OUT_05152,137.256
OUT_05153,129.026
OUT_05154,110.893
OUT_05155,453.737
OUT_05156,2595.427
OUT_05157,2529.078
OUT_05158,110.267
OUT_05159,390.241
OUT_05160,140.308
OUT_05161,1066.363
OUT_05162,1210.921
OUT_05163,345.856
OUT_05164,115.765
OUT_05165,123.694
OUT_05166,1258.724
OUT_05167,364.357
OUT_05168,1139.854
OUT_05169,101.452
OUT_05170,1483.107
OUT_05171,118.086
OUT_05172,100.225
OUT_05173,124.611
OUT_05174,341.472
OUT_05175,1019.946
OUT_05176,1108.147
OUT_05177,135.895
OUT_05178,1176.954
OUT_05179,131.722
OUT_05180,135.298
OUT_05181,2421.231
OUT_05182,120.982
OUT_05183,346.592
OUT_05184,150.378
OUT_05185,1181.589
OUT_05186,1210.654
OUT_05187,337.522
OUT_05188,1273.73
OUT_05189,165.524
OUT_05190,167.958
OUT_05191,109.633
OUT_05192,403.523
OUT_05193,149.66
OUT_05194,364.202
OUT_05195,414.936
OUT_05196,128.91
OUT_05197,1129.713
OUT_05198,2417.097
OUT_05199,392.107
OUT_05200,108.853
OUT_05201,1200.768
OUT_05202,126.477
OUT_05203,432.029
OUT_05204,2584.151
OUT_05205,2468.832
OUT_05206,152.957
OUT_05207,302.893
OUT_05208,159.713
OUT_05209,128.105
OUT_05210,138.955
OUT_05211,372.585
OUT_05212,135.961
OUT_05213,123.13
OUT_05214,148.951
OUT_05215,129.064
OUT_05216,1121.109
OUT_05217,101.255
OUT_05218,348.431
OUT_05219,102.562
OUT_05220,329.02
OUT_05221,216.645
OUT_05222,1246.75
OUT_05223,132.944
OUT_05224,106.963
OUT_05225,350.925
OUT_05226,131.196
OUT_05227,144.022
OUT_05228,121.655
OUT_05229,142.768
OUT_05230,2496.337
OUT_05231,1245.914
OUT_05232,337.773
OUT_05233,1186.179
OUT_05234,402.349
OUT_05235,86.8
OUT_05236,115.848
OUT_05237,334.954
OUT_05238,132.114
OUT_05239,353.297
OUT_05240,422.089
OUT_05241,134.335
OUT_05242,103.2
OUT_05243,276.101
OUT_05244,389.333
OUT_05245,123.734
OUT_05246,117.526
OUT_05247,114.741
OUT_05248,359.907
OUT_05249,377.915
OUT_05250,2651.621
OUT_05251,99.241
OUT_05252,102.038
OUT_05253,386.008
OUT_05254,120.395
OUT_05255,1147.107
OUT_05256,1199.229
OUT_05257,1181.239
OUT_05258,153.116
OUT_05259,1129.259
OUT_05260,296.874
OUT_05261,129.967
OUT_05262,137.821
OUT_05263,123.315
OUT_05264,1149.48
OUT_05265,409.796
OUT_05266,156.872
OUT_05267,387.565
OUT_05268,117.36
OUT_05269,2536.283
OUT_05270,484.481
OUT_05271,1063.206
OUT_05272,1206.607
OUT_05273,138.742
OUT_05274,387.755
OUT_05275,149.699
OUT_05276,159.592
OUT_05277,114.537
OUT_05278,106.556
OUT_05279,75.562
OUT_05280,2527.271
OUT_05281,431.436
OUT_05282,363.273
OUT_05283,464.189
OUT_05284,147.542
OUT_05285,147.053
OUT_05286,1115.462
OUT_05287,1251.142
OUT_05288,111.488
OUT_05289,432.99
OUT_05290,319.101
OUT_05291,163.612
OUT_05292,1252.171
OUT_05293,147.242
OUT_05294,140.961
OUT_05295,372.411
OUT_05296,113.98
OUT_05297,2442.909
OUT_05298,159.983
OUT_05299,1076.925
OUT_05300,361.203
OUT_05301,360.731
OUT_05302,1151.618
OUT_05303,117.776
OUT_05304,168.251
OUT_05305,473.843
OUT_05306,175.681
OUT_05307,208.891
OUT_05308,126.744
OUT_05309,114.4
OUT_05310,151.416
OUT_05311,426.263
OUT_05312,106.208
OUT_05313,135.758
OUT_05314,320.183
OUT_05315,174.057
OUT_05316,365.503
OUT_05317,172.505
OUT_05318,1182.81
OUT_05319,419.555
OUT_05320,378.014
OUT_05321,309.432
OUT_05322,93.393
OUT_05323,114.464
OUT_05324,369.595
OUT_05325,1222.859
OUT_05326,136.943
OUT_05327,141.697
OUT_05328,424.489
OUT_05329,1263.475
OUT_05330,158.003
OUT_05331,174.143
OUT_05332,1242.328
OUT_05333,1243.581
OUT_05334,149.767
OUT_05335,307.945
OUT_05336,316.353
OUT_05337,380.45
OUT_05338,141.197
OUT_05339,101.361
OUT_05340,1222.801
OUT_05341,102.304
OUT_05342,260.694
OUT_05343,366.482
OUT_05344,352.037
OUT_05345,114.683
OUT_05346,114.451
OUT_05347,106.443
OUT_05348,166.878
OUT_05349,1133.063
OUT_05350,333.499
OUT_05351,1078.954
OUT_05352,294.785
OUT_05353,119.069
OUT_05354,420.1
OUT_05355,3640.717
OUT_05356,140.842
OUT_05357,1196.41
OUT_05358,1075.486
OUT_05359,135.413
OUT_05360,319.758
OUT_05361,66.155
OUT_05362,327.374
OUT_05363,135.092
OUT_05364,154.872
OUT_05365,112.313
OUT_05366,2519.443
OUT_05367,375.864
OUT_05368,113.997
OUT_05369,351.259
OUT_05370,138.161
OUT_05371,120.894
OUT_05372,388.392
OUT_05373,370.423
OUT_05374,149.496
OUT_05375,1193.695
OUT_05376,155.676
OUT_05377,1204.138
OUT_05378,128.279
OUT_05379,433.484
OUT_05380,106.109
OUT_05381,134.428
OUT_05382,154.918
OUT_05383,129.525
OUT_05384,1171.987
OUT_05385,415.974
OUT_05386,138.663
OUT_05387,2623.017
OUT_05388,158.679
OUT_05389,105.535
OUT_05390,160.581
OUT_05391,140.327
OUT_05392,363.416
OUT_05393,417.18
OUT_05394,126.976
OUT_05395,142.42
OUT_05396,487.807
OUT_05397,121.975
OUT_05398,169.783
OUT_05399,104.985
OUT_05400,161.047
OUT_05401,430.839
OUT_05402,311.494
OUT_05403,1123.674
OUT_05404,428.216
OUT_05405,323.838
OUT_05406,345.839
OUT_05407,1227.181
OUT_05408,182.936
OUT_05409,332.953
OUT_05410,1141.974
OUT_05411,123.173
OUT_05412,1130.112
OUT_05413,139.593
OUT_05414,99.149
OUT_05415,426.416
OUT_05416,451.085
OUT_05417,147.575
OUT_05418,1127.947
OUT_05419,295.685
OUT_05420,156.623
OUT_05421,189.089
OUT_05422,156.625
OUT_05423,148.731
OUT_05424,467.841
OUT_05425,193.116
OUT_05426,2410.454
OUT_05427,1198.108
OUT_05428,1260.975
OUT_05429,119.923
OUT_05430,2581.538
OUT_05431,363.973
OUT_05432,164.848
OUT_05433,138.99
OUT_05434,152.449
OUT_05435,429.652
OUT_05436,140.6
OUT_05437,161.283
OUT_05438,153.802
OUT_05439,362.906
OUT_05440,150.418
OUT_05441,134.258
OUT_05442,1097.395
OUT_05443,406.598
OUT_05444,156.58
OUT_05445,352.532
OUT_05446,140.113
OUT_05447,365.26
OUT_05448,1148.736
OUT_05449,129.654
OUT_05450,435.034
OUT_05451,462.757
OUT_05452,1199.807
OUT_05453,2854.705
OUT_05454,379.747
OUT_05455,171.381
OUT_05456,424.805
OUT_05457,139.444
OUT_05458,403.66
OUT_05459,1185.533
OUT_05460,135.408
OUT_05461,403.097
OUT_05462,340.596
OUT_05463,132.328
OUT_05464,151.283
OUT_05465,2504.868
OUT_05466,423.986
OUT_05467,115.804
OUT_05468,169.887
OUT_05469,116.152
OUT_05470,2590.599
OUT_05471,95.175
OUT_05472,129.711
OUT_05473,368.873
OUT_05474,139.779
OUT_05475,129.793
OUT_05476,128.914
OUT_05477,117.146
OUT_05478,1152.776
OUT_05479,160.789
OUT_05480,130.601
OUT_05481,134.396
OUT_05482,1337.536
OUT_05483,1036.402
OUT_05484,97.111
OUT_05485,2531.289
OUT_05486,1187.905
OUT_05487,313.472
OUT_05488,330.532
OUT_05489,159.692
OUT_05490,1117.487
OUT_05491,119.2
OUT_05492,378.457
OUT_05493,1278.146
OUT_05494,458.612
OUT_05495,1160.505
OUT_05496,131.002
OUT_05497,1132.171
OUT_05498,150.048
OUT_05499,107.905
OUT_05500,406.454
OUT_05501,1169.35
OUT_05502,100.844
OUT_05503,123.245
OUT_05504,358.533
OUT_05505,466.026
OUT_05506,368.953
OUT_05507,86.029
OUT_05508,1188.379
OUT_05509,400.277
OUT_05510,144.31
OUT_05511,1197.96
OUT_05512,383.374
OUT_05513,136.625
OUT_05514,1106.786
OUT_05515,125.377
OUT_05516,350.173
OUT_05517,130.471
OUT_05518,135.583
OUT_05519,136.595
OUT_05520,137.843
OUT_05521,146.946
OUT_05522,387.148
OUT_05523,1072.995
OUT_05524,151.621
OUT_05525,405.787
OUT_05526,128.995
OUT_05527,112.139
OUT_05528,175.381
OUT_05529,177.107
OUT_05530,441.844
OUT_05531,146.452
OUT_05532,346.743
OUT_05533,168.066
OUT_05534,122.549
OUT_05535,398.825
OUT_05536,396.456
OUT_05537,975.138
OUT_05538,457.534
OUT_05539,105.689
OUT_05540,1219.381
OUT_05541,151.349
OUT_05542,1215.44
OUT_05543,1058.415
OUT_05544,139.015
OUT_05545,417.579
OUT_05546,157.413
OUT_05547,162.647
OUT_05548,139.392
OUT_05549,132.702
OUT_05550,107.927
OUT_05551,1076.23
OUT_05552,1178.704
OUT_05553,434.511
OUT_05554,150.407
OUT_05555,1101.163
OUT_05556,145.524
OUT_05557,132.958
OUT_05558,142.556
OUT_05559,120.776
OUT_05560,372.149
OUT_05561,166.169
OUT_05562,434.017
OUT_05563,378.157
OUT_05564,2335.956
OUT_05565,1136.953
OUT_05566,95.844
OUT_05567,158.345
OUT_05568,440.186
OUT_05569,1122.239
OUT_05570,112.752
OUT_05571,1180.35
OUT_05572,94.724
OUT_05573,359.219
OUT_05574,143.87
OUT_05575,1248.448
OUT_05576,1056.06
OUT_05577,1078.139
OUT_05578,2587.495
OUT_05579,1186.658
OUT_05580,416.929
OUT_05581,137.963
OUT_05582,152.519
OUT_05583,160.498
OUT_05584,369.115
OUT_05585,371.032
OUT_05586,399.46
OUT_05587,292.21
OUT_05588,290.198
OUT_05589,125.597
OUT_05590,295.778
OUT_05591,352.036
OUT_05592,2465.48
OUT_05593,1231.276
OUT_05594,357.771
OUT_05595,161.377
OUT_05596,153.201
OUT_05597,2480.636
OUT_05598,397.369
OUT_05599,90.967
OUT_05600,149.339
OUT_05601,178.598
OUT_05602,133.596
OUT_05603,185.983
OUT_05604,1228.452
OUT_05605,150.443
OUT_05606,2454.815
OUT_05607,374.905
OUT_05608,326.472
OUT_05609,437.484
OUT_05610,161.044
OUT_05611,104.556
OUT_05612,101.505
OUT_05613,1185.459
OUT_05614,130.803
OUT_05615,434.534
OUT_05616,306.636
OUT_05617,136.659
OUT_05618,353.22
OUT_05619,1126.644
OUT_05620,1217.133
OUT_05621,1171.445
OUT_05622,145.066
OUT_05623,169.626
OUT_05624,185.336
OUT_05625,171.574
OUT_05626,1278.147
OUT_05627,126.551
OUT_05628,144.457
OUT_05629,102.373
OUT_05630,410.552
OUT_05631,149.49
OUT_05632,315.665
OUT_05633,390.315
OUT_05634,103.964
OUT_05635,155.127
OUT_05636,84.616
OUT_05637,136.132
OUT_05638,374.231
OUT_05639,1250.765
OUT_05640,1139.093
OUT_05641,163.705
OUT_05642,134.644
OUT_05643,130.994
OUT_05644,329.719
OUT_05645,409.034
OUT_05646,143.905
OUT_05647,414.594
OUT_05648,114.313
OUT_05649,112.067
OUT_05650,149.187
OUT_05651,337.664
OUT_05652,351.931
OUT_05653,141.487
OUT_05654,151.858
OUT_05655,1091.331
OUT_05656,378.282
OUT_05657,1287.596
OUT_05658,1165.833
OUT_05659,126.272
OUT_05660,110.829
OUT_05661,320.415
OUT_05662,120.268
OUT_05663,161.761
OUT_05664,1071.58
OUT_05665,167.447
OUT_05666,165.0
OUT_05667,349.538
OUT_05668,149.41
OUT_05669,118.229
OUT_05670,457.874
OUT_05671,434.986
OUT_05672,121.302
OUT_05673,144.223
OUT_05674,164.909
OUT_05675,140.707
OUT_05676,311.432
OUT_05677,351.268
OUT_05678,92.32
OUT_05679,348.043
OUT_05680,85.223
OUT_05681,145.374
OUT_05682,1062.619
OUT_05683,90.761
OUT_05684,361.608
OUT_05685,370.363
OUT_05686,154.735
OUT_05687,106.87
OUT_05688,391.369
OUT_05689,322.658
OUT_05690,299.31
OUT_05691,1115.723
OUT_05692,1188.658
OUT_05693,374.114
OUT_05694,2577.072
OUT_05695,136.979
OUT_05696,153.309
OUT_05697,177.269
OUT_05698,378.264
OUT_05699,2528.636
OUT_05700,164.848
OUT_05701,120.347
OUT_05702,130.164
OUT_05703,1123.701
OUT_05704,135.255
OUT_05705,115.42
OUT_05706,127.445
OUT_05707,123.851
OUT_05708,140.919
OUT_05709,354.361
OUT_05710,123.636
OUT_05711,1099.337
OUT_05712,140.996
OUT_05713,107.97
OUT_05714,372.053
OUT_05715,105.69
OUT_05716,1276.224
OUT_05717,141.851
OUT_05718,1128.646
OUT_05719,430.418
OUT_05720,128.171
OUT_05721,107.871
OUT_05722,376.435
OUT_05723,105.304
OUT_05724,153.455
OUT_05725,114.983
OUT_05726,362.776
OUT_05727,2591.157
OUT_05728,156.367
OUT_05729,137.833
OUT_05730,112.63
OUT_05731,142.47
OUT_05732,1158.555
OUT_05733,1198.448
OUT_05734,142.497
OUT_05735,153.072
OUT_05736,290.545
OUT_05737,144.839
OUT_05738,116.699
OUT_05739,411.201
OUT_05740,438.741
OUT_05741,143.482
OUT_05742,403.687
OUT_05743,2453.276
OUT_05744,407.466
OUT_05745,109.637
OUT_05746,125.141
OUT_05747,155.721
OUT_05748,128.884
OUT_05749,352.16
OUT_05750,381.837
OUT_05751,154.939
OUT_05752,420.486
OUT_05753,181.126
OUT_05754,327.556
OUT_05755,114.222
OUT_05756,402.378
OUT_05757,2517.535
OUT_05758,355.43
OUT_05759,156.402
OUT_05760,143.989
OUT_05761,352.815
OUT_05762,381.63
OUT_05763,100.754
OUT_05764,377.802
OUT_05765,303.376
OUT_05766,119.119
OUT_05767,132.148
OUT_05768,162.597
OUT_05769,374.039
OUT_05770,393.919
OUT_05771,135.465
OUT_05772,352.875
OUT_05773,375.444
OUT_05774,378.801
OUT_05775,181.347
OUT_05776,2570.823
OUT_05777,1109.109
OUT_05778,362.012
OUT_05779,136.894
OUT_05780,144.961
OUT_05781,158.679
OUT_05782,355.967
OUT_05783,334.653
OUT_05784,91.216
OUT_05785,142.683
OUT_05786,1205.679
OUT_05787,123.494
OUT_05788,107.864
OUT_05789,123.363
OUT_05790,379.492
OUT_05791,139.404
OUT_05792,398.85
OUT_05793,148.166
OUT_05794,131.594
OUT_05795,122.598
OUT_05796,109.516
OUT_05797,334.95
OUT_05798,386.305
OUT_05799,133.835
OUT_05800,365.343
OUT_05801,340.297
OUT_05802,276.436
OUT_05803,1129.604
OUT_05804,1227.607
OUT_05805,146.009
OUT_05806,416.556
OUT_05807,140.144
OUT_05808,114.269
OUT_05809,432.041
OUT_05810,126.671
OUT_05811,362.379
OUT_05812,143.696
OUT_05813,1063.206
OUT_05814,1151.976
OUT_05815,396.618
OUT_05816,371.027
OUT_05817,148.252
OUT_05818,353.816
OUT_05819,171.222
OUT_05820,115.916
OUT_05821,115.211
OUT_05822,318.128
OUT_05823,149.846
OUT_05824,1498.586
OUT_05825,2634.833
OUT_05826,171.67
OUT_05827,130.153
OUT_05828,141.947
OUT_05829,430.788
OUT_05830,417.314
OUT_05831,407.697
OUT_05832,140.899
OUT_05833,119.941
OUT_05834,297.679
OUT_05835,121.838
OUT_05836,313.625
OUT_05837,314.535
OUT_05838,2560.531
OUT_05839,129.655
OUT_05840,137.552
OUT_05841,153.673
OUT_05842,115.816
OUT_05843,1229.062
OUT_05844,136.884
OUT_05845,347.463
OUT_05846,1203.571
OUT_05847,1212.387
OUT_05848,158.048
OUT_05849,1125.266
OUT_05850,406.48
OUT_05851,104.685
OUT_05852,1196.443
OUT_05853,162.901
OUT_05854,1213.97
OUT_05855,288.356
OUT_05856,447.853
OUT_05857,161.536
OUT_05858,123.932
OUT_05859,122.335
OUT_05860,140.022
OUT_05861,146.083
OUT_05862,118.774
OUT_05863,85.226
OUT_05864,116.575
OUT_05865,125.938
OUT_05866,112.629
OUT_05867,400.588
OUT_05868,435.241
OUT_05869,134.268
OUT_05870,1188.059
OUT_05871,374.852
OUT_05872,147.25
OUT_05873,315.285
OUT_05874,153.176
OUT_05875,376.503
OUT_05876,106.108
OUT_05877,378.464
OUT_05878,136.658
OUT_05879,1205.496
OUT_05880,160.497
OUT_05881,137.716
OUT_05882,410.765
OUT_05883,286.263
OUT_05884,440.058
OUT_05885,402.823
OUT_05886,360.624
OUT_05887,384.673
OUT_05888,144.045
OUT_05889,331.153
OUT_05890,1170.267
OUT_05891,107.497
OUT_05892,1201.244
OUT_05893,430.1
OUT_05894,1038.794
OUT_05895,171.908
OUT_05896,126.616
OUT_05897,118.76
OUT_05898,144.774
OUT_05899,1222.377
OUT_05900,387.381
OUT_05901,161.022
OUT_05902,408.518
OUT_05903,2592.203
OUT_05904,136.157
OUT_05905,130.733
OUT_05906,141.346
OUT_05907,396.372
OUT_05908,124.783
OUT_05909,1121.869
OUT_05910,119.272
OUT_05911,162.155
OUT_05912,162.955
OUT_05913,145.662
OUT_05914,119.882
OUT_05915,359.331
OUT_05916,404.322
OUT_05917,135.386
OUT_05918,382.729
OUT_05919,122.283
OUT_05920,128.515
OUT_05921,122.859
OUT_05922,278.007
OUT_05923,118.157
OUT_05924,351.982
OUT_05925,361.975
OUT_05926,129.819
OUT_05927,2487.264
OUT_05928,135.715
OUT_05929,306.919
OUT_05930,114.128
OUT_05931,127.363
OUT_05932,411.333
OUT_05933,432.084
OUT_05934,103.332
OUT_05935,108.22
OUT_05936,2663.063
OUT_05937,1213.862
OUT_05938,2573.544
OUT_05939,397.168
OUT_05940,2441.283
OUT_05941,158.42
OUT_05942,124.111
OUT_05943,1208.415
OUT_05944,161.484
OUT_05945,162.724
OUT_05946,150.582
OUT_05947,2555.876
OUT_05948,1248.848
OUT_05949,518.71
OUT_05950,115.898
OUT_05951,135.373
OUT_05952,150.001
OUT_05953,109.722
OUT_05954,181.91
OUT_05955,144.895
OUT_05956,1211.246
OUT_05957,165.043
OUT_05958,378.225
OUT_05959,129.165
OUT_05960,1148.037
OUT_05961,124.147
OUT_05962,304.457
OUT_05963,158.547
OUT_05964,118.854
OUT_05965,383.139
OUT_05966,352.81
OUT_05967,140.605
OUT_05968,146.076
OUT_05969,330.627
OUT_05970,407.941
OUT_05971,445.188
OUT_05972,115.615
OUT_05973,404.186
OUT_05974,137.426
OUT_05975,424.066
OUT_05976,157.42
OUT_05977,162.017
OUT_05978,423.907
OUT_05979,477.572
OUT_05980,150.475
OUT_05981,2468.657
OUT_05982,365.714
OUT_05983,147.074
OUT_05984,1116.875
OUT_05985,138.88
OUT_05986,185.669
OUT_05987,135.489
OUT_05988,348.635
OUT_05989,141.978
OUT_05990,176.511
OUT_05991,173.197
OUT_05992,1056.515
OUT_05993,161.121
OUT_05994,176.44
OUT_05995,138.923
OUT_05996,127.459
OUT_05997,118.664
OUT_05998,343.343
OUT_05999,119.921
OUT_06000,129.447
OUT_06001,109.412
OUT_06002,383.972
OUT_06003,157.765
OUT_06004,136.066
OUT_06005,415.215
OUT_06006,371.139
OUT_06007,116.404
OUT_06008,320.017
OUT_06009,380.196
OUT_06010,142.863
OUT_06011,143.33
OUT_06012,981.899
OUT_06013,1213.656
OUT_06014,441.415
OUT_06015,136.96
OUT_06016,1226.099
OUT_06017,144.188
OUT_06018,127.639
OUT_06019,131.104
OUT_06020,383.311
OUT_06021,130.351
OUT_06022,165.727
OUT_06023,2450.415
OUT_06024,147.73
OUT_06025,298.745
OUT_06026,1259.792
OUT_06027,389.646
OUT_06028,155.341
OUT_06029,182.45
OUT_06030,2521.568
OUT_06031,86.549
OUT_06032,1077.37
OUT_06033,2628.98
OUT_06034,283.232
OUT_06035,112.27
OUT_06036,104.444
OUT_06037,315.404
OUT_06038,427.695
OUT_06039,294.866
OUT_06040,335.957
OUT_06041,1186.308
OUT_06042,383.612
OUT_06043,160.922
OUT_06044,2523.768
OUT_06045,110.71
OUT_06046,82.062
OUT_06047,1211.587
OUT_06048,133.834
OUT_06049,1261.171
OUT_06050,1135.526
OUT_06051,122.097
OUT_06052,371.847
OUT_06053,392.046
OUT_06054,148.57
OUT_06055,461.542
OUT_06056,145.9
OUT_06057,457.399
OUT_06058,163.56
OUT_06059,462.619
OUT_06060,136.694
OUT_06061,310.129
OUT_06062,1138.96
OUT_06063,403.976
OUT_06064,450.253
OUT_06065,365.606
OUT_06066,142.076
OUT_06067,155.942
OUT_06068,141.037
OUT_06069,167.262
OUT_06070,120.422
OUT_06071,155.029
OUT_06072,1163.638
OUT_06073,145.951
OUT_06074,133.086
OUT_06075,382.6
OUT_06076,188.667
OUT_06077,143.012
OUT_06078,148.601
OUT_06079,183.484
OUT_06080,146.591
OUT_06081,2503.282
OUT_06082,1069.88
OUT_06083,2489.184
OUT_06084,128.812
OUT_06085,141.815
OUT_06086,1226.731
OUT_06087,458.537
OUT_06088,1113.309
OUT_06089,154.045
OUT_06090,386.667
OUT_06091,126.853
OUT_06092,100.739
OUT_06093,2366.644
OUT_06094,333.897
OUT_06095,131.466
OUT_06096,1170.852
OUT_06097,1316.031
OUT_06098,143.762
OUT_06099,134.834
OUT_06100,1226.63
OUT_06101,344.775
OUT_06102,376.924
OUT_06103,1201.103
OUT_06104,357.213
OUT_06105,132.991
OUT_06106,306.232
OUT_06107,1140.682
OUT_06108,169.331
OUT_06109,1103.585
OUT_06110,107.901
OUT_06111,156.844
OUT_06112,364.65
OUT_06113,131.826
OUT_06114,338.69
OUT_06115,389.834
OUT_06116,156.155
OUT_06117,128.329
OUT_06118,156.955
OUT_06119,2526.372
OUT_06120,132.726
OUT_06121,140.696
OUT_06122,117.628
OUT_06123,319.933
OUT_06124,422.773
OUT_06125,162.401
OUT_06126,157.479
OUT_06127,316.105
OUT_06128,408.668
OUT_06129,154.24
OUT_06130,370.124
OUT_06131,147.403
OUT_06132,175.943
OUT_06133,104.158
OUT_06134,312.615
OUT_06135,1023.427
OUT_06136,1184.191
OUT_06137,351.737
OUT_06138,156.676
OUT_06139,118.549
OUT_06140,149.328
OUT_06141,149.692
OUT_06142,1283.55
OUT_06143,131.599
OUT_06144,490.612
OUT_06145,366.227
OUT_06146,150.186
OUT_06147,342.386
OUT_06148,394.221
OUT_06149,278.638
OUT_06150,387.258
OUT_06151,2486.556
OUT_06152,136.763
OUT_06153,111.905
OUT_06154,140.443
OUT_06155,1177.433
OUT_06156,136.8
OUT_06157,1187.191
OUT_06158,490.917
OUT_06159,2564.031
OUT_06160,318.4
OUT_06161,381.948
OUT_06162,409.251
OUT_06163,160.902
OUT_06164,143.54
OUT_06165,384.505
OUT_06166,126.736
OUT_06167,357.46
OUT_06168,1181.27
OUT_06169,93.661
OUT_06170,1125.506
OUT_06171,136.501
OUT_06172,2448.237
OUT_06173,120.023
OUT_06174,343.091
OUT_06175,173.204
OUT_06176,397.672
OUT_06177,117.135
OUT_06178,132.911
OUT_06179,139.12
OUT_06180,115.594
OUT_06181,436.317
OUT_06182,1253.861
OUT_06183,122.965
OUT_06184,87.003
OUT_06185,345.408
OUT_06186,1121.534
OUT_06187,157.156
OUT_06188,159.677
OUT_06189,2528.705
OUT_06190,106.932
OUT_06191,118.936
OUT_06192,453.783
OUT_06193,371.036
OUT_06194,135.222
OUT_06195,110.591
OUT_06196,120.899
OUT_06197,394.201
OUT_06198,113.142
OUT_06199,116.605
OUT_06200,331.126
OUT_06201,139.026
OUT_06202,148.29
OUT_06203,1132.955
OUT_06204,112.223
OUT_06205,2401.029
OUT_06206,330.935
OUT_06207,138.976
OUT_06208,108.028
OUT_06209,286.981
OUT_06210,2655.1
OUT_06211,119.872
OUT_06212,303.961
OUT_06213,135.594
OUT_06214,401.4
OUT_06215,1344.337
OUT_06216,122.905
OUT_06217,409.369
OUT_06218,444.402
OUT_06219,119.168
OUT_06220,137.918
OUT_06221,109.151
OUT_06222,170.665
OUT_06223,160.812
OUT_06224,431.479
OUT_06225,122.266
OUT_06226,143.282
OUT_06227,389.179
OUT_06228,1221.305
OUT_06229,437.272
OUT_06230,149.678
OUT_06231,143.5
OUT_06232,1141.574
OUT_06233,405.127
OUT_06234,152.286
OUT_06235,116.393
OUT_06236,286.326
OUT_06237,402.616
OUT_06238,430.579
OUT_06239,104.368
OUT_06240,126.188
OUT_06241,133.678
OUT_06242,1037.904
OUT_06243,155.173
OUT_06244,380.095
OUT_06245,116.984
OUT_06246,1188.717
OUT_06247,125.14
OUT_06248,141.084
OUT_06249,132.212
OUT_06250,426.678
OUT_06251,352.13
OUT_06252,1117.344
OUT_06253,121.144
OUT_06254,143.071
OUT_06255,1145.72
OUT_06256,150.6
OUT_06257,1218.4
OUT_06258,102.108
OUT_06259,394.617
OUT_06260,143.459
OUT_06261,300.839
OUT_06262,1204.271
OUT_06263,157.345
OUT_06264,2403.95
OUT_06265,105.273
OUT_06266,308.772
OUT_06267,156.305
OUT_06268,133.732
OUT_06269,126.457
OUT_06270,155.478
OUT_06271,1236.468
OUT_06272,335.513
OUT_06273,128.143
OUT_06274,131.075
OUT_06275,373.703
OUT_06276,372.731
OUT_06277,376.894
OUT_06278,2602.328
OUT_06279,1141.889
OUT_06280,385.543
OUT_06281,340.45
OUT_06282,133.788
OUT_06283,156.623
OUT_06284,1142.741
OUT_06285,151.939
OUT_06286,119.006
OUT_06287,164.311
OUT_06288,159.571
OUT_06289,1042.972
OUT_06290,132.201
OUT_06291,160.374
OUT_06292,113.39
OUT_06293,359.533
OUT_06294,128.533
OUT_06295,156.146
OUT_06296,323.417
OUT_06297,128.581
OUT_06298,92.24
OUT_06299,392.45
OUT_06300,325.874
OUT_06301,293.822
OUT_06302,150.816
OUT_06303,128.67
OUT_06304,2496.838
OUT_06305,148.069
OUT_06306,89.516
OUT_06307,156.044
OUT_06308,369.135
OUT_06309,150.004
OUT_06310,151.102
OUT_06311,319.554
OUT_06312,187.123
OUT_06313,98.597
OUT_06314,133.329
OUT_06315,1190.668
OUT_06316,401.281
OUT_06317,106.473
OUT_06318,123.204
OUT_06319,389.404
OUT_06320,294.753
OUT_06321,2747.655
OUT_06322,149.878
OUT_06323,1082.357
OUT_06324,188.727
OUT_06325,126.159
OUT_06326,370.603
OUT_06327,1200.514
OUT_06328,293.844
OUT_06329,117.966
OUT_06330,104.48
OUT_06331,307.0
OUT_06332,1154.356
OUT_06333,137.406
OUT_06334,94.584
OUT_06335,116.271
OUT_06336,1027.246
OUT_06337,160.769
OUT_06338,142.871
OUT_06339,308.031
OUT_06340,1237.811
OUT_06341,251.508
OUT_06342,353.984
OUT_06343,147.826
OUT_06344,107.097
OUT_06345,150.552
OUT_06346,139.467
OUT_06347,307.252
OUT_06348,349.407
OUT_06349,296.897
OUT_06350,385.319
OUT_06351,386.948
OUT_06352,420.489
OUT_06353,335.219
OUT_06354,168.842
OUT_06355,156.892
OUT_06356,2525.095
OUT_06357,123.78
OUT_06358,2515.538
OUT_06359,305.963
OUT_06360,155.039
OUT_06361,1038.745
OUT_06362,141.873
OUT_06363,116.957
OUT_06364,127.316
OUT_06365,405.616
OUT_06366,114.564
OUT_06367,1238.476
OUT_06368,233.244
OUT_06369,360.416
OUT_06370,1118.906
OUT_06371,142.705
OUT_06372,427.267
OUT_06373,2442.223
OUT_06374,126.602
OUT_06375,1150.367
OUT_06376,402.136
OUT_06377,338.316
OUT_06378,139.291
OUT_06379,391.9
OUT_06380,120.413
OUT_06381,2564.927
OUT_06382,316.804
OUT_06383,132.176
OUT_06384,164.313
OUT_06385,135.339
OUT_06386,1095.861
OUT_06387,2390.602
OUT_06388,131.337
OUT_06389,115.765
OUT_06390,357.943
OUT_06391,123.976
OUT_06392,2446.436
OUT_06393,130.039
OUT_06394,162.996
OUT_06395,138.329
OUT_06396,156.323
OUT_06397,138.199
OUT_06398,126.73
OUT_06399,276.167
OUT_06400,351.722
OUT_06401,138.21
OUT_06402,1116.462
OUT_06403,1282.225
OUT_06404,1220.246
OUT_06405,429.2
OUT_06406,1222.59
OUT_06407,143.502
OUT_06408,110.27
OUT_06409,148.883
OUT_06410,2532.586
OUT_06411,92.958
OUT_06412,127.35
OUT_06413,434.111
OUT_06414,2398.678
OUT_06415,809.743
OUT_06416,394.396
OUT_06417,2501.25
OUT_06418,164.217
OUT_06419,152.795
OUT_06420,2417.144
OUT_06421,141.225
OUT_06422,161.737
OUT_06423,139.32
OUT_06424,350.594
OUT_06425,164.634
OUT_06426,171.677
OUT_06427,1132.453
OUT_06428,113.453
OUT_06429,114.182
OUT_06430,325.608
OUT_06431,404.319
OUT_06432,1199.844
OUT_06433,447.755
OUT_06434,403.039
OUT_06435,114.175
OUT_06436,1234.025
OUT_06437,140.361
OUT_06438,186.139
OUT_06439,2595.975
OUT_06440,449.119
OUT_06441,489.136
OUT_06442,253.287
OUT_06443,120.89
OUT_06444,145.16
OUT_06445,363.029
OUT_06446,120.467
OUT_06447,138.773
OUT_06448,120.15
OUT_06449,128.809
OUT_06450,132.806
OUT_06451,109.034
OUT_06452,136.819
OUT_06453,152.116
OUT_06454,415.52
OUT_06455,129.935
OUT_06456,127.011
OUT_06457,110.063
OUT_06458,126.955
OUT_06459,75.17
OUT_06460,402.262
OUT_06461,176.959
OUT_06462,1208.615
OUT_06463,161.301
OUT_06464,152.572
OUT_06465,328.172
OUT_06466,1181.249
OUT_06467,317.524
OUT_06468,125.618
OUT_06469,122.057
OUT_06470,122.924
OUT_06471,389.016
OUT_06472,1199.517
OUT_06473,316.561
OUT_06474,155.862
OUT_06475,463.942
OUT_06476,367.623
OUT_06477,112.885
OUT_06478,110.722
OUT_06479,103.605
OUT_06480,393.49
OUT_06481,409.954
OUT_06482,120.521
OUT_06483,151.086
OUT_06484,145.58
OUT_06485,116.151
OUT_06486,120.44
OUT_06487,278.382
OUT_06488,155.612
OUT_06489,123.203
OUT_06490,1185.746
OUT_06491,147.8
OUT_06492,404.621
OUT_06493,363.514
OUT_06494,169.961
OUT_06495,108.303
OUT_06496,373.49
OUT_06497,152.267
OUT_06498,141.261
OUT_06499,2556.481
OUT_06500,140.554
OUT_06501,1227.993
OUT_06502,1183.95
OUT_06503,120.432
OUT_06504,151.663
OUT_06505,125.088
OUT_06506,147.269
OUT_06507,1047.283
OUT_06508,85.518
OUT_06509,349.011
OUT_06510,144.015
OUT_06511,146.457
OUT_06512,404.526
OUT_06513,112.857
OUT_06514,288.735
OUT_06515,378.196
OUT_06516,116.191
OUT_06517,148.158
OUT_06518,1185.925
OUT_06519,421.78
OUT_06520,150.045
OUT_06521,108.516
OUT_06522,409.552
OUT_06523,431.264
OUT_06524,150.311
OUT_06525,126.586
OUT_06526,356.851
OUT_06527,120.873
OUT_06528,154.908
OUT_06529,1140.341
OUT_06530,150.765
OUT_06531,376.557
OUT_06532,433.785
OUT_06533,155.468
OUT_06534,353.974
OUT_06535,1040.682
OUT_06536,399.029
OUT_06537,143.336
OUT_06538,1168.131
OUT_06539,150.917
OUT_06540,1238.512
OUT_06541,118.343
OUT_06542,143.266
OUT_06543,291.342
OUT_06544,163.326
OUT_06545,1148.862
OUT_06546,136.042
OUT_06547,124.992
OUT_06548,170.372
OUT_06549,101.513
OUT_06550,313.388
OUT_06551,370.309
OUT_06552,337.548
OUT_06553,417.741
OUT_06554,153.479
OUT_06555,422.467
OUT_06556,2612.097
OUT_06557,380.686
OUT_06558,365.02
OUT_06559,1214.216
OUT_06560,107.485
OUT_06561,415.409
OUT_06562,149.019
OUT_06563,164.89
OUT_06564,127.29
OUT_06565,1201.833
OUT_06566,125.488
OUT_06567,141.408
OUT_06568,369.411
OUT_06569,139.955
OUT_06570,104.042
OUT_06571,302.966
OUT_06572,160.359
OUT_06573,145.056
OUT_06574,1122.328
OUT_06575,345.446
OUT_06576,165.714
OUT_06577,125.863
OUT_06578,147.589
OUT_06579,1164.734
OUT_06580,118.401
OUT_06581,128.821
OUT_06582,133.177
OUT_06583,125.258
OUT_06584,106.521
OUT_06585,96.829
OUT_06586,317.912
OUT_06587,1129.348
OUT_06588,173.987
OUT_06589,2453.581
OUT_06590,1138.209
OUT_06591,168.9
OUT_06592,170.192
OUT_06593,355.743
OUT_06594,128.344
OUT_06595,171.459
OUT_06596,339.011
OUT_06597,123.755
OUT_06598,134.433
OUT_06599,1239.161
OUT_06600,386.238
OUT_06601,112.816
OUT_06602,92.788
OUT_06603,330.681
OUT_06604,449.676
OUT_06605,141.435
OUT_06606,152.219
OUT_06607,141.024
OUT_06608,1098.875
OUT_06609,423.37
OUT_06610,166.874
OUT_06611,114.955
OUT_06612,406.192
OUT_06613,1212.59
OUT_06614,124.857
OUT_06615,1165.384
OUT_06616,379.232
OUT_06617,454.789
OUT_06618,165.369
OUT_06619,150.473
OUT_06620,154.349
OUT_06621,139.164
OUT_06622,142.516
OUT_06623,102.895
OUT_06624,460.507
OUT_06625,2554.438
OUT_06626,432.514
OUT_06627,111.692
OUT_06628,316.755
OUT_06629,1175.122
OUT_06630,340.492
OUT_06631,1182.795
OUT_06632,135.121
OUT_06633,135.133
OUT_06634,362.422
OUT_06635,144.63
OUT_06636,179.16
OUT_06637,332.789
OUT_06638,140.919
OUT_06639,132.914
OUT_06640,110.436
OUT_06641,130.944
OUT_06642,178.151
OUT_06643,145.806
OUT_06644,138.532
OUT_06645,1110.799
OUT_06646,348.242
OUT_06647,374.697
OUT_06648,1077.459
OUT_06649,295.169
OUT_06650,155.148
OUT_06651,295.698
OUT_06652,149.791
OUT_06653,125.936
OUT_06654,137.82
OUT_06655,1178.569
OUT_06656,137.966
OUT_06657,387.477
OUT_06658,2588.987
OUT_06659,135.521
OUT_06660,2583.317
OUT_06661,120.514
OUT_06662,460.983
OUT_06663,2403.457
OUT_06664,451.68
OUT_06665,115.797
OUT_06666,396.819
OUT_06667,117.989
OUT_06668,348.154
OUT_06669,142.14
OUT_06670,144.137
OUT_06671,147.982
OUT_06672,135.866
OUT_06673,154.326
OUT_06674,114.095
OUT_06675,157.261
OUT_06676,108.664
OUT_06677,1166.277
OUT_06678,402.822
OUT_06679,368.316
OUT_06680,147.095
OUT_06681,127.362
OUT_06682,1154.03
OUT_06683,126.245
OUT_06684,310.057
OUT_06685,109.597
OUT_06686,370.584
OUT_06687,142.23
OUT_06688,122.092
OUT_06689,164.279
OUT_06690,448.519
OUT_06691,128.716
OUT_06692,409.964
OUT_06693,154.674
OUT_06694,420.813
OUT_06695,393.97
OUT_06696,1203.106
OUT_06697,154.183
OUT_06698,1182.023
OUT_06699,2414.18
OUT_06700,142.884
OUT_06701,317.186
OUT_06702,396.416
OUT_06703,367.074
OUT_06704,413.785
OUT_06705,130.734
OUT_06706,415.008
OUT_06707,394.322
OUT_06708,109.246
OUT_06709,143.49
OUT_06710,288.518
OUT_06711,1178.284
OUT_06712,104.887
OUT_06713,146.465
OUT_06714,119.454
OUT_06715,106.64
OUT_06716,131.119
OUT_06717,398.265
OUT_06718,1236.596
OUT_06719,104.974
OUT_06720,1116.628
OUT_06721,322.849
OUT_06722,109.825
OUT_06723,120.341
OUT_06724,1256.232
OUT_06725,1232.234
OUT_06726,323.289
OUT_06727,381.796
OUT_06728,137.713
OUT_06729,129.593
OUT_06730,126.286
OUT_06731,138.292
OUT_06732,126.21
OUT_06733,2429.316
OUT_06734,317.317
OUT_06735,143.465
OUT_06736,1192.38
OUT_06737,141.246
OUT_06738,135.01
OUT_06739,347.832
OUT_06740,118.499
OUT_06741,409.985
OUT_06742,139.684
OUT_06743,148.278
OUT_06744,1161.047
OUT_06745,335.08
OUT_06746,382.746
OUT_06747,1098.827
OUT_06748,115.178
OUT_06749,400.088
OUT_06750,132.092
OUT_06751,321.495
OUT_06752,144.664
OUT_06753,378.132
OUT_06754,135.816
OUT_06755,122.105
OUT_06756,125.08
OUT_06757,130.424
OUT_06758,418.282
OUT_06759,152.801
OUT_06760,1230.237
OUT_06761,163.676
OUT_06762,161.166
OUT_06763,1164.712
OUT_06764,1278.402
OUT_06765,356.625
OUT_06766,351.467
OUT_06767,393.42
OUT_06768,152.445
OUT_06769,115.972
OUT_06770,133.98
OUT_06771,129.454
OUT_06772,152.943
OUT_06773,332.476
OUT_06774,450.946
OUT_06775,382.936
OUT_06776,159.264
OUT_06777,1223.137
OUT_06778,176.691
OUT_06779,153.432
OUT_06780,134.124
OUT_06781,120.234
OUT_06782,130.18
OUT_06783,164.751
OUT_06784,395.978
OUT_06785,408.861
OUT_06786,157.219
OUT_06787,161.265
OUT_06788,101.511
OUT_06789,146.826
OUT_06790,307.055
OUT_06791,156.065
OUT_06792,321.168
OUT_06793,424.95
OUT_06794,104.618
OUT_06795,373.227
OUT_06796,131.154
OUT_06797,1103.553
OUT_06798,1170.841
OUT_06799,114.493
OUT_06800,318.615
OUT_06801,149.099
OUT_06802,432.339
OUT_06803,428.11
OUT_06804,170.609
OUT_06805,157.879
OUT_06806,144.478
OUT_06807,194.321
OUT_06808,390.176
OUT_06809,149.706
OUT_06810,2503.36
OUT_06811,227.408
OUT_06812,142.88
OUT_06813,153.238
OUT_06814,114.116
OUT_06815,1282.956
OUT_06816,337.528
OUT_06817,1240.631
OUT_06818,2459.482
OUT_06819,348.805
OUT_06820,163.731
OUT_06821,271.692
OUT_06822,115.973
OUT_06823,410.244
OUT_06824,178.28
OUT_06825,342.463
OUT_06826,1358.841
OUT_06827,141.53
OUT_06828,96.129
OUT_06829,104.632
OUT_06830,1268.133
OUT_06831,334.452
OUT_06832,373.495
OUT_06833,335.851
OUT_06834,353.793
OUT_06835,132.051
OUT_06836,141.689
OUT_06837,272.683
OUT_06838,143.333
OUT_06839,1177.013
OUT_06840,337.008
OUT_06841,422.216
OUT_06842,151.798
OUT_06843,1262.968
OUT_06844,117.551
OUT_06845,309.612
OUT_06846,109.576
OUT_06847,128.377
OUT_06848,144.02
OUT_06849,432.176
OUT_06850,156.32
OUT_06851,374.538
OUT_06852,129.644
OUT_06853,102.05
OUT_06854,141.292
OUT_06855,370.38
OUT_06856,282.181
OUT_06857,127.783
OUT_06858,114.128
OUT_06859,98.931
OUT_06860,1180.852
OUT_06861,135.373
OUT_06862,157.61
OUT_06863,1205.807
OUT_06864,152.983
OUT_06865,447.487
OUT_06866,398.32
OUT_06867,1162.902
OUT_06868,141.476
OUT_06869,136.385
OUT_06870,149.608
OUT_06871,149.57
OUT_06872,114.367
OUT_06873,133.988
OUT_06874,110.499
OUT_06875,128.808
OUT_06876,101.331
OUT_06877,126.374
OUT_06878,155.305
OUT_06879,1141.046
OUT_06880,1041.952
OUT_06881,1298.991
OUT_06882,1142.043
OUT_06883,165.978
OUT_06884,382.435
OUT_06885,105.188
OUT_06886,286.803
OUT_06887,89.584
OUT_06888,1332.173
OUT_06889,125.394
OUT_06890,106.108
OUT_06891,362.532
OUT_06892,101.436
OUT_06893,282.985
OUT_06894,430.357
OUT_06895,134.992
OUT_06896,137.711
OUT_06897,306.523
OUT_06898,113.052
OUT_06899,162.162
OUT_06900,126.547
OUT_06901,377.934
OUT_06902,112.103
OUT_06903,123.544
OUT_06904,348.608
OUT_06905,359.415
OUT_06906,1399.008
OUT_06907,91.096
OUT_06908,106.702
OUT_06909,142.289
OUT_06910,453.474
OUT_06911,138.575
OUT_06912,79.818
OUT_06913,137.083
OUT_06914,459.658
OUT_06915,1171.007
OUT_06916,155.826
OUT_06917,169.634
OUT_06918,110.142
OUT_06919,144.234
OUT_06920,183.866
OUT_06921,114.741
OUT_06922,1092.69
OUT_06923,137.209
OUT_06924,141.434
OUT_06925,150.916
OUT_06926,148.874
OUT_06927,142.901
OUT_06928,137.053
OUT_06929,145.204
OUT_06930,461.716
OUT_06931,110.718
OUT_06932,390.856
OUT_06933,302.848
OUT_06934,124.935
OUT_06935,155.751
OUT_06936,383.334
OUT_06937,166.611
OUT_06938,1182.719
OUT_06939,476.158
OUT_06940,2624.804
OUT_06941,326.768
OUT_06942,473.225
OUT_06943,400.564
OUT_06944,114.018
OUT_06945,163.51
OUT_06946,216.618
OUT_06947,309.732
OUT_06948,1081.413
OUT_06949,314.946
OUT_06950,118.086
OUT_06951,136.785
OUT_06952,1209.987
OUT_06953,133.524
OUT_06954,156.975
OUT_06955,164.058
OUT_06956,375.094
OUT_06957,139.795
OUT_06958,144.147
OUT_06959,145.898
OUT_06960,166.773
OUT_06961,158.365
OUT_06962,114.245
OUT_06963,311.602
OUT_06964,141.271
OUT_06965,165.269
OUT_06966,104.167
OUT_06967,386.868
OUT_06968,135.856
OUT_06969,175.482
OUT_06970,104.972
OUT_06971,127.137
OUT_06972,118.822
OUT_06973,102.925
OUT_06974,389.342
OUT_06975,78.752
OUT_06976,1124.781
OUT_06977,380.881
OUT_06978,149.764
OUT_06979,123.819
OUT_06980,107.419
OUT_06981,2475.626
OUT_06982,114.362
OUT_06983,123.936
OUT_06984,323.521
OUT_06985,2487.943
OUT_06986,110.766
OUT_06987,120.728
OUT_06988,386.746
OUT_06989,280.441
OUT_06990,1152.845
OUT_06991,125.428
OUT_06992,116.976
OUT_06993,128.222
OUT_06994,158.947
OUT_06995,125.125
OUT_06996,1131.733
OUT_06997,332.691
OUT_06998,114.941
OUT_06999,413.724
OUT_07000,1252.362
OUT_07001,439.74
OUT_07002,1322.199
OUT_07003,434.112
OUT_07004,133.455
OUT_07005,166.867
OUT_07006,105.871
OUT_07007,393.875
OUT_07008,2601.332
OUT_07009,419.038
OUT_07010,395.238
OUT_07011,143.494
OUT_07012,1171.488
OUT_07013,2437.464
OUT_07014,391.866
OUT_07015,108.201
OUT_07016,2443.951
OUT_07017,155.013
OUT_07018,376.576
OUT_07019,122.017
OUT_07020,1143.8
OUT_07021,412.201
OUT_07022,139.809
OUT_07023,165.329
OUT_07024,364.877
OUT_07025,160.203
OUT_07026,2315.712
OUT_07027,2502.052
OUT_07028,160.41
OUT_07029,1162.749
OUT_07030,144.826
OUT_07031,1112.043
OUT_07032,308.565
OUT_07033,482.43
OUT_07034,121.213
OUT_07035,129.168
OUT_07036,129.653
OUT_07037,347.988
OUT_07038,137.914
OUT_07039,124.957
OUT_07040,375.263
OUT_07041,116.897
OUT_07042,363.177
OUT_07043,173.831
OUT_07044,352.374
OUT_07045,377.543
OUT_07046,399.2
OUT_07047,160.291
OUT_07048,1291.154
OUT_07049,124.174
OUT_07050,343.056
OUT_07051,410.561
OUT_07052,155.393
OUT_07053,158.922
OUT_07054,389.557
OUT_07055,134.863
OUT_07056,1251.818
OUT_07057,1119.975
OUT_07058,292.772
OUT_07059,181.312
OUT_07060,161.152
OUT_07061,1184.142
OUT_07062,361.481
OUT_07063,131.275
OUT_07064,366.953
OUT_07065,1214.373
OUT_07066,137.176
OUT_07067,442.272
OUT_07068,2432.665
OUT_07069,118.597
OUT_07070,362.571
OUT_07071,115.491
OUT_07072,142.72
OUT_07073,112.455
OUT_07074,164.353
OUT_07075,132.853
OUT_07076,151.993
OUT_07077,68.316
OUT_07078,321.27
OUT_07079,102.36
OUT_07080,2416.08
OUT_07081,433.03
OUT_07082,152.459
OUT_07083,147.459
OUT_07084,114.811
OUT_07085,430.019
OUT_07086,142.11
OUT_07087,105.179
OUT_07088,297.904
OUT_07089,2577.808
OUT_07090,392.938
OUT_07091,284.218
OUT_07092,137.236
OUT_07093,1169.93
OUT_07094,297.897
OUT_07095,81.025
OUT_07096,317.643
OUT_07097,386.735
OUT_07098,164.581
OUT_07099,400.192
OUT_07100,169.916
OUT_07101,1190.501
OUT_07102,118.184
OUT_07103,160.091
OUT_07104,124.576
OUT_07105,312.815
OUT_07106,152.375
OUT_07107,124.663
OUT_07108,1166.629
OUT_07109,179.316
OUT_07110,159.243
OUT_07111,380.87
OUT_07112,341.694
OUT_07113,411.559
OUT_07114,379.246
OUT_07115,418.789
OUT_07116,138.798
OUT_07117,147.062
OUT_07118,129.444
OUT_07119,311.987
OUT_07120,377.26
OUT_07121,1287.791
OUT_07122,1066.679
OUT_07123,128.098
OUT_07124,1254.081
OUT_07125,139.46
OUT_07126,399.938
OUT_07127,127.487
OUT_07128,105.519
OUT_07129,386.51
OUT_07130,157.333
OUT_07131,143.888
OUT_07132,384.359
OUT_07133,105.972
OUT_07134,153.303
OUT_07135,2580.976
OUT_07136,120.038
OUT_07137,139.597
OUT_07138,1190.008
OUT_07139,132.198
OUT_07140,136.377
OUT_07141,1224.746
OUT_07142,148.492
OUT_07143,176.177
OUT_07144,1220.227
OUT_07145,170.646
OUT_07146,122.546
OUT_07147,1243.979
OUT_07148,1243.399
OUT_07149,464.536
OUT_07150,1126.323
OUT_07151,147.211
OUT_07152,173.275
OUT_07153,138.088
OUT_07154,133.094
OUT_07155,390.71
OUT_07156,1191.139
OUT_07157,379.792
OUT_07158,151.245
OUT_07159,130.509
OUT_07160,165.803
OUT_07161,2711.386
OUT_07162,133.419
OUT_07163,173.11
OUT_07164,119.856
OUT_07165,178.014
OUT_07166,369.734
OUT_07167,167.541
OUT_07168,105.979
OUT_07169,380.765
OUT_07170,160.484
OUT_07171,112.396
OUT_07172,122.112
OUT_07173,162.675
OUT_07174,122.788
OUT_07175,113.844
OUT_07176,162.848
OUT_07177,2797.443
OUT_07178,296.528
OUT_07179,160.006
OUT_07180,96.261
OUT_07181,427.631
OUT_07182,76.905
OUT_07183,1165.281
OUT_07184,371.399
OUT_07185,147.019
OUT_07186,157.038
OUT_07187,1174.53
OUT_07188,100.716
OUT_07189,141.366
OUT_07190,125.361
OUT_07191,95.33
OUT_07192,139.588
OUT_07193,412.407
OUT_07194,1153.945
OUT_07195,1174.522
OUT_07196,284.432
OUT_07197,154.969
OUT_07198,126.117
OUT_07199,390.124
OUT_07200,124.776
OUT_07201,420.029
OUT_07202,120.072
OUT_07203,466.397
OUT_07204,154.676
OUT_07205,118.65
OUT_07206,99.017
OUT_07207,334.831
OUT_07208,171.665
OUT_07209,405.183
OUT_07210,108.846
OUT_07211,132.848
OUT_07212,412.444
OUT_07213,129.209
OUT_07214,1301.251
OUT_07215,2545.35
OUT_07216,95.012
OUT_07217,119.248
OUT_07218,304.65
OUT_07219,1222.207
OUT_07220,136.399
OUT_07221,139.628
OUT_07222,123.973
OUT_07223,175.789
OUT_07224,163.519
OUT_07225,2552.296
OUT_07226,128.977
OUT_07227,1180.903
OUT_07228,166.854
OUT_07229,127.435
OUT_07230,122.721
OUT_07231,123.697
OUT_07232,326.719
OUT_07233,2473.648
OUT_07234,120.257
OUT_07235,420.985
OUT_07236,153.991
OUT_07237,108.308
OUT_07238,121.754
OUT_07239,338.309
OUT_07240,160.182
OUT_07241,155.317
OUT_07242,111.457
OUT_07243,448.775
OUT_07244,142.881
OUT_07245,440.142
OUT_07246,145.856
OUT_07247,362.168
OUT_07248,146.23
OUT_07249,153.068
OUT_07250,2396.66
OUT_07251,332.917
OUT_07252,411.041
OUT_07253,114.273
OUT_07254,160.737
OUT_07255,123.725
OUT_07256,273.629
OUT_07257,326.809
OUT_07258,1211.394
OUT_07259,1132.917
OUT_07260,130.425
OUT_07261,178.778
OUT_07262,388.841
OUT_07263,1111.911
OUT_07264,138.6
OUT_07265,115.964
OUT_07266,1214.038
OUT_07267,105.182
OUT_07268,332.143
OUT_07269,395.676
OUT_07270,146.449
OUT_07271,126.882
OUT_07272,441.649
OUT_07273,1280.113
OUT_07274,1203.169
OUT_07275,136.584
OUT_07276,2491.497
OUT_07277,113.548
OUT_07278,115.024
OUT_07279,151.963
OUT_07280,396.258
OUT_07281,1227.748
OUT_07282,378.398
OUT_07283,144.04
OUT_07284,333.284
OUT_07285,2889.049
OUT_07286,311.556
OUT_07287,146.013
OUT_07288,122.947
OUT_07289,1163.205
OUT_07290,107.558
OUT_07291,145.535
OUT_07292,183.775
OUT_07293,177.09
OUT_07294,162.348
OUT_07295,144.195
OUT_07296,447.806
OUT_07297,136.676
OUT_07298,1235.747
OUT_07299,100.397
OUT_07300,1233.143
OUT_07301,105.868
OUT_07302,376.995
OUT_07303,145.544
OUT_07304,58.334
OUT_07305,1162.238
OUT_07306,150.631
OUT_07307,1236.603
OUT_07308,154.214
OUT_07309,152.853
OUT_07310,153.995
OUT_07311,393.002
OUT_07312,130.249
OUT_07313,145.012
OUT_07314,1106.858
OUT_07315,336.254
OUT_07316,2567.805
OUT_07317,1014.904
OUT_07318,359.777
OUT_07319,96.14
OUT_07320,181.919
OUT_07321,2390.795
OUT_07322,427.828
OUT_07323,112.349
OUT_07324,1213.788
OUT_07325,151.535
OUT_07326,103.544
OUT_07327,1182.558
OUT_07328,323.516
OUT_07329,410.532
OUT_07330,448.885
OUT_07331,1088.047
OUT_07332,122.641
OUT_07333,397.396
OUT_07334,368.65
OUT_07335,1185.019
OUT_07336,161.455
OUT_07337,163.002
OUT_07338,122.665
OUT_07339,131.625
OUT_07340,176.827
OUT_07341,1145.17
OUT_07342,166.684
OUT_07343,469.722
OUT_07344,133.377
OUT_07345,150.16
OUT_07346,126.123
OUT_07347,387.273
OUT_07348,342.126
OUT_07349,1156.621
OUT_07350,128.193
OUT_07351,285.655
OUT_07352,157.155
OUT_07353,101.32
OUT_07354,1200.289
OUT_07355,100.408
OUT_07356,319.876
OUT_07357,317.834
OUT_07358,164.935
OUT_07359,125.676
OUT_07360,117.599
OUT_07361,162.615
OUT_07362,431.205
OUT_07363,153.718
OUT_07364,322.184
OUT_07365,161.608
OUT_07366,109.525
OUT_07367,1175.124
OUT_07368,1198.18
OUT_07369,169.198
OUT_07370,119.23
OUT_07371,294.772
OUT_07372,183.904
OUT_07373,128.057
OUT_07374,1134.527
OUT_07375,143.595
OUT_07376,431.838
OUT_07377,121.587
OUT_07378,1079.604
OUT_07379,159.446
OUT_07380,1169.275
OUT_07381,125.443
OUT_07382,338.334
OUT_07383,316.908
OUT_07384,129.147
OUT_07385,126.435
OUT_07386,1229.46
OUT_07387,139.054
OUT_07388,2654.772
OUT_07389,179.938
OUT_07390,1148.426
OUT_07391,2504.156
OUT_07392,105.247
OUT_07393,1096.708
OUT_07394,114.57
OUT_07395,149.753
OUT_07396,483.322
OUT_07397,162.063
OUT_07398,146.326
OUT_07399,157.113
OUT_07400,406.455
OUT_07401,147.668
OUT_07402,376.667
OUT_07403,139.899
OUT_07404,136.062
OUT_07405,111.004
OUT_07406,163.788
OUT_07407,151.855
OUT_07408,2819.095
OUT_07409,121.67
OUT_07410,297.263
OUT_07411,118.84
OUT_07412,158.959
OUT_07413,455.438
OUT_07414,338.404
OUT_07415,339.066
OUT_07416,436.895
OUT_07417,2510.057
OUT_07418,1189.183
OUT_07419,145.597
OUT_07420,398.509
OUT_07421,159.82
OUT_07422,1178.793
OUT_07423,451.791
OUT_07424,124.06
OUT_07425,284.294
OUT_07426,432.704
OUT_07427,118.776
OUT_07428,379.899
OUT_07429,314.17
OUT_07430,121.606
OUT_07431,136.749
OUT_07432,1223.973
OUT_07433,110.451
OUT_07434,114.293
OUT_07435,163.399
OUT_07436,115.482
OUT_07437,156.607
OUT_07438,161.327
OUT_07439,50.058
OUT_07440,416.076
OUT_07441,138.637
OUT_07442,118.47
OUT_07443,1167.861
OUT_07444,413.811
OUT_07445,103.018
OUT_07446,155.387
OUT_07447,421.051
OUT_07448,339.21
OUT_07449,122.009
OUT_07450,137.051
OUT_07451,1154.051
OUT_07452,294.425
OUT_07453,283.216
OUT_07454,95.622
OUT_07455,332.253
OUT_07456,1204.238
OUT_07457,105.595
OUT_07458,455.975
OUT_07459,148.131
OUT_07460,169.229
OUT_07461,99.904
OUT_07462,353.178
OUT_07463,373.509
OUT_07464,399.998
OUT_07465,129.106
OUT_07466,1220.844
OUT_07467,390.101
OUT_07468,135.713
OUT_07469,1058.552
OUT_07470,126.037
OUT_07471,305.855
OUT_07472,1015.94
OUT_07473,133.634
OUT_07474,2457.71
OUT_07475,336.763
OUT_07476,113.77
OUT_07477,147.482
OUT_07478,137.616
OUT_07479,156.579
OUT_07480,1171.814
OUT_07481,377.405
OUT_07482,134.849
OUT_07483,1291.239
OUT_07484,372.953
OUT_07485,304.226
OUT_07486,390.021
OUT_07487,394.958
OUT_07488,399.074
OUT_07489,332.167
OUT_07490,1099.378
OUT_07491,436.923
OUT_07492,2648.852
OUT_07493,342.13
OUT_07494,341.029
OUT_07495,411.913
OUT_07496,108.878
OUT_07497,308.963
OUT_07498,449.211
OUT_07499,414.447
OUT_07500,94.478
OUT_07501,330.518
OUT_07502,154.776
OUT_07503,452.942
OUT_07504,2485.27
OUT_07505,1100.183
OUT_07506,112.612
OUT_07507,104.003
OUT_07508,121.698
OUT_07509,145.051
OUT_07510,157.055
OUT_07511,139.651
OUT_07512,400.947
OUT_07513,360.473
OUT_07514,120.636
OUT_07515,1314.566
OUT_07516,128.416
OUT_07517,131.24
OUT_07518,122.146
OUT_07519,2686.717
OUT_07520,385.224
OUT_07521,125.2
OUT_07522,418.099
OUT_07523,136.58
OUT_07524,393.664
OUT_07525,152.116
OUT_07526,145.978
OUT_07527,177.501
OUT_07528,113.244
OUT_07529,144.753
OUT_07530,397.584
OUT_07531,150.306
OUT_07532,375.351
OUT_07533,398.919
OUT_07534,123.26
OUT_07535,372.577
OUT_07536,1061.38
OUT_07537,132.091
OUT_07538,151.483
OUT_07539,417.045
OUT_07540,125.685
OUT_07541,105.127
OUT_07542,141.454
OUT_07543,152.307
OUT_07544,98.629
OUT_07545,394.252
OUT_07546,2640.539
OUT_07547,439.613
OUT_07548,128.118
OUT_07549,115.542
OUT_07550,152.755
OUT_07551,165.362
OUT_07552,364.721
OUT_07553,2514.321
OUT_07554,108.529
OUT_07555,117.204
OUT_07556,163.477
OUT_07557,1174.661
OUT_07558,109.509
OUT_07559,110.538
OUT_07560,139.932
OUT_07561,330.562
OUT_07562,100.412
OUT_07563,365.661
OUT_07564,146.085
OUT_07565,161.867
OUT_07566,131.839
OUT_07567,136.297
OUT_07568,140.548
OUT_07569,107.661
OUT_07570,185.963
OUT_07571,430.356
OUT_07572,170.766
OUT_07573,134.003
OUT_07574,1100.934
OUT_07575,151.368
OUT_07576,358.509
OUT_07577,162.277
OUT_07578,1072.477
OUT_07579,121.256
OUT_07580,188.404
OUT_07581,1212.081
OUT_07582,137.839
OUT_07583,154.548
OUT_07584,131.89
OUT_07585,126.519
OUT_07586,384.799
OUT_07587,1101.624
OUT_07588,192.494
OUT_07589,139.905
OUT_07590,1146.631
OUT_07591,1244.897
OUT_07592,125.596
OUT_07593,408.316
OUT_07594,125.694
OUT_07595,104.709
OUT_07596,112.683
OUT_07597,149.693
OUT_07598,458.943
OUT_07599,146.136
OUT_07600,1228.03
OUT_07601,141.826
OUT_07602,137.413
OUT_07603,154.249
OUT_07604,2616.316
OUT_07605,1281.871
OUT_07606,138.988
OUT_07607,120.192
OUT_07608,122.272
OUT_07609,424.758
OUT_07610,129.766
OUT_07611,429.902
OUT_07612,158.061
OUT_07613,162.668
OUT_07614,109.035
OUT_07615,329.559
OUT_07616,141.971
OUT_07617,1161.271
OUT_07618,115.863
OUT_07619,336.005
OUT_07620,426.013
OUT_07621,395.524
OUT_07622,392.087
OUT_07623,155.406
OUT_07624,129.983
OUT_07625,1145.918
OUT_07626,134.348
OUT_07627,1088.274
OUT_07628,94.924
OUT_07629,1198.426
OUT_07630,111.61
OUT_07631,160.507
OUT_07632,136.19
OUT_07633,1283.82
OUT_07634,148.617
OUT_07635,1125.573
OUT_07636,1245.986
OUT_07637,97.411
OUT_07638,385.882
OUT_07639,2637.794
OUT_07640,104.075
OUT_07641,293.344
OUT_07642,161.169
OUT_07643,442.967
OUT_07644,159.075
OUT_07645,148.247
OUT_07646,372.327
OUT_07647,161.734
OUT_07648,157.814
OUT_07649,313.374
OUT_07650,412.402
OUT_07651,115.271
OUT_07652,128.674
OUT_07653,123.296
OUT_07654,343.091
OUT_07655,2466.13
OUT_07656,141.241
OUT_07657,130.517
OUT_07658,2524.658
OUT_07659,378.188
OUT_07660,122.354
OUT_07661,347.713
OUT_07662,317.394
OUT_07663,127.385
OUT_07664,348.526
OUT_07665,153.391
OUT_07666,138.603
OUT_07667,382.9
OUT_07668,138.096
OUT_07669,99.114
OUT_07670,145.328
OUT_07671,1293.548
OUT_07672,115.886
OUT_07673,136.996
OUT_07674,1113.839
OUT_07675,121.014
OUT_07676,162.437
OUT_07677,1083.791
OUT_07678,1015.575
OUT_07679,1204.98
OUT_07680,142.407
OUT_07681,370.798
OUT_07682,1191.137
OUT_07683,118.806
OUT_07684,438.312
OUT_07685,1290.38
OUT_07686,133.015
OUT_07687,2515.676
OUT_07688,2477.203
OUT_07689,280.4
OUT_07690,105.777
OUT_07691,153.947
OUT_07692,109.055
OUT_07693,443.939
OUT_07694,134.736
OUT_07695,148.887
OUT_07696,130.254
OUT_07697,137.653
OUT_07698,138.303
OUT_07699,149.38
OUT_07700,133.887
OUT_07701,98.665
OUT_07702,1245.879
OUT_07703,2462.817
OUT_07704,1144.382
OUT_07705,407.018
OUT_07706,303.116
OUT_07707,125.012
OUT_07708,349.372
OUT_07709,341.208
OUT_07710,133.977
OUT_07711,154.572
OUT_07712,416.61
OUT_07713,488.289
OUT_07714,274.753
OUT_07715,407.31
OUT_07716,167.912
OUT_07717,127.988
OUT_07718,328.126
OUT_07719,113.218
OUT_07720,2466.756
OUT_07721,401.881
OUT_07722,1083.967
OUT_07723,122.279
OUT_07724,329.222
OUT_07725,379.554
OUT_07726,156.837
OUT_07727,146.929
OUT_07728,136.431
OUT_07729,144.977
OUT_07730,382.719
OUT_07731,138.655
OUT_07732,355.451
OUT_07733,96.459
OUT_07734,1235.766
OUT_07735,152.469
OUT_07736,2558.23
OUT_07737,145.339
OUT_07738,149.258
OUT_07739,450.844
OUT_07740,302.203
OUT_07741,153.067
OUT_07742,1086.581
OUT_07743,134.782
OUT_07744,153.476
OUT_07745,133.246
OUT_07746,1250.811
OUT_07747,397.442
OUT_07748,151.647
OUT_07749,307.464
OUT_07750,381.147
OUT_07751,158.14
OUT_07752,140.726
OUT_07753,360.741
OUT_07754,214.148
OUT_07755,425.159
OUT_07756,142.93
OUT_07757,117.863
OUT_07758,109.79
OUT_07759,163.526
OUT_07760,367.47
OUT_07761,146.891
OUT_07762,2408.951
OUT_07763,405.078
OUT_07764,139.265
OUT_07765,2545.966
OUT_07766,119.108
OUT_07767,188.025
OUT_07768,139.544
OUT_07769,1144.168
OUT_07770,160.025
OUT_07771,378.035
OUT_07772,1171.603
OUT_07773,355.149
OUT_07774,314.947
OUT_07775,1196.927
OUT_07776,123.731
OUT_07777,134.516
OUT_07778,108.571
OUT_07779,167.16
OUT_07780,138.148
OUT_07781,457.503
OUT_07782,338.848
OUT_07783,162.095
OUT_07784,294.474
OUT_07785,435.887
OUT_07786,1205.606
OUT_07787,1214.663
OUT_07788,112.878
OUT_07789,131.326
OUT_07790,436.476
OUT_07791,1508.849
OUT_07792,1222.195
OUT_07793,1151.427
OUT_07794,107.202
OUT_07795,1268.486
OUT_07796,2556.391
OUT_07797,165.376
OUT_07798,414.038
OUT_07799,127.241
OUT_07800,111.919
OUT_07801,1251.511
OUT_07802,147.986
OUT_07803,139.906
OUT_07804,165.277
OUT_07805,146.606
OUT_07806,412.222
OUT_07807,140.387
OUT_07808,111.498
OUT_07809,368.49
OUT_07810,2315.146
OUT_07811,152.276
OUT_07812,149.166
OUT_07813,123.461
OUT_07814,136.885
OUT_07815,2596.678
OUT_07816,181.08
OUT_07817,1278.951
OUT_07818,143.541
OUT_07819,304.336
OUT_07820,166.952
OUT_07821,125.491
OUT_07822,111.886
OUT_07823,1133.851
OUT_07824,113.106
OUT_07825,380.78
OUT_07826,118.064
OUT_07827,382.25
OUT_07828,135.206
OUT_07829,94.373
OUT_07830,1186.415
OUT_07831,399.746
OUT_07832,1188.591
OUT_07833,290.086
OUT_07834,401.989
OUT_07835,139.756
OUT_07836,380.4
OUT_07837,2538.706
OUT_07838,406.772
OUT_07839,117.815
OUT_07840,397.607
OUT_07841,129.042
OUT_07842,157.681
OUT_07843,124.725
OUT_07844,126.664
OUT_07845,1162.711
OUT_07846,326.22
OUT_07847,381.427
OUT_07848,128.635
OUT_07849,116.648
OUT_07850,101.112
OUT_07851,154.305
OUT_07852,167.808
OUT_07853,121.176
OUT_07854,104.878
OUT_07855,393.804
OUT_07856,372.288
OUT_07857,315.099
OUT_07858,1213.444
OUT_07859,1184.281
OUT_07860,440.417
OUT_07861,337.817
OUT_07862,139.923
OUT_07863,317.068
OUT_07864,407.341
OUT_07865,135.34
OUT_07866,190.474
OUT_07867,1156.077
OUT_07868,125.997
OUT_07869,374.009
OUT_07870,321.27
OUT_07871,151.286
OUT_07872,150.742
OUT_07873,120.29
OUT_07874,151.293
OUT_07875,1213.319
OUT_07876,2520.044
OUT_07877,2597.465
OUT_07878,146.131
OUT_07879,1100.759
OUT_07880,2548.264
OUT_07881,122.807
OUT_07882,105.075
OUT_07883,1186.254
OUT_07884,417.385
OUT_07885,122.123
OUT_07886,388.996
OUT_07887,151.701
OUT_07888,376.369
OUT_07889,153.694
OUT_07890,115.617
OUT_07891,163.4
OUT_07892,149.077
OUT_07893,1300.87
OUT_07894,135.024
OUT_07895,134.063
OUT_07896,2515.632
OUT_07897,1083.87
OUT_07898,339.743
OUT_07899,471.471
OUT_07900,140.922
OUT_07901,1131.149
OUT_07902,160.614
OUT_07903,131.876
OUT_07904,112.718
OUT_07905,121.014
OUT_07906,149.907
OUT_07907,124.164
OUT_07908,1181.653
OUT_07909,319.91
OUT_07910,362.388
OUT_07911,1103.824
OUT_07912,130.312
OUT_07913,129.936
OUT_07914,143.994
OUT_07915,323.849
OUT_07916,2581.202
OUT_07917,135.278
OUT_07918,162.62
OUT_07919,143.036
OUT_07920,405.708
OUT_07921,150.471
OUT_07922,124.106
OUT_07923,2536.85
OUT_07924,1115.003
OUT_07925,2393.643
OUT_07926,135.453
OUT_07927,143.554
OUT_07928,156.697
OUT_07929,114.941
OUT_07930,1114.516
OUT_07931,138.871
OUT_07932,346.005
OUT_07933,126.63
OUT_07934,140.731
OUT_07935,1193.31
OUT_07936,116.64
OUT_07937,170.576
OUT_07938,1172.051
OUT_07939,342.373
OUT_07940,137.682
OUT_07941,373.999
OUT_07942,134.515
OUT_07943,317.596
OUT_07944,134.042
OUT_07945,323.049
OUT_07946,173.744
OUT_07947,302.767
OUT_07948,292.703
OUT_07949,1331.796
OUT_07950,176.334
OUT_07951,152.014
OUT_07952,111.951
OUT_07953,117.658
OUT_07954,387.473
OUT_07955,391.379
OUT_07956,292.583
OUT_07957,386.195
OUT_07958,133.474
OUT_07959,147.095
OUT_07960,115.83
OUT_07961,161.928
OUT_07962,294.811
OUT_07963,104.869
OUT_07964,108.593
OUT_07965,375.203
OUT_07966,371.173
OUT_07967,1085.943
OUT_07968,140.093
OUT_07969,395.303
OUT_07970,993.83
OUT_07971,1129.117
OUT_07972,372.451
OUT_07973,145.699
OUT_07974,390.253
OUT_07975,180.122
OUT_07976,158.382
OUT_07977,123.464
OUT_07978,366.193
OUT_07979,103.143
OUT_07980,2533.395
OUT_07981,142.191
OUT_07982,137.006
OUT_07983,172.96
OUT_07984,103.875
OUT_07985,1153.457
OUT_07986,158.491
OUT_07987,151.203
OUT_07988,177.271
OUT_07989,157.5
OUT_07990,168.259
OUT_07991,1148.69
OUT_07992,160.022
OUT_07993,1218.483
OUT_07994,95.701
OUT_07995,126.536
OUT_07996,128.312
OUT_07997,400.803
OUT_07998,107.882
OUT_07999,157.612
OUT_08000,123.384
OUT_08001,1177.082
OUT_08002,297.235
OUT_08003,126.852
OUT_08004,157.517
OUT_08005,121.191
OUT_08006,121.271
OUT_08007,157.892
OUT_08008,371.674
OUT_08009,141.725
OUT_08010,253.263
OUT_08011,152.535
OUT_08012,126.746
OUT_08013,294.47
OUT_08014,306.225
OUT_08015,1174.117
OUT_08016,130.91
OUT_08017,123.751
OUT_08018,134.558
OUT_08019,319.475
OUT_08020,156.525
OUT_08021,88.49
OUT_08022,386.176
OUT_08023,337.413
OUT_08024,134.078
OUT_08025,1136.099
OUT_08026,387.937
OUT_08027,144.975
OUT_08028,118.794
OUT_08029,1204.268
OUT_08030,1054.955
OUT_08031,133.997
OUT_08032,2550.768
OUT_08033,2389.623
OUT_08034,148.526
OUT_08035,345.686
OUT_08036,171.832
OUT_08037,1243.854
OUT_08038,412.515
OUT_08039,1223.647
OUT_08040,139.026
OUT_08041,1130.608
OUT_08042,395.178
OUT_08043,174.011
OUT_08044,162.911
OUT_08045,2488.705
OUT_08046,125.177
OUT_08047,2628.242
OUT_08048,158.702
OUT_08049,159.549
OUT_08050,1174.026
OUT_08051,152.144
OUT_08052,405.267
OUT_08053,141.383
OUT_08054,158.377
OUT_08055,1147.611
OUT_08056,150.814
OUT_08057,387.963
OUT_08058,324.251
OUT_08059,1098.921
OUT_08060,100.488
OUT_08061,136.393
OUT_08062,1189.603
OUT_08063,397.15
OUT_08064,137.159
OUT_08065,343.787
OUT_08066,1221.523
OUT_08067,1262.045
OUT_08068,105.714
OUT_08069,377.3
OUT_08070,413.593
OUT_08071,118.285
OUT_08072,334.452
OUT_08073,141.73
OUT_08074,129.919
OUT_08075,269.046
OUT_08076,359.686
OUT_08077,136.881
OUT_08078,329.828
OUT_08079,2448.112
OUT_08080,378.083
OUT_08081,140.203
OUT_08082,267.721
OUT_08083,1160.16
OUT_08084,110.2
OUT_08085,121.29
OUT_08086,122.14
OUT_08087,122.198
OUT_08088,327.069
OUT_08089,161.144
OUT_08090,2500.668
OUT_08091,412.609
OUT_08092,162.349
OUT_08093,316.724
OUT_08094,122.856
OUT_08095,136.275
OUT_08096,143.959
OUT_08097,1233.672
OUT_08098,459.398
OUT_08099,1037.592
OUT_08100,2490.611
OUT_08101,150.159
OUT_08102,407.444
OUT_08103,130.473
OUT_08104,123.8
OUT_08105,352.352
OUT_08106,138.758
OUT_08107,295.877
OUT_08108,137.502
OUT_08109,2558.648
OUT_08110,118.024
OUT_08111,319.42
OUT_08112,1154.821
OUT_08113,118.409
OUT_08114,1153.976
OUT_08115,134.102
OUT_08116,368.238
OUT_08117,178.579
OUT_08118,1156.254
OUT_08119,145.821
OUT_08120,1074.256
OUT_08121,113.897
OUT_08122,105.3
OUT_08123,316.731
OUT_08124,115.643
OUT_08125,426.028
OUT_08126,1112.333
OUT_08127,1081.69
OUT_08128,1292.016
OUT_08129,1107.088
OUT_08130,111.351
OUT_08131,1126.232
OUT_08132,126.909
OUT_08133,126.004
OUT_08134,344.607
OUT_08135,442.162
OUT_08136,101.68
OUT_08137,306.421
OUT_08138,1159.14
OUT_08139,307.236
OUT_08140,1204.028
OUT_08141,120.371
OUT_08142,130.183
OUT_08143,384.058
OUT_08144,159.872
OUT_08145,1131.215
OUT_08146,164.747
OUT_08147,124.326
OUT_08148,367.725
OUT_08149,90.875
OUT_08150,154.919
OUT_08151,320.07
OUT_08152,100.065
OUT_08153,324.59
OUT_08154,305.718
OUT_08155,145.197
OUT_08156,164.646
OUT_08157,149.981
OUT_08158,1302.366
OUT_08159,2443.577
OUT_08160,1150.052
OUT_08161,137.535
OUT_08162,136.872
OUT_08163,118.006
OUT_08164,140.184
OUT_08165,386.403
OUT_08166,154.634
OUT_08167,408.365
OUT_08168,91.785
OUT_08169,148.196
OUT_08170,155.83
OUT_08171,175.231
OUT_08172,394.417
OUT_08173,312.532
OUT_08174,153.05
OUT_08175,1186.801
OUT_08176,116.442
OUT_08177,1232.847
OUT_08178,382.784
OUT_08179,1188.978
OUT_08180,152.273
OUT_08181,316.101
OUT_08182,327.211
OUT_08183,144.176
OUT_08184,152.398
OUT_08185,143.465
OUT_08186,1112.667
OUT_08187,1164.456
OUT_08188,402.533
OUT_08189,115.585
OUT_08190,388.712
OUT_08191,119.265
OUT_08192,301.547
OUT_08193,120.357
OUT_08194,133.182
OUT_08195,1235.587
OUT_08196,277.009
OUT_08197,122.287
OUT_08198,327.472
OUT_08199,414.836
OUT_08200,109.896
OUT_08201,2591.862
OUT_08202,163.508
OUT_08203,128.622
OUT_08204,173.681
OUT_08205,100.76
OUT_08206,1175.617
OUT_08207,132.587
OUT_08208,307.466
OUT_08209,372.086
OUT_08210,111.106
OUT_08211,164.438
OUT_08212,153.952
OUT_08213,146.877
OUT_08214,94.82
OUT_08215,416.197
OUT_08216,1039.132
OUT_08217,1235.158
OUT_08218,2678.682
OUT_08219,313.021
OUT_08220,137.531
OUT_08221,1148.488
OUT_08222,1343.909
OUT_08223,144.623
OUT_08224,170.087
OUT_08225,1212.265
OUT_08226,2455.444
OUT_08227,1159.811
OUT_08228,1260.497
OUT_08229,154.69
OUT_08230,386.499
OUT_08231,2452.18
OUT_08232,120.522
OUT_08233,1160.103
OUT_08234,1309.452
OUT_08235,129.46
OUT_08236,158.213
OUT_08237,1165.39
OUT_08238,402.304
OUT_08239,325.335
OUT_08240,154.107
OUT_08241,1183.829
OUT_08242,141.5
OUT_08243,1211.15
OUT_08244,97.309
OUT_08245,124.556
OUT_08246,127.101
OUT_08247,408.906
OUT_08248,144.516
OUT_08249,169.684
OUT_08250,144.404
OUT_08251,377.595
OUT_08252,152.619
OUT_08253,143.233
OUT_08254,413.014
OUT_08255,352.895
OUT_08256,133.776
OUT_08257,394.711
OUT_08258,391.903
OUT_08259,301.894
OUT_08260,1107.072
OUT_08261,1213.866
OUT_08262,343.657
OUT_08263,136.311
OUT_08264,394.046
OUT_08265,144.779
OUT_08266,86.841
OUT_08267,368.114
OUT_08268,155.813
OUT_08269,144.269
OUT_08270,345.084
OUT_08271,1253.948
OUT_08272,420.835
OUT_08273,1220.514
OUT_08274,139.114
OUT_08275,1147.934
OUT_08276,129.695
OUT_08277,282.493
OUT_08278,2571.022
OUT_08279,400.928
OUT_08280,1180.876
OUT_08281,1129.307
OUT_08282,155.061
OUT_08283,115.269
OUT_08284,168.366
OUT_08285,171.838
OUT_08286,364.525
OUT_08287,391.051
OUT_08288,361.683
OUT_08289,142.312
OUT_08290,135.65
OUT_08291,146.371
OUT_08292,1246.927
OUT_08293,102.438
OUT_08294,352.364
OUT_08295,131.847
OUT_08296,2617.428
OUT_08297,143.489
OUT_08298,2542.535
OUT_08299,116.21
OUT_08300,406.144
OUT_08301,193.538
OUT_08302,137.021
OUT_08303,377.584
OUT_08304,2631.177
OUT_08305,1232.124
OUT_08306,154.408
OUT_08307,1158.27
OUT_08308,424.46
OUT_08309,402.531
OUT_08310,381.332
OUT_08311,128.297
OUT_08312,138.446
OUT_08313,1156.012
OUT_08314,134.804
OUT_08315,144.694
OUT_08316,152.515
OUT_08317,141.892
OUT_08318,126.385
OUT_08319,359.05
OUT_08320,378.397
OUT_08321,361.315
OUT_08322,164.365
OUT_08323,326.219
OUT_08324,132.472
OUT_08325,360.151
OUT_08326,388.066
OUT_08327,1153.099
OUT_08328,405.97
OUT_08329,387.085
OUT_08330,1144.43
OUT_08331,1157.664
OUT_08332,1109.609
OUT_08333,110.543
OUT_08334,159.648
OUT_08335,320.868
OUT_08336,178.318
OUT_08337,120.066
OUT_08338,394.135
OUT_08339,151.056
OUT_08340,421.532
OUT_08341,130.861
OUT_08342,434.832
OUT_08343,147.445
OUT_08344,144.798
OUT_08345,110.041
OUT_08346,327.448
OUT_08347,1144.359
OUT_08348,1364.22
OUT_08349,88.38
OUT_08350,113.254
OUT_08351,283.5
OUT_08352,142.363
OUT_08353,117.021
OUT_08354,135.779
OUT_08355,1190.176
OUT_08356,437.504
OUT_08357,317.917
OUT_08358,377.549
OUT_08359,149.276
OUT_08360,1283.886
OUT_08361,421.729
OUT_08362,1138.85
OUT_08363,140.309
OUT_08364,142.279
OUT_08365,105.568
OUT_08366,169.811
OUT_08367,90.357
OUT_08368,102.854
OUT_08369,130.728
OUT_08370,136.406
OUT_08371,368.134
OUT_08372,157.823
OUT_08373,106.329
OUT_08374,147.311
OUT_08375,142.117
OUT_08376,136.711
OUT_08377,327.295
OUT_08378,341.204
OUT_08379,133.771
OUT_08380,393.331
OUT_08381,133.233
OUT_08382,1134.829
OUT_08383,111.35
OUT_08384,135.367
OUT_08385,164.834
OUT_08386,333.045
OUT_08387,447.13
OUT_08388,341.719
OUT_08389,143.026
OUT_08390,328.136
OUT_08391,118.625
OUT_08392,135.253
OUT_08393,95.979
OUT_08394,104.629
OUT_08395,131.04
OUT_08396,406.391
OUT_08397,94.597
OUT_08398,293.336
OUT_08399,130.15
OUT_08400,1222.386
OUT_08401,154.912
OUT_08402,2517.612
OUT_08403,143.256
OUT_08404,124.389
OUT_08405,158.36
OUT_08406,417.356
OUT_08407,176.837
OUT_08408,1086.774
OUT_08409,110.542
OUT_08410,152.544
OUT_08411,447.74
OUT_08412,98.451
OUT_08413,317.561
OUT_08414,387.754
OUT_08415,120.229
OUT_08416,112.952
OUT_08417,116.028
OUT_08418,157.246
OUT_08419,173.508
OUT_08420,177.741
OUT_08421,300.004
OUT_08422,332.451
OUT_08423,120.423
OUT_08424,137.704
OUT_08425,146.319
OUT_08426,137.755
OUT_08427,1189.848
OUT_08428,172.734
OUT_08429,164.57
OUT_08430,167.063
OUT_08431,145.172
OUT_08432,2571.723
OUT_08433,150.384
OUT_08434,104.388
OUT_08435,126.069
OUT_08436,403.411
OUT_08437,1266.705
OUT_08438,1153.642
OUT_08439,147.691
OUT_08440,140.6
OUT_08441,102.265
OUT_08442,2560.649
OUT_08443,381.485
OUT_08444,312.685
OUT_08445,140.452
OUT_08446,362.966
OUT_08447,121.976
OUT_08448,434.294
OUT_08449,1165.578
OUT_08450,133.281
OUT_08451,355.425
OUT_08452,2556.792
OUT_08453,163.878
OUT_08454,127.132
OUT_08455,1171.511
OUT_08456,135.798
OUT_08457,1249.707
OUT_08458,1213.662
OUT_08459,296.766
OUT_08460,102.969
OUT_08461,384.926
OUT_08462,120.829
OUT_08463,428.029
OUT_08464,1017.566
OUT_08465,364.812
OUT_08466,422.036
OUT_08467,150.403
OUT_08468,367.116
OUT_08469,358.324
OUT_08470,397.949
OUT_08471,125.595
OUT_08472,387.312
OUT_08473,422.167
OUT_08474,1223.226
OUT_08475,117.214
OUT_08476,188.341
OUT_08477,1213.165
OUT_08478,161.676
OUT_08479,306.112
OUT_08480,301.385
OUT_08481,125.84
OUT_08482,380.217
OUT_08483,132.889
OUT_08484,2687.978
OUT_08485,2502.448
OUT_08486,139.405
OUT_08487,141.645
OUT_08488,130.944
OUT_08489,1213.904
OUT_08490,369.993
OUT_08491,364.591
OUT_08492,456.998
OUT_08493,1112.118
OUT_08494,143.246
OUT_08495,125.257
OUT_08496,1203.164
OUT_08497,154.971
OUT_08498,127.26
OUT_08499,153.327
OUT_08500,120.893
OUT_08501,151.569
OUT_08502,1016.472
OUT_08503,133.849
OUT_08504,398.539
OUT_08505,166.825
OUT_08506,1095.377
OUT_08507,135.375
OUT_08508,401.789
OUT_08509,129.567
OUT_08510,146.789
OUT_08511,77.864
OUT_08512,1184.236
OUT_08513,190.279
OUT_08514,151.621
OUT_08515,425.99
OUT_08516,131.252
OUT_08517,1176.168
OUT_08518,362.104
OUT_08519,128.689
OUT_08520,159.522
OUT_08521,139.773
OUT_08522,110.488
OUT_08523,405.823
OUT_08524,436.985
OUT_08525,372.272
OUT_08526,2516.0
OUT_08527,171.483
OUT_08528,96.193
OUT_08529,122.917
OUT_08530,393.177
OUT_08531,133.209
OUT_08532,352.399
OUT_08533,159.759
OUT_08534,122.349
OUT_08535,122.332
OUT_08536,141.164
OUT_08537,1040.766
OUT_08538,136.383
OUT_08539,404.712
OUT_08540,1194.678
OUT_08541,480.511
OUT_08542,137.551
OUT_08543,319.804
OUT_08544,1108.036
OUT_08545,154.31
OUT_08546,142.937
OUT_08547,136.003
OUT_08548,124.868
OUT_08549,2499.903
OUT_08550,1085.12
OUT_08551,130.756
OUT_08552,1219.557
OUT_08553,428.623
OUT_08554,99.552
OUT_08555,1176.552
OUT_08556,396.479
OUT_08557,126.958
OUT_08558,153.579
OUT_08559,944.487
OUT_08560,310.92
OUT_08561,310.898
OUT_08562,136.655
OUT_08563,398.823
OUT_08564,1081.899
OUT_08565,1202.54
OUT_08566,382.546
OUT_08567,148.132
OUT_08568,1134.586
OUT_08569,136.844
OUT_08570,132.711
OUT_08571,175.228
OUT_08572,110.617
OUT_08573,381.461
OUT_08574,332.926
OUT_08575,305.039
OUT_08576,122.004
OUT_08577,351.898
OUT_08578,439.013
OUT_08579,138.551
OUT_08580,139.673
OUT_08581,424.829
OUT_08582,392.56
OUT_08583,2484.909
OUT_08584,143.624
OUT_08585,137.221
OUT_08586,159.928
OUT_08587,176.902
OUT_08588,366.372
OUT_08589,145.638
OUT_08590,312.312
OUT_08591,164.978
OUT_08592,415.346
OUT_08593,127.035
OUT_08594,131.112
OUT_08595,422.149
OUT_08596,373.316
OUT_08597,59.928
OUT_08598,112.714
OUT_08599,145.222
OUT_08600,110.621
OUT_08601,163.824
OUT_08602,441.202
OUT_08603,1043.527
OUT_08604,111.486
OUT_08605,142.495
OUT_08606,1121.786
OUT_08607,134.425
OUT_08608,370.091
OUT_08609,124.191
OUT_08610,117.645
OUT_08611,339.079
OUT_08612,151.314
OUT_08613,397.972
OUT_08614,2536.497
OUT_08615,137.424
OUT_08616,163.642
OUT_08617,145.679
OUT_08618,327.942
OUT_08619,1204.751
OUT_08620,158.545
OUT_08621,145.563
OUT_08622,125.538
OUT_08623,334.545
OUT_08624,142.874
OUT_08625,2349.098
OUT_08626,287.433
OUT_08627,157.368
OUT_08628,134.04
OUT_08629,160.081
OUT_08630,1242.036
OUT_08631,1268.088
OUT_08632,115.302
OUT_08633,170.525
OUT_08634,175.403
OUT_08635,116.081
OUT_08636,2502.307
OUT_08637,165.0
OUT_08638,424.42
OUT_08639,154.152
OUT_08640,334.644
OUT_08641,374.231
OUT_08642,1298.867
OUT_08643,388.891
OUT_08644,156.187
OUT_08645,108.764
OUT_08646,138.756
OUT_08647,1347.085
OUT_08648,327.268
OUT_08649,133.461
OUT_08650,315.768
OUT_08651,2723.954
OUT_08652,1211.842
OUT_08653,1226.59
OUT_08654,140.806
OUT_08655,414.304
OUT_08656,319.027
OUT_08657,432.571
OUT_08658,1187.367
OUT_08659,128.078
OUT_08660,2684.073
OUT_08661,134.339
OUT_08662,126.916
OUT_08663,123.116
OUT_08664,95.299
OUT_08665,1261.524
OUT_08666,2495.664
OUT_08667,132.198
OUT_08668,146.758
OUT_08669,140.656
OUT_08670,1225.556
OUT_08671,144.41
OUT_08672,131.95
OUT_08673,1232.437
OUT_08674,401.403
OUT_08675,132.808
OUT_08676,2907.839
OUT_08677,106.265
OUT_08678,163.663
OUT_08679,355.7
OUT_08680,421.111
OUT_08681,141.483
OUT_08682,1156.535
OUT_08683,143.972
OUT_08684,143.675
OUT_08685,149.96
OUT_08686,386.641
OUT_08687,166.944
OUT_08688,126.556
OUT_08689,111.738
OUT_08690,124.34
OUT_08691,350.954
OUT_08692,323.877
OUT_08693,403.383
OUT_08694,423.335
OUT_08695,1159.544
OUT_08696,152.24
OUT_08697,124.697
OUT_08698,421.82
OUT_08699,424.853
OUT_08700,467.481
OUT_08701,369.034
OUT_08702,330.828
OUT_08703,131.23
OUT_08704,1227.617
OUT_08705,362.722
OUT_08706,179.021
OUT_08707,120.725
OUT_08708,1126.983
OUT_08709,158.537
OUT_08710,127.868
OUT_08711,162.606
OUT_08712,134.625
OUT_08713,136.566
OUT_08714,312.947
OUT_08715,115.037
OUT_08716,2609.148
OUT_08717,378.535
OUT_08718,141.29
OUT_08719,385.683
OUT_08720,130.202
OUT_08721,1108.134
OUT_08722,324.714
OUT_08723,421.032
OUT_08724,122.879
OUT_08725,104.939
OUT_08726,128.256
OUT_08727,146.625
OUT_08728,432.355
OUT_08729,168.868
OUT_08730,148.42
OUT_08731,109.856
OUT_08732,171.59
OUT_08733,146.298
OUT_08734,188.687
OUT_08735,449.392
OUT_08736,1088.312
OUT_08737,143.667
OUT_08738,362.072
OUT_08739,2414.085
OUT_08740,136.871
OUT_08741,107.888
OUT_08742,104.765
OUT_08743,132.71
OUT_08744,154.577
OUT_08745,370.18
OUT_08746,132.107
OUT_08747,151.668
OUT_08748,129.352
OUT_08749,447.165
OUT_08750,345.048
OUT_08751,323.46
OUT_08752,129.866
OUT_08753,1172.663
OUT_08754,136.107
OUT_08755,92.169
OUT_08756,1179.09
OUT_08757,111.196
OUT_08758,133.105
OUT_08759,1219.304
OUT_08760,135.831
OUT_08761,1176.661
OUT_08762,139.52
OUT_08763,372.168
OUT_08764,1079.8
OUT_08765,145.727
OUT_08766,159.087
OUT_08767,1138.939
OUT_08768,133.026
OUT_08769,131.551
OUT_08770,387.223
OUT_08771,306.035
OUT_08772,300.796
OUT_08773,131.097
OUT_08774,100.637
OUT_08775,412.099
OUT_08776,1252.321
OUT_08777,159.132
OUT_08778,127.683
OUT_08779,140.263
OUT_08780,1253.767
OUT_08781,398.898
OUT_08782,405.561
OUT_08783,1215.048
OUT_08784,290.574
OUT_08785,1275.48
OUT_08786,122.918
OUT_08787,285.907
OUT_08788,123.672
OUT_08789,1227.194
OUT_08790,142.106
OUT_08791,368.949
OUT_08792,100.547
OUT_08793,146.684
OUT_08794,346.357
OUT_08795,151.274
OUT_08796,180.975
OUT_08797,130.89
OUT_08798,126.771
OUT_08799,165.012
OUT_08800,174.443
OUT_08801,423.559
OUT_08802,150.677
OUT_08803,372.037
OUT_08804,178.361
OUT_08805,2521.734
OUT_08806,106.184
OUT_08807,369.973
OUT_08808,367.952
OUT_08809,111.077
OUT_08810,123.945
OUT_08811,154.874
OUT_08812,163.427
OUT_08813,124.041
OUT_08814,150.517
OUT_08815,1200.516
OUT_08816,113.493
OUT_08817,322.473
OUT_08818,437.27
OUT_08819,329.777
OUT_08820,116.926
OUT_08821,302.999
OUT_08822,401.186
OUT_08823,349.878
OUT_08824,147.282
OUT_08825,156.392
OUT_08826,1236.122
OUT_08827,2662.509
OUT_08828,145.325
OUT_08829,109.897
OUT_08830,132.303
OUT_08831,2476.658
OUT_08832,160.777
OUT_08833,122.131
OUT_08834,172.324
OUT_08835,2561.476
OUT_08836,124.761
OUT_08837,328.459
OUT_08838,373.918
OUT_08839,127.085
OUT_08840,1228.662
OUT_08841,1233.783
OUT_08842,133.186
OUT_08843,1195.226
OUT_08844,415.146
OUT_08845,299.996
OUT_08846,462.861
OUT_08847,352.0
OUT_08848,375.793
OUT_08849,451.195
OUT_08850,1173.011
OUT_08851,147.38
OUT_08852,161.377
OUT_08853,1264.752
OUT_08854,129.268
OUT_08855,1152.563
OUT_08856,152.828
OUT_08857,321.483
OUT_08858,375.745
OUT_08859,111.969
OUT_08860,1034.064
OUT_08861,131.446
OUT_08862,162.458
OUT_08863,107.762
OUT_08864,228.097
OUT_08865,370.741
OUT_08866,125.685
OUT_08867,90.673
OUT_08868,145.845
OUT_08869,378.963
OUT_08870,172.651
OUT_08871,1363.621
OUT_08872,2543.3
OUT_08873,141.573
OUT_08874,161.88
OUT_08875,416.592
OUT_08876,161.552
OUT_08877,1165.748
OUT_08878,423.352
OUT_08879,342.908
OUT_08880,152.217
OUT_08881,133.724
OUT_08882,140.453
OUT_08883,1320.049
OUT_08884,1109.742
OUT_08885,147.897
OUT_08886,1144.63
OUT_08887,326.437
OUT_08888,91.495
OUT_08889,135.97
OUT_08890,172.609
OUT_08891,1181.996
OUT_08892,379.686
OUT_08893,405.206
OUT_08894,182.559
OUT_08895,1184.532
OUT_08896,133.064
OUT_08897,381.448
OUT_08898,1314.044
OUT_08899,386.29
OUT_08900,148.051
OUT_08901,146.586
OUT_08902,423.173
OUT_08903,111.183
OUT_08904,141.672
OUT_08905,131.589
OUT_08906,390.326
OUT_08907,375.41
OUT_08908,185.189
OUT_08909,130.971
OUT_08910,1178.366
OUT_08911,122.039
OUT_08912,292.655
OUT_08913,1128.448
OUT_08914,1249.866
OUT_08915,155.595
OUT_08916,150.389
OUT_08917,107.781
OUT_08918,366.587
OUT_08919,179.06
OUT_08920,158.941
OUT_08921,1173.432
OUT_08922,391.646
OUT_08923,153.366
OUT_08924,400.165
OUT_08925,1319.79
OUT_08926,165.381
OUT_08927,325.954
OUT_08928,1169.39
OUT_08929,2512.253
OUT_08930,161.442
OUT_08931,107.895
OUT_08932,119.516
OUT_08933,375.932
OUT_08934,330.188
OUT_08935,390.154
OUT_08936,108.54
OUT_08937,170.342
OUT_08938,1269.027
OUT_08939,110.903
OUT_08940,108.278
OUT_08941,144.997
OUT_08942,152.486
OUT_08943,148.433
OUT_08944,991.022
OUT_08945,148.101
OUT_08946,1170.967
OUT_08947,1137.395
OUT_08948,154.118
OUT_08949,285.774
OUT_08950,368.641
OUT_08951,136.825
OUT_08952,125.999
OUT_08953,97.561
OUT_08954,159.018
OUT_08955,100.425
OUT_08956,138.912
OUT_08957,130.158
OUT_08958,1187.92
OUT_08959,404.802
OUT_08960,98.139
OUT_08961,139.696
OUT_08962,132.131
OUT_08963,94.02
OUT_08964,1148.488
OUT_08965,1250.705
OUT_08966,360.277
OUT_08967,141.045
OUT_08968,425.126
OUT_08969,1201.882
OUT_08970,463.958
OUT_08971,145.897
OUT_08972,115.748
OUT_08973,173.644
OUT_08974,373.922
OUT_08975,127.196
OUT_08976,168.199
OUT_08977,129.93
OUT_08978,1077.144
OUT_08979,1184.241
OUT_08980,142.714
OUT_08981,115.644
OUT_08982,150.592
OUT_08983,325.504
OUT_08984,145.279
OUT_08985,132.371
OUT_08986,1084.922
OUT_08987,302.264
OUT_08988,123.812
OUT_08989,137.977
OUT_08990,128.64
OUT_08991,361.386
OUT_08992,1106.839
OUT_08993,85.565
OUT_08994,393.837
OUT_08995,2634.39
OUT_08996,111.74
OUT_08997,435.343
OUT_08998,385.698
OUT_08999,374.334
OUT_09000,107.722
OUT_09001,134.774
OUT_09002,179.682
OUT_09003,115.807
OUT_09004,131.104
OUT_09005,114.276
OUT_09006,2560.229
OUT_09007,2615.154
OUT_09008,169.038
OUT_09009,143.847
OUT_09010,1211.37
OUT_09011,1243.094
OUT_09012,2433.269
OUT_09013,141.087
OUT_09014,1146.062
OUT_09015,2734.63
OUT_09016,152.792
OUT_09017,134.418
OUT_09018,149.354
OUT_09019,125.077
OUT_09020,145.347
OUT_09021,141.874
OUT_09022,447.607
OUT_09023,139.858
OUT_09024,2750.525
OUT_09025,405.218
OUT_09026,156.515
OUT_09027,167.105
OUT_09028,398.966
OUT_09029,142.401
OUT_09030,132.656
OUT_09031,121.593
OUT_09032,363.127
OUT_09033,143.404
OUT_09034,446.071
OUT_09035,439.207
OUT_09036,2809.563
OUT_09037,131.277
OUT_09038,378.525
OUT_09039,1281.525
OUT_09040,162.152
OUT_09041,388.189
OUT_09042,1216.801
OUT_09043,1229.041
OUT_09044,444.817
OUT_09045,382.159
OUT_09046,101.697
OUT_09047,1164.414
OUT_09048,1186.802
OUT_09049,117.352
OUT_09050,1178.231
OUT_09051,1190.931
OUT_09052,142.697
OUT_09053,408.655
OUT_09054,433.186
OUT_09055,189.492
OUT_09056,417.621
OUT_09057,377.145
OUT_09058,1184.181
OUT_09059,136.973
OUT_09060,135.545
OUT_09061,139.793
OUT_09062,148.767
OUT_09063,141.676
OUT_09064,1187.336
OUT_09065,367.814
OUT_09066,171.934
OUT_09067,173.887
OUT_09068,1193.313
OUT_09069,449.859
OUT_09070,1279.932
OUT_09071,1340.973
OUT_09072,2526.286
OUT_09073,444.867
OUT_09074,1185.652
OUT_09075,154.366
OUT_09076,413.819
OUT_09077,156.726
OUT_09078,444.723
OUT_09079,417.645
OUT_09080,133.54
OUT_09081,1200.637
OUT_09082,149.453
OUT_09083,329.104
OUT_09084,168.09
OUT_09085,164.606
OUT_09086,112.013
OUT_09087,124.846
OUT_09088,134.918
OUT_09089,1227.686
OUT_09090,396.428
OUT_09091,404.417
OUT_09092,114.629
OUT_09093,1209.806
OUT_09094,397.848
OUT_09095,408.73
OUT_09096,407.647
OUT_09097,1273.323
OUT_09098,124.96
OUT_09099,381.274
OUT_09100,342.004
OUT_09101,356.288
OUT_09102,379.031
OUT_09103,137.153
OUT_09104,1206.008
OUT_09105,180.607
OUT_09106,330.437
OUT_09107,119.344
OUT_09108,450.593
OUT_09109,137.2
OUT_09110,1105.795
OUT_09111,2547.26
OUT_09112,470.434
OUT_09113,166.422
OUT_09114,364.147
OUT_09115,165.857
OUT_09116,210.14
OUT_09117,359.993
OUT_09118,167.986
OUT_09119,306.009
OUT_09120,1145.784
OUT_09121,151.279
OUT_09122,1205.816
OUT_09123,407.803
OUT_09124,137.408
OUT_09125,113.955
OUT_09126,144.054
OUT_09127,157.248
OUT_09128,408.196
OUT_09129,149.514
OUT_09130,135.326
OUT_09131,374.594
OUT_09132,150.186
OUT_09133,122.017
OUT_09134,1303.471
OUT_09135,141.611
OUT_09136,137.201
OUT_09137,120.897
OUT_09138,145.224
OUT_09139,371.994
OUT_09140,147.631
OUT_09141,147.662
OUT_09142,488.555
OUT_09143,387.942
OUT_09144,140.671
OUT_09145,185.369
OUT_09146,392.96
OUT_09147,136.218
OUT_09148,145.682
OUT_09149,104.14
OUT_09150,153.301
OUT_09151,1220.365
OUT_09152,105.575
OUT_09153,121.512
OUT_09154,430.045
OUT_09155,110.019
OUT_09156,157.042
OUT_09157,197.686
OUT_09158,395.428
OUT_09159,325.539
OUT_09160,169.213
OUT_09161,163.997
OUT_09162,138.485
OUT_09163,137.211
OUT_09164,413.018
OUT_09165,377.304
OUT_09166,150.56
OUT_09167,366.607
OUT_09168,178.862
OUT_09169,155.192
OUT_09170,1120.153
OUT_09171,125.971
OUT_09172,426.415
OUT_09173,116.591
OUT_09174,427.642
OUT_09175,415.675
OUT_09176,100.675
OUT_09177,162.769
OUT_09178,172.281
OUT_09179,135.14
OUT_09180,333.732
OUT_09181,356.313
OUT_09182,410.682
OUT_09183,1172.76
OUT_09184,134.537
OUT_09185,1240.199
OUT_09186,1278.963
OUT_09187,443.666
OUT_09188,426.099
OUT_09189,117.605
OUT_09190,391.387
OUT_09191,1111.215
OUT_09192,429.506
OUT_09193,103.863
OUT_09194,157.438
OUT_09195,140.083
OUT_09196,102.661
OUT_09197,381.235
OUT_09198,1186.71
OUT_09199,156.676
OUT_09200,1143.907
OUT_09201,373.173
OUT_09202,159.617
OUT_09203,125.623
OUT_09204,368.849
OUT_09205,122.424
OUT_09206,119.501
OUT_09207,1199.401
OUT_09208,145.059
OUT_09209,138.61
OUT_09210,426.738
OUT_09211,382.481
OUT_09212,167.165
OUT_09213,396.336
OUT_09214,2486.298
OUT_09215,1247.362
OUT_09216,2518.877
OUT_09217,1183.28
OUT_09218,127.457
OUT_09219,287.615
OUT_09220,351.676
OUT_09221,2517.899
OUT_09222,133.875
OUT_09223,149.661
OUT_09224,341.306
OUT_09225,106.591
OUT_09226,144.17
OUT_09227,102.357
OUT_09228,149.958
OUT_09229,408.381
OUT_09230,145.671
OUT_09231,130.127
OUT_09232,1220.86
OUT_09233,1214.119
OUT_09234,125.527
OUT_09235,130.544
OUT_09236,1247.572
OUT_09237,171.833
OUT_09238,384.621
OUT_09239,143.191
OUT_09240,122.811
OUT_09241,378.444
OUT_09242,154.655
OUT_09243,1158.964
OUT_09244,328.476
OUT_09245,147.355
OUT_09246,149.247
OUT_09247,154.862
OUT_09248,160.115
OUT_09249,136.989
OUT_09250,385.422
OUT_09251,119.641
OUT_09252,137.834
OUT_09253,395.159
OUT_09254,121.27
OUT_09255,376.098
OUT_09256,312.536
OUT_09257,2572.963
OUT_09258,138.133
OUT_09259,1212.068
OUT_09260,133.727
OUT_09261,121.576
OUT_09262,1159.092
OUT_09263,1162.997
OUT_09264,126.337
OUT_09265,1162.134
OUT_09266,142.814
OUT_09267,461.963
OUT_09268,127.688
OUT_09269,167.787
OUT_09270,131.243
OUT_09271,355.308
OUT_09272,331.03
OUT_09273,167.609
OUT_09274,2619.91
OUT_09275,2881.758
OUT_09276,129.124
OUT_09277,362.047
OUT_09278,185.416
OUT_09279,168.231
OUT_09280,125.359
OUT_09281,181.048
OUT_09282,155.449
OUT_09283,405.351
OUT_09284,386.617
OUT_09285,103.613
OUT_09286,405.772
OUT_09287,151.935
OUT_09288,1196.488
OUT_09289,147.446
OUT_09290,129.512
OUT_09291,373.981
OUT_09292,82.725
OUT_09293,369.871
OUT_09294,413.205
OUT_09295,143.991
OUT_09296,132.895
OUT_09297,1096.71
OUT_09298,152.458
OUT_09299,141.719
OUT_09300,115.998
OUT_09301,398.109
OUT_09302,362.813
OUT_09303,2519.403
OUT_09304,1207.947
OUT_09305,138.045
OUT_09306,118.268
OUT_09307,1286.13
OUT_09308,136.399
OUT_09309,153.661
OUT_09310,2575.029
OUT_09311,173.298
OUT_09312,126.064
OUT_09313,172.274
OUT_09314,427.863
OUT_09315,322.743
OUT_09316,424.687
OUT_09317,1235.584
OUT_09318,1204.337
OUT_09319,411.053
OUT_09320,1245.471
OUT_09321,136.199
OUT_09322,188.33
OUT_09323,2487.066
OUT_09324,332.904
OUT_09325,142.266
OUT_09326,135.773
OUT_09327,161.127
OUT_09328,141.865
OUT_09329,127.185
OUT_09330,153.617
OUT_09331,390.238
OUT_09332,1248.404
OUT_09333,122.249
OUT_09334,166.308
OUT_09335,150.734
OUT_09336,1234.175
OUT_09337,142.281
OUT_09338,135.01
OUT_09339,136.03
OUT_09340,1098.133
OUT_09341,184.904
OUT_09342,1185.919
OUT_09343,443.586
OUT_09344,155.647
OUT_09345,134.758
OUT_09346,114.351
OUT_09347,473.302
OUT_09348,147.531
OUT_09349,352.076
OUT_09350,133.387
OUT_09351,317.888
OUT_09352,122.7
OUT_09353,132.79
OUT_09354,1131.508
OUT_09355,336.731
OUT_09356,146.453
OUT_09357,1202.372
OUT_09358,163.087
OUT_09359,131.076
OUT_09360,146.117
OUT_09361,155.698
OUT_09362,149.494
OUT_09363,137.424
OUT_09364,153.875
OUT_09365,1217.469
OUT_09366,142.836
OUT_09367,147.495
OUT_09368,149.089
OUT_09369,2450.924
OUT_09370,347.214
OUT_09371,144.177
OUT_09372,397.545
OUT_09373,319.433
OUT_09374,182.027
OUT_09375,138.993
OUT_09376,166.222
OUT_09377,1098.429
OUT_09378,158.324
OUT_09379,314.183
OUT_09380,397.452
OUT_09381,153.336
OUT_09382,342.985
OUT_09383,424.394
OUT_09384,99.414
OUT_09385,426.798
OUT_09386,408.669
OUT_09387,143.786
OUT_09388,354.024
OUT_09389,115.241
OUT_09390,2532.261
OUT_09391,390.827
OUT_09392,121.522
OUT_09393,118.715
OUT_09394,421.082
OUT_09395,150.854
OUT_09396,558.95
OUT_09397,385.369
OUT_09398,378.062
OUT_09399,418.503
OUT_09400,1401.407
OUT_09401,439.651
OUT_09402,139.935
OUT_09403,165.587
OUT_09404,359.013
OUT_09405,437.011
OUT_09406,149.55
OUT_09407,1246.286
OUT_09408,166.349
OUT_09409,145.206
OUT_09410,1187.602
OUT_09411,463.525
OUT_09412,129.581
OUT_09413,150.573
OUT_09414,379.544
OUT_09415,129.509
OUT_09416,170.807
OUT_09417,378.159
OUT_09418,405.118
OUT_09419,127.889
OUT_09420,141.004
OUT_09421,200.014
OUT_09422,2454.318
OUT_09423,283.856
OUT_09424,410.478
OUT_09425,339.583
OUT_09426,134.221
OUT_09427,413.685
OUT_09428,156.273
OUT_09429,372.65
OUT_09430,469.518
OUT_09431,180.645
OUT_09432,159.205
OUT_09433,128.065
OUT_09434,150.497
OUT_09435,110.557
OUT_09436,457.748
OUT_09437,169.809
OUT_09438,148.309
OUT_09439,255.695
OUT_09440,142.096
OUT_09441,138.447
OUT_09442,396.697
OUT_09443,128.746
OUT_09444,133.832
OUT_09445,2531.703
OUT_09446,330.145
OUT_09447,384.909
OUT_09448,1219.848
OUT_09449,163.109
OUT_09450,1126.214
OUT_09451,137.673
OUT_09452,242.512
OUT_09453,162.014
OUT_09454,136.897
OUT_09455,425.692
OUT_09456,137.636
OUT_09457,152.122
OUT_09458,421.316
OUT_09459,120.093
OUT_09460,180.137
OUT_09461,338.647
OUT_09462,122.155
OUT_09463,1194.515
OUT_09464,146.365
OUT_09465,165.014
OUT_09466,392.163
OUT_09467,167.089
OUT_09468,162.033
OUT_09469,1120.618
OUT_09470,377.914
OUT_09471,454.974
OUT_09472,155.164
OUT_09473,134.044
OUT_09474,178.26
OUT_09475,130.248
OUT_09476,1110.468
OUT_09477,1108.283
OUT_09478,94.061
OUT_09479,431.289
OUT_09480,378.233
OUT_09481,393.18
OUT_09482,2472.501
OUT_09483,136.613
OUT_09484,991.96
OUT_09485,144.863
OUT_09486,150.345
OUT_09487,1199.831
OUT_09488,144.391
OUT_09489,149.568
OUT_09490,110.015
OUT_09491,1153.198
OUT_09492,376.824
OUT_09493,111.894
OUT_09494,127.395
OUT_09495,344.333
OUT_09496,139.614
OUT_09497,134.381
OUT_09498,351.199
OUT_09499,108.498
OUT_09500,158.81
OUT_09501,3619.859
OUT_09502,148.313
OUT_09503,121.795
OUT_09504,162.325
OUT_09505,384.221
OUT_09506,137.823
OUT_09507,428.464
OUT_09508,392.121
OUT_09509,1241.945
OUT_09510,389.768
OUT_09511,187.56
OUT_09512,112.311
OUT_09513,126.323
OUT_09514,131.995
OUT_09515,1411.608
OUT_09516,168.629
OUT_09517,147.164
OUT_09518,359.338
OUT_09519,1038.19
OUT_09520,329.629
OUT_09521,135.847
OUT_09522,135.284
OUT_09523,2437.473
OUT_09524,404.338
OUT_09525,426.159
OUT_09526,113.163
OUT_09527,130.789
OUT_09528,157.641
OUT_09529,406.031
OUT_09530,193.71
OUT_09531,175.817
OUT_09532,135.23
OUT_09533,2512.425
OUT_09534,155.205
OUT_09535,146.667
OUT_09536,129.556
OUT_09537,364.37
OUT_09538,157.077
OUT_09539,137.021
OUT_09540,1137.566
OUT_09541,359.136
OUT_09542,356.352
OUT_09543,460.746
OUT_09544,97.52
OUT_09545,400.2
OUT_09546,132.313
OUT_09547,369.27
OUT_09548,1205.034
OUT_09549,111.721
OUT_09550,338.606
OUT_09551,417.836
OUT_09552,1156.577
OUT_09553,366.412
OUT_09554,145.531
OUT_09555,147.161
OUT_09556,124.057
OUT_09557,120.315
OUT_09558,132.57
OUT_09559,415.274
OUT_09560,128.32
OUT_09561,205.527
OUT_09562,145.191
OUT_09563,162.558
OUT_09564,134.987
OUT_09565,138.558
OUT_09566,170.262
OUT_09567,428.835
OUT_09568,1155.228
OUT_09569,475.224
OUT_09570,1201.266
OUT_09571,154.955
OUT_09572,311.001
OUT_09573,411.484
OUT_09574,163.023
OUT_09575,107.081
OUT_09576,1260.834
OUT_09577,103.779
OUT_09578,363.15
OUT_09579,1104.762
OUT_09580,158.624
OUT_09581,1274.65
OUT_09582,2512.459
OUT_09583,1183.475
OUT_09584,152.836
OUT_09585,1263.83
OUT_09586,2545.405
OUT_09587,112.388
OUT_09588,345.554
OUT_09589,368.571
OUT_09590,393.743
OUT_09591,405.745
OUT_09592,2555.727
OUT_09593,153.088
OUT_09594,314.582
OUT_09595,421.773
OUT_09596,161.331
OUT_09597,397.445
OUT_09598,154.334
OUT_09599,131.942
OUT_09600,1242.234
OUT_09601,139.03
OUT_09602,129.045
OUT_09603,1143.002
OUT_09604,165.014
OUT_09605,418.818
OUT_09606,467.162
OUT_09607,1112.648
OUT_09608,2584.511
OUT_09609,163.627
OUT_09610,350.194
OUT_09611,142.756
OUT_09612,142.952
OUT_09613,156.238
OUT_09614,1157.998
OUT_09615,333.866
OUT_09616,108.148
OUT_09617,122.318
OUT_09618,407.665
OUT_09619,136.682
OUT_09620,403.671
OUT_09621,120.618
OUT_09622,434.206
OUT_09623,157.632
OUT_09624,144.507
OUT_09625,150.842
OUT_09626,421.359
OUT_09627,356.171
OUT_09628,161.847
OUT_09629,352.256
OUT_09630,132.472
OUT_09631,376.181
OUT_09632,151.267
OUT_09633,359.339
OUT_09634,2411.11
OUT_09635,350.526
OUT_09636,1231.216
OUT_09637,1345.853
OUT_09638,117.53
OUT_09639,158.839
OUT_09640,160.649
OUT_09641,127.375
OUT_09642,122.916
OUT_09643,435.329
OUT_09644,158.888
OUT_09645,134.181
OUT_09646,139.751
OUT_09647,346.976
OUT_09648,1099.166
OUT_09649,352.578
OUT_09650,132.531
OUT_09651,105.653
OUT_09652,163.99
OUT_09653,332.29
OUT_09654,404.9
OUT_09655,98.754
OUT_09656,1202.385
OUT_09657,128.924
OUT_09658,136.575
OUT_09659,133.126
OUT_09660,395.813
OUT_09661,355.448
OUT_09662,159.526
OUT_09663,160.248
OUT_09664,134.071
OUT_09665,332.848
OUT_09666,119.719
OUT_09667,407.596
OUT_09668,367.448
OUT_09669,134.602
OUT_09670,396.961
OUT_09671,369.76
OUT_09672,151.349
OUT_09673,394.876
OUT_09674,169.9
OUT_09675,141.081
OUT_09676,389.816
OUT_09677,146.494
OUT_09678,134.498
OUT_09679,182.608
OUT_09680,432.768
OUT_09681,102.377
OUT_09682,1185.212
OUT_09683,431.768
OUT_09684,175.239
OUT_09685,139.361
OUT_09686,139.294
OUT_09687,135.533
OUT_09688,470.307
OUT_09689,131.59
OUT_09690,154.614
OUT_09691,142.005
OUT_09692,155.094
OUT_09693,434.963
OUT_09694,1144.667
OUT_09695,382.206
OUT_09696,150.641
OUT_09697,437.819
OUT_09698,342.329
OUT_09699,168.388
OUT_09700,116.874
OUT_09701,151.0
OUT_09702,133.529
OUT_09703,146.172
OUT_09704,197.336
OUT_09705,324.98
OUT_09706,107.459
OUT_09707,2697.812
OUT_09708,132.27
OUT_09709,147.745
OUT_09710,2524.61
OUT_09711,394.422
OUT_09712,412.207
OUT_09713,139.122
OUT_09714,141.565
OUT_09715,2462.224
OUT_09716,1231.438
OUT_09717,1268.119
OUT_09718,1225.202
OUT_09719,1118.466
OUT_09720,115.713
OUT_09721,358.397
OUT_09722,151.009
OUT_09723,409.582
OUT_09724,129.376
OUT_09725,141.273
OUT_09726,139.231
OUT_09727,2494.194
OUT_09728,162.02
OUT_09729,149.378
OUT_09730,143.98
OUT_09731,2700.064
OUT_09732,133.7
OUT_09733,109.577
OUT_09734,151.4
OUT_09735,166.379
OUT_09736,344.852
OUT_09737,121.723
OUT_09738,120.119
OUT_09739,144.293
OUT_09740,129.667
OUT_09741,133.938
OUT_09742,390.339
OUT_09743,185.883
OUT_09744,160.237
OUT_09745,166.844
OUT_09746,138.887
OUT_09747,132.967
OUT_09748,1147.301
OUT_09749,130.071
OUT_09750,2570.459
OUT_09751,140.902
OUT_09752,153.019
OUT_09753,154.613
OUT_09754,442.422
OUT_09755,1039.694
OUT_09756,361.518
OUT_09757,152.013
OUT_09758,425.209
OUT_09759,150.796
OUT_09760,150.842
OUT_09761,158.604
OUT_09762,1178.035
OUT_09763,1283.294
OUT_09764,412.879
OUT_09765,145.046
OUT_09766,324.478
OUT_09767,153.584
OUT_09768,1198.598
OUT_09769,146.938
OUT_09770,303.92
OUT_09771,187.467
OUT_09772,1138.633
OUT_09773,367.088
OUT_09774,1226.365
OUT_09775,109.849
OUT_09776,184.831
OUT_09777,347.141
OUT_09778,2474.535
OUT_09779,447.44
OUT_09780,2538.582
OUT_09781,157.834
OUT_09782,352.658
OUT_09783,1222.979
OUT_09784,431.978
OUT_09785,110.962
OUT_09786,395.507
OUT_09787,1243.103
OUT_09788,1162.086
OUT_09789,134.886
OUT_09790,145.039
OUT_09791,152.086
OUT_09792,1135.051
OUT_09793,171.231
OUT_09794,147.208
OUT_09795,1210.462
OUT_09796,140.175
OUT_09797,155.338
OUT_09798,429.898
OUT_09799,365.531
OUT_09800,127.496
OUT_09801,130.119
OUT_09802,419.363
OUT_09803,140.742
OUT_09804,140.384
OUT_09805,157.803
OUT_09806,990.449
OUT_09807,405.786
OUT_09808,1218.43
OUT_09809,163.637
OUT_09810,160.086
OUT_09811,1112.402
OUT_09812,2437.192
OUT_09813,1120.528
OUT_09814,153.863
OUT_09815,419.797
OUT_09816,163.629
OUT_09817,2441.264
OUT_09818,108.298
OUT_09819,142.548
OUT_09820,142.996
OUT_09821,135.794
OUT_09822,129.09
OUT_09823,417.565
OUT_09824,153.779
OUT_09825,131.498
OUT_09826,147.358
OUT_09827,363.67
OUT_09828,405.132
OUT_09829,1176.61
OUT_09830,379.618
OUT_09831,148.812
OUT_09832,135.72
OUT_09833,123.013
OUT_09834,131.857
OUT_09835,344.542
OUT_09836,154.534
OUT_09837,2697.64
OUT_09838,139.698
OUT_09839,138.227
OUT_09840,1150.713
OUT_09841,131.323
OUT_09842,165.945
OUT_09843,127.231
OUT_09844,152.788
OUT_09845,169.536
OUT_09846,139.898
OUT_09847,426.94
OUT_09848,424.793
OUT_09849,148.644
OUT_09850,145.28
OUT_09851,353.99
OUT_09852,378.502
OUT_09853,138.954
OUT_09854,162.635
OUT_09855,137.634
OUT_09856,174.369
OUT_09857,413.165
OUT_09858,147.535
OUT_09859,1186.395
OUT_09860,141.834
OUT_09861,1135.032
OUT_09862,464.0
OUT_09863,338.541
OUT_09864,147.153
OUT_09865,153.89
OUT_09866,132.325
OUT_09867,463.823
OUT_09868,1200.369
OUT_09869,102.927
OUT_09870,313.648
OUT_09871,439.549
OUT_09872,161.917
OUT_09873,125.868
OUT_09874,1185.224
OUT_09875,135.823
OUT_09876,379.954
OUT_09877,1263.281
OUT_09878,133.205
OUT_09879,147.336
OUT_09880,135.86
OUT_09881,400.377
OUT_09882,452.424
OUT_09883,327.474
OUT_09884,116.712
OUT_09885,160.328
OUT_09886,147.538
OUT_09887,383.469
OUT_09888,152.799
OUT_09889,129.299
OUT_09890,352.025
OUT_09891,160.399
OUT_09892,96.931
OUT_09893,377.875
OUT_09894,171.734
OUT_09895,147.999
OUT_09896,369.643
OUT_09897,181.199
OUT_09898,143.486
OUT_09899,127.681
OUT_09900,438.47
OUT_09901,95.32
OUT_09902,160.837
OUT_09903,2652.764
OUT_09904,110.158
OUT_09905,144.896
OUT_09906,153.459
OUT_09907,378.528
OUT_09908,317.757
OUT_09909,125.381
OUT_09910,130.277
OUT_09911,1095.024
OUT_09912,1240.805
OUT_09913,453.805
OUT_09914,1173.322
OUT_09915,344.305
OUT_09916,413.352
OUT_09917,321.292
OUT_09918,161.663
OUT_09919,141.92
OUT_09920,176.838
OUT_09921,134.109
OUT_09922,2476.908
OUT_09923,123.901
OUT_09924,403.816
OUT_09925,410.832
OUT_09926,134.562
OUT_09927,430.784
OUT_09928,144.393
OUT_09929,364.149
OUT_09930,384.465
OUT_09931,146.962
OUT_09932,424.616
OUT_09933,2473.518
OUT_09934,1185.094
OUT_09935,1184.899
OUT_09936,135.379
OUT_09937,1207.33
OUT_09938,120.443
OUT_09939,349.898
OUT_09940,123.445
OUT_09941,179.55
OUT_09942,122.871
OUT_09943,377.033
OUT_09944,133.408
OUT_09945,78.566
OUT_09946,1244.659
OUT_09947,341.979
OUT_09948,138.121
OUT_09949,134.392
OUT_09950,148.815
OUT_09951,156.503
OUT_09952,1177.323
OUT_09953,383.562
OUT_09954,136.245
OUT_09955,146.63
OUT_09956,400.979
OUT_09957,335.616
OUT_09958,132.871
OUT_09959,395.269
OUT_09960,154.529
OUT_09961,1230.828
OUT_09962,138.059
OUT_09963,1177.409
OUT_09964,394.941
OUT_09965,114.01
OUT_09966,1212.148
OUT_09967,117.184
OUT_09968,398.539
OUT_09969,167.451
OUT_09970,152.07
OUT_09971,132.927
OUT_09972,436.272
OUT_09973,142.83
OUT_09974,141.923
OUT_09975,173.802
OUT_09976,101.815
OUT_09977,1224.367
OUT_09978,328.875
OUT_09979,1129.259
OUT_09980,118.139
OUT_09981,133.48
OUT_09982,2547.939
OUT_09983,170.25
OUT_09984,399.244
OUT_09985,456.937
OUT_09986,334.379
OUT_09987,1154.496
OUT_09988,394.813
OUT_09989,1196.878
OUT_09990,331.05
OUT_09991,128.043
OUT_09992,153.649
OUT_09993,175.32
OUT_09994,136.965
OUT_09995,141.339
OUT_09996,339.067
OUT_09997,369.14
OUT_09998,452.776
OUT_09999,146.083
OUT_10000,393.807
OUT_10001,140.578
OUT_10002,411.216
OUT_10003,362.896
OUT_10004,125.312
OUT_10005,200.272
OUT_10006,1088.967
OUT_10007,2601.922
OUT_10008,159.619
OUT_10009,368.589
OUT_10010,130.316
OUT_10011,1242.082
OUT_10012,138.573
OUT_10013,153.703
OUT_10014,147.479
OUT_10015,200.024
OUT_10016,145.036
OUT_10017,412.812
OUT_10018,144.321
OUT_10019,379.804
OUT_10020,109.279
OUT_10021,364.033
OUT_10022,352.694
OUT_10023,2994.568
OUT_10024,157.663
OUT_10025,360.15
OUT_10026,402.974
OUT_10027,145.346
OUT_10028,163.723
OUT_10029,134.9
OUT_10030,311.149
OUT_10031,126.55
OUT_10032,164.879
OUT_10033,158.584
OUT_10034,1193.009
OUT_10035,153.339
OUT_10036,418.554
OUT_10037,391.956
OUT_10038,430.831
OUT_10039,131.951
OUT_10040,437.547
OUT_10041,1238.782
OUT_10042,1147.394
OUT_10043,344.551
OUT_10044,138.758
OUT_10045,152.683
OUT_10046,431.035
OUT_10047,132.495
OUT_10048,1206.306
OUT_10049,137.208
OUT_10050,140.906
OUT_10051,2670.784
OUT_10052,157.845
OUT_10053,156.496
OUT_10054,146.011
OUT_10055,1246.68
OUT_10056,115.588
OUT_10057,411.969
OUT_10058,1185.743
OUT_10059,114.059
OUT_10060,1143.703
OUT_10061,152.263
OUT_10062,161.307
OUT_10063,435.374
OUT_10064,445.17
OUT_10065,142.592
OUT_10066,157.278
OUT_10067,431.779
OUT_10068,412.432
OUT_10069,344.242
OUT_10070,146.896
OUT_10071,157.673
OUT_10072,134.521
OUT_10073,131.491
OUT_10074,433.601
OUT_10075,98.677
OUT_10076,1211.067
OUT_10077,99.299
OUT_10078,380.629
OUT_10079,139.114
OUT_10080,131.721
OUT_10081,146.693
OUT_10082,402.086
OUT_10083,390.463
OUT_10084,117.715
OUT_10085,146.791
OUT_10086,356.982
OUT_10087,142.271
OUT_10088,1204.836
OUT_10089,415.845
OUT_10090,1103.69
OUT_10091,379.007
OUT_10092,181.854
OUT_10093,142.807
OUT_10094,152.289
OUT_10095,338.791
OUT_10096,1124.629
OUT_10097,146.86
OUT_10098,130.028
OUT_10099,124.417
OUT_10100,189.968
OUT_10101,368.047
OUT_10102,137.135
OUT_10103,299.819
OUT_10104,1285.737
OUT_10105,2490.706
OUT_10106,137.013
OUT_10107,1203.855
OUT_10108,1203.437
OUT_10109,147.605
OUT_10110,340.609
OUT_10111,370.766
OUT_10112,166.27
OUT_10113,117.232
OUT_10114,406.076
OUT_10115,166.951
OUT_10116,2412.314
OUT_10117,150.2
OUT_10118,128.17
OUT_10119,346.492
OUT_10120,388.378
OUT_10121,380.404
OUT_10122,133.597
OUT_10123,314.706
OUT_10124,1326.648
OUT_10125,144.709
OUT_10126,147.37
OUT_10127,343.673
OUT_10128,417.755
OUT_10129,192.32
OUT_10130,1221.984
OUT_10131,2478.916
OUT_10132,389.617
OUT_10133,443.56
OUT_10134,1259.745
OUT_10135,147.757
OUT_10136,165.869
OUT_10137,124.371
OUT_10138,139.708
OUT_10139,368.027
OUT_10140,1189.118
OUT_10141,355.436
OUT_10142,2621.337
OUT_10143,117.126
OUT_10144,398.884
OUT_10145,378.779
OUT_10146,360.858
OUT_10147,142.426
OUT_10148,367.943
OUT_10149,390.493
OUT_10150,120.433
OUT_10151,112.03
OUT_10152,107.942
OUT_10153,360.492
OUT_10154,391.675
OUT_10155,371.982
OUT_10156,124.689
OUT_10157,1066.725
OUT_10158,180.609
OUT_10159,1250.735
OUT_10160,418.309
OUT_10161,305.202
OUT_10162,130.408
OUT_10163,434.264
OUT_10164,1145.186
OUT_10165,1125.744
OUT_10166,143.5
OUT_10167,1247.232
OUT_10168,1199.313
OUT_10169,135.975
OUT_10170,139.519
OUT_10171,376.437
OUT_10172,139.299
OUT_10173,327.283
OUT_10174,2623.666
OUT_10175,299.141
OUT_10176,167.098
OUT_10177,445.438
OUT_10178,1079.066
OUT_10179,184.011
OUT_10180,382.848
OUT_10181,1285.051
OUT_10182,393.893
OUT_10183,1087.622
OUT_10184,1118.453
OUT_10185,1236.79
OUT_10186,136.166
OUT_10187,399.854
OUT_10188,417.778
OUT_10189,159.146
OUT_10190,1069.283
OUT_10191,107.653
OUT_10192,399.615
OUT_10193,1214.28
OUT_10194,173.121
OUT_10195,400.076
OUT_10196,1390.168
OUT_10197,134.675
OUT_10198,159.095
OUT_10199,477.014
OUT_10200,141.292
OUT_10201,132.418
OUT_10202,378.072
OUT_10203,122.395
OUT_10204,333.658
OUT_10205,129.544
OUT_10206,1108.786
OUT_10207,381.983
OUT_10208,1265.788
OUT_10209,366.235
OUT_10210,384.421
OUT_10211,329.495
OUT_10212,437.372
OUT_10213,2439.499
OUT_10214,403.312
OUT_10215,2589.874
OUT_10216,173.084
OUT_10217,434.54
OUT_10218,1205.322
OUT_10219,124.536
OUT_10220,154.369
OUT_10221,140.805
OUT_10222,425.89
OUT_10223,154.469
OUT_10224,136.555
OUT_10225,146.012
OUT_10226,392.245
OUT_10227,1132.394
OUT_10228,127.57
OUT_10229,1272.016
OUT_10230,128.391
OUT_10231,1201.352
OUT_10232,133.986
OUT_10233,379.29
OUT_10234,380.656
OUT_10235,1211.951
OUT_10236,176.014
OUT_10237,393.543
OUT_10238,413.848
OUT_10239,420.028
OUT_10240,115.043
OUT_10241,151.105
OUT_10242,387.174
OUT_10243,1238.66
OUT_10244,2733.23
OUT_10245,139.561
OUT_10246,341.255
OUT_10247,404.344
OUT_10248,1312.408
OUT_10249,346.67
OUT_10250,1305.505
OUT_10251,144.276
OUT_10252,181.598
OUT_10253,379.204
OUT_10254,1212.972
OUT_10255,110.401
OUT_10256,371.776
OUT_10257,120.509
OUT_10258,109.663
OUT_10259,1201.156
OUT_10260,1213.382
OUT_10261,145.717
OUT_10262,1174.633
OUT_10263,406.195
OUT_10264,136.9
OUT_10265,428.489
OUT_10266,314.09
OUT_10267,426.502
OUT_10268,1128.615
OUT_10269,147.888
OUT_10270,127.578
OUT_10271,118.879
OUT_10272,113.37
OUT_10273,126.896
OUT_10274,1208.403
OUT_10275,382.601
OUT_10276,154.977
OUT_10277,97.817
OUT_10278,135.831
OUT_10279,368.622
OUT_10280,138.741
OUT_10281,143.956
OUT_10282,1225.778
OUT_10283,1268.699
OUT_10284,344.232
OUT_10285,123.624
OUT_10286,430.462
OUT_10287,144.693
OUT_10288,443.879
OUT_10289,128.807
OUT_10290,138.014
OUT_10291,1160.191
OUT_10292,331.281
OUT_10293,159.403
OUT_10294,2594.988
OUT_10295,86.211
OUT_10296,399.051
OUT_10297,416.382
OUT_10298,345.906
OUT_10299,2526.634
OUT_10300,132.202
OUT_10301,374.902
OUT_10302,1243.151
OUT_10303,1168.237
OUT_10304,388.693
OUT_10305,166.098
OUT_10306,153.282
OUT_10307,133.739
OUT_10308,1082.3
OUT_10309,129.732
OUT_10310,1201.358
OUT_10311,389.466
OUT_10312,451.051
OUT_10313,169.08
OUT_10314,431.705
OUT_10315,169.599
OUT_10316,1307.919
OUT_10317,447.961
OUT_10318,437.885
OUT_10319,388.85
OUT_10320,138.338
OUT_10321,155.263
OUT_10322,113.072
OUT_10323,282.672
OUT_10324,97.603
OUT_10325,383.801
OUT_10326,159.658
OUT_10327,1094.671
OUT_10328,426.92
OUT_10329,181.833
OUT_10330,160.164
OUT_10331,149.415
OUT_10332,119.807
OUT_10333,94.555
OUT_10334,1292.482
OUT_10335,1155.873
OUT_10336,391.363
OUT_10337,154.749
OUT_10338,121.398
OUT_10339,155.137
OUT_10340,455.593
OUT_10341,161.158
OUT_10342,306.555
OUT_10343,2566.59
OUT_10344,111.372
OUT_10345,385.203
OUT_10346,1148.499
OUT_10347,182.447
OUT_10348,115.34
OUT_10349,1293.12
OUT_10350,1134.273
OUT_10351,142.66
OUT_10352,1217.684
OUT_10353,121.318
OUT_10354,137.413
OUT_10355,1232.877
OUT_10356,144.862
OUT_10357,144.789
OUT_10358,383.857
OUT_10359,137.811
OUT_10360,405.051
OUT_10361,392.695
OUT_10362,450.45
OUT_10363,301.54
OUT_10364,432.647
OUT_10365,466.807
OUT_10366,419.506
OUT_10367,137.614
OUT_10368,173.431
OUT_10369,165.032
OUT_10370,412.957
OUT_10371,120.997
OUT_10372,1243.352
OUT_10373,156.968
OUT_10374,1212.797
OUT_10375,1211.787
OUT_10376,145.365
OUT_10377,130.376
OUT_10378,96.945
OUT_10379,128.96
OUT_10380,411.782
OUT_10381,1244.716
OUT_10382,1193.997
OUT_10383,132.943
OUT_10384,154.363
OUT_10385,362.36
OUT_10386,152.135
OUT_10387,377.119
OUT_10388,355.13
OUT_10389,152.764
OUT_10390,444.245
OUT_10391,2637.104
OUT_10392,135.624
OUT_10393,147.945
OUT_10394,325.046
OUT_10395,176.96
OUT_10396,1186.8
OUT_10397,2570.653
OUT_10398,214.708
OUT_10399,1214.379
OUT_10400,367.481
OUT_10401,431.814
OUT_10402,379.271
OUT_10403,420.432
OUT_10404,179.127
OUT_10405,127.518
OUT_10406,142.201
OUT_10407,1164.236
OUT_10408,145.388
OUT_10409,175.463
OUT_10410,170.246
OUT_10411,173.565
OUT_10412,1184.919
OUT_10413,151.826
OUT_10414,155.316
OUT_10415,368.228
OUT_10416,140.485
OUT_10417,150.077
OUT_10418,360.052
OUT_10419,159.621
OUT_10420,153.506
OUT_10421,164.875
OUT_10422,108.119
OUT_10423,1226.016
OUT_10424,224.797
OUT_10425,144.028
OUT_10426,126.115
OUT_10427,138.288
OUT_10428,1125.036
OUT_10429,313.332
OUT_10430,160.269
OUT_10431,1173.585
OUT_10432,1418.713
OUT_10433,1260.436
OUT_10434,1146.423
OUT_10435,134.072
OUT_10436,164.813
OUT_10437,180.742
OUT_10438,1190.838
OUT_10439,114.946
OUT_10440,408.671
OUT_10441,355.211
OUT_10442,157.105
OUT_10443,143.255
OUT_10444,435.078
OUT_10445,420.613
OUT_10446,459.276
OUT_10447,392.242
OUT_10448,1202.564
OUT_10449,376.709
OUT_10450,409.044
OUT_10451,181.07
OUT_10452,135.199
OUT_10453,167.68
OUT_10454,120.909
OUT_10455,114.76
OUT_10456,1249.165
OUT_10457,1221.878
OUT_10458,412.731
OUT_10459,1192.567
OUT_10460,372.572
OUT_10461,159.464
OUT_10462,151.161
OUT_10463,123.364
OUT_10464,150.679
OUT_10465,143.894
OUT_10466,131.579
OUT_10467,408.116
OUT_10468,387.887
OUT_10469,402.39
OUT_10470,146.748
OUT_10471,166.4
OUT_10472,401.663
OUT_10473,439.271
OUT_10474,137.241
OUT_10475,97.043
OUT_10476,379.093
OUT_10477,134.258
OUT_10478,131.65
OUT_10479,1187.087
OUT_10480,119.798
OUT_10481,115.351
OUT_10482,1162.265
OUT_10483,390.394
OUT_10484,349.166
OUT_10485,149.18
OUT_10486,146.366
OUT_10487,155.362
OUT_10488,133.369
OUT_10489,1179.282
OUT_10490,444.966
OUT_10491,124.376
OUT_10492,143.759
OUT_10493,1282.833
OUT_10494,1257.052
OUT_10495,183.896
OUT_10496,410.595
OUT_10497,123.904
OUT_10498,423.866
OUT_10499,137.671
OUT_10500,114.929
OUT_10501,1222.297
OUT_10502,137.483
OUT_10503,1222.389
OUT_10504,2573.828
OUT_10505,1174.867
OUT_10506,127.122
OUT_10507,2661.535
OUT_10508,2557.917
OUT_10509,404.897
OUT_10510,1188.085
OUT_10511,129.41
OUT_10512,180.371
OUT_10513,152.454
OUT_10514,390.338
OUT_10515,111.382
OUT_10516,973.344
OUT_10517,136.82
OUT_10518,152.918
OUT_10519,153.902
OUT_10520,1228.563
OUT_10521,1330.942
OUT_10522,1195.963
OUT_10523,145.873
OUT_10524,433.131
OUT_10525,372.964
OUT_10526,138.35
OUT_10527,169.842
OUT_10528,434.279
OUT_10529,403.955
OUT_10530,1175.27
OUT_10531,104.277
OUT_10532,145.031
OUT_10533,1226.007
OUT_10534,115.48
OUT_10535,444.581
OUT_10536,113.191
OUT_10537,393.666
OUT_10538,135.038
OUT_10539,150.969
OUT_10540,185.425
OUT_10541,1261.952
OUT_10542,353.197
OUT_10543,387.054
OUT_10544,321.134
OUT_10545,2557.469
OUT_10546,154.135
OUT_10547,364.356
OUT_10548,105.516
OUT_10549,343.748
OUT_10550,1201.871
OUT_10551,125.239
OUT_10552,141.071
OUT_10553,308.111
OUT_10554,406.651
OUT_10555,139.679
OUT_10556,115.469
OUT_10557,414.971
OUT_10558,141.904
OUT_10559,145.239
OUT_10560,156.976
OUT_10561,145.648
OUT_10562,138.081
OUT_10563,126.668
OUT_10564,1273.299
OUT_10565,446.744
OUT_10566,444.893
OUT_10567,411.03
OUT_10568,158.058
OUT_10569,1246.991
OUT_10570,344.952
OUT_10571,325.695
OUT_10572,308.148
OUT_10573,165.588
OUT_10574,359.466
OUT_10575,153.818
OUT_10576,373.614
OUT_10577,179.884
OUT_10578,157.649
OUT_10579,320.518
OUT_10580,408.98
OUT_10581,398.8
OUT_10582,102.753
OUT_10583,1266.403
OUT_10584,105.986
OUT_10585,161.761
OUT_10586,437.214
OUT_10587,447.925
OUT_10588,166.752
OUT_10589,431.969
OUT_10590,129.554
OUT_10591,153.401
OUT_10592,391.782
OUT_10593,1189.273
OUT_10594,423.201
OUT_10595,183.196
OUT_10596,156.899
OUT_10597,459.008
OUT_10598,1203.235
OUT_10599,136.668
OUT_10600,1131.904
OUT_10601,447.978
OUT_10602,142.031
OUT_10603,143.869
OUT_10604,403.918
OUT_10605,137.224
OUT_10606,134.724
OUT_10607,153.196
OUT_10608,324.296
OUT_10609,153.074
OUT_10610,421.947
OUT_10611,378.77
OUT_10612,127.483
OUT_10613,374.102
OUT_10614,394.209
OUT_10615,140.198
OUT_10616,463.255
OUT_10617,1159.957
OUT_10618,176.025
OUT_10619,130.809
OUT_10620,132.239
OUT_10621,418.798
OUT_10622,388.57
OUT_10623,132.234
OUT_10624,402.743
OUT_10625,138.766
OUT_10626,388.41
OUT_10627,184.528
OUT_10628,147.529
OUT_10629,161.323
OUT_10630,1158.996
OUT_10631,114.404
OUT_10632,1249.555
OUT_10633,1120.052
OUT_10634,144.502
OUT_10635,157.62
OUT_10636,1191.067
OUT_10637,160.634
OUT_10638,142.075
OUT_10639,307.4
OUT_10640,164.742
OUT_10641,370.764
OUT_10642,2576.188
OUT_10643,136.782
OUT_10644,1288.224
OUT_10645,444.598
OUT_10646,144.943
OUT_10647,150.51
OUT_10648,371.527
OUT_10649,110.427
OUT_10650,146.31
OUT_10651,114.741
OUT_10652,334.081
OUT_10653,2577.967
OUT_10654,168.697
OUT_10655,104.514
OUT_10656,146.341
OUT_10657,2759.982
OUT_10658,152.573
OUT_10659,340.642
OUT_10660,2849.724
OUT_10661,107.099
OUT_10662,137.237
OUT_10663,365.901
OUT_10664,401.054
OUT_10665,361.771
OUT_10666,363.954
OUT_10667,447.028
OUT_10668,136.543
OUT_10669,2510.828
OUT_10670,1212.519
OUT_10671,343.475
OUT_10672,415.306
OUT_10673,129.637
OUT_10674,365.678
OUT_10675,131.746
OUT_10676,450.912
OUT_10677,149.355
OUT_10678,156.654
OUT_10679,396.813
OUT_10680,115.964
OUT_10681,152.898
OUT_10682,180.365
OUT_10683,1126.63
OUT_10684,115.963
OUT_10685,336.911
OUT_10686,352.005
OUT_10687,162.258
OUT_10688,386.758
OUT_10689,467.741
OUT_10690,135.906
OUT_10691,447.482
OUT_10692,402.699
OUT_10693,157.796
OUT_10694,348.411
OUT_10695,167.401
OUT_10696,1197.559
OUT_10697,99.582
OUT_10698,122.8
OUT_10699,2507.931
OUT_10700,141.511
OUT_10701,164.228
OUT_10702,141.068
OUT_10703,143.63
OUT_10704,180.155
OUT_10705,2483.181
OUT_10706,160.649
OUT_10707,127.714
OUT_10708,2553.984
OUT_10709,367.668
OUT_10710,2468.291
OUT_10711,1176.248
OUT_10712,132.445
OUT_10713,177.842
OUT_10714,437.116
OUT_10715,398.625
OUT_10716,457.296
OUT_10717,1150.614
OUT_10718,150.509
OUT_10719,2606.194
OUT_10720,417.371
OUT_10721,335.712
OUT_10722,442.07
OUT_10723,367.714
OUT_10724,161.625
OUT_10725,153.162
OUT_10726,126.495
OUT_10727,325.06
OUT_10728,2690.515
OUT_10729,171.16
OUT_10730,2490.695
OUT_10731,142.932
OUT_10732,150.379
OUT_10733,151.076
OUT_10734,457.79
OUT_10735,402.036
OUT_10736,148.209
OUT_10737,420.431
OUT_10738,153.544
OUT_10739,136.334
OUT_10740,125.84
OUT_10741,100.867
OUT_10742,161.037
OUT_10743,144.383
OUT_10744,125.752
OUT_10745,131.29
OUT_10746,137.706
OUT_10747,1210.859
OUT_10748,132.358
OUT_10749,199.967
OUT_10750,150.88
OUT_10751,136.493
OUT_10752,361.379
OUT_10753,135.994
OUT_10754,139.958
OUT_10755,174.506
OUT_10756,146.19
OUT_10757,131.1
OUT_10758,2545.176
OUT_10759,144.6
OUT_10760,1253.599
OUT_10761,403.721
OUT_10762,306.335
OUT_10763,448.058
OUT_10764,427.973
OUT_10765,157.587
OUT_10766,107.366
OUT_10767,126.345
OUT_10768,373.465
OUT_10769,127.137
OUT_10770,1211.167
OUT_10771,122.877
OUT_10772,151.525
OUT_10773,366.767
OUT_10774,149.67
OUT_10775,331.752
OUT_10776,1165.944
OUT_10777,188.573
OUT_10778,165.121
OUT_10779,1174.634
OUT_10780,461.947
OUT_10781,2606.756
OUT_10782,378.938
OUT_10783,462.443
OUT_10784,127.912
OUT_10785,103.611
OUT_10786,170.902
OUT_10787,143.0
OUT_10788,1140.376
OUT_10789,107.562
OUT_10790,425.5
OUT_10791,143.519
OUT_10792,361.148
OUT_10793,1177.996
OUT_10794,2548.4
OUT_10795,134.833
OUT_10796,384.943
OUT_10797,185.501
OUT_10798,2481.6
OUT_10799,168.894
OUT_10800,137.419
OUT_10801,1201.62
OUT_10802,144.762
OUT_10803,1248.783
OUT_10804,2625.599
OUT_10805,1112.241
OUT_10806,163.221
OUT_10807,133.686
OUT_10808,128.635
OUT_10809,108.353
OUT_10810,383.879
OUT_10811,131.009
OUT_10812,155.607
OUT_10813,121.716
OUT_10814,181.45
OUT_10815,392.509
OUT_10816,446.35
OUT_10817,382.728
OUT_10818,2528.984
OUT_10819,388.55
OUT_10820,114.564
OUT_10821,443.659
OUT_10822,139.054
OUT_10823,157.611
OUT_10824,141.569
OUT_10825,338.79
OUT_10826,1303.41
OUT_10827,1150.97
OUT_10828,2641.587
OUT_10829,149.851
OUT_10830,130.091
OUT_10831,134.348
OUT_10832,149.486
OUT_10833,411.585
OUT_10834,2567.838
OUT_10835,139.543
OUT_10836,144.499
OUT_10837,107.84
OUT_10838,324.772
OUT_10839,383.771
OUT_10840,152.878
OUT_10841,1239.019
OUT_10842,466.57
OUT_10843,139.258
OUT_10844,400.635
OUT_10845,1125.621
OUT_10846,135.618
OUT_10847,158.611
OUT_10848,123.884
OUT_10849,2474.549
OUT_10850,135.924
OUT_10851,102.868
OUT_10852,360.931
OUT_10853,141.585
OUT_10854,1220.331
OUT_10855,129.594
OUT_10856,151.086
OUT_10857,340.641
OUT_10858,116.921
OUT_10859,1268.374
OUT_10860,158.086
OUT_10861,439.052
OUT_10862,133.073
OUT_10863,151.882
OUT_10864,308.155
OUT_10865,440.061
OUT_10866,131.102
OUT_10867,426.394
OUT_10868,131.714
OUT_10869,135.896
OUT_10870,150.59
OUT_10871,382.569
OUT_10872,1168.622
OUT_10873,162.09
OUT_10874,122.327
OUT_10875,1170.053
OUT_10876,1201.957
OUT_10877,445.371
OUT_10878,160.368
OUT_10879,392.953
OUT_10880,386.74
OUT_10881,118.107
OUT_10882,1225.74
OUT_10883,1156.551
OUT_10884,169.137
OUT_10885,145.777
OUT_10886,115.444
OUT_10887,1247.276
OUT_10888,108.32
OUT_10889,142.506
OUT_10890,422.037
OUT_10891,1140.147
OUT_10892,101.406
OUT_10893,121.628
OUT_10894,1189.264
OUT_10895,130.963
OUT_10896,160.288
OUT_10897,141.984
OUT_10898,137.664
OUT_10899,120.753
OUT_10900,121.249
OUT_10901,148.57
OUT_10902,1034.32
OUT_10903,1190.053
OUT_10904,136.16
OUT_10905,180.523
OUT_10906,133.62
OUT_10907,133.531
OUT_10908,123.317
OUT_10909,157.338
OUT_10910,1056.632
OUT_10911,132.782
OUT_10912,177.18
OUT_10913,474.08
OUT_10914,1273.083
OUT_10915,154.714
OUT_10916,429.626
OUT_10917,440.259
OUT_10918,149.069
OUT_10919,141.167
OUT_10920,122.939
OUT_10921,1319.613
OUT_10922,400.506
OUT_10923,1235.869
OUT_10924,1233.121
OUT_10925,2400.558
OUT_10926,140.384
OUT_10927,159.616
OUT_10928,127.111
OUT_10929,1229.506
OUT_10930,1144.116
OUT_10931,145.152
OUT_10932,1299.896
OUT_10933,417.065
OUT_10934,160.725
OUT_10935,1286.015
OUT_10936,141.617
OUT_10937,129.363
OUT_10938,1224.016
OUT_10939,292.627
OUT_10940,1205.878
OUT_10941,1278.133
OUT_10942,128.027
OUT_10943,1020.13
OUT_10944,140.967
OUT_10945,111.183
OUT_10946,102.727
OUT_10947,159.419
OUT_10948,108.744
OUT_10949,108.697
OUT_10950,130.24
OUT_10951,155.749
OUT_10952,1153.034
OUT_10953,358.069
OUT_10954,2468.957
OUT_10955,113.332
OUT_10956,160.092
OUT_10957,1315.678
OUT_10958,148.667
OUT_10959,1277.873
OUT_10960,327.941
OUT_10961,147.221
OUT_10962,2625.381
OUT_10963,2399.947
OUT_10964,2485.928
OUT_10965,138.041
OUT_10966,2463.568
OUT_10967,1081.578
OUT_10968,1221.966
OUT_10969,122.221
OUT_10970,386.115
OUT_10971,162.247
OUT_10972,163.614
OUT_10973,139.227
OUT_10974,430.258
OUT_10975,430.393
OUT_10976,157.032
OUT_10977,135.028
OUT_10978,136.841
OUT_10979,110.461
OUT_10980,1171.374
OUT_10981,171.741
OUT_10982,435.923
OUT_10983,374.252
OUT_10984,123.451
OUT_10985,372.756
OUT_10986,143.236
OUT_10987,435.722
OUT_10988,386.802
OUT_10989,1234.08
OUT_10990,1148.15
OUT_10991,157.8
OUT_10992,181.354
OUT_10993,1163.009
OUT_10994,200.305
OUT_10995,143.461
OUT_10996,2344.32
OUT_10997,2518.678
OUT_10998,156.244
OUT_10999,1163.016
OUT_11000,115.052
OUT_11001,451.914
OUT_11002,151.384
OUT_11003,2628.784
OUT_11004,142.011
OUT_11005,421.545
OUT_11006,405.548
OUT_11007,132.17
OUT_11008,1155.943
OUT_11009,404.13
OUT_11010,477.964
OUT_11011,169.937
OUT_11012,144.096
OUT_11013,373.97
OUT_11014,118.553
OUT_11015,1214.765
OUT_11016,132.148
OUT_11017,1210.642
OUT_11018,171.302
OUT_11019,109.624
OUT_11020,144.916
OUT_11021,1275.465
OUT_11022,158.074
OUT_11023,155.204
OUT_11024,130.234
OUT_11025,471.98
OUT_11026,138.478
OUT_11027,359.933
OUT_11028,407.372
OUT_11029,2427.992
OUT_11030,144.06
OUT_11031,145.396
OUT_11032,160.08
OUT_11033,395.065
OUT_11034,393.687
OUT_11035,155.812
OUT_11036,348.658
OUT_11037,154.97
OUT_11038,323.129
OUT_11039,1113.353
OUT_11040,144.925
OUT_11041,126.707
OUT_11042,378.58
OUT_11043,1233.267
OUT_11044,171.007
OUT_11045,435.335
OUT_11046,327.296
OUT_11047,154.756
OUT_11048,384.668
OUT_11049,371.592
OUT_11050,355.849
OUT_11051,467.894
OUT_11052,1176.505
OUT_11053,133.885
OUT_11054,413.553
OUT_11055,456.303
OUT_11056,2543.475
OUT_11057,318.021
OUT_11058,148.529
OUT_11059,132.28
OUT_11060,407.056
OUT_11061,166.562
OUT_11062,169.332
OUT_11063,1182.883
OUT_11064,402.397
OUT_11065,136.396
OUT_11066,134.703
OUT_11067,137.8
OUT_11068,1212.14
OUT_11069,1185.081
OUT_11070,398.064
OUT_11071,161.19
OUT_11072,110.887
OUT_11073,175.61
OUT_11074,145.374
OUT_11075,156.387
OUT_11076,412.735
OUT_11077,1203.46
OUT_11078,143.015
OUT_11079,145.781
OUT_11080,136.586
OUT_11081,387.741
OUT_11082,143.961
OUT_11083,419.862
OUT_11084,379.574
OUT_11085,143.622
OUT_11086,147.43
OUT_11087,138.489
OUT_11088,143.084
OUT_11089,423.185
OUT_11090,1149.238
OUT_11091,156.281
OUT_11092,404.694
OUT_11093,152.198
OUT_11094,2600.915
OUT_11095,151.171
OUT_11096,129.419
OUT_11097,357.155
OUT_11098,1218.941
OUT_11099,128.032
OUT_11100,143.155
OUT_11101,1412.422
OUT_11102,129.739
OUT_11103,136.097
OUT_11104,136.845
OUT_11105,1131.547
OUT_11106,1133.381
OUT_11107,421.27
OUT_11108,2675.175
OUT_11109,330.001
OUT_11110,397.422
OUT_11111,150.877
OUT_11112,1207.076
OUT_11113,403.253
OUT_11114,378.076
OUT_11115,112.397
OUT_11116,156.977
OUT_11117,437.602
OUT_11118,126.38
OUT_11119,406.064
OUT_11120,1169.449
OUT_11121,120.935
OUT_11122,157.715
OUT_11123,1182.635
OUT_11124,1252.4
OUT_11125,331.62
OUT_11126,140.572
OUT_11127,137.193
OUT_11128,2714.535
OUT_11129,133.577
OUT_11130,145.456
OUT_11131,1255.008
OUT_11132,424.593
OUT_11133,404.2
OUT_11134,131.037
OUT_11135,146.727
OUT_11136,153.164
OUT_11137,137.666
OUT_11138,456.899
OUT_11139,381.232
OUT_11140,1217.956
OUT_11141,370.942
OUT_11142,152.77
OUT_11143,2450.27
OUT_11144,139.465
OUT_11145,390.492
OUT_11146,160.517
OUT_11147,163.113
OUT_11148,167.888
OUT_11149,135.968
OUT_11150,1176.855
OUT_11151,384.962
OUT_11152,1153.844
OUT_11153,471.211
OUT_11154,121.385
OUT_11155,166.589
OUT_11156,128.828
OUT_11157,386.725
OUT_11158,438.333
OUT_11159,164.46
OUT_11160,402.351
OUT_11161,138.008
OUT_11162,136.214
OUT_11163,396.897
OUT_11164,143.388
OUT_11165,2508.597
OUT_11166,158.809
OUT_11167,434.132
OUT_11168,2452.03
OUT_11169,168.196
OUT_11170,148.464
OUT_11171,147.28
OUT_11172,363.481
OUT_11173,172.937
OUT_11174,103.163
OUT_11175,327.202
OUT_11176,370.623
OUT_11177,1259.408
OUT_11178,132.249
OUT_11179,321.277
OUT_11180,148.947
OUT_11181,156.925
OUT_11182,1150.335
OUT_11183,406.434
OUT_11184,142.003
OUT_11185,121.661
OUT_11186,314.093
OUT_11187,1171.499
OUT_11188,158.449
OUT_11189,375.975
OUT_11190,147.75
OUT_11191,130.275
OUT_11192,443.135
OUT_11193,145.672
OUT_11194,121.122
OUT_11195,408.456
OUT_11196,120.466
OUT_11197,368.437
OUT_11198,368.898
OUT_11199,1058.075
OUT_11200,144.983
OUT_11201,429.929
OUT_11202,117.603
OUT_11203,122.978
OUT_11204,2545.029
OUT_11205,131.973
OUT_11206,152.797
OUT_11207,150.637
OUT_11208,1113.859
OUT_11209,102.752
OUT_11210,141.66
OUT_11211,146.412
OUT_11212,454.988
OUT_11213,397.873
OUT_11214,2739.078
OUT_11215,154.545
OUT_11216,177.792
OUT_11217,2584.744
OUT_11218,366.578
OUT_11219,1216.383
OUT_11220,137.118
OUT_11221,99.981
OUT_11222,2490.907
OUT_11223,127.433
OUT_11224,141.596
OUT_11225,2480.265
OUT_11226,141.455
OUT_11227,124.593
OUT_11228,139.934
OUT_11229,402.9
OUT_11230,107.854
OUT_11231,414.934
OUT_11232,2549.0
OUT_11233,1162.281
OUT_11234,144.24
OUT_11235,115.482
OUT_11236,332.014
OUT_11237,114.737
OUT_11238,148.333
OUT_11239,1218.729
OUT_11240,444.129
OUT_11241,110.478
OUT_11242,163.51
OUT_11243,144.847
OUT_11244,134.055
OUT_11245,392.51
OUT_11246,146.859
OUT_11247,148.662
OUT_11248,99.929
OUT_11249,417.253
OUT_11250,405.454
OUT_11251,2557.274
OUT_11252,170.756
OUT_11253,1248.111
OUT_11254,444.87
OUT_11255,425.281
OUT_11256,297.309
OUT_11257,135.579
OUT_11258,154.19
OUT_11259,161.454
OUT_11260,1130.81
OUT_11261,2392.38
OUT_11262,180.61
OUT_11263,129.461
OUT_11264,158.774
OUT_11265,1182.373
OUT_11266,157.033
OUT_11267,173.779
OUT_11268,389.201
OUT_11269,2512.978
OUT_11270,135.357
OUT_11271,150.975
OUT_11272,135.224
OUT_11273,428.715
OUT_11274,120.318
OUT_11275,166.482
OUT_11276,473.828
OUT_11277,166.984
OUT_11278,143.671
OUT_11279,159.28
OUT_11280,1247.465
OUT_11281,188.998
OUT_11282,156.938
OUT_11283,149.649
OUT_11284,154.354
OUT_11285,161.459
OUT_11286,406.064
OUT_11287,116.019
OUT_11288,1185.767
OUT_11289,111.793
OUT_11290,357.529
OUT_11291,1260.621
OUT_11292,138.685
OUT_11293,366.21
OUT_11294,166.054
OUT_11295,146.09
OUT_11296,1181.168
OUT_11297,350.143
OUT_11298,428.778
OUT_11299,153.62
OUT_11300,141.791
OUT_11301,149.827
OUT_11302,142.934
OUT_11303,1212.728
OUT_11304,124.64
OUT_11305,2690.952
OUT_11306,317.191
OUT_11307,2475.796
OUT_11308,324.854
OUT_11309,1175.344
OUT_11310,400.861
OUT_11311,171.056
OUT_11312,130.551
OUT_11313,154.138
OUT_11314,1144.656
OUT_11315,398.034
OUT_11316,2646.304
OUT_11317,1284.621
OUT_11318,1224.489
OUT_11319,140.967
OUT_11320,92.998
OUT_11321,325.879
OUT_11322,1246.366
OUT_11323,358.919
OUT_11324,134.677
OUT_11325,156.708
OUT_11326,420.025
OUT_11327,130.802
OUT_11328,1186.662
OUT_11329,119.593
OUT_11330,1206.408
OUT_11331,391.983
OUT_11332,182.656
OUT_11333,431.136
OUT_11334,140.28
OUT_11335,114.629
OUT_11336,428.945
OUT_11337,386.345
OUT_11338,427.875
OUT_11339,160.485
OUT_11340,441.033
OUT_11341,158.422
OUT_11342,438.713
OUT_11343,155.685
OUT_11344,112.28
OUT_11345,134.949
OUT_11346,330.49
OUT_11347,407.102
OUT_11348,121.778
OUT_11349,152.295
OUT_11350,392.464
OUT_11351,124.266
OUT_11352,365.939
OUT_11353,167.472
OUT_11354,1221.174
OUT_11355,145.305
OUT_11356,138.653
OUT_11357,364.292
OUT_11358,178.558
OUT_11359,2508.556
OUT_11360,313.793
OUT_11361,322.146
OUT_11362,422.887
OUT_11363,121.316
OUT_11364,166.328
OUT_11365,437.127
OUT_11366,152.4
OUT_11367,155.316
OUT_11368,2551.497
OUT_11369,148.238
OUT_11370,151.958
OUT_11371,378.284
OUT_11372,1136.572
OUT_11373,407.459
OUT_11374,150.356
OUT_11375,396.948
OUT_11376,312.837
OUT_11377,134.5
OUT_11378,440.325
OUT_11379,143.836
OUT_11380,168.376
OUT_11381,385.539
OUT_11382,147.659
OUT_11383,398.127
OUT_11384,331.154
OUT_11385,390.457
OUT_11386,448.58
OUT_11387,179.412
OUT_11388,432.667
OUT_11389,147.235
OUT_11390,111.069
OUT_11391,125.964
OUT_11392,1263.638
OUT_11393,120.323
OUT_11394,1296.079
OUT_11395,488.361
OUT_11396,403.579
OUT_11397,1207.473
OUT_11398,342.369
OUT_11399,135.772
OUT_11400,163.995
OUT_11401,454.077
OUT_11402,134.156
OUT_11403,2625.192
OUT_11404,147.09
OUT_11405,157.786
OUT_11406,1264.051
OUT_11407,164.058
OUT_11408,132.396
OUT_11409,329.693
OUT_11410,393.372
OUT_11411,132.787
OUT_11412,82.997
OUT_11413,1233.8
OUT_11414,158.589
OUT_11415,159.566
OUT_11416,1168.404
OUT_11417,148.404
OUT_11418,124.276
OUT_11419,140.012
OUT_11420,424.408
OUT_11421,1143.768
OUT_11422,424.364
OUT_11423,409.03
OUT_11424,351.305
OUT_11425,150.494
OUT_11426,2624.355
OUT_11427,453.853
OUT_11428,376.824
OUT_11429,154.275
OUT_11430,112.326
OUT_11431,348.644
OUT_11432,388.284
OUT_11433,175.794
OUT_11434,1123.224
OUT_11435,145.696
OUT_11436,152.477
OUT_11437,1178.832
OUT_11438,1127.586
OUT_11439,431.32
OUT_11440,115.413
OUT_11441,141.273
OUT_11442,104.392
OUT_11443,143.141
OUT_11444,106.247
OUT_11445,143.834
OUT_11446,393.514
OUT_11447,1118.162
OUT_11448,109.965
OUT_11449,396.387
OUT_11450,109.643
OUT_11451,162.497
OUT_11452,188.731
OUT_11453,326.045
OUT_11454,451.242
OUT_11455,383.358
OUT_11456,155.925
OUT_11457,433.475
OUT_11458,2533.723
OUT_11459,146.554
OUT_11460,2662.671
OUT_11461,156.836
OUT_11462,161.209
OUT_11463,117.541
OUT_11464,392.611
OUT_11465,2510.453
OUT_11466,163.389
OUT_11467,157.254
OUT_11468,373.675
OUT_11469,150.828
OUT_11470,112.629
OUT_11471,389.576
OUT_11472,142.587
OUT_11473,377.605
OUT_11474,107.622
OUT_11475,1196.097
OUT_11476,132.028
OUT_11477,109.365
OUT_11478,165.391
OUT_11479,298.584
OUT_11480,163.39
OUT_11481,141.905
OUT_11482,298.431
OUT_11483,342.388
OUT_11484,388.12
OUT_11485,139.029
OUT_11486,423.552
OUT_11487,392.353
OUT_11488,366.142
OUT_11489,450.916
OUT_11490,429.144
OUT_11491,368.611
OUT_11492,364.144
OUT_11493,409.591
OUT_11494,122.571
OUT_11495,468.895
OUT_11496,124.464
OUT_11497,2600.302
OUT_11498,108.991
OUT_11499,153.915
OUT_11500,1236.116
OUT_11501,101.413
OUT_11502,1039.485
OUT_11503,367.855
OUT_11504,1219.337
OUT_11505,162.041
OUT_11506,458.12
OUT_11507,97.649
OUT_11508,360.047
OUT_11509,117.841
OUT_11510,397.259
OUT_11511,411.375
OUT_11512,1162.921
OUT_11513,294.256
OUT_11514,113.601
OUT_11515,1187.98
OUT_11516,149.021
OUT_11517,404.213
OUT_11518,179.85
OUT_11519,65.39
OUT_11520,330.948
OUT_11521,138.205
OUT_11522,412.224
OUT_11523,2594.088
OUT_11524,139.972
OUT_11525,143.207
OUT_11526,152.089
OUT_11527,154.912
OUT_11528,143.827
OUT_11529,139.3
OUT_11530,159.155
OUT_11531,286.419
OUT_11532,1188.844
OUT_11533,159.288
OUT_11534,1241.35
OUT_11535,383.307
OUT_11536,390.182
OUT_11537,118.159
OUT_11538,164.117
OUT_11539,441.331
OUT_11540,1217.956
OUT_11541,391.265
OUT_11542,118.552
OUT_11543,127.978
OUT_11544,145.294
OUT_11545,1172.67
OUT_11546,151.842
OUT_11547,1108.521
OUT_11548,136.389
OUT_11549,453.83
OUT_11550,162.863
OUT_11551,132.177
OUT_11552,158.665
OUT_11553,152.014
OUT_11554,153.418
OUT_11555,134.654
OUT_11556,151.893
OUT_11557,381.994
OUT_11558,142.142
OUT_11559,1199.157
OUT_11560,388.17
OUT_11561,132.575
OUT_11562,130.56
OUT_11563,1336.957
OUT_11564,120.28
OUT_11565,358.455
OUT_11566,164.085
OUT_11567,1265.621
OUT_11568,147.17
OUT_11569,1246.691
OUT_11570,126.827
OUT_11571,429.891
OUT_11572,150.114
OUT_11573,357.002
OUT_11574,397.435
OUT_11575,134.334
OUT_11576,391.291
OUT_11577,156.676
OUT_11578,391.362
OUT_11579,138.402
OUT_11580,122.447
OUT_11581,144.28
OUT_11582,183.722
OUT_11583,378.77
OUT_11584,1186.916
OUT_11585,407.597
OUT_11586,155.541
OUT_11587,361.128
OUT_11588,2459.659
OUT_11589,403.924
OUT_11590,2476.804
OUT_11591,126.861
OUT_11592,123.327
OUT_11593,154.756
OUT_11594,130.351
OUT_11595,84.187
OUT_11596,148.074
OUT_11597,135.642
OUT_11598,407.804
OUT_11599,1048.506
OUT_11600,104.98
OUT_11601,2535.533
OUT_11602,148.046
OUT_11603,164.674
OUT_11604,125.607
OUT_11605,2560.898
OUT_11606,354.172
OUT_11607,431.738
OUT_11608,126.756
OUT_11609,142.437
OUT_11610,116.686
OUT_11611,1237.271
OUT_11612,144.629
OUT_11613,1216.457
OUT_11614,131.7
OUT_11615,336.044
OUT_11616,405.228
OUT_11617,381.542
OUT_11618,376.79
OUT_11619,2594.55
OUT_11620,159.201
OUT_11621,146.339
OUT_11622,1264.196
OUT_11623,164.675
OUT_11624,148.874
OUT_11625,133.344
OUT_11626,112.71
OUT_11627,154.014
OUT_11628,379.676
OUT_11629,122.255
OUT_11630,1102.412
OUT_11631,403.252
OUT_11632,424.433
OUT_11633,1118.263
OUT_11634,106.463
OUT_11635,172.462
OUT_11636,2473.465
OUT_11637,1111.342
OUT_11638,160.736
OUT_11639,165.144
OUT_11640,425.88
OUT_11641,154.208
OUT_11642,1187.694
OUT_11643,2477.951
OUT_11644,2672.942
OUT_11645,134.019
OUT_11646,1178.67
OUT_11647,135.409
OUT_11648,377.994
OUT_11649,155.127
OUT_11650,143.945
OUT_11651,125.325
OUT_11652,1163.887
OUT_11653,142.753
OUT_11654,135.476
OUT_11655,124.613
OUT_11656,127.433
OUT_11657,126.035
OUT_11658,150.49
OUT_11659,116.95
OUT_11660,156.831
OUT_11661,140.019
OUT_11662,1147.7
OUT_11663,119.027
OUT_11664,169.275
OUT_11665,2647.184
OUT_11666,1226.842
OUT_11667,341.063
OUT_11668,387.332
OUT_11669,158.173
OUT_11670,124.97
OUT_11671,150.794
OUT_11672,1245.927
OUT_11673,315.055
OUT_11674,1247.167
OUT_11675,166.336
OUT_11676,397.777
OUT_11677,133.167
OUT_11678,119.867
OUT_11679,118.346
OUT_11680,1340.019
OUT_11681,329.17
OUT_11682,126.632
OUT_11683,1243.991
OUT_11684,108.29
OUT_11685,125.007
OUT_11686,1140.85
OUT_11687,169.085
OUT_11688,1298.467
OUT_11689,341.595
OUT_11690,142.9
OUT_11691,161.012
OUT_11692,1199.172
OUT_11693,401.665
OUT_11694,134.636
OUT_11695,175.141
OUT_11696,1194.075
OUT_11697,2525.074
OUT_11698,161.913
OUT_11699,400.874
OUT_11700,168.165
OUT_11701,134.94
OUT_11702,400.555
OUT_11703,139.889
OUT_11704,1191.256
OUT_11705,161.433
OUT_11706,145.068
OUT_11707,368.687
OUT_11708,137.724
OUT_11709,167.256
OUT_11710,144.887
OUT_11711,364.826
OUT_11712,179.931
OUT_11713,379.97
OUT_11714,114.376
OUT_11715,450.073
OUT_11716,422.122
OUT_11717,1192.229
OUT_11718,412.88
OUT_11719,362.316
OUT_11720,2500.066
OUT_11721,406.068
OUT_11722,120.182
OUT_11723,136.773
OUT_11724,157.531
OUT_11725,167.423
OUT_11726,160.441
OUT_11727,406.316
OUT_11728,131.368
OUT_11729,146.953
OUT_11730,171.332
OUT_11731,148.688
OUT_11732,160.902
OUT_11733,1191.668
OUT_11734,149.413
OUT_11735,143.658
OUT_11736,149.134
OUT_11737,146.521
OUT_11738,157.215
OUT_11739,113.536
OUT_11740,150.998
OUT_11741,143.681
OUT_11742,383.259
OUT_11743,407.462
OUT_11744,123.675
OUT_11745,153.987
OUT_11746,1178.209
OUT_11747,340.573
OUT_11748,164.592
OUT_11749,431.929
OUT_11750,373.83
OUT_11751,108.212
OUT_11752,173.846
OUT_11753,322.448
OUT_11754,128.554
OUT_11755,1162.573
OUT_11756,138.97
OUT_11757,1256.47
OUT_11758,117.122
OUT_11759,124.043
OUT_11760,117.537
OUT_11761,404.58
OUT_11762,1120.752
OUT_11763,381.5
OUT_11764,393.47
OUT_11765,131.406
OUT_11766,128.045
OUT_11767,2495.655
OUT_11768,168.892
OUT_11769,1148.619
OUT_11770,2587.119
OUT_11771,395.535
OUT_11772,415.417
OUT_11773,157.412
OUT_11774,92.507
OUT_11775,411.018
OUT_11776,151.779
OUT_11777,150.167
OUT_11778,146.207
OUT_11779,132.151
OUT_11780,1176.34
OUT_11781,109.499
OUT_11782,146.929
OUT_11783,408.979
OUT_11784,453.327
OUT_11785,125.334
OUT_11786,142.995
OUT_11787,131.15
OUT_11788,2570.124
OUT_11789,1246.57
OUT_11790,347.746
OUT_11791,1206.37
OUT_11792,435.486
OUT_11793,139.682
OUT_11794,142.469
OUT_11795,166.026
OUT_11796,397.85
OUT_11797,1276.444
OUT_11798,395.109
OUT_11799,344.529
OUT_11800,335.61
OUT_11801,267.801
OUT_11802,152.661
OUT_11803,134.131
OUT_11804,2601.348
OUT_11805,144.864
OUT_11806,123.237
OUT_11807,345.982
OUT_11808,373.649
OUT_11809,155.705
OUT_11810,116.922
OUT_11811,146.22
OUT_11812,172.745
OUT_11813,413.017
OUT_11814,319.245
OUT_11815,125.301
OUT_11816,1144.675
OUT_11817,368.976
OUT_11818,121.661
OUT_11819,1164.872
OUT_11820,1253.156
OUT_11821,138.857
OUT_11822,143.802
OUT_11823,1163.17
OUT_11824,473.679
OUT_11825,391.653
OUT_11826,176.429
OUT_11827,157.378
OUT_11828,178.998
OUT_11829,166.415
OUT_11830,116.338
OUT_11831,131.648
OUT_11832,111.023
OUT_11833,420.138
OUT_11834,393.642
OUT_11835,143.294
OUT_11836,133.439
OUT_11837,413.334
OUT_11838,353.616
OUT_11839,148.856
OUT_11840,159.899
OUT_11841,131.375
OUT_11842,395.845
OUT_11843,2613.296
OUT_11844,138.107
OUT_11845,1166.956
OUT_11846,161.618
OUT_11847,323.244
OUT_11848,1195.993
OUT_11849,135.139
OUT_11850,141.417
OUT_11851,154.264
OUT_11852,1213.966
OUT_11853,2543.565
OUT_11854,148.121
OUT_11855,371.461
OUT_11856,328.787
OUT_11857,1241.498
OUT_11858,391.692
OUT_11859,1182.749
OUT_11860,121.483
OUT_11861,379.23
OUT_11862,321.038
OUT_11863,137.964
OUT_11864,159.31
OUT_11865,155.584
OUT_11866,371.312
OUT_11867,152.46
OUT_11868,1228.389
OUT_11869,135.937
OUT_11870,410.922
OUT_11871,138.757
OUT_11872,410.948
OUT_11873,136.098
OUT_11874,128.385
OUT_11875,426.861
OUT_11876,362.688
OUT_11877,168.592
OUT_11878,130.744
OUT_11879,363.733
OUT_11880,154.683
OUT_11881,444.631
OUT_11882,349.989
OUT_11883,1204.881
OUT_11884,144.117
OUT_11885,355.128
OUT_11886,388.841
OUT_11887,143.557
OUT_11888,136.378
OUT_11889,370.15
OUT_11890,129.384
OUT_11891,152.488
OUT_11892,147.067
OUT_11893,148.322
OUT_11894,1130.505
OUT_11895,151.24
OUT_11896,106.863
OUT_11897,1183.581
OUT_11898,1237.762
OUT_11899,160.849
OUT_11900,1102.543
OUT_11901,147.252
OUT_11902,125.241
OUT_11903,136.415
OUT_11904,159.843
OUT_11905,135.357
OUT_11906,129.249
OUT_11907,170.683
OUT_11908,188.067
OUT_11909,1209.613
OUT_11910,407.23
OUT_11911,1216.681
OUT_11912,376.265
OUT_11913,167.242
OUT_11914,368.123
OUT_11915,183.095
OUT_11916,128.172
OUT_11917,139.575
OUT_11918,121.138
OUT_11919,145.301
OUT_11920,1169.226
OUT_11921,139.6
OUT_11922,1231.179
OUT_11923,118.698
OUT_11924,142.037
OUT_11925,100.058
OUT_11926,150.828
OUT_11927,172.303
OUT_11928,147.169
OUT_11929,1246.401
OUT_11930,157.959
OUT_11931,115.418
OUT_11932,146.875
OUT_11933,173.493
OUT_11934,404.668
OUT_11935,139.697
OUT_11936,125.807
OUT_11937,110.701
OUT_11938,145.311
OUT_11939,386.033
OUT_11940,421.68
OUT_11941,156.764
OUT_11942,450.446
OUT_11943,1170.506
OUT_11944,1172.05
OUT_11945,165.645
OUT_11946,112.387
OUT_11947,426.909
OUT_11948,89.057
OUT_11949,2846.443
OUT_11950,2586.961
OUT_11951,1197.639
OUT_11952,116.693
OUT_11953,146.57
OUT_11954,307.813
OUT_11955,145.897
OUT_11956,137.088
OUT_11957,146.008
OUT_11958,1208.735
OUT_11959,140.176
OUT_11960,1099.501
OUT_11961,1227.938
OUT_11962,405.617
OUT_11963,1273.646
OUT_11964,159.013
OUT_11965,322.192
OUT_11966,135.323
OUT_11967,162.769
OUT_11968,1183.242
OUT_11969,1210.943
OUT_11970,1195.501
OUT_11971,130.631
OUT_11972,351.076
OUT_11973,166.536
OUT_11974,149.305
OUT_11975,310.497
OUT_11976,1137.655
OUT_11977,163.703
OUT_11978,378.702
OUT_11979,159.244
OUT_11980,118.351
OUT_11981,2551.465
OUT_11982,161.367
OUT_11983,416.108
OUT_11984,138.193
OUT_11985,144.879
OUT_11986,349.885
OUT_11987,346.74
OUT_11988,411.588
OUT_11989,413.604
OUT_11990,125.228
OUT_11991,347.082
OUT_11992,422.812
OUT_11993,350.439
OUT_11994,126.755
OUT_11995,386.716
OUT_11996,350.873
OUT_11997,148.205
OUT_11998,449.02
OUT_11999,152.159
OUT_12000,406.247
OUT_12001,164.861
OUT_12002,407.091
OUT_12003,387.884
OUT_12004,2562.86
OUT_12005,140.26
OUT_12006,379.023
OUT_12007,432.183
OUT_12008,1155.234
OUT_12009,119.96
OUT_12010,165.752
OUT_12011,146.318
OUT_12012,1305.036
OUT_12013,372.609
OUT_12014,151.631
OUT_12015,2420.748
OUT_12016,106.962
OUT_12017,171.022
OUT_12018,136.209
OUT_12019,136.074
OUT_12020,130.108
OUT_12021,311.12
OUT_12022,383.358
OUT_12023,107.808
OUT_12024,128.72
OUT_12025,132.704
OUT_12026,2503.344
OUT_12027,133.136
OUT_12028,443.861
OUT_12029,146.715
OUT_12030,1251.008
OUT_12031,162.332
OUT_12032,405.04
OUT_12033,401.201
OUT_12034,158.884
OUT_12035,448.641
OUT_12036,1152.074
OUT_12037,139.713
OUT_12038,136.0
OUT_12039,151.533
OUT_12040,160.69
OUT_12041,370.731
OUT_12042,389.7
OUT_12043,303.562
OUT_12044,145.79
OUT_12045,390.128
OUT_12046,165.746
OUT_12047,155.959
OUT_12048,134.028
OUT_12049,1214.377
OUT_12050,153.899
OUT_12051,140.424
OUT_12052,161.622
OUT_12053,100.791
OUT_12054,380.933
OUT_12055,1279.24
OUT_12056,145.013
OUT_12057,126.558
OUT_12058,1219.643
OUT_12059,81.067
OUT_12060,2601.484
OUT_12061,160.006
OUT_12062,432.1
OUT_12063,335.951
OUT_12064,314.879
OUT_12065,144.107
OUT_12066,127.373
OUT_12067,128.074
OUT_12068,154.104
OUT_12069,138.272
OUT_12070,455.177
OUT_12071,1200.849
OUT_12072,128.103
OUT_12073,160.943
OUT_12074,1149.589
OUT_12075,114.072
OUT_12076,163.885
OUT_12077,153.432
OUT_12078,150.636
OUT_12079,113.48
OUT_12080,145.75
OUT_12081,1241.505
OUT_12082,397.299
OUT_12083,1171.103
OUT_12084,336.219
OUT_12085,184.071
OUT_12086,130.398
OUT_12087,143.238
OUT_12088,153.788
OUT_12089,137.251
OUT_12090,351.674
OUT_12091,1167.768
OUT_12092,90.642
OUT_12093,154.951
OUT_12094,118.991
OUT_12095,310.053
OUT_12096,415.625
OUT_12097,146.681
OUT_12098,377.381
OUT_12099,120.82
OUT_12100,150.868
OUT_12101,151.904
OUT_12102,143.566
OUT_12103,142.762
OUT_12104,171.767
OUT_12105,173.272
OUT_12106,140.919
OUT_12107,141.742
OUT_12108,2616.938
OUT_12109,402.835
OUT_12110,429.285
OUT_12111,174.81
OUT_12112,144.511
OUT_12113,1096.338
OUT_12114,143.403
OUT_12115,1231.757
OUT_12116,418.731
OUT_12117,123.78
OUT_12118,386.792
OUT_12119,137.478
OUT_12120,494.621
OUT_12121,441.778
OUT_12122,138.718
OUT_12123,403.497
OUT_12124,386.988
OUT_12125,371.823
OUT_12126,129.352
OUT_12127,167.611
OUT_12128,426.442
OUT_12129,127.952
OUT_12130,147.445
OUT_12131,2590.62
OUT_12132,152.769
OUT_12133,136.726
OUT_12134,445.796
OUT_12135,123.161
OUT_12136,325.974
OUT_12137,383.832
OUT_12138,1254.16
OUT_12139,1213.168
OUT_12140,134.741
OUT_12141,2604.722
OUT_12142,2452.481
OUT_12143,126.284
OUT_12144,152.395
OUT_12145,1211.14
OUT_12146,151.728
OUT_12147,118.264
OUT_12148,1081.398
OUT_12149,164.055
OUT_12150,137.86
OUT_12151,92.83
OUT_12152,1246.52
OUT_12153,399.428
OUT_12154,326.87
OUT_12155,113.138
OUT_12156,157.333
OUT_12157,387.125
OUT_12158,199.069
OUT_12159,2579.077
OUT_12160,439.973
OUT_12161,140.202
OUT_12162,2542.993
OUT_12163,134.927
OUT_12164,130.2
OUT_12165,161.731
OUT_12166,104.81
OUT_12167,77.187
OUT_12168,122.534
OUT_12169,127.67
OUT_12170,392.352
OUT_12171,141.901
OUT_12172,414.05
OUT_12173,347.697
OUT_12174,315.062
OUT_12175,118.199
OUT_12176,308.886
OUT_12177,123.159
OUT_12178,129.509
OUT_12179,151.575
OUT_12180,114.05
OUT_12181,147.318
OUT_12182,372.012
OUT_12183,174.849
OUT_12184,432.238
OUT_12185,459.422
OUT_12186,140.688
OUT_12187,436.933
OUT_12188,173.675
OUT_12189,405.8
OUT_12190,130.628
OUT_12191,148.381
OUT_12192,158.124
OUT_12193,154.031
OUT_12194,431.82
OUT_12195,121.241
OUT_12196,178.504
OUT_12197,396.583
OUT_12198,373.872
OUT_12199,160.87
OUT_12200,1185.64
OUT_12201,176.812
OUT_12202,166.611
OUT_12203,1144.01
OUT_12204,143.382
OUT_12205,2637.97
OUT_12206,2548.645
OUT_12207,508.603
OUT_12208,389.006
OUT_12209,152.347
OUT_12210,105.323
OUT_12211,156.024
OUT_12212,114.075
OUT_12213,131.174
OUT_12214,421.947
OUT_12215,1319.509
OUT_12216,383.808
OUT_12217,119.12
OUT_12218,151.651
OUT_12219,190.364
OUT_12220,1164.972
OUT_12221,154.082
OUT_12222,119.076
OUT_12223,376.493
OUT_12224,1262.064
OUT_12225,140.392
OUT_12226,181.517
OUT_12227,112.203
OUT_12228,146.172
OUT_12229,155.454
OUT_12230,171.849
OUT_12231,143.157
OUT_12232,177.851
OUT_12233,155.742
OUT_12234,119.451
OUT_12235,417.782
OUT_12236,126.189
OUT_12237,1180.335
OUT_12238,135.617
OUT_12239,386.609
OUT_12240,115.145
OUT_12241,113.894
OUT_12242,1255.893
OUT_12243,151.465
OUT_12244,402.949
OUT_12245,100.362
OUT_12246,115.631
OUT_12247,149.234
OUT_12248,415.562
OUT_12249,2517.786
OUT_12250,1306.142
OUT_12251,94.046
OUT_12252,134.491
OUT_12253,300.735
OUT_12254,136.653
OUT_12255,1152.194
OUT_12256,1090.465
OUT_12257,160.035
OUT_12258,2492.721
OUT_12259,433.428
OUT_12260,123.273
OUT_12261,153.473
OUT_12262,455.446
OUT_12263,2566.206
OUT_12264,2432.998
OUT_12265,375.417
OUT_12266,187.7
OUT_12267,426.258
OUT_12268,2601.477
OUT_12269,131.604
OUT_12270,442.911
OUT_12271,145.544
OUT_12272,381.985
OUT_12273,321.296
OUT_12274,157.097
OUT_12275,407.809
OUT_12276,158.497
OUT_12277,2519.128
OUT_12278,137.572
OUT_12279,392.25
OUT_12280,361.442
OUT_12281,385.901
OUT_12282,394.0
OUT_12283,1435.82
OUT_12284,114.873
OUT_12285,399.403
OUT_12286,161.64
OUT_12287,122.834
OUT_12288,115.507
OUT_12289,169.583
OUT_12290,139.874
OUT_12291,1168.627
OUT_12292,384.957
OUT_12293,155.75
OUT_12294,515.65
OUT_12295,1350.708
OUT_12296,170.438
OUT_12297,359.958
OUT_12298,378.001
OUT_12299,123.473
OUT_12300,133.22
OUT_12301,1090.942
OUT_12302,164.207
OUT_12303,130.146
OUT_12304,142.499
OUT_12305,133.863
OUT_12306,2521.024
OUT_12307,155.0
OUT_12308,279.591
OUT_12309,136.614
OUT_12310,436.674
OUT_12311,434.264
OUT_12312,401.786
OUT_12313,152.291
OUT_12314,378.641
OUT_12315,139.869
OUT_12316,163.243
OUT_12317,151.587
OUT_12318,116.628
OUT_12319,147.685
OUT_12320,151.8
OUT_12321,138.975
OUT_12322,178.092
OUT_12323,171.496
OUT_12324,335.618
OUT_12325,363.922
OUT_12326,116.03
OUT_12327,1199.033
OUT_12328,330.813
OUT_12329,142.787
OUT_12330,141.417
OUT_12331,1176.521
OUT_12332,310.646
OUT_12333,429.316
OUT_12334,2413.817
OUT_12335,427.182
OUT_12336,122.068
OUT_12337,134.83
OUT_12338,409.525
OUT_12339,150.312
OUT_12340,408.437
OUT_12341,123.579
OUT_12342,146.069
OUT_12343,1252.203
OUT_12344,336.852
OUT_12345,2573.478
OUT_12346,1207.15
OUT_12347,409.779
OUT_12348,2630.28
OUT_12349,430.775
OUT_12350,151.017
OUT_12351,159.335
OUT_12352,126.214
OUT_12353,114.747
OUT_12354,140.451
OUT_12355,431.524
OUT_12356,163.715
OUT_12357,103.894
OUT_12358,126.7
OUT_12359,141.849
OUT_12360,1246.089
OUT_12361,128.393
OUT_12362,78.765
OUT_12363,134.181
OUT_12364,138.66
OUT_12365,164.196
OUT_12366,142.295
OUT_12367,390.59
OUT_12368,2482.719
OUT_12369,1058.305
OUT_12370,408.211
OUT_12371,1256.881
OUT_12372,2517.719
OUT_12373,313.562
OUT_12374,404.859
OUT_12375,394.026
OUT_12376,1127.264
OUT_12377,129.89
OUT_12378,386.707
OUT_12379,123.459
OUT_12380,174.963
OUT_12381,1133.338
OUT_12382,89.737
OUT_12383,104.649
OUT_12384,1091.735
OUT_12385,140.356
OUT_12386,130.788
OUT_12387,417.855
OUT_12388,1154.707
OUT_12389,404.689
OUT_12390,170.79
OUT_12391,362.703
OUT_12392,152.35
OUT_12393,397.589
OUT_12394,1180.565
OUT_12395,116.983
OUT_12396,1082.568
OUT_12397,123.901
OUT_12398,2442.747
OUT_12399,460.871
OUT_12400,2520.025
OUT_12401,1304.668
OUT_12402,447.573
OUT_12403,146.157
OUT_12404,128.147
OUT_12405,141.539
OUT_12406,361.014
OUT_12407,135.457
OUT_12408,165.777
OUT_12409,398.081
OUT_12410,462.807
OUT_12411,97.11
OUT_12412,359.033
OUT_12413,418.53
OUT_12414,1275.676
OUT_12415,344.59
OUT_12416,424.194
OUT_12417,1180.702
OUT_12418,353.015
OUT_12419,168.759
OUT_12420,401.826
OUT_12421,439.383
OUT_12422,159.213
OUT_12423,403.08
OUT_12424,1136.174
OUT_12425,2533.931
OUT_12426,135.314
OUT_12427,145.564
OUT_12428,136.409
OUT_12429,366.503
OUT_12430,353.122
OUT_12431,150.741
OUT_12432,173.832
OUT_12433,150.447
OUT_12434,336.363
OUT_12435,422.901
OUT_12436,1202.374
OUT_12437,115.999
OUT_12438,141.469
OUT_12439,133.498
OUT_12440,1185.85
OUT_12441,139.086
OUT_12442,454.948
OUT_12443,165.477
OUT_12444,1108.384
OUT_12445,2724.955
OUT_12446,448.333
OUT_12447,142.653
OUT_12448,367.679
OUT_12449,159.041
OUT_12450,293.446
OUT_12451,159.236
OUT_12452,137.758
OUT_12453,105.949
OUT_12454,153.921
OUT_12455,131.297
OUT_12456,1120.839
OUT_12457,140.092
OUT_12458,162.709
OUT_12459,422.013
OUT_12460,1176.408
OUT_12461,128.705
OUT_12462,156.646
OUT_12463,1333.83
OUT_12464,385.914
OUT_12465,117.272
OUT_12466,196.24
OUT_12467,144.732
OUT_12468,165.766
OUT_12469,1244.79
OUT_12470,423.279
OUT_12471,132.013
OUT_12472,154.606
OUT_12473,430.837
OUT_12474,122.056
OUT_12475,116.353
OUT_12476,429.978
OUT_12477,153.342
OUT_12478,106.833
OUT_12479,419.645
OUT_12480,1340.232
OUT_12481,108.217
OUT_12482,1223.33
OUT_12483,1104.718
OUT_12484,2497.051
OUT_12485,1228.276
OUT_12486,174.096
OUT_12487,99.969
OUT_12488,1132.006
OUT_12489,171.632
OUT_12490,151.011
OUT_12491,114.979
OUT_12492,2525.211
OUT_12493,181.946
OUT_12494,2535.821
OUT_12495,400.43
OUT_12496,405.534
OUT_12497,109.463
OUT_12498,320.28
OUT_12499,146.404
OUT_12500,141.784
OUT_12501,386.657
OUT_12502,1213.59
OUT_12503,311.217
OUT_12504,122.785
OUT_12505,177.345
OUT_12506,167.129
OUT_12507,1257.688
OUT_12508,333.326
OUT_12509,1178.363
OUT_12510,150.821
OUT_12511,153.635
OUT_12512,369.556
OUT_12513,462.302
OUT_12514,2471.277
OUT_12515,337.737
OUT_12516,154.229
OUT_12517,169.454
OUT_12518,1218.513
OUT_12519,145.223
OUT_12520,129.139
OUT_12521,140.33
OUT_12522,1182.694
OUT_12523,428.871
OUT_12524,137.451
OUT_12525,133.446
OUT_12526,177.404
OUT_12527,137.177
OUT_12528,122.918
OUT_12529,1176.229
OUT_12530,1187.554
OUT_12531,1249.344
OUT_12532,124.706
OUT_12533,123.678
OUT_12534,169.409
OUT_12535,150.332
OUT_12536,1197.734
OUT_12537,137.779
OUT_12538,403.155
OUT_12539,140.632
OUT_12540,149.972
OUT_12541,110.218
OUT_12542,413.401
OUT_12543,181.256
OUT_12544,446.748
OUT_12545,122.238
OUT_12546,112.497
OUT_12547,151.508
OUT_12548,179.007
OUT_12549,172.854
OUT_12550,148.223
OUT_12551,139.905
OUT_12552,1205.01
OUT_12553,362.265
OUT_12554,175.733
OUT_12555,116.427
OUT_12556,119.385
OUT_12557,157.173
OUT_12558,130.411
OUT_12559,146.107
OUT_12560,131.314
OUT_12561,2671.75
OUT_12562,1192.452
OUT_12563,1180.742
OUT_12564,404.661
OUT_12565,178.988
OUT_12566,147.369
OUT_12567,169.673
OUT_12568,149.99
OUT_12569,1135.408
OUT_12570,424.606
OUT_12571,132.213
OUT_12572,1174.685
OUT_12573,148.083
OUT_12574,121.605
OUT_12575,392.556
OUT_12576,151.544
OUT_12577,101.228
OUT_12578,344.155
OUT_12579,398.378
OUT_12580,1201.366
OUT_12581,1215.935
OUT_12582,1230.029
OUT_12583,137.992
OUT_12584,151.06
OUT_12585,162.194
OUT_12586,128.813
OUT_12587,1192.281
OUT_12588,2884.93
OUT_12589,159.455
OUT_12590,105.885
OUT_12591,400.101
OUT_12592,2528.851
OUT_12593,387.079
OUT_12594,1257.745
OUT_12595,393.292
OUT_12596,1156.538
OUT_12597,160.541
OUT_12598,1297.419
OUT_12599,136.95
OUT_12600,425.628
OUT_12601,133.044
OUT_12602,151.705
OUT_12603,1252.959
OUT_12604,388.771
OUT_12605,366.606
OUT_12606,378.701
OUT_12607,397.536
OUT_12608,141.377
OUT_12609,160.516
OUT_12610,181.12
OUT_12611,390.647
OUT_12612,142.215
OUT_12613,152.362
OUT_12614,153.612
OUT_12615,433.062
OUT_12616,155.87
OUT_12617,106.583
OUT_12618,307.462
OUT_12619,176.389
OUT_12620,137.579
OUT_12621,1092.597
OUT_12622,146.458
OUT_12623,1256.824
OUT_12624,2632.136
OUT_12625,2639.007
OUT_12626,156.01
OUT_12627,118.457
OUT_12628,389.248
OUT_12629,1190.818
OUT_12630,399.578
OUT_12631,139.447
OUT_12632,1220.228
OUT_12633,123.366
OUT_12634,132.967
OUT_12635,395.487
OUT_12636,166.101
OUT_12637,152.223
OUT_12638,2499.409
OUT_12639,121.922
OUT_12640,151.899
OUT_12641,1227.071
OUT_12642,2431.853
OUT_12643,369.419
OUT_12644,449.441
OUT_12645,156.991
OUT_12646,146.454
OUT_12647,160.193
OUT_12648,127.677
OUT_12649,162.645
OUT_12650,153.175
OUT_12651,97.356
OUT_12652,370.915
OUT_12653,424.936
OUT_12654,1287.513
OUT_12655,126.882
OUT_12656,156.131
OUT_12657,172.977
OUT_12658,2494.047
OUT_12659,181.806
OUT_12660,366.229
OUT_12661,118.231
OUT_12662,165.013
OUT_12663,163.634
OUT_12664,349.85
OUT_12665,160.99
OUT_12666,1188.408
OUT_12667,138.783
OUT_12668,422.938
OUT_12669,139.926
OUT_12670,422.902
OUT_12671,183.224
OUT_12672,1160.874
OUT_12673,166.678
OUT_12674,152.878
OUT_12675,2577.491
OUT_12676,119.199
OUT_12677,438.78
OUT_12678,356.142
OUT_12679,148.324
OUT_12680,138.614
OUT_12681,140.854
OUT_12682,1201.579
OUT_12683,2497.088
OUT_12684,150.353
OUT_12685,145.719
OUT_12686,147.502
OUT_12687,118.262
OUT_12688,131.507
OUT_12689,431.473
OUT_12690,452.411
OUT_12691,2493.029
OUT_12692,378.402
OUT_12693,400.203
OUT_12694,184.847
OUT_12695,112.965
OUT_12696,154.333
OUT_12697,1310.093
OUT_12698,307.944
OUT_12699,121.785
OUT_12700,131.844
OUT_12701,140.192
OUT_12702,1287.044
OUT_12703,135.756
OUT_12704,1237.813
OUT_12705,1160.357
OUT_12706,449.966
OUT_12707,369.711
OUT_12708,134.011
OUT_12709,364.429
OUT_12710,122.992
OUT_12711,98.938
OUT_12712,351.881
OUT_12713,150.883
OUT_12714,407.737
OUT_12715,133.43
OUT_12716,404.798
OUT_12717,372.989
OUT_12718,120.614
OUT_12719,404.317
OUT_12720,147.949
OUT_12721,139.791
OUT_12722,460.955
OUT_12723,134.773
OUT_12724,153.58
OUT_12725,105.569
OUT_12726,115.595
OUT_12727,159.497
OUT_12728,2571.537
OUT_12729,378.466
OUT_12730,1230.586
OUT_12731,383.181
OUT_12732,146.264
OUT_12733,142.484
OUT_12734,1171.431
OUT_12735,399.508
OUT_12736,135.347
OUT_12737,141.247
OUT_12738,147.948
OUT_12739,153.245
OUT_12740,1174.969
OUT_12741,131.938
OUT_12742,2598.85
OUT_12743,440.259
OUT_12744,423.363
OUT_12745,1083.985
OUT_12746,162.896
OUT_12747,140.336
OUT_12748,156.595
OUT_12749,155.486
OUT_12750,294.102
OUT_12751,137.338
OUT_12752,133.573
OUT_12753,426.005
OUT_12754,1192.36
OUT_12755,420.446
OUT_12756,146.178
OUT_12757,111.118
OUT_12758,130.075
OUT_12759,163.099
OUT_12760,132.358
OUT_12761,117.159
OUT_12762,174.25
OUT_12763,360.884
OUT_12764,125.784
OUT_12765,121.11
OUT_12766,159.732
OUT_12767,124.571
OUT_12768,144.467
OUT_12769,1257.426
OUT_12770,153.777
OUT_12771,156.322
OUT_12772,123.549
OUT_12773,127.961
OUT_12774,149.556
OUT_12775,137.608
OUT_12776,148.063
OUT_12777,449.634
OUT_12778,111.431
OUT_12779,133.33
OUT_12780,114.317
OUT_12781,165.746
OUT_12782,372.359
OUT_12783,1181.71
OUT_12784,423.244
OUT_12785,379.79
OUT_12786,146.146
OUT_12787,179.038
OUT_12788,359.232
OUT_12789,452.393
OUT_12790,444.256
OUT_12791,143.985
OUT_12792,399.107
OUT_12793,386.153
OUT_12794,151.895
OUT_12795,101.488
OUT_12796,164.396
OUT_12797,172.442
OUT_12798,150.684
OUT_12799,132.92
OUT_12800,173.774
OUT_12801,389.202
OUT_12802,129.603
OUT_12803,135.919
OUT_12804,1201.188
OUT_12805,156.391
OUT_12806,377.851
OUT_12807,1210.451
OUT_12808,164.482
OUT_12809,295.3
OUT_12810,433.934
OUT_12811,368.724
OUT_12812,156.308
OUT_12813,434.865
OUT_12814,425.978
OUT_12815,1236.706
OUT_12816,445.101
OUT_12817,443.498
OUT_12818,160.395
OUT_12819,130.32
OUT_12820,1032.952
OUT_12821,393.053
OUT_12822,148.586
OUT_12823,92.813
OUT_12824,134.047
OUT_12825,142.699
OUT_12826,142.169
OUT_12827,114.581
OUT_12828,137.175
OUT_12829,145.887
OUT_12830,138.067
OUT_12831,138.67
OUT_12832,445.726
OUT_12833,374.064
OUT_12834,2538.101
OUT_12835,167.301
OUT_12836,392.482
OUT_12837,135.192
OUT_12838,102.36
OUT_12839,128.048
OUT_12840,151.24
OUT_12841,131.861
OUT_12842,1009.759
OUT_12843,438.997
OUT_12844,410.484
OUT_12845,404.856
OUT_12846,121.298
OUT_12847,129.411
OUT_12848,2610.357
OUT_12849,376.687
OUT_12850,136.702
OUT_12851,351.731
OUT_12852,156.11
OUT_12853,171.234
OUT_12854,141.026
OUT_12855,2498.874
OUT_12856,142.366
OUT_12857,1142.001
OUT_12858,158.483
OUT_12859,142.724
OUT_12860,144.739
OUT_12861,406.227
OUT_12862,452.504
OUT_12863,1222.748
OUT_12864,138.614
OUT_12865,2687.813
OUT_12866,146.845
OUT_12867,394.913
OUT_12868,154.975
OUT_12869,98.265
OUT_12870,157.291
OUT_12871,140.429
OUT_12872,136.363
OUT_12873,2566.166
OUT_12874,2635.982
OUT_12875,1217.974
OUT_12876,313.167
OUT_12877,163.93
OUT_12878,146.606
OUT_12879,389.411
OUT_12880,155.93
OUT_12881,399.416
OUT_12882,2650.217
OUT_12883,465.671
OUT_12884,151.376
OUT_12885,330.532
OUT_12886,359.997
OUT_12887,161.531
OUT_12888,136.61
OUT_12889,368.754
OUT_12890,2559.25
OUT_12891,356.46
OUT_12892,372.158
OUT_12893,134.753
OUT_12894,164.03
OUT_12895,103.061
OUT_12896,425.73
OUT_12897,147.081
OUT_12898,136.572
OUT_12899,130.461
OUT_12900,1127.597
OUT_12901,115.323
OUT_12902,109.908
OUT_12903,145.805
OUT_12904,360.363
OUT_12905,1282.64
OUT_12906,1310.947
OUT_12907,1190.919
OUT_12908,152.468
OUT_12909,357.411
OUT_12910,154.841
OUT_12911,1165.807
OUT_12912,139.206
OUT_12913,374.852
OUT_12914,125.746
OUT_12915,419.494
OUT_12916,163.71
OUT_12917,123.527
OUT_12918,378.739
OUT_12919,129.973
OUT_12920,164.654
OUT_12921,343.109
OUT_12922,115.79
OUT_12923,1130.201
OUT_12924,403.067
OUT_12925,449.284
OUT_12926,1038.308
OUT_12927,178.283
OUT_12928,136.226
OUT_12929,128.956
OUT_12930,432.218
OUT_12931,130.872
OUT_12932,2537.471
OUT_12933,379.603
OUT_12934,488.471
OUT_12935,1116.776
OUT_12936,143.182
OUT_12937,145.483
OUT_12938,138.395
OUT_12939,2476.274
OUT_12940,108.392
OUT_12941,1239.064
OUT_12942,409.269
OUT_12943,149.446
OUT_12944,388.648
OUT_12945,416.926
OUT_12946,324.31
OUT_12947,213.971
OUT_12948,117.512
OUT_12949,1137.104
OUT_12950,375.392
OUT_12951,412.047
OUT_12952,131.782
OUT_12953,1168.068
OUT_12954,141.918
OUT_12955,88.59
OUT_12956,145.973
OUT_12957,118.651
OUT_12958,430.3
OUT_12959,159.117
OUT_12960,380.464
OUT_12961,1195.812
OUT_12962,119.658
OUT_12963,457.767
OUT_12964,149.519
OUT_12965,1301.349
OUT_12966,155.672
OUT_12967,134.892
OUT_12968,162.383
OUT_12969,2610.115
OUT_12970,377.546
OUT_12971,1320.045
OUT_12972,403.121
OUT_12973,126.203
OUT_12974,2553.135
OUT_12975,130.166
OUT_12976,1241.26
OUT_12977,1123.314
OUT_12978,2551.921
OUT_12979,420.121
OUT_12980,127.23
OUT_12981,158.046
OUT_12982,437.636
OUT_12983,164.188
OUT_12984,150.412
OUT_12985,1106.301
OUT_12986,1191.609
OUT_12987,2986.194
OUT_12988,140.017
OUT_12989,163.095
OUT_12990,401.933
OUT_12991,1243.68
OUT_12992,355.188
OUT_12993,1222.751
OUT_12994,392.79
OUT_12995,117.663
OUT_12996,382.091
OUT_12997,337.668
OUT_12998,152.913
OUT_12999,119.134
OUT_13000,365.349
OUT_13001,134.484
OUT_13002,120.872
OUT_13003,120.64
OUT_13004,371.427
OUT_13005,133.689
OUT_13006,124.499
OUT_13007,117.489
OUT_13008,2506.039
OUT_13009,88.765
OUT_13010,1092.757
OUT_13011,154.831
OUT_13012,160.246
OUT_13013,139.515
OUT_13014,143.105
OUT_13015,401.528
OUT_13016,123.942
OUT_13017,1254.439
OUT_13018,327.783
OUT_13019,1239.276
OUT_13020,360.007
OUT_13021,138.942
OUT_13022,112.862
OUT_13023,2622.693
OUT_13024,145.551
OUT_13025,128.86
OUT_13026,1122.169
OUT_13027,285.828
OUT_13028,152.779
OUT_13029,373.385
OUT_13030,108.629
OUT_13031,108.493
OUT_13032,1262.355
OUT_13033,135.262
OUT_13034,137.597
OUT_13035,2436.453
OUT_13036,314.713
OUT_13037,131.438
OUT_13038,131.685
OUT_13039,409.246
OUT_13040,131.115
OUT_13041,127.408
OUT_13042,122.829
OUT_13043,124.011
OUT_13044,366.471
OUT_13045,129.85
OUT_13046,145.0
OUT_13047,149.692
OUT_13048,131.454
OUT_13049,138.067
OUT_13050,152.667
OUT_13051,142.44
OUT_13052,1158.962
OUT_13053,355.843
OUT_13054,117.911
OUT_13055,2371.708
OUT_13056,290.347
OUT_13057,1204.75
OUT_13058,142.521
OUT_13059,98.675
OUT_13060,136.821
OUT_13061,105.728
OUT_13062,101.053
OUT_13063,1184.162
OUT_13064,137.341
OUT_13065,142.023
OUT_13066,336.826
OUT_13067,138.228
OUT_13068,152.467
OUT_13069,101.712
OUT_13070,131.132
OUT_13071,146.155
OUT_13072,1172.886
OUT_13073,115.352
OUT_13074,125.368
OUT_13075,387.961
OUT_13076,411.858
OUT_13077,145.398
OUT_13078,133.465
OUT_13079,142.378
OUT_13080,121.427
OUT_13081,137.202
OUT_13082,153.53
OUT_13083,145.55
OUT_13084,135.289
OUT_13085,135.353
OUT_13086,119.978
OUT_13087,145.494
OUT_13088,1150.195
OUT_13089,157.4
OUT_13090,111.297
OUT_13091,411.791
OUT_13092,394.711
OUT_13093,415.986
OUT_13094,143.552
OUT_13095,293.552
OUT_13096,459.695
OUT_13097,1099.875
OUT_13098,167.299
OUT_13099,191.423
OUT_13100,120.398
OUT_13101,352.02
OUT_13102,95.643
OUT_13103,133.87
OUT_13104,384.316
OUT_13105,1159.874
OUT_13106,111.895
OUT_13107,125.156
OUT_13108,126.728
OUT_13109,354.723
OUT_13110,138.32
OUT_13111,331.533
OUT_13112,170.897
OUT_13113,2577.474
OUT_13114,133.912
OUT_13115,158.178
OUT_13116,423.352
OUT_13117,146.801
OUT_13118,2641.606
OUT_13119,326.524
OUT_13120,419.487
OUT_13121,120.221
OUT_13122,125.5
OUT_13123,111.793
OUT_13124,91.382
OUT_13125,346.313
OUT_13126,134.397
OUT_13127,116.405
OUT_13128,1162.972
OUT_13129,342.15
OUT_13130,385.551
OUT_13131,137.339
OUT_13132,128.522
OUT_13133,107.012
OUT_13134,128.687
OUT_13135,1107.369
OUT_13136,121.136
OUT_13137,131.783
OUT_13138,115.628
OUT_13139,183.47
OUT_13140,2383.775
OUT_13141,368.507
OUT_13142,138.038
OUT_13143,158.569
OUT_13144,1185.584
OUT_13145,115.106
OUT_13146,127.642
OUT_13147,148.309
OUT_13148,466.161
OUT_13149,1188.189
OUT_13150,296.252
OUT_13151,427.311
OUT_13152,374.19
OUT_13153,378.571
OUT_13154,117.714
OUT_13155,131.196
OUT_13156,153.125
OUT_13157,396.812
OUT_13158,1158.017
OUT_13159,140.751
OUT_13160,149.322
OUT_13161,118.917
OUT_13162,167.179
OUT_13163,114.435
OUT_13164,152.378
OUT_13165,434.709
OUT_13166,151.334
OUT_13167,472.407
OUT_13168,1161.974
OUT_13169,123.502
OUT_13170,343.672
OUT_13171,372.908
OUT_13172,327.98
OUT_13173,1121.186
OUT_13174,127.881
OUT_13175,118.829
OUT_13176,108.867
OUT_13177,381.091
OUT_13178,118.279
OUT_13179,129.189
OUT_13180,355.509
OUT_13181,105.199
OUT_13182,145.473
OUT_13183,143.877
OUT_13184,432.713
OUT_13185,363.865
OUT_13186,334.713
OUT_13187,136.921
OUT_13188,367.018
OUT_13189,383.025
OUT_13190,147.682
OUT_13191,119.83
OUT_13192,107.674
OUT_13193,129.626
OUT_13194,466.891
OUT_13195,161.078
OUT_13196,116.103
OUT_13197,159.769
OUT_13198,371.04
OUT_13199,110.289
OUT_13200,104.268
OUT_13201,490.45
OUT_13202,144.23
OUT_13203,388.485
OUT_13204,117.878
OUT_13205,154.999
OUT_13206,1159.139
OUT_13207,148.126
OUT_13208,141.495
OUT_13209,123.672
OUT_13210,296.225
OUT_13211,159.489
OUT_13212,112.709
OUT_13213,317.309
OUT_13214,130.398
OUT_13215,140.894
OUT_13216,149.04
OUT_13217,101.296
OUT_13218,124.33
OUT_13219,155.545
OUT_13220,1202.659
OUT_13221,142.078
OUT_13222,138.246
OUT_13223,390.348
OUT_13224,151.306
OUT_13225,139.886
OUT_13226,126.122
OUT_13227,411.384
OUT_13228,1230.079
OUT_13229,138.065
OUT_13230,2581.18
OUT_13231,1134.611
OUT_13232,2525.344
OUT_13233,143.689
OUT_13234,3484.661
OUT_13235,159.273
OUT_13236,143.478
OUT_13237,2420.86
OUT_13238,1177.131
OUT_13239,189.199
OUT_13240,2464.994
OUT_13241,446.831
OUT_13242,165.7
OUT_13243,363.791
OUT_13244,140.877
OUT_13245,110.05
OUT_13246,313.515
OUT_13247,157.133
OUT_13248,136.613
OUT_13249,125.323
OUT_13250,134.78
OUT_13251,142.083
OUT_13252,1215.615
OUT_13253,135.466
OUT_13254,2531.649
OUT_13255,122.19
OUT_13256,1184.345
OUT_13257,114.857
OUT_13258,426.792
OUT_13259,126.722
OUT_13260,143.03
OUT_13261,192.123
OUT_13262,122.759
OUT_13263,103.682
OUT_13264,359.38
OUT_13265,113.078
OUT_13266,2638.812
OUT_13267,155.18
OUT_13268,167.689
OUT_13269,1213.117
OUT_13270,1198.796
OUT_13271,1290.053
OUT_13272,1156.918
OUT_13273,155.033
OUT_13274,135.03
OUT_13275,125.786
OUT_13276,147.774
OUT_13277,478.064
OUT_13278,153.96
OUT_13279,351.505
OUT_13280,318.129
OUT_13281,1250.118
OUT_13282,110.027
OUT_13283,111.153
OUT_13284,1386.154
OUT_13285,1201.573
OUT_13286,429.976
OUT_13287,148.647
OUT_13288,1128.659
OUT_13289,1295.273
OUT_13290,115.307
OUT_13291,132.109
OUT_13292,387.462
OUT_13293,385.275
OUT_13294,351.582
OUT_13295,99.679
OUT_13296,2688.289
OUT_13297,334.085
OUT_13298,386.18
OUT_13299,118.816
OUT_13300,138.907
OUT_13301,144.265
OUT_13302,360.932
OUT_13303,371.427
OUT_13304,120.745
OUT_13305,119.184
OUT_13306,168.302
OUT_13307,112.128
OUT_13308,112.997
OUT_13309,345.64
OUT_13310,135.289
OUT_13311,374.18
OUT_13312,117.877
OUT_13313,156.753
OUT_13314,2657.381
OUT_13315,146.185
OUT_13316,137.989
OUT_13317,110.099
OUT_13318,1062.193
OUT_13319,1233.755
OUT_13320,1204.093
OUT_13321,140.351
OUT_13322,102.374
OUT_13323,135.459
OUT_13324,325.125
OUT_13325,106.115
OUT_13326,152.761
OUT_13327,149.378
OUT_13328,149.716
OUT_13329,150.614
OUT_13330,120.639
OUT_13331,130.006
OUT_13332,155.009
OUT_13333,2556.972
OUT_13334,423.863
OUT_13335,2721.961
OUT_13336,169.177
OUT_13337,102.631
OUT_13338,1124.163
OUT_13339,1260.866
OUT_13340,161.434
OUT_13341,169.233
OUT_13342,147.88
OUT_13343,1184.189
OUT_13344,131.022
OUT_13345,157.802
OUT_13346,159.134
OUT_13347,2395.254
OUT_13348,125.017
OUT_13349,129.49
OUT_13350,1126.284
OUT_13351,374.615
OUT_13352,379.217
OUT_13353,452.463
OUT_13354,145.796
OUT_13355,339.577
OUT_13356,107.091
OUT_13357,122.135
OUT_13358,131.003
OUT_13359,161.035
OUT_13360,320.251
OUT_13361,131.683
OUT_13362,105.97
OUT_13363,121.879
OUT_13364,450.56
OUT_13365,142.689
OUT_13366,315.181
OUT_13367,123.506
OUT_13368,364.41
OUT_13369,425.22
OUT_13370,1338.391
OUT_13371,118.945
OUT_13372,152.94
OUT_13373,154.345
OUT_13374,107.644
OUT_13375,98.004
OUT_13376,455.133
OUT_13377,401.805
OUT_13378,146.7
OUT_13379,2517.129
OUT_13380,352.609
OUT_13381,150.734
OUT_13382,144.605
OUT_13383,142.635
OUT_13384,363.495
OUT_13385,398.965
OUT_13386,112.904
OUT_13387,358.44
OUT_13388,315.845
OUT_13389,314.385
OUT_13390,1171.197
OUT_13391,403.05
OUT_13392,1150.963
OUT_13393,107.374
OUT_13394,135.681
OUT_13395,1189.396
OUT_13396,132.584
OUT_13397,145.3
OUT_13398,141.57
OUT_13399,158.778
OUT_13400,119.736
OUT_13401,294.073
OUT_13402,421.265
OUT_13403,2503.994
OUT_13404,155.446
OUT_13405,412.52
OUT_13406,172.101
OUT_13407,109.533
OUT_13408,143.039
OUT_13409,288.015
OUT_13410,1275.141
OUT_13411,149.876
OUT_13412,2490.286
OUT_13413,380.18
OUT_13414,1201.218
OUT_13415,119.128
OUT_13416,356.396
OUT_13417,1279.173
OUT_13418,221.054
OUT_13419,128.939
OUT_13420,98.559
OUT_13421,154.159
OUT_13422,137.674
OUT_13423,156.053
OUT_13424,145.964
OUT_13425,113.529
OUT_13426,121.048
OUT_13427,143.856
OUT_13428,141.838
OUT_13429,128.693
OUT_13430,1034.089
OUT_13431,129.26
OUT_13432,119.97
OUT_13433,152.263
OUT_13434,153.256
OUT_13435,133.987
OUT_13436,160.844
OUT_13437,163.974
OUT_13438,124.601
OUT_13439,147.759
OUT_13440,1195.867
OUT_13441,126.54
OUT_13442,1201.12
OUT_13443,405.104
OUT_13444,120.332
OUT_13445,136.882
OUT_13446,1159.626
OUT_13447,405.217
OUT_13448,1138.416
OUT_13449,128.019
OUT_13450,333.885
OUT_13451,112.062
OUT_13452,154.924
OUT_13453,1247.748
OUT_13454,148.97
OUT_13455,384.271
OUT_13456,150.298
OUT_13457,335.359
OUT_13458,1132.536
OUT_13459,131.305
OUT_13460,160.292
OUT_13461,131.109
OUT_13462,351.925
OUT_13463,172.475
OUT_13464,394.385
OUT_13465,138.68
OUT_13466,124.694
OUT_13467,142.73
OUT_13468,1265.22
OUT_13469,1165.995
OUT_13470,363.634
OUT_13471,151.996
OUT_13472,363.963
OUT_13473,223.868
OUT_13474,127.438
OUT_13475,151.288
OUT_13476,333.047
OUT_13477,1217.646
OUT_13478,334.859
OUT_13479,62.774
OUT_13480,148.542
OUT_13481,2544.739
OUT_13482,338.591
OUT_13483,93.541
OUT_13484,409.001
OUT_13485,1109.018
OUT_13486,147.096
OUT_13487,126.116
OUT_13488,337.734
OUT_13489,354.146
OUT_13490,443.662
OUT_13491,130.24
OUT_13492,147.438
OUT_13493,131.744
OUT_13494,141.208
OUT_13495,148.429
OUT_13496,1171.122
OUT_13497,179.811
OUT_13498,360.039
OUT_13499,423.985
OUT_13500,314.019
OUT_13501,363.624
OUT_13502,151.419
OUT_13503,160.127
OUT_13504,1253.925
OUT_13505,1127.514
OUT_13506,1230.231
OUT_13507,441.991
OUT_13508,166.03
OUT_13509,415.964
OUT_13510,145.086
OUT_13511,159.283
OUT_13512,150.067
OUT_13513,156.826
OUT_13514,2460.757
OUT_13515,359.363
OUT_13516,1160.928
OUT_13517,328.565
OUT_13518,105.907
OUT_13519,145.227
OUT_13520,1050.251
OUT_13521,133.02
OUT_13522,1141.282
OUT_13523,153.14
OUT_13524,319.819
OUT_13525,175.341
OUT_13526,1273.812
OUT_13527,1161.501
OUT_13528,151.817
OUT_13529,121.279
OUT_13530,1193.554
OUT_13531,405.913
OUT_13532,130.707
OUT_13533,338.96
OUT_13534,2401.192
OUT_13535,127.0
OUT_13536,1273.211
OUT_13537,150.71
OUT_13538,126.916
OUT_13539,399.905
OUT_13540,2588.132
OUT_13541,127.474
OUT_13542,140.682
OUT_13543,375.13
OUT_13544,312.941
OUT_13545,304.224
OUT_13546,326.412
OUT_13547,359.375
OUT_13548,166.935
OUT_13549,441.307
OUT_13550,131.699
OUT_13551,376.398
OUT_13552,159.28
OUT_13553,152.383
OUT_13554,451.443
OUT_13555,138.628
OUT_13556,1190.501
OUT_13557,143.9
OUT_13558,156.193
OUT_13559,131.119
OUT_13560,2865.383
OUT_13561,141.087
OUT_13562,1039.738
OUT_13563,1172.183
OUT_13564,171.998
OUT_13565,146.221
OUT_13566,147.989
OUT_13567,124.44
OUT_13568,432.885
OUT_13569,109.153
OUT_13570,193.989
OUT_13571,145.465
OUT_13572,134.471
OUT_13573,149.98
OUT_13574,1183.561
OUT_13575,1246.277
OUT_13576,120.948
OUT_13577,136.64
OUT_13578,159.433
OUT_13579,1182.689
OUT_13580,357.531
OUT_13581,146.816
OUT_13582,337.539
OUT_13583,118.137
OUT_13584,162.004
OUT_13585,176.566
OUT_13586,111.341
OUT_13587,166.761
OUT_13588,151.763
OUT_13589,150.361
OUT_13590,356.598
OUT_13591,96.879
OUT_13592,434.848
OUT_13593,140.096
OUT_13594,145.57
OUT_13595,1167.537
OUT_13596,1113.908
OUT_13597,128.286
OUT_13598,165.273
OUT_13599,2759.902
OUT_13600,154.488
OUT_13601,139.431
OUT_13602,392.458
OUT_13603,1046.471
OUT_13604,126.321
OUT_13605,395.74
OUT_13606,147.61
OUT_13607,356.064
OUT_13608,370.859
OUT_13609,129.458
OUT_13610,164.084
OUT_13611,1150.02
OUT_13612,138.486
OUT_13613,2729.243
OUT_13614,421.884
OUT_13615,125.415
OUT_13616,122.206
OUT_13617,461.12
OUT_13618,2584.843
OUT_13619,335.335
OUT_13620,1280.11
OUT_13621,132.499
OUT_13622,478.123
OUT_13623,456.356
OUT_13624,307.25
OUT_13625,389.296
OUT_13626,414.249
OUT_13627,398.948
OUT_13628,122.262
OUT_13629,130.693
OUT_13630,125.241
OUT_13631,381.346
OUT_13632,134.694
OUT_13633,359.838
OUT_13634,1200.652
OUT_13635,116.959
OUT_13636,149.24
OUT_13637,110.138
OUT_13638,342.186
OUT_13639,2502.609
OUT_13640,441.538
OUT_13641,399.954
OUT_13642,1165.165
OUT_13643,163.207
OUT_13644,1247.076
OUT_13645,1114.06
OUT_13646,116.251
OUT_13647,2518.879
OUT_13648,2553.282
OUT_13649,1189.993
OUT_13650,111.706
OUT_13651,431.122
OUT_13652,138.324
OUT_13653,196.073
OUT_13654,312.786
OUT_13655,107.751
OUT_13656,136.69
OUT_13657,317.466
OUT_13658,135.669
OUT_13659,138.575
OUT_13660,312.084
OUT_13661,127.166
OUT_13662,378.49
OUT_13663,336.625
OUT_13664,1119.176
OUT_13665,2496.787
OUT_13666,127.186
OUT_13667,124.011
OUT_13668,351.826
OUT_13669,138.854
OUT_13670,1073.578
OUT_13671,291.177
OUT_13672,390.304
OUT_13673,122.085
OUT_13674,128.652
OUT_13675,156.159
OUT_13676,140.887
OUT_13677,1161.926
OUT_13678,1226.173
OUT_13679,107.637
OUT_13680,150.474
OUT_13681,182.22
OUT_13682,113.215
OUT_13683,435.628
OUT_13684,366.35
OUT_13685,121.527
OUT_13686,103.206
OUT_13687,466.022
OUT_13688,140.098
OUT_13689,135.739
OUT_13690,152.464
OUT_13691,342.182
OUT_13692,134.015
OUT_13693,345.927
OUT_13694,2619.875
OUT_13695,148.999
OUT_13696,358.463
OUT_13697,372.869
OUT_13698,120.234
OUT_13699,417.084
OUT_13700,130.956
OUT_13701,122.82
OUT_13702,465.147
OUT_13703,120.824
OUT_13704,129.692
OUT_13705,144.384
OUT_13706,113.032
OUT_13707,115.638
OUT_13708,113.957
OUT_13709,130.524
OUT_13710,137.601
OUT_13711,158.478
OUT_13712,155.038
OUT_13713,149.782
OUT_13714,111.556
OUT_13715,1196.291
OUT_13716,1236.52
OUT_13717,379.677
OUT_13718,1107.424
OUT_13719,415.499
OUT_13720,117.733
OUT_13721,344.498
OUT_13722,405.373
OUT_13723,437.739
OUT_13724,136.646
OUT_13725,156.468
OUT_13726,372.519
OUT_13727,165.603
OUT_13728,142.487
OUT_13729,134.485
OUT_13730,148.812
OUT_13731,103.833
OUT_13732,319.83
OUT_13733,151.134
OUT_13734,1218.509
OUT_13735,96.759
OUT_13736,1106.887
OUT_13737,1199.47
OUT_13738,179.452
OUT_13739,141.72
OUT_13740,115.874
OUT_13741,116.896
OUT_13742,1143.169
OUT_13743,140.789
OUT_13744,155.906
OUT_13745,118.26
OUT_13746,123.962
OUT_13747,320.312
OUT_13748,115.514
OUT_13749,144.307
OUT_13750,395.136
OUT_13751,158.089
OUT_13752,311.452
OUT_13753,2884.643
OUT_13754,122.921
OUT_13755,422.46
OUT_13756,133.2
OUT_13757,1083.667
OUT_13758,1165.274
OUT_13759,160.23
OUT_13760,393.484
OUT_13761,1203.23
OUT_13762,1213.641
OUT_13763,1129.694
OUT_13764,117.989
OUT_13765,107.175
OUT_13766,115.268
OUT_13767,295.738
OUT_13768,309.85
OUT_13769,146.406
OUT_13770,115.685
OUT_13771,164.693
OUT_13772,123.26
OUT_13773,303.119
OUT_13774,141.145
OUT_13775,150.364
OUT_13776,390.378
OUT_13777,339.39
OUT_13778,140.645
OUT_13779,133.707
OUT_13780,1116.388
OUT_13781,118.229
OUT_13782,148.072
OUT_13783,136.802
OUT_13784,153.775
OUT_13785,152.415
OUT_13786,406.616
OUT_13787,126.28
OUT_13788,113.778
OUT_13789,343.663
OUT_13790,409.407
OUT_13791,1187.58
OUT_13792,98.443
OUT_13793,306.424
OUT_13794,142.497
OUT_13795,140.346
OUT_13796,304.947
OUT_13797,118.004
OUT_13798,103.782
OUT_13799,136.632
OUT_13800,1142.487
OUT_13801,2482.09
OUT_13802,1158.943
OUT_13803,121.328
OUT_13804,133.83
OUT_13805,149.629
OUT_13806,415.583
OUT_13807,370.315
OUT_13808,2728.583
OUT_13809,112.516
OUT_13810,143.193
OUT_13811,422.585
OUT_13812,1176.245
OUT_13813,2653.393
OUT_13814,164.06
OUT_13815,1151.986
OUT_13816,146.43
OUT_13817,269.392
OUT_13818,378.203
OUT_13819,420.581
OUT_13820,106.525
OUT_13821,1165.36
OUT_13822,119.176
OUT_13823,355.645
OUT_13824,162.703
OUT_13825,136.324
OUT_13826,341.108
OUT_13827,297.774
OUT_13828,2496.245
OUT_13829,370.265
OUT_13830,166.981
OUT_13831,365.635
OUT_13832,169.226
OUT_13833,408.322
OUT_13834,392.893
OUT_13835,300.919
OUT_13836,102.376
OUT_13837,112.878
OUT_13838,113.273
OUT_13839,395.11
OUT_13840,382.799
OUT_13841,153.498
OUT_13842,152.401
OUT_13843,440.665
OUT_13844,182.577
OUT_13845,119.842
OUT_13846,134.994
OUT_13847,366.962
OUT_13848,146.105
OUT_13849,115.415
OUT_13850,161.026
OUT_13851,1164.434
OUT_13852,138.378
OUT_13853,162.192
OUT_13854,152.466
OUT_13855,144.859
OUT_13856,131.758
OUT_13857,1234.298
OUT_13858,1127.29
OUT_13859,130.917
OUT_13860,109.424
OUT_13861,158.029
OUT_13862,184.271
OUT_13863,156.607
OUT_13864,161.752
OUT_13865,136.45
OUT_13866,145.054
OUT_13867,126.033
OUT_13868,138.873
OUT_13869,147.262
OUT_13870,98.024
OUT_13871,372.235
OUT_13872,138.265
OUT_13873,356.08
OUT_13874,112.965
OUT_13875,1110.795
OUT_13876,407.733
OUT_13877,1113.086
OUT_13878,325.03
OUT_13879,360.908
OUT_13880,2500.344
OUT_13881,319.507
OUT_13882,177.477
OUT_13883,2460.939
OUT_13884,1162.852
OUT_13885,126.644
OUT_13886,115.108
OUT_13887,117.469
OUT_13888,196.757
OUT_13889,168.224
OUT_13890,158.815
OUT_13891,354.439
OUT_13892,138.782
OUT_13893,136.827
OUT_13894,435.182
OUT_13895,150.974
OUT_13896,452.722
OUT_13897,371.84
OUT_13898,99.554
OUT_13899,160.283
OUT_13900,316.684
OUT_13901,89.337
OUT_13902,367.748
OUT_13903,134.171
OUT_13904,1077.669
OUT_13905,2489.721
OUT_13906,166.433
OUT_13907,399.306
OUT_13908,2569.716
OUT_13909,185.436
OUT_13910,150.235
OUT_13911,131.657
OUT_13912,1104.102
OUT_13913,373.943
OUT_13914,458.533
OUT_13915,399.233
OUT_13916,367.621
OUT_13917,400.572
OUT_13918,304.852
OUT_13919,370.07
OUT_13920,138.372
OUT_13921,2454.636
OUT_13922,148.643
OUT_13923,197.667
OUT_13924,312.234
OUT_13925,1082.793
OUT_13926,388.599
OUT_13927,138.266
OUT_13928,129.559
OUT_13929,101.92
OUT_13930,138.293
OUT_13931,423.297
OUT_13932,490.365
OUT_13933,460.68
OUT_13934,142.617
OUT_13935,302.325
OUT_13936,157.739
OUT_13937,1236.063
OUT_13938,347.965
OUT_13939,128.843
OUT_13940,394.17
OUT_13941,125.833
OUT_13942,155.532
OUT_13943,1171.3
OUT_13944,1148.77
OUT_13945,112.722
OUT_13946,426.72
OUT_13947,454.488
OUT_13948,144.732
OUT_13949,120.267
OUT_13950,1144.857
OUT_13951,444.041
OUT_13952,141.579
OUT_13953,344.877
OUT_13954,2557.701
OUT_13955,165.931
OUT_13956,1143.738
OUT_13957,132.441
OUT_13958,385.231
OUT_13959,389.063
OUT_13960,127.976
OUT_13961,400.81
OUT_13962,123.916
OUT_13963,1319.555
OUT_13964,142.99
OUT_13965,455.654
OUT_13966,134.595
OUT_13967,111.777
OUT_13968,188.771
OUT_13969,378.864
OUT_13970,1283.012
OUT_13971,126.119
OUT_13972,1117.7
OUT_13973,360.804
OUT_13974,159.911
OUT_13975,1027.339
OUT_13976,130.592
OUT_13977,1175.357
OUT_13978,166.009
OUT_13979,335.191
OUT_13980,326.406
OUT_13981,2829.257
OUT_13982,2719.355
OUT_13983,153.906
OUT_13984,149.668
OUT_13985,154.837
OUT_13986,2468.729
OUT_13987,136.624
OUT_13988,379.408
OUT_13989,147.871
OUT_13990,136.311
OUT_13991,295.916
OUT_13992,1234.946
OUT_13993,111.553
OUT_13994,322.847
OUT_13995,138.285
OUT_13996,2517.684
OUT_13997,109.866
OUT_13998,2550.233
OUT_13999,100.883
OUT_14000,132.252
OUT_14001,122.891
OUT_14002,140.479
OUT_14003,117.286
OUT_14004,154.856
OUT_14005,355.883
OUT_14006,116.611
OUT_14007,386.804
OUT_14008,353.923
OUT_14009,355.577
OUT_14010,118.62
OUT_14011,359.533
OUT_14012,139.418
OUT_14013,123.939
OUT_14014,1265.355
OUT_14015,1149.144
OUT_14016,182.381
OUT_14017,390.622
OUT_14018,215.292
OUT_14019,296.257
OUT_14020,121.67
OUT_14021,320.743
OUT_14022,151.819
OUT_14023,2583.059
OUT_14024,1178.411
OUT_14025,1260.708
OUT_14026,101.411
OUT_14027,142.072
OUT_14028,132.281
OUT_14029,1239.189
OUT_14030,1104.601
OUT_14031,331.325
OUT_14032,1086.52
OUT_14033,1144.152
OUT_14034,2556.624
OUT_14035,129.189
OUT_14036,1145.744
OUT_14037,1121.636
OUT_14038,144.801
OUT_14039,451.079
OUT_14040,406.786
OUT_14041,126.381
OUT_14042,153.52
OUT_14043,137.295
OUT_14044,167.126
OUT_14045,283.924
OUT_14046,111.594
OUT_14047,421.183
OUT_14048,141.753
OUT_14049,145.921
OUT_14050,2573.311
OUT_14051,335.46
OUT_14052,128.893
OUT_14053,121.224
OUT_14054,132.652
OUT_14055,103.14
OUT_14056,308.932
OUT_14057,1154.688
OUT_14058,391.639
OUT_14059,143.506
OUT_14060,377.201
OUT_14061,292.428
OUT_14062,1165.957
OUT_14063,2466.037
OUT_14064,114.675
OUT_14065,1048.427
OUT_14066,111.648
OUT_14067,130.398
OUT_14068,392.603
OUT_14069,125.21
OUT_14070,332.325
OUT_14071,161.659
OUT_14072,335.675
OUT_14073,107.226
OUT_14074,992.484
OUT_14075,177.111
OUT_14076,1156.312
OUT_14077,122.235
OUT_14078,385.346
OUT_14079,133.188
OUT_14080,330.341
OUT_14081,135.257
OUT_14082,1111.746
OUT_14083,149.872
OUT_14084,121.773
OUT_14085,349.77
OUT_14086,1119.051
OUT_14087,115.367
OUT_14088,404.75
OUT_14089,1235.222
OUT_14090,1225.157
OUT_14091,155.343
OUT_14092,136.824
OUT_14093,2536.713
OUT_14094,158.663
OUT_14095,441.993
OUT_14096,118.745
OUT_14097,112.989
OUT_14098,417.399
OUT_14099,395.17
OUT_14100,151.611
OUT_14101,134.717
OUT_14102,361.248
OUT_14103,124.938
OUT_14104,155.702
OUT_14105,109.747
OUT_14106,416.745
OUT_14107,160.902
OUT_14108,136.481
OUT_14109,1164.738
OUT_14110,372.441
OUT_14111,1120.715
OUT_14112,176.172
OUT_14113,124.322
OUT_14114,1141.943
OUT_14115,141.376
OUT_14116,128.514
OUT_14117,358.972
OUT_14118,2610.758
OUT_14119,338.412
OUT_14120,169.781
OUT_14121,148.184
OUT_14122,148.41
OUT_14123,130.34
OUT_14124,121.82
OUT_14125,111.289
OUT_14126,369.562
OUT_14127,1135.083
OUT_14128,118.52
OUT_14129,140.145
OUT_14130,91.238
OUT_14131,1059.408
OUT_14132,457.51
OUT_14133,1140.066
OUT_14134,149.099
OUT_14135,399.999
OUT_14136,143.826
OUT_14137,120.821
OUT_14138,125.57
OUT_14139,2468.646
OUT_14140,118.691
OUT_14141,155.422
OUT_14142,282.715
OUT_14143,134.438
OUT_14144,443.474
OUT_14145,323.286
OUT_14146,369.114
OUT_14147,411.813
OUT_14148,135.298
OUT_14149,153.615
OUT_14150,153.579
OUT_14151,106.933
OUT_14152,381.275
OUT_14153,121.467
OUT_14154,293.759
OUT_14155,139.198
OUT_14156,397.228
OUT_14157,148.855
OUT_14158,163.907
OUT_14159,312.858
OUT_14160,124.8
OUT_14161,133.011
OUT_14162,392.803
OUT_14163,125.353
OUT_14164,419.327
OUT_14165,339.451
OUT_14166,337.016
OUT_14167,120.044
OUT_14168,202.402
OUT_14169,339.044
OUT_14170,343.468
OUT_14171,147.231
OUT_14172,430.431
OUT_14173,395.762
OUT_14174,153.129
OUT_14175,1123.515
OUT_14176,143.656
OUT_14177,139.348
OUT_14178,128.945
OUT_14179,317.024
OUT_14180,161.635
OUT_14181,137.034
OUT_14182,428.885
OUT_14183,143.753
OUT_14184,115.926
OUT_14185,162.361
OUT_14186,1171.381
OUT_14187,157.626
OUT_14188,126.151
OUT_14189,292.75
OUT_14190,88.133
OUT_14191,1221.487
OUT_14192,1119.488
OUT_14193,154.39
OUT_14194,106.963
OUT_14195,1148.858
OUT_14196,114.987
OUT_14197,1051.223
OUT_14198,162.058
OUT_14199,144.652
OUT_14200,2471.426
OUT_14201,157.699
OUT_14202,116.011
OUT_14203,357.526
OUT_14204,152.963
OUT_14205,128.123
OUT_14206,134.994
OUT_14207,310.105
OUT_14208,2554.036
OUT_14209,357.276
OUT_14210,440.849
OUT_14211,153.624
OUT_14212,403.385
OUT_14213,135.552
OUT_14214,162.776
OUT_14215,396.384
OUT_14216,118.832
OUT_14217,2413.972
OUT_14218,114.008
OUT_14219,167.361
OUT_14220,116.854
OUT_14221,323.898
OUT_14222,2629.978
OUT_14223,108.319
OUT_14224,141.911
OUT_14225,1107.24
OUT_14226,1096.326
OUT_14227,109.932
OUT_14228,442.047
OUT_14229,484.629
OUT_14230,135.073
OUT_14231,1130.64
OUT_14232,117.139
OUT_14233,374.384
OUT_14234,128.171
OUT_14235,110.577
OUT_14236,360.617
OUT_14237,357.236
OUT_14238,377.742
OUT_14239,126.134
OUT_14240,2466.708
OUT_14241,1192.721
OUT_14242,1066.61
OUT_14243,364.625
OUT_14244,140.517
OUT_14245,113.252
OUT_14246,119.861
OUT_14247,325.648
OUT_14248,299.26
OUT_14249,464.499
OUT_14250,131.495
OUT_14251,1191.689
OUT_14252,421.571
OUT_14253,303.814
OUT_14254,133.87
OUT_14255,114.184
OUT_14256,128.981
OUT_14257,383.935
OUT_14258,333.216
OUT_14259,142.732
OUT_14260,428.392
OUT_14261,115.438
OUT_14262,1072.053
OUT_14263,392.212
OUT_14264,141.234
OUT_14265,340.88
OUT_14266,369.335
OUT_14267,306.166
OUT_14268,394.501
OUT_14269,407.923
OUT_14270,118.246
OUT_14271,317.266
OUT_14272,410.879
OUT_14273,405.813
OUT_14274,2574.93
OUT_14275,385.513
OUT_14276,148.911
OUT_14277,367.948
OUT_14278,168.431
OUT_14279,151.75
OUT_14280,1170.638
OUT_14281,2323.156
OUT_14282,1171.598
OUT_14283,437.84
OUT_14284,115.681
OUT_14285,118.302
OUT_14286,131.046
OUT_14287,453.466
OUT_14288,99.659
OUT_14289,157.2
OUT_14290,395.249
OUT_14291,396.876
OUT_14292,1212.711
OUT_14293,130.971
OUT_14294,2557.294
OUT_14295,128.735
OUT_14296,141.361
OUT_14297,1195.084
OUT_14298,319.948
OUT_14299,332.956
OUT_14300,1062.707
OUT_14301,82.626
OUT_14302,134.4
OUT_14303,334.017
OUT_14304,123.069
OUT_14305,1206.339
OUT_14306,144.138
OUT_14307,136.544
OUT_14308,117.512
OUT_14309,136.286
OUT_14310,410.839
OUT_14311,114.784
OUT_14312,150.438
OUT_14313,122.36
OUT_14314,455.349
OUT_14315,142.944
OUT_14316,421.681
OUT_14317,126.21
OUT_14318,1192.724
OUT_14319,359.591
OUT_14320,129.564
OUT_14321,139.275
OUT_14322,417.124
OUT_14323,1115.869
OUT_14324,162.49
OUT_14325,149.687
OUT_14326,463.214
OUT_14327,139.05
OUT_14328,1086.98
OUT_14329,118.794
OUT_14330,109.564
OUT_14331,160.518
OUT_14332,404.698
OUT_14333,121.38
OUT_14334,1146.613
OUT_14335,163.627
OUT_14336,1155.487
OUT_14337,2446.437
OUT_14338,425.056
OUT_14339,161.142
OUT_14340,434.191
OUT_14341,395.13
OUT_14342,307.203
OUT_14343,369.32
OUT_14344,115.892
OUT_14345,143.077
OUT_14346,1221.792
OUT_14347,115.399
OUT_14348,158.111
OUT_14349,448.895
OUT_14350,1325.624
OUT_14351,1190.662
OUT_14352,1127.654
OUT_14353,145.81
OUT_14354,94.688
OUT_14355,1158.397
OUT_14356,490.449
OUT_14357,1228.731
OUT_14358,131.65
OUT_14359,1145.356
OUT_14360,106.526
OUT_14361,1160.089
OUT_14362,179.15
OUT_14363,340.807
OUT_14364,1097.94
OUT_14365,439.134
OUT_14366,111.454
OUT_14367,2424.819
OUT_14368,355.568
OUT_14369,137.696
OUT_14370,449.278
OUT_14371,150.682
OUT_14372,132.6
OUT_14373,1283.14
OUT_14374,1123.883
OUT_14375,358.983
OUT_14376,1217.051
OUT_14377,158.279
OUT_14378,122.79
OUT_14379,402.058
OUT_14380,439.11
OUT_14381,449.305
OUT_14382,129.97
OUT_14383,381.947
OUT_14384,1065.765
OUT_14385,185.821
OUT_14386,274.313
OUT_14387,180.209
OUT_14388,331.679
OUT_14389,367.445
OUT_14390,433.829
OUT_14391,1205.457
OUT_14392,154.146
OUT_14393,395.783
OUT_14394,127.689
OUT_14395,159.185
OUT_14396,421.959
OUT_14397,108.63
OUT_14398,352.126
OUT_14399,151.825
OUT_14400,97.623
OUT_14401,111.329
OUT_14402,156.451
OUT_14403,154.462
OUT_14404,103.689
OUT_14405,147.885
OUT_14406,115.905
OUT_14407,126.016
OUT_14408,359.942
OUT_14409,128.922
OUT_14410,214.907
OUT_14411,112.079
OUT_14412,130.706
OUT_14413,144.232
OUT_14414,438.088
OUT_14415,1263.743
OUT_14416,110.818
OUT_14417,145.231
OUT_14418,135.794
OUT_14419,100.142
OUT_14420,159.349
OUT_14421,183.202
OUT_14422,164.243
OUT_14423,962.921
OUT_14424,247.289
OUT_14425,164.464
OUT_14426,142.674
OUT_14427,111.844
OUT_14428,115.679
OUT_14429,1115.84
OUT_14430,388.074
OUT_14431,137.724
OUT_14432,129.886
OUT_14433,1309.901
OUT_14434,144.527
OUT_14435,346.312
OUT_14436,2458.881
OUT_14437,112.498
OUT_14438,1219.417
OUT_14439,128.742
OUT_14440,405.711
OUT_14441,1193.827
OUT_14442,1216.829
OUT_14443,133.287
OUT_14444,410.875
OUT_14445,148.456
OUT_14446,151.777
OUT_14447,123.113
OUT_14448,117.235
OUT_14449,116.415
OUT_14450,1106.297
OUT_14451,430.923
OUT_14452,152.118
OUT_14453,2674.675
OUT_14454,315.968
OUT_14455,128.651
OUT_14456,141.391
OUT_14457,410.439
OUT_14458,421.629
OUT_14459,418.012
OUT_14460,138.747
OUT_14461,323.929
OUT_14462,322.713
OUT_14463,293.811
OUT_14464,160.213
OUT_14465,133.844
OUT_14466,142.541
OUT_14467,1241.124
OUT_14468,2638.729
OUT_14469,420.101
OUT_14470,369.17
OUT_14471,341.341
OUT_14472,399.526
OUT_14473,128.984
OUT_14474,127.432
OUT_14475,147.215
OUT_14476,1081.184
OUT_14477,148.06
OUT_14478,150.324
OUT_14479,439.803
OUT_14480,171.473
OUT_14481,135.999
OUT_14482,1186.57
OUT_14483,416.109
OUT_14484,117.37
OUT_14485,1199.583
OUT_14486,152.048
OUT_14487,137.384
OUT_14488,358.981
OUT_14489,122.751
OUT_14490,306.569
OUT_14491,119.794
OUT_14492,149.84
OUT_14493,2385.969
OUT_14494,355.415
OUT_14495,355.77
OUT_14496,134.737
OUT_14497,110.509
OUT_14498,118.324
OUT_14499,133.354
OUT_14500,162.602
OUT_14501,164.763
OUT_14502,1091.642
OUT_14503,153.839
OUT_14504,122.641
OUT_14505,1214.768
OUT_14506,150.399
OUT_14507,134.021
OUT_14508,2510.037
OUT_14509,158.312
OUT_14510,372.114
OUT_14511,130.934
OUT_14512,153.629
OUT_14513,1182.196
OUT_14514,2630.789
OUT_14515,351.96
OUT_14516,346.96
OUT_14517,121.977
OUT_14518,350.117
OUT_14519,1256.14
OUT_14520,386.189
OUT_14521,368.307
OUT_14522,357.248
OUT_14523,154.472
OUT_14524,1071.234
OUT_14525,2564.489
OUT_14526,1131.205
OUT_14527,93.741
OUT_14528,128.614
OUT_14529,382.625
OUT_14530,314.351
OUT_14531,394.114
OUT_14532,133.392
OUT_14533,124.254
OUT_14534,117.692
OUT_14535,416.36
OUT_14536,1203.936
OUT_14537,391.778
OUT_14538,418.397
OUT_14539,139.628
OUT_14540,343.856
OUT_14541,158.167
OUT_14542,148.56
OUT_14543,136.134
OUT_14544,132.956
OUT_14545,117.293
OUT_14546,158.268
OUT_14547,2531.003
OUT_14548,137.57
OUT_14549,130.832
OUT_14550,159.824
OUT_14551,2487.786
OUT_14552,160.889
OUT_14553,1122.352
OUT_14554,127.054
OUT_14555,397.433
OUT_14556,1147.138
OUT_14557,450.67
OUT_14558,1093.35
OUT_14559,115.52
OUT_14560,171.985
OUT_14561,378.395
OUT_14562,133.023
OUT_14563,132.297
OUT_14564,366.28
OUT_14565,142.006
OUT_14566,1211.317
OUT_14567,130.359
OUT_14568,379.203
OUT_14569,127.743
OUT_14570,110.633
OUT_14571,429.991
OUT_14572,309.444
OUT_14573,364.542
OUT_14574,127.17
OUT_14575,164.33
OUT_14576,405.312
OUT_14577,1255.582
OUT_14578,152.635
OUT_14579,168.244
OUT_14580,142.633
OUT_14581,147.039
OUT_14582,148.388
OUT_14583,133.925
OUT_14584,1174.619
OUT_14585,170.55
OUT_14586,2715.743
OUT_14587,128.241
OUT_14588,1018.428
OUT_14589,396.372
OUT_14590,460.649
OUT_14591,140.936
OUT_14592,125.422
OUT_14593,145.187
OUT_14594,383.284
OUT_14595,211.598
OUT_14596,150.294
OUT_14597,95.521
OUT_14598,133.644
OUT_14599,127.244
OUT_14600,1211.901
OUT_14601,1081.774
OUT_14602,2670.107
OUT_14603,381.987
OUT_14604,120.387
OUT_14605,143.595
OUT_14606,432.849
OUT_14607,330.964
OUT_14608,1334.469
OUT_14609,139.814
OUT_14610,139.648
OUT_14611,459.131
OUT_14612,1213.173
OUT_14613,358.935
OUT_14614,365.358
OUT_14615,2719.854
OUT_14616,152.965
OUT_14617,106.189
OUT_14618,151.892
OUT_14619,1172.627
OUT_14620,147.512
OUT_14621,143.633
OUT_14622,375.384
OUT_14623,342.273
OUT_14624,120.78
OUT_14625,119.264
OUT_14626,411.168
OUT_14627,146.772
OUT_14628,446.32
OUT_14629,327.172
OUT_14630,2533.083
OUT_14631,1114.981
OUT_14632,105.883
OUT_14633,188.316
OUT_14634,115.365
OUT_14635,1164.955
OUT_14636,371.836
OUT_14637,138.531
OUT_14638,297.787
OUT_14639,359.689
OUT_14640,133.679
OUT_14641,356.553
OUT_14642,165.182
OUT_14643,116.175
OUT_14644,341.533
OUT_14645,1064.59
OUT_14646,149.824
OUT_14647,122.357
OUT_14648,138.581
OUT_14649,363.951
OUT_14650,106.29
OUT_14651,389.339
OUT_14652,144.739
OUT_14653,151.391
OUT_14654,121.75
OUT_14655,99.883
OUT_14656,163.524
OUT_14657,127.1
OUT_14658,95.441
OUT_14659,181.982
OUT_14660,110.003
OUT_14661,116.822
OUT_14662,1104.363
OUT_14663,2491.696
OUT_14664,1231.605
OUT_14665,121.117
OUT_14666,116.325
OUT_14667,140.835
OUT_14668,117.656
OUT_14669,117.142
OUT_14670,404.85
OUT_14671,2427.775
OUT_14672,1216.22
OUT_14673,416.629
OUT_14674,300.262
OUT_14675,114.208
OUT_14676,141.978
OUT_14677,146.533
OUT_14678,125.259
OUT_14679,371.492
OUT_14680,287.038
OUT_14681,1241.396
OUT_14682,133.791
OUT_14683,1237.968
OUT_14684,158.05
OUT_14685,362.301
OUT_14686,287.721
OUT_14687,418.078
OUT_14688,343.967
OUT_14689,162.267
OUT_14690,406.185
OUT_14691,122.66
OUT_14692,128.918
OUT_14693,361.227
OUT_14694,1237.305
OUT_14695,172.072
OUT_14696,125.604
OUT_14697,132.806
OUT_14698,1086.108
OUT_14699,1175.872
OUT_14700,158.364
OUT_14701,135.559
OUT_14702,138.007
OUT_14703,109.902
OUT_14704,140.305
OUT_14705,404.933
OUT_14706,117.131
OUT_14707,132.39
OUT_14708,1130.977
OUT_14709,1187.655
OUT_14710,307.784
OUT_14711,132.266
OUT_14712,1359.026
OUT_14713,158.308
OUT_14714,370.328
OUT_14715,124.007
OUT_14716,168.706
OUT_14717,139.53
OUT_14718,147.669
OUT_14719,336.59
OUT_14720,2396.695
OUT_14721,368.871
OUT_14722,339.632
OUT_14723,452.512
OUT_14724,302.593
OUT_14725,1122.419
OUT_14726,301.549
OUT_14727,157.581
OUT_14728,381.858
OUT_14729,137.064
OUT_14730,411.115
OUT_14731,157.082
OUT_14732,84.925
OUT_14733,179.154
OUT_14734,93.63
OUT_14735,394.094
OUT_14736,444.841
OUT_14737,128.44
OUT_14738,347.601
OUT_14739,381.857
OUT_14740,124.189
OUT_14741,1136.024
OUT_14742,125.334
OUT_14743,1248.481
OUT_14744,127.434
OUT_14745,304.933
OUT_14746,133.651
OUT_14747,187.021
OUT_14748,114.753
OUT_14749,968.165
OUT_14750,365.119
OUT_14751,417.072
OUT_14752,1146.037
OUT_14753,329.195
OUT_14754,1122.647
OUT_14755,285.273
OUT_14756,318.982
OUT_14757,1153.727
OUT_14758,324.419
OUT_14759,380.932
OUT_14760,1228.611
OUT_14761,151.305
OUT_14762,393.939
OUT_14763,120.41
OUT_14764,131.818
OUT_14765,356.662
OUT_14766,405.896
OUT_14767,1164.925
OUT_14768,387.528
OUT_14769,149.035
OUT_14770,398.644
OUT_14771,2571.236
OUT_14772,141.427
OUT_14773,1159.789
OUT_14774,1184.298
OUT_14775,120.096
OUT_14776,123.958
OUT_14777,447.471
OUT_14778,1132.11
OUT_14779,152.871
OUT_14780,159.121
OUT_14781,148.58
OUT_14782,1224.816
OUT_14783,379.058
OUT_14784,108.308
OUT_14785,127.725
OUT_14786,112.66
OUT_14787,1188.447
OUT_14788,134.032
OUT_14789,164.257
OUT_14790,142.618
OUT_14791,344.462
OUT_14792,144.62
OUT_14793,146.988
OUT_14794,128.778
OUT_14795,144.624
OUT_14796,155.68
OUT_14797,130.934
OUT_14798,420.847
OUT_14799,1206.568
OUT_14800,1183.151
OUT_14801,150.333
OUT_14802,433.774
OUT_14803,289.709
OUT_14804,153.034
OUT_14805,129.108
OUT_14806,133.779
OUT_14807,89.608
OUT_14808,146.601
OUT_14809,2517.443
OUT_14810,393.889
OUT_14811,309.21
OUT_14812,128.456
OUT_14813,104.286
OUT_14814,276.93
OUT_14815,165.409
OUT_14816,104.757
OUT_14817,165.941
OUT_14818,1138.05
OUT_14819,126.38
OUT_14820,1197.092
OUT_14821,139.053
OUT_14822,2609.657
OUT_14823,1165.103
OUT_14824,102.171
OUT_14825,430.676
OUT_14826,89.145
OUT_14827,83.981
OUT_14828,140.499
OUT_14829,114.1
OUT_14830,2577.478
OUT_14831,156.624
OUT_14832,117.499
OUT_14833,2606.604
OUT_14834,1270.815
OUT_14835,103.959
OUT_14836,406.514
OUT_14837,120.973
OUT_14838,145.535
OUT_14839,395.353
OUT_14840,133.657
OUT_14841,117.746
OUT_14842,472.072
OUT_14843,380.03
OUT_14844,118.767
OUT_14845,130.903
OUT_14846,1157.53
OUT_14847,414.339
OUT_14848,170.55
OUT_14849,126.014
OUT_14850,114.79
OUT_14851,116.396
OUT_14852,223.11
OUT_14853,399.295
OUT_14854,118.422
OUT_14855,167.872
OUT_14856,1269.089
OUT_14857,349.088
OUT_14858,457.216
OUT_14859,1180.748
OUT_14860,83.289
OUT_14861,149.27
OUT_14862,371.408
OUT_14863,397.741
OUT_14864,1188.274
OUT_14865,286.338
OUT_14866,143.079
OUT_14867,134.622
OUT_14868,1157.68
OUT_14869,1186.201
OUT_14870,424.87
OUT_14871,333.144
OUT_14872,2458.959
OUT_14873,144.58
OUT_14874,2540.968
OUT_14875,2608.137
OUT_14876,1102.245
OUT_14877,131.948
OUT_14878,498.993
OUT_14879,148.43
OUT_14880,142.067
OUT_14881,1127.316
OUT_14882,1096.238
OUT_14883,417.264
OUT_14884,1134.889
OUT_14885,990.375
OUT_14886,127.764
OUT_14887,364.398
OUT_14888,142.461
OUT_14889,317.849
OUT_14890,145.568
OUT_14891,131.071
OUT_14892,124.173
OUT_14893,134.736
OUT_14894,307.526
OUT_14895,111.213
OUT_14896,107.72
OUT_14897,368.778
OUT_14898,163.027
OUT_14899,159.269
OUT_14900,138.169
OUT_14901,435.193
OUT_14902,285.712
OUT_14903,159.595
OUT_14904,389.089
OUT_14905,374.884
OUT_14906,140.659
OUT_14907,151.055
OUT_14908,338.853
OUT_14909,121.675
OUT_14910,147.169
OUT_14911,1290.691
OUT_14912,133.172
OUT_14913,407.912
OUT_14914,1231.696
OUT_14915,155.325
OUT_14916,363.794
OUT_14917,139.474
OUT_14918,140.76
OUT_14919,104.297
OUT_14920,106.171
OUT_14921,156.781
OUT_14922,2550.173
OUT_14923,374.375
OUT_14924,419.262
OUT_14925,308.024
OUT_14926,322.604
OUT_14927,370.259
OUT_14928,1138.637
OUT_14929,411.821
OUT_14930,1200.25
OUT_14931,121.908
OUT_14932,146.921
OUT_14933,152.522
OUT_14934,363.94
OUT_14935,410.836
OUT_14936,375.791
OUT_14937,1145.775
OUT_14938,363.069
OUT_14939,167.407
OUT_14940,1079.939
OUT_14941,1060.16
OUT_14942,138.667
OUT_14943,149.675
OUT_14944,138.125
OUT_14945,157.189
OUT_14946,1155.007
OUT_14947,1223.39
OUT_14948,171.625
OUT_14949,153.235
OUT_14950,143.315
OUT_14951,160.298
OUT_14952,132.162
OUT_14953,435.241
OUT_14954,347.842
OUT_14955,139.217
OUT_14956,373.196
OUT_14957,131.299
OUT_14958,1108.118
OUT_14959,2459.759
OUT_14960,335.042
OUT_14961,105.821
OUT_14962,300.855
OUT_14963,390.138
OUT_14964,107.28
OUT_14965,327.823
OUT_14966,141.263
OUT_14967,369.701
OUT_14968,438.168
OUT_14969,149.447
OUT_14970,173.962
OUT_14971,398.874
OUT_14972,341.448
OUT_14973,130.902
OUT_14974,1184.467
OUT_14975,138.144
OUT_14976,336.428
OUT_14977,457.789
OUT_14978,128.285
OUT_14979,132.025
OUT_14980,178.555
OUT_14981,1259.025
OUT_14982,407.519
OUT_14983,401.989
OUT_14984,170.614
OUT_14985,114.223
OUT_14986,1235.594
OUT_14987,339.118
OUT_14988,296.152
OUT_14989,357.05
OUT_14990,297.28
OUT_14991,1107.923
OUT_14992,1112.381
OUT_14993,1234.78
OUT_14994,1211.247
OUT_14995,166.326
OUT_14996,137.07
OUT_14997,124.457
OUT_14998,316.687
OUT_14999,128.303
OUT_15000,137.802
OUT_15001,425.397
OUT_15002,143.742
OUT_15003,180.213
OUT_15004,393.427
OUT_15005,2394.894
OUT_15006,338.339
OUT_15007,2518.442
OUT_15008,409.748
OUT_15009,129.217
OUT_15010,181.823
OUT_15011,160.235
OUT_15012,319.343
OUT_15013,374.544
OUT_15014,161.855
OUT_15015,122.024
OUT_15016,164.933
OUT_15017,144.625
OUT_15018,83.917
OUT_15019,374.833
OUT_15020,1160.47
OUT_15021,135.866
OUT_15022,310.133
OUT_15023,137.369
OUT_15024,322.848
OUT_15025,1248.917
OUT_15026,140.229
OUT_15027,366.589
OUT_15028,445.084
OUT_15029,139.401
OUT_15030,139.192
OUT_15031,139.177
OUT_15032,183.484
OUT_15033,428.757
OUT_15034,108.095
OUT_15035,414.69
OUT_15036,142.343
OUT_15037,133.21
OUT_15038,371.31
OUT_15039,408.524
OUT_15040,141.039
OUT_15041,1012.976
OUT_15042,1251.263
OUT_15043,317.661
OUT_15044,121.324
OUT_15045,153.335
OUT_15046,1302.953
OUT_15047,2559.879
OUT_15048,112.755
OUT_15049,1170.505
OUT_15050,139.54
OUT_15051,1217.948
OUT_15052,1163.224
OUT_15053,1168.006
OUT_15054,329.083
OUT_15055,2539.12
OUT_15056,137.69
OUT_15057,2470.902
OUT_15058,139.044
OUT_15059,138.692
OUT_15060,144.555
OUT_15061,1160.391
OUT_15062,340.759
OUT_15063,1175.304
OUT_15064,115.533
OUT_15065,1184.643
OUT_15066,157.516
OUT_15067,329.703
OUT_15068,121.45
OUT_15069,117.551
OUT_15070,375.377
OUT_15071,177.59
OUT_15072,328.672
OUT_15073,116.775
OUT_15074,136.271
OUT_15075,172.481
OUT_15076,1197.921
OUT_15077,166.927
OUT_15078,1219.18
OUT_15079,117.677
OUT_15080,129.215
OUT_15081,1156.22
OUT_15082,1226.182
OUT_15083,1162.749
OUT_15084,142.216
OUT_15085,478.445
OUT_15086,88.785
OUT_15087,129.634
OUT_15088,108.72
OUT_15089,2422.585
OUT_15090,111.391
OUT_15091,1120.108
OUT_15092,299.432
OUT_15093,1228.572
OUT_15094,154.552
OUT_15095,140.076
OUT_15096,383.053
OUT_15097,137.527
OUT_15098,1213.447
OUT_15099,124.655
OUT_15100,416.222
OUT_15101,311.666
OUT_15102,182.003
OUT_15103,1137.969
OUT_15104,395.333
OUT_15105,135.066
OUT_15106,134.721
OUT_15107,103.711
OUT_15108,988.038
OUT_15109,125.09
OUT_15110,136.107
OUT_15111,449.508
OUT_15112,151.189
OUT_15113,188.009
OUT_15114,1265.075
OUT_15115,347.272
OUT_15116,313.919
OUT_15117,154.682
OUT_15118,140.729
OUT_15119,183.814
OUT_15120,98.939
OUT_15121,143.149
OUT_15122,1071.442
OUT_15123,105.431
OUT_15124,131.378
OUT_15125,1136.562
OUT_15126,159.61
OUT_15127,161.932
OUT_15128,99.019
OUT_15129,402.642
OUT_15130,169.298
OUT_15131,140.387
OUT_15132,1231.653
OUT_15133,147.456
OUT_15134,399.882
OUT_15135,1203.251
OUT_15136,148.183
OUT_15137,101.423
OUT_15138,149.099
OUT_15139,375.922
OUT_15140,136.222
OUT_15141,126.869
OUT_15142,130.395
OUT_15143,134.471
OUT_15144,156.961
OUT_15145,2455.245
OUT_15146,357.039
OUT_15147,1170.062
OUT_15148,325.659
OUT_15149,296.446
OUT_15150,130.082
OUT_15151,123.648
OUT_15152,133.514
OUT_15153,445.307
OUT_15154,1276.134
OUT_15155,333.264
OUT_15156,1231.464
OUT_15157,140.176
OUT_15158,1221.379
OUT_15159,1360.048
OUT_15160,2536.897
OUT_15161,365.145
OUT_15162,115.572
OUT_15163,1205.323
OUT_15164,132.928
OUT_15165,371.995
OUT_15166,404.339
OUT_15167,315.135
OUT_15168,1066.579
OUT_15169,112.317
OUT_15170,341.102
OUT_15171,149.608
OUT_15172,122.82
OUT_15173,333.13
OUT_15174,96.741
OUT_15175,146.388
OUT_15176,325.743
OUT_15177,387.671
OUT_15178,138.771
OUT_15179,2440.139
OUT_15180,156.52
OUT_15181,370.92
OUT_15182,99.63
OUT_15183,1083.389
OUT_15184,1233.98
OUT_15185,1241.194
OUT_15186,134.672
OUT_15187,293.274
OUT_15188,121.13
OUT_15189,345.602
OUT_15190,140.395
OUT_15191,134.343
OUT_15192,124.634
OUT_15193,408.623
OUT_15194,351.495
OUT_15195,131.678
OUT_15196,322.11
OUT_15197,110.685
OUT_15198,1190.477
OUT_15199,299.959
OUT_15200,336.548
OUT_15201,132.274
OUT_15202,1050.732
OUT_15203,410.888
OUT_15204,416.458
OUT_15205,164.971
OUT_15206,157.052
OUT_15207,126.603
OUT_15208,1222.999
OUT_15209,121.031
OUT_15210,92.762
OUT_15211,157.277
OUT_15212,1114.866
OUT_15213,161.494
OUT_15214,401.321
OUT_15215,377.362
OUT_15216,332.412
OUT_15217,159.114
OUT_15218,365.617
OUT_15219,345.804
OUT_15220,449.715
OUT_15221,134.224
OUT_15222,1071.516
OUT_15223,140.48
OUT_15224,331.875
OUT_15225,127.338
OUT_15226,182.033
OUT_15227,130.126
OUT_15228,1182.755
OUT_15229,117.62
OUT_15230,113.068
OUT_15231,454.428
OUT_15232,2630.785
OUT_15233,379.899
OUT_15234,147.282
OUT_15235,2699.539
OUT_15236,1008.663
OUT_15237,154.811
OUT_15238,2586.034
OUT_15239,125.807
OUT_15240,368.164
OUT_15241,95.703
OUT_15242,134.177
OUT_15243,334.919
OUT_15244,121.269
OUT_15245,145.614
OUT_15246,1254.047
OUT_15247,166.916
OUT_15248,118.908
OUT_15249,1133.872
OUT_15250,1182.609
OUT_15251,306.338
OUT_15252,2357.683
OUT_15253,396.882
OUT_15254,111.748
OUT_15255,1187.816
OUT_15256,1214.083
OUT_15257,155.673
OUT_15258,109.684
OUT_15259,1169.779
OUT_15260,1273.355
OUT_15261,132.547
OUT_15262,131.485
OUT_15263,334.53
OUT_15264,419.217
OUT_15265,133.071
OUT_15266,2592.651
OUT_15267,1114.232
OUT_15268,149.491
OUT_15269,156.035
OUT_15270,149.609
OUT_15271,155.884
OUT_15272,1140.373
OUT_15273,298.244
OUT_15274,285.732
OUT_15275,125.625
OUT_15276,151.2
OUT_15277,455.101
OUT_15278,152.417
OUT_15279,134.35
OUT_15280,415.599
OUT_15281,142.398
OUT_15282,448.346
OUT_15283,2513.001
OUT_15284,161.775
OUT_15285,2736.86
OUT_15286,139.98
OUT_15287,433.259
OUT_15288,144.856
OUT_15289,358.951
OUT_15290,301.544
OUT_15291,990.145
OUT_15292,88.702
OUT_15293,113.603
OUT_15294,2668.688
OUT_15295,131.415
OUT_15296,139.758
OUT_15297,135.443
OUT_15298,379.085
OUT_15299,1182.384
OUT_15300,337.352
OUT_15301,355.223
OUT_15302,132.596
OUT_15303,409.206
OUT_15304,342.114
OUT_15305,147.161
OUT_15306,150.654
OUT_15307,179.976
OUT_15308,335.632
OUT_15309,129.446
OUT_15310,288.898
OUT_15311,354.476
OUT_15312,146.054
OUT_15313,377.541
OUT_15314,124.311
OUT_15315,2489.669
OUT_15316,1173.996
OUT_15317,1214.503
OUT_15318,404.677
OUT_15319,427.749
OUT_15320,406.107
OUT_15321,108.64
OUT_15322,1132.267
OUT_15323,442.343
OUT_15324,289.648
OUT_15325,130.953
OUT_15326,109.726
OUT_15327,1313.632
OUT_15328,165.604
OUT_15329,1299.837
OUT_15330,139.745
OUT_15331,299.812
OUT_15332,161.587
OUT_15333,1139.366
OUT_15334,327.399
OUT_15335,1173.905
OUT_15336,157.828
OUT_15337,1043.077
OUT_15338,137.223
OUT_15339,126.837
OUT_15340,1206.847
OUT_15341,473.796
OUT_15342,2474.339
OUT_15343,355.696
OUT_15344,1108.402
OUT_15345,117.958
OUT_15346,374.81
OUT_15347,179.738
OUT_15348,103.004
OUT_15349,354.069
OUT_15350,113.922
OUT_15351,291.881
OUT_15352,377.881
OUT_15353,2490.439
OUT_15354,121.421
OUT_15355,159.666
OUT_15356,2311.749
OUT_15357,137.45
OUT_15358,1237.189
OUT_15359,118.759
OUT_15360,153.973
OUT_15361,381.061
OUT_15362,427.031
OUT_15363,407.653
OUT_15364,337.395
OUT_15365,121.42
OUT_15366,128.908
OUT_15367,151.396
OUT_15368,120.166
OUT_15369,394.578
OUT_15370,336.266
OUT_15371,115.727
OUT_15372,2505.525
OUT_15373,269.598
OUT_15374,149.399
OUT_15375,361.369
OUT_15376,1031.387
OUT_15377,461.111
OUT_15378,161.885
OUT_15379,476.868
OUT_15380,136.289
OUT_15381,397.48
OUT_15382,348.913
OUT_15383,112.119
OUT_15384,145.137
OUT_15385,141.673
OUT_15386,147.961
OUT_15387,377.385
OUT_15388,164.755
OUT_15389,109.475
OUT_15390,1224.108
OUT_15391,443.233
OUT_15392,378.871
OUT_15393,139.176
OUT_15394,146.411
OUT_15395,110.317
OUT_15396,136.233
OUT_15397,1244.724
OUT_15398,1182.59
OUT_15399,1297.228
OUT_15400,1268.577
OUT_15401,122.896
OUT_15402,337.438
OUT_15403,180.41
OUT_15404,109.555
OUT_15405,127.516
OUT_15406,135.214
OUT_15407,338.202
OUT_15408,149.992
OUT_15409,405.219
OUT_15410,457.972
OUT_15411,413.575
OUT_15412,1085.242
OUT_15413,189.652
OUT_15414,142.544
OUT_15415,2440.879
OUT_15416,373.597
OUT_15417,1126.638
OUT_15418,1129.204
OUT_15419,405.532
OUT_15420,326.424
OUT_15421,88.88
OUT_15422,113.986
OUT_15423,385.32
OUT_15424,1244.918
OUT_15425,442.858
OUT_15426,97.458
OUT_15427,149.467
OUT_15428,2568.879
OUT_15429,355.818
OUT_15430,125.05
OUT_15431,419.869
OUT_15432,113.748
OUT_15433,168.724
OUT_15434,121.027
OUT_15435,1150.641
OUT_15436,121.727
OUT_15437,363.628
OUT_15438,382.683
OUT_15439,404.594
OUT_15440,166.818
OUT_15441,140.053
OUT_15442,1254.69
OUT_15443,180.483
OUT_15444,394.688
OUT_15445,146.88
OUT_15446,283.309
OUT_15447,413.212
OUT_15448,119.598
OUT_15449,1187.394
OUT_15450,516.346
OUT_15451,1452.233
OUT_15452,364.81
OUT_15453,131.439
OUT_15454,283.594
OUT_15455,1151.695
OUT_15456,137.085
OUT_15457,137.515
OUT_15458,1272.625
OUT_15459,172.618
OUT_15460,412.748
OUT_15461,1234.039
OUT_15462,1107.748
OUT_15463,336.49
OUT_15464,434.306
OUT_15465,152.408
OUT_15466,1079.369
OUT_15467,419.393
OUT_15468,2774.405
OUT_15469,435.537
OUT_15470,1138.795
OUT_15471,141.467
OUT_15472,1163.271
OUT_15473,131.173
OUT_15474,372.877
OUT_15475,147.091
OUT_15476,112.741
OUT_15477,417.527
OUT_15478,146.931
OUT_15479,133.431
OUT_15480,1177.08
OUT_15481,1282.412
OUT_15482,159.539
OUT_15483,398.248
OUT_15484,333.119
OUT_15485,357.134
OUT_15486,160.349
OUT_15487,1196.139
OUT_15488,141.759
OUT_15489,1237.188
OUT_15490,133.686
OUT_15491,129.118
OUT_15492,124.323
OUT_15493,1182.781
OUT_15494,404.75
OUT_15495,145.674
OUT_15496,2843.189
OUT_15497,1149.593
OUT_15498,1202.139
OUT_15499,172.255
OUT_15500,118.245
OUT_15501,188.818
OUT_15502,1246.492
OUT_15503,154.973
OUT_15504,1263.042
OUT_15505,299.732
OUT_15506,1316.195
OUT_15507,289.848
OUT_15508,124.614
OUT_15509,1068.258
OUT_15510,145.238
OUT_15511,2652.144
OUT_15512,1183.763
OUT_15513,2491.114
OUT_15514,2393.782
OUT_15515,123.823
OUT_15516,389.35
OUT_15517,1172.105
OUT_15518,356.489
OUT_15519,347.936
OUT_15520,163.141
OUT_15521,1331.169
OUT_15522,1092.893
OUT_15523,266.551
OUT_15524,370.145
OUT_15525,131.823
OUT_15526,357.677
OUT_15527,469.885
OUT_15528,1269.287
OUT_15529,117.406
OUT_15530,133.462
OUT_15531,120.928
OUT_15532,1244.301
OUT_15533,133.958
OUT_15534,2493.911
OUT_15535,319.771
OUT_15536,126.602
OUT_15537,377.849
OUT_15538,1247.764
OUT_15539,126.202
OUT_15540,118.486
OUT_15541,137.49
OUT_15542,140.584
OUT_15543,1134.473
OUT_15544,153.932
OUT_15545,371.521
OUT_15546,140.611
OUT_15547,397.266
OUT_15548,1237.358
OUT_15549,266.55
OUT_15550,87.618
OUT_15551,408.443
OUT_15552,2557.446
OUT_15553,126.392
OUT_15554,107.704
OUT_15555,127.109
OUT_15556,124.333
OUT_15557,121.682
OUT_15558,132.825
OUT_15559,102.113
OUT_15560,372.617
OUT_15561,123.586
OUT_15562,2651.462
OUT_15563,129.354
OUT_15564,97.205
OUT_15565,1148.527
OUT_15566,137.418
OUT_15567,141.006
OUT_15568,149.193
OUT_15569,138.322
OUT_15570,106.704
OUT_15571,134.858
OUT_15572,141.785
OUT_15573,123.522
OUT_15574,303.304
OUT_15575,139.502
OUT_15576,137.243
OUT_15577,188.732
OUT_15578,1163.445
OUT_15579,381.425
OUT_15580,334.082
OUT_15581,331.345
OUT_15582,333.642
OUT_15583,2614.073
OUT_15584,1078.611
OUT_15585,142.798
OUT_15586,341.106
OUT_15587,287.437
OUT_15588,144.279
OUT_15589,139.721
OUT_15590,137.285
OUT_15591,133.055
OUT_15592,2618.49
OUT_15593,1090.108
OUT_15594,111.179
OUT_15595,473.977
OUT_15596,1307.645
OUT_15597,133.404
OUT_15598,2548.25
OUT_15599,138.509
OUT_15600,304.175
OUT_15601,1172.326
OUT_15602,137.658
OUT_15603,441.025
OUT_15604,436.261
OUT_15605,88.974
OUT_15606,458.971
OUT_15607,1246.833
OUT_15608,462.736
OUT_15609,351.724
OUT_15610,128.532
OUT_15611,124.805
OUT_15612,108.641
OUT_15613,2420.008
OUT_15614,128.833
OUT_15615,427.033
OUT_15616,111.39
OUT_15617,182.062
OUT_15618,136.922
OUT_15619,395.243
OUT_15620,156.224
OUT_15621,405.803
OUT_15622,145.034
OUT_15623,328.85
OUT_15624,1110.806
OUT_15625,441.069
OUT_15626,1203.041
OUT_15627,2577.282
OUT_15628,2493.194
OUT_15629,1225.531
OUT_15630,157.024
OUT_15631,144.111
OUT_15632,172.154
OUT_15633,159.053
OUT_15634,428.379
OUT_15635,144.921
OUT_15636,128.747
OUT_15637,2798.154
OUT_15638,326.718
OUT_15639,111.332
OUT_15640,180.164
OUT_15641,127.31
OUT_15642,122.191
OUT_15643,139.358
OUT_15644,152.477
OUT_15645,124.6
OUT_15646,370.111
OUT_15647,112.268
OUT_15648,351.759
OUT_15649,396.327
OUT_15650,2462.066
OUT_15651,362.001
OUT_15652,136.564
OUT_15653,174.326
OUT_15654,148.454
OUT_15655,99.93
OUT_15656,134.684
OUT_15657,118.463
OUT_15658,147.839
OUT_15659,400.707
OUT_15660,167.227
OUT_15661,120.156
OUT_15662,398.73
OUT_15663,132.239
OUT_15664,1203.026
OUT_15665,2519.718
OUT_15666,326.176
OUT_15667,1182.791
OUT_15668,308.423
OUT_15669,1152.553
OUT_15670,301.917
OUT_15671,147.799
OUT_15672,405.604
OUT_15673,1235.63
OUT_15674,1049.626
OUT_15675,366.141
OUT_15676,132.408
OUT_15677,339.588
OUT_15678,434.888
OUT_15679,112.195
OUT_15680,1175.881
OUT_15681,109.118
OUT_15682,157.005
OUT_15683,128.045
OUT_15684,132.747
OUT_15685,307.331
OUT_15686,131.228
OUT_15687,125.807
OUT_15688,2499.85
OUT_15689,177.294
OUT_15690,424.682
OUT_15691,331.622
OUT_15692,125.759
OUT_15693,1202.811
OUT_15694,378.528
OUT_15695,127.732
OUT_15696,422.729
OUT_15697,2591.547
OUT_15698,162.479
OUT_15699,125.137
OUT_15700,397.964
OUT_15701,330.6
OUT_15702,1168.492
OUT_15703,127.1
OUT_15704,152.848
OUT_15705,156.096
OUT_15706,384.041
OUT_15707,1076.754
OUT_15708,1131.096
OUT_15709,169.407
OUT_15710,160.413
OUT_15711,159.547
OUT_15712,359.774
OUT_15713,154.132
OUT_15714,107.97
OUT_15715,129.845
OUT_15716,384.438
OUT_15717,2571.307
OUT_15718,160.073
OUT_15719,1268.905
OUT_15720,112.474
OUT_15721,125.13
OUT_15722,420.346
OUT_15723,124.013
OUT_15724,1172.029
OUT_15725,145.83
OUT_15726,153.921
OUT_15727,375.206
OUT_15728,2458.185
OUT_15729,1152.4
OUT_15730,321.415
OUT_15731,1216.005
OUT_15732,180.899
OUT_15733,1044.242
OUT_15734,148.241
OUT_15735,139.311
OUT_15736,271.551
OUT_15737,330.027
OUT_15738,386.561
OUT_15739,1167.143
OUT_15740,319.401
OUT_15741,151.07
OUT_15742,148.306
OUT_15743,143.923
OUT_15744,129.338
OUT_15745,1267.76
OUT_15746,1258.684
OUT_15747,147.695
OUT_15748,1135.101
OUT_15749,111.754
OUT_15750,1229.263
OUT_15751,1118.949
OUT_15752,139.273
OUT_15753,135.844
OUT_15754,459.905
OUT_15755,1136.383
OUT_15756,1096.946
OUT_15757,430.227
OUT_15758,364.047
OUT_15759,141.829
OUT_15760,421.279
OUT_15761,112.944
OUT_15762,381.107
OUT_15763,355.191
OUT_15764,403.615
OUT_15765,119.127
OUT_15766,139.367
OUT_15767,120.736
OUT_15768,129.262
OUT_15769,292.747
OUT_15770,128.565
OUT_15771,141.869
OUT_15772,340.025
OUT_15773,455.413
OUT_15774,456.988
OUT_15775,173.426
OUT_15776,167.596
OUT_15777,344.69
OUT_15778,337.014
OUT_15779,373.372
OUT_15780,1111.465
OUT_15781,348.411
OUT_15782,2456.59
OUT_15783,396.803
OUT_15784,137.034
OUT_15785,79.359
OUT_15786,139.044
OUT_15787,1299.606
OUT_15788,402.849
OUT_15789,134.222
OUT_15790,2509.63
OUT_15791,162.097
OUT_15792,367.883
OUT_15793,2630.299
OUT_15794,343.454
OUT_15795,396.541
OUT_15796,151.064
OUT_15797,1201.842
OUT_15798,392.673
OUT_15799,1236.821
OUT_15800,1151.132
OUT_15801,1180.542
OUT_15802,2530.157
OUT_15803,103.799
OUT_15804,178.562
OUT_15805,135.64
OUT_15806,130.913
OUT_15807,139.406
OUT_15808,438.074
OUT_15809,458.748
OUT_15810,131.33
OUT_15811,118.713
OUT_15812,309.189
OUT_15813,154.965
OUT_15814,1254.601
OUT_15815,118.352
OUT_15816,123.973
OUT_15817,160.616
OUT_15818,138.174
OUT_15819,131.455
OUT_15820,165.722
OUT_15821,143.096
OUT_15822,106.614
OUT_15823,145.353
OUT_15824,112.843
OUT_15825,1121.645
OUT_15826,369.456
OUT_15827,153.186
OUT_15828,1087.228
OUT_15829,337.376
OUT_15830,380.676
OUT_15831,134.796
OUT_15832,379.097
OUT_15833,136.515
OUT_15834,1111.414
OUT_15835,126.18
OUT_15836,112.71
OUT_15837,2745.268
OUT_15838,1144.648
OUT_15839,1044.082
OUT_15840,1200.25
OUT_15841,418.258
OUT_15842,121.074
OUT_15843,365.214
OUT_15844,139.59
OUT_15845,997.782
OUT_15846,282.97
OUT_15847,2486.58
OUT_15848,1060.515
OUT_15849,1234.591
OUT_15850,139.062
OUT_15851,142.835
OUT_15852,1216.771
OUT_15853,2542.665
OUT_15854,303.626
OUT_15855,133.281
OUT_15856,152.57
OUT_15857,140.522
OUT_15858,148.451
OUT_15859,286.147
OUT_15860,129.461
OUT_15861,2495.61
OUT_15862,1151.939
OUT_15863,121.119
OUT_15864,154.453
OUT_15865,368.484
OUT_15866,363.29
OUT_15867,366.72
OUT_15868,137.286
OUT_15869,416.162
OUT_15870,126.29
OUT_15871,2544.309
OUT_15872,307.917
OUT_15873,135.807
OUT_15874,1443.547
OUT_15875,142.032
OUT_15876,131.475
OUT_15877,2455.046
OUT_15878,407.102
OUT_15879,107.062
OUT_15880,442.292
OUT_15881,125.694
OUT_15882,1034.065
OUT_15883,154.271
OUT_15884,139.907
OUT_15885,186.416
OUT_15886,1199.753
OUT_15887,156.896
OUT_15888,123.865
OUT_15889,109.124
OUT_15890,2538.003
OUT_15891,149.956
OUT_15892,106.861
OUT_15893,122.705
OUT_15894,159.009
OUT_15895,1250.139
OUT_15896,180.092
OUT_15897,152.497
OUT_15898,135.347
OUT_15899,1228.83
OUT_15900,364.464
OUT_15901,424.672
OUT_15902,154.596
OUT_15903,167.948
OUT_15904,126.572
OUT_15905,347.672
OUT_15906,2423.13
OUT_15907,133.214
OUT_15908,402.643
OUT_15909,301.804
OUT_15910,124.009
OUT_15911,420.367
OUT_15912,1148.048
OUT_15913,131.317
OUT_15914,160.227
OUT_15915,141.77
OUT_15916,154.394
OUT_15917,151.739
OUT_15918,134.486
OUT_15919,1211.618
OUT_15920,326.067
OUT_15921,1194.969
OUT_15922,1115.188
OUT_15923,118.828
OUT_15924,298.927
OUT_15925,132.161
OUT_15926,1129.564
OUT_15927,124.903
OUT_15928,156.261
OUT_15929,404.22
OUT_15930,1223.49
OUT_15931,1090.191
OUT_15932,120.681
OUT_15933,130.887
OUT_15934,1275.255
OUT_15935,360.709
OUT_15936,106.966
OUT_15937,130.937
OUT_15938,140.135
OUT_15939,132.987
OUT_15940,134.397
OUT_15941,145.104
OUT_15942,1138.379
OUT_15943,147.706
OUT_15944,139.395
OUT_15945,414.925
OUT_15946,155.156
OUT_15947,119.498
OUT_15948,156.682
OUT_15949,167.008
OUT_15950,122.848
OUT_15951,2430.322
OUT_15952,1106.169
OUT_15953,341.364
OUT_15954,332.215
OUT_15955,1271.734
OUT_15956,113.639
OUT_15957,119.344
OUT_15958,1086.881
OUT_15959,447.266
OUT_15960,116.599
OUT_15961,310.173
OUT_15962,299.028
OUT_15963,126.616
OUT_15964,122.226
OUT_15965,115.646
OUT_15966,381.317
OUT_15967,113.6
OUT_15968,1345.579
OUT_15969,144.068
OUT_15970,131.205
OUT_15971,2563.588
OUT_15972,326.776
OUT_15973,407.651
OUT_15974,421.99
OUT_15975,298.894
OUT_15976,155.486
OUT_15977,114.068
OUT_15978,383.471
OUT_15979,1223.931
OUT_15980,148.13
OUT_15981,105.535
OUT_15982,100.287
OUT_15983,155.999
OUT_15984,169.442
OUT_15985,1204.003
OUT_15986,413.013
OUT_15987,128.787
OUT_15988,136.675
OUT_15989,1034.433
OUT_15990,362.374
OUT_15991,135.436
OUT_15992,108.065
OUT_15993,411.741
OUT_15994,375.963
OUT_15995,143.507
OUT_15996,1214.532
OUT_15997,170.058
OUT_15998,355.623
OUT_15999,125.515
OUT_16000,1108.188
OUT_16001,380.382
OUT_16002,148.293
OUT_16003,396.85
OUT_16004,1122.221
OUT_16005,146.196
OUT_16006,427.299
OUT_16007,135.611
OUT_16008,415.562
OUT_16009,134.333
OUT_16010,169.579
OUT_16011,136.41
OUT_16012,98.113
OUT_16013,173.297
OUT_16014,112.781
OUT_16015,127.873
OUT_16016,1321.051
OUT_16017,148.431
OUT_16018,165.364
OUT_16019,324.874
OUT_16020,392.638
OUT_16021,124.519
OUT_16022,126.764
OUT_16023,458.762
OUT_16024,138.128
OUT_16025,362.008
OUT_16026,291.37
OUT_16027,125.777
OUT_16028,135.382
OUT_16029,359.202
OUT_16030,113.41
OUT_16031,377.429
OUT_16032,156.403
OUT_16033,169.025
OUT_16034,1237.324
OUT_16035,382.107
OUT_16036,326.135
OUT_16037,179.218
OUT_16038,144.567
OUT_16039,141.952
OUT_16040,131.494
OUT_16041,2548.007
OUT_16042,407.947
OUT_16043,1217.126
OUT_16044,140.512
OUT_16045,398.949
OUT_16046,443.159
OUT_16047,133.741
OUT_16048,403.748
OUT_16049,1144.197
OUT_16050,106.174
OUT_16051,121.566
OUT_16052,199.299
OUT_16053,129.142
OUT_16054,333.356
OUT_16055,1250.675
OUT_16056,157.772
OUT_16057,137.13
OUT_16058,445.298
OUT_16059,130.402
OUT_16060,150.679
OUT_16061,119.15
OUT_16062,348.765
OUT_16063,371.165
OUT_16064,1197.056
OUT_16065,146.707
OUT_16066,116.378
OUT_16067,135.022
OUT_16068,113.173
OUT_16069,338.231
OUT_16070,119.779
OUT_16071,2632.569
OUT_16072,129.652
OUT_16073,156.862
OUT_16074,171.218
OUT_16075,2522.365
OUT_16076,135.882
OUT_16077,394.404
OUT_16078,436.645
OUT_16079,389.254
OUT_16080,160.123
OUT_16081,152.321
OUT_16082,400.585
OUT_16083,1208.178
OUT_16084,308.87
OUT_16085,2615.594
OUT_16086,1126.474
OUT_16087,409.862
OUT_16088,1226.767
OUT_16089,141.455
OUT_16090,151.223
OUT_16091,120.471
OUT_16092,154.175
OUT_16093,371.616
OUT_16094,2653.442
OUT_16095,189.411
OUT_16096,162.138
OUT_16097,1166.483
OUT_16098,97.254
OUT_16099,379.745
OUT_16100,117.282
OUT_16101,112.427
OUT_16102,316.583
OUT_16103,295.633
OUT_16104,396.704
OUT_16105,352.025
OUT_16106,432.392
OUT_16107,335.401
OUT_16108,2288.646
OUT_16109,125.804
OUT_16110,195.26
OUT_16111,145.83
OUT_16112,411.222
OUT_16113,1233.341
OUT_16114,1240.133
OUT_16115,108.645
OUT_16116,1203.361
OUT_16117,91.89
OUT_16118,119.776
OUT_16119,136.222
OUT_16120,120.936
OUT_16121,138.288
OUT_16122,113.404
OUT_16123,1186.224
OUT_16124,292.067
OUT_16125,153.308
OUT_16126,390.005
OUT_16127,118.991
OUT_16128,448.426
OUT_16129,156.93
OUT_16130,322.501
OUT_16131,116.875
OUT_16132,160.862
OUT_16133,126.513
OUT_16134,131.549
OUT_16135,1102.858
OUT_16136,1078.685
OUT_16137,158.313
OUT_16138,127.96
OUT_16139,173.425
OUT_16140,377.42
OUT_16141,130.514
OUT_16142,1173.85
OUT_16143,1170.749
OUT_16144,1166.195
OUT_16145,166.231
OUT_16146,1249.199
OUT_16147,305.926
OUT_16148,108.633
OUT_16149,108.587
OUT_16150,1222.275
OUT_16151,122.681
OUT_16152,144.206
OUT_16153,1236.375
OUT_16154,437.194
OUT_16155,156.486
OUT_16156,359.762
OUT_16157,147.912
OUT_16158,364.319
OUT_16159,184.997
OUT_16160,115.635
OUT_16161,369.555
OUT_16162,415.038
OUT_16163,146.829
OUT_16164,1189.092
OUT_16165,106.534
OUT_16166,139.506
OUT_16167,148.749
OUT_16168,103.439
OUT_16169,2482.825
OUT_16170,1237.631
OUT_16171,299.254
OUT_16172,1052.819
OUT_16173,424.454
OUT_16174,83.313
OUT_16175,134.128
OUT_16176,1160.059
OUT_16177,290.357
OUT_16178,119.029
OUT_16179,401.128
OUT_16180,2614.418
OUT_16181,303.038
OUT_16182,131.833
OUT_16183,2417.407
OUT_16184,1173.5
OUT_16185,1104.336
OUT_16186,158.238
OUT_16187,142.909
OUT_16188,162.479
OUT_16189,413.14
OUT_16190,1247.813
OUT_16191,160.456
OUT_16192,356.689
OUT_16193,455.465
OUT_16194,1258.078
OUT_16195,2492.085
OUT_16196,316.53
OUT_16197,129.305
OUT_16198,139.067
OUT_16199,2614.699
OUT_16200,147.145
OUT_16201,1241.168
OUT_16202,132.583
OUT_16203,127.075
OUT_16204,424.021
OUT_16205,138.195
OUT_16206,129.659
OUT_16207,360.043
OUT_16208,150.342
OUT_16209,1070.02
OUT_16210,144.245
OUT_16211,120.035
OUT_16212,138.251
OUT_16213,139.961
OUT_16214,143.81
OUT_16215,1061.395
OUT_16216,1107.184
OUT_16217,394.656
OUT_16218,129.731
OUT_16219,1163.836
OUT_16220,163.66
OUT_16221,100.552
OUT_16222,149.635
OUT_16223,2476.812
OUT_16224,156.855
OUT_16225,306.476
OUT_16226,145.53
OUT_16227,152.391
OUT_16228,2592.72
OUT_16229,2571.89
OUT_16230,419.779
OUT_16231,112.164
OUT_16232,157.477
OUT_16233,136.377
OUT_16234,457.762
OUT_16235,388.629
OUT_16236,146.664
OUT_16237,404.064
OUT_16238,2600.685
OUT_16239,161.783
OUT_16240,301.196
OUT_16241,143.24
OUT_16242,306.203
OUT_16243,1109.956
OUT_16244,1146.145
OUT_16245,1144.758
OUT_16246,131.093
OUT_16247,139.169
OUT_16248,400.545
OUT_16249,136.358
OUT_16250,145.589
OUT_16251,121.556
OUT_16252,1170.878
OUT_16253,151.46
OUT_16254,1083.414
OUT_16255,1137.434
OUT_16256,330.407
OUT_16257,143.739
OUT_16258,1194.849
OUT_16259,129.986
OUT_16260,183.603
OUT_16261,345.264
OUT_16262,126.818
OUT_16263,152.701
OUT_16264,129.343
OUT_16265,139.286
OUT_16266,143.665
OUT_16267,117.687
OUT_16268,95.965
OUT_16269,392.506
OUT_16270,101.221
OUT_16271,1141.503
OUT_16272,349.482
OUT_16273,1118.08
OUT_16274,165.673
OUT_16275,1188.945
OUT_16276,163.069
OUT_16277,127.066
OUT_16278,339.566
OUT_16279,409.409
OUT_16280,135.101
OUT_16281,147.242
OUT_16282,151.496
OUT_16283,333.427
OUT_16284,1185.083
OUT_16285,111.069
OUT_16286,110.803
OUT_16287,381.01
OUT_16288,360.642
OUT_16289,131.764
OUT_16290,154.763
OUT_16291,135.249
OUT_16292,421.133
OUT_16293,454.663
OUT_16294,142.08
OUT_16295,142.153
OUT_16296,399.283
OUT_16297,433.615
OUT_16298,182.62
OUT_16299,437.985
OUT_16300,1302.282
OUT_16301,147.937
OUT_16302,1092.825
OUT_16303,2469.484
OUT_16304,2401.77
OUT_16305,125.317
OUT_16306,140.976
OUT_16307,146.017
OUT_16308,135.352
OUT_16309,411.797
OUT_16310,396.517
OUT_16311,1179.331
OUT_16312,156.737
OUT_16313,89.617
OUT_16314,2321.171
OUT_16315,1185.866
OUT_16316,134.67
OUT_16317,1219.086
OUT_16318,1237.115
OUT_16319,117.214
OUT_16320,154.084
OUT_16321,357.743
OUT_16322,1197.644
OUT_16323,424.392
OUT_16324,174.95
OUT_16325,110.573
OUT_16326,1110.709
OUT_16327,297.497
OUT_16328,1244.708
OUT_16329,2430.939
OUT_16330,1244.463
OUT_16331,2677.433
OUT_16332,112.748
OUT_16333,145.132
OUT_16334,1210.168
OUT_16335,306.345
OUT_16336,2636.709
OUT_16337,136.326
OUT_16338,157.126
OUT_16339,118.936
OUT_16340,146.505
OUT_16341,426.952
OUT_16342,120.06
OUT_16343,1171.645
OUT_16344,147.409
OUT_16345,133.421
OUT_16346,106.901
OUT_16347,150.528
OUT_16348,489.108
OUT_16349,1073.672
OUT_16350,127.164
OUT_16351,1222.78
OUT_16352,133.786
OUT_16353,156.069
OUT_16354,192.009
OUT_16355,127.622
OUT_16356,120.06
OUT_16357,128.581
OUT_16358,175.712
OUT_16359,422.838
OUT_16360,128.937
OUT_16361,118.258
OUT_16362,1154.533
OUT_16363,146.715
OUT_16364,1249.618
OUT_16365,148.666
OUT_16366,141.951
OUT_16367,345.171
OUT_16368,106.788
OUT_16369,114.655
OUT_16370,316.483
OUT_16371,117.821
OUT_16372,141.225
OUT_16373,125.319
OUT_16374,133.634
OUT_16375,432.668
OUT_16376,144.403
OUT_16377,140.359
OUT_16378,150.033
OUT_16379,128.101
OUT_16380,141.172
OUT_16381,135.055
OUT_16382,1196.18
OUT_16383,1249.287
OUT_16384,380.868
OUT_16385,123.534
OUT_16386,159.76
OUT_16387,398.196
OUT_16388,2551.135
OUT_16389,1290.741
OUT_16390,411.15
OUT_16391,129.835
OUT_16392,159.336
OUT_16393,146.331
OUT_16394,1120.478
OUT_16395,135.305
OUT_16396,162.117
OUT_16397,1216.117
OUT_16398,350.795
OUT_16399,107.331
OUT_16400,145.56
OUT_16401,138.25
OUT_16402,412.878
OUT_16403,1233.026
OUT_16404,371.515
OUT_16405,118.603
OUT_16406,161.754
OUT_16407,360.562
OUT_16408,128.472
OUT_16409,369.542
OUT_16410,102.231
OUT_16411,419.95
OUT_16412,127.323
OUT_16413,1100.469
OUT_16414,1149.782
OUT_16415,111.765
OUT_16416,147.312
OUT_16417,1187.066
OUT_16418,132.325
OUT_16419,296.736
OUT_16420,153.018
OUT_16421,357.11
OUT_16422,122.173
OUT_16423,385.3
OUT_16424,1121.602
OUT_16425,307.492
OUT_16426,1311.01
OUT_16427,133.438
OUT_16428,141.967
OUT_16429,449.296
OUT_16430,105.741
OUT_16431,153.607
OUT_16432,133.242
OUT_16433,286.682
OUT_16434,158.359
OUT_16435,1239.211
OUT_16436,414.246
OUT_16437,2534.957
OUT_16438,152.195
OUT_16439,487.488
OUT_16440,139.562
OUT_16441,2568.61
OUT_16442,119.351
OUT_16443,121.831
OUT_16444,352.285
OUT_16445,152.603
OUT_16446,99.278
OUT_16447,162.997
OUT_16448,342.368
OUT_16449,428.947
OUT_16450,110.761
OUT_16451,1118.907
OUT_16452,349.968
OUT_16453,144.446
OUT_16454,321.779
OUT_16455,396.093
OUT_16456,134.38
OUT_16457,349.916
OUT_16458,123.058
OUT_16459,1166.096
OUT_16460,2551.613
OUT_16461,319.175
OUT_16462,115.52
OUT_16463,348.999
OUT_16464,151.933
OUT_16465,326.887
OUT_16466,121.192
OUT_16467,1123.063
OUT_16468,381.034
OUT_16469,132.658
OUT_16470,1118.038
OUT_16471,114.903
OUT_16472,143.801
OUT_16473,155.191
OUT_16474,147.335
OUT_16475,128.329
OUT_16476,149.324
OUT_16477,370.221
OUT_16478,405.414
OUT_16479,327.611
OUT_16480,427.674
OUT_16481,115.37
OUT_16482,113.712
OUT_16483,353.155
OUT_16484,366.162
OUT_16485,158.301
OUT_16486,120.615
OUT_16487,322.775
OUT_16488,2598.052
OUT_16489,305.275
OUT_16490,131.432
OUT_16491,166.059
OUT_16492,2606.694
OUT_16493,106.234
OUT_16494,358.172
OUT_16495,175.913
OUT_16496,307.313
OUT_16497,1128.272
OUT_16498,137.349
OUT_16499,361.124
OUT_16500,119.96
OUT_16501,306.925
OUT_16502,1139.375
OUT_16503,125.734
OUT_16504,118.322
OUT_16505,140.507
OUT_16506,120.288
OUT_16507,116.631
OUT_16508,124.774
OUT_16509,150.502
OUT_16510,121.142
OUT_16511,1128.606
OUT_16512,136.816
OUT_16513,314.395
OUT_16514,405.143
OUT_16515,418.43
OUT_16516,300.118
OUT_16517,324.456
OUT_16518,120.092
OUT_16519,139.285
OUT_16520,2589.269
OUT_16521,409.666
OUT_16522,140.002
OUT_16523,117.951
OUT_16524,315.966
OUT_16525,352.797
OUT_16526,129.544
OUT_16527,141.211
OUT_16528,142.444
OUT_16529,386.955
OUT_16530,1248.934
OUT_16531,1225.776
OUT_16532,121.069
OUT_16533,397.358
OUT_16534,131.192
OUT_16535,117.642
OUT_16536,1132.187
OUT_16537,426.78
OUT_16538,2793.236
OUT_16539,405.335
OUT_16540,1163.347
OUT_16541,186.603
OUT_16542,359.822
OUT_16543,402.502
OUT_16544,454.195
OUT_16545,134.616
OUT_16546,157.924
OUT_16547,152.777
OUT_16548,2538.013
OUT_16549,111.925
OUT_16550,128.863
OUT_16551,290.435
OUT_16552,154.311
OUT_16553,410.365
OUT_16554,121.571
OUT_16555,157.022
OUT_16556,140.726
OUT_16557,170.244
OUT_16558,407.881
OUT_16559,443.44
OUT_16560,114.226
OUT_16561,163.743
OUT_16562,147.911
OUT_16563,155.92
OUT_16564,117.516
OUT_16565,159.28
OUT_16566,173.116
OUT_16567,131.793
OUT_16568,138.323
OUT_16569,392.134
OUT_16570,2481.985
OUT_16571,115.155
OUT_16572,147.051
OUT_16573,2483.621
OUT_16574,142.071
OUT_16575,152.908
OUT_16576,1031.263
OUT_16577,143.392
OUT_16578,343.345
OUT_16579,373.003
OUT_16580,117.362
OUT_16581,135.501
OUT_16582,147.513
OUT_16583,1128.226
OUT_16584,159.561
OUT_16585,120.272
OUT_16586,1057.236
OUT_16587,149.932
OUT_16588,301.822
OUT_16589,115.002
OUT_16590,1151.182
OUT_16591,107.988
OUT_16592,388.508
OUT_16593,1287.733
OUT_16594,151.122
OUT_16595,127.898
OUT_16596,2533.989
OUT_16597,2496.861
OUT_16598,1205.961
OUT_16599,117.334
OUT_16600,105.713
OUT_16601,284.755
OUT_16602,1126.295
OUT_16603,147.399
OUT_16604,137.455
OUT_16605,2599.394
OUT_16606,168.617
OUT_16607,400.852
OUT_16608,140.941
OUT_16609,343.824
OUT_16610,166.376
OUT_16611,115.602
OUT_16612,325.583
OUT_16613,179.665
OUT_16614,136.298
OUT_16615,154.058
OUT_16616,366.755
OUT_16617,338.719
OUT_16618,147.775
OUT_16619,338.193
OUT_16620,370.636
OUT_16621,127.762
OUT_16622,307.325
OUT_16623,1210.164
OUT_16624,123.161
OUT_16625,139.355
OUT_16626,128.718
OUT_16627,113.238
OUT_16628,136.803
OUT_16629,129.295
OUT_16630,155.642
OUT_16631,359.516
OUT_16632,368.587
OUT_16633,1209.641
OUT_16634,139.346
OUT_16635,136.194
OUT_16636,162.609
OUT_16637,167.133
OUT_16638,148.894
OUT_16639,2478.46
OUT_16640,373.772
OUT_16641,1186.33
OUT_16642,396.705
OUT_16643,337.949
OUT_16644,315.168
OUT_16645,377.57
OUT_16646,356.37
OUT_16647,418.543
OUT_16648,160.977
OUT_16649,1143.596
OUT_16650,152.896
OUT_16651,143.016
OUT_16652,389.706
OUT_16653,126.008
OUT_16654,1192.684
OUT_16655,149.649
OUT_16656,1255.243
OUT_16657,1117.672
OUT_16658,106.871
OUT_16659,1191.759
OUT_16660,125.504
OUT_16661,147.198
OUT_16662,351.103
OUT_16663,101.46
OUT_16664,138.07
OUT_16665,437.888
OUT_16666,130.188
OUT_16667,116.939
OUT_16668,123.825
OUT_16669,163.791
OUT_16670,958.416
OUT_16671,152.407
OUT_16672,150.469
OUT_16673,293.634
OUT_16674,132.99
OUT_16675,1101.506
OUT_16676,1227.439
OUT_16677,113.156
OUT_16678,125.557
OUT_16679,97.422
OUT_16680,478.987
OUT_16681,112.413
OUT_16682,142.984
OUT_16683,147.508
OUT_16684,117.779
OUT_16685,381.783
OUT_16686,150.213
OUT_16687,1200.543
OUT_16688,2392.583
OUT_16689,131.264
OUT_16690,977.901
OUT_16691,115.346
OUT_16692,341.413
OUT_16693,131.061
OUT_16694,433.581
OUT_16695,135.38
OUT_16696,124.974
OUT_16697,99.245
OUT_16698,401.707
OUT_16699,155.495
OUT_16700,111.942
OUT_16701,87.239
OUT_16702,388.302
OUT_16703,1131.598
OUT_16704,131.905
OUT_16705,376.008
OUT_16706,172.145
OUT_16707,1182.453
OUT_16708,104.344
OUT_16709,131.83
OUT_16710,129.873
OUT_16711,1149.344
OUT_16712,1247.614
OUT_16713,139.715
OUT_16714,155.346
OUT_16715,145.892
OUT_16716,376.576
OUT_16717,387.497
OUT_16718,143.426
OUT_16719,368.061
OUT_16720,149.958
OUT_16721,442.67
OUT_16722,181.268
OUT_16723,164.314
OUT_16724,1124.244
OUT_16725,380.289
OUT_16726,449.047
OUT_16727,148.472
OUT_16728,1259.493
OUT_16729,112.11
OUT_16730,126.405
OUT_16731,325.953
OUT_16732,397.995
OUT_16733,124.902
OUT_16734,163.08
OUT_16735,137.101
OUT_16736,134.628
OUT_16737,324.373
OUT_16738,1173.551
OUT_16739,438.364
OUT_16740,428.17
OUT_16741,1170.748
OUT_16742,1270.436
OUT_16743,148.963
OUT_16744,114.547
OUT_16745,382.987
OUT_16746,362.974
OUT_16747,281.374
OUT_16748,128.399
OUT_16749,1078.444
OUT_16750,122.965
OUT_16751,144.929
OUT_16752,108.614
OUT_16753,1144.559
OUT_16754,135.8
OUT_16755,139.099
OUT_16756,173.952
OUT_16757,391.107
OUT_16758,140.771
OUT_16759,114.994
OUT_16760,431.135
OUT_16761,175.018
OUT_16762,440.865
OUT_16763,133.88
OUT_16764,184.463
OUT_16765,124.633
OUT_16766,282.106
OUT_16767,64.98
OUT_16768,388.368
OUT_16769,1207.077
OUT_16770,341.362
OUT_16771,158.68
OUT_16772,184.57
OUT_16773,63.141
OUT_16774,153.656
OUT_16775,1175.288
OUT_16776,314.588
OUT_16777,284.569
OUT_16778,411.302
OUT_16779,138.041
OUT_16780,94.799
OUT_16781,128.139
OUT_16782,142.759
OUT_16783,401.699
OUT_16784,373.228
OUT_16785,1187.64
OUT_16786,1150.232
OUT_16787,1069.351
OUT_16788,138.16
OUT_16789,150.861
OUT_16790,396.459
OUT_16791,1043.913
OUT_16792,126.241
OUT_16793,365.776
OUT_16794,304.267
OUT_16795,112.491
OUT_16796,411.996
OUT_16797,138.888
OUT_16798,148.196
OUT_16799,140.231
OUT_16800,134.908
OUT_16801,160.228
OUT_16802,144.34
OUT_16803,127.287
OUT_16804,1172.41
OUT_16805,130.601
OUT_16806,1268.957
OUT_16807,412.21
OUT_16808,1154.745
OUT_16809,2632.873
OUT_16810,316.967
OUT_16811,136.285
OUT_16812,1218.855
OUT_16813,1212.282
OUT_16814,157.512
OUT_16815,1149.073
OUT_16816,150.075
OUT_16817,378.43
OUT_16818,392.386
OUT_16819,155.63
OUT_16820,1212.034
OUT_16821,422.589
OUT_16822,105.633
OUT_16823,163.843
OUT_16824,399.709
OUT_16825,158.317
OUT_16826,149.934
OUT_16827,2497.324
OUT_16828,313.864
OUT_16829,118.508
OUT_16830,1246.496
OUT_16831,126.981
OUT_16832,1173.446
OUT_16833,400.15
OUT_16834,359.327
OUT_16835,156.394
OUT_16836,174.467
OUT_16837,98.641
OUT_16838,1209.394
OUT_16839,362.922
OUT_16840,1150.389
OUT_16841,1138.155
OUT_16842,132.268
OUT_16843,133.607
OUT_16844,296.677
OUT_16845,114.836
OUT_16846,179.903
OUT_16847,111.364
OUT_16848,2568.434
OUT_16849,119.049
OUT_16850,142.044
OUT_16851,1206.409
OUT_16852,290.654
OUT_16853,138.881
OUT_16854,125.139
OUT_16855,325.057
OUT_16856,410.869
OUT_16857,367.028
OUT_16858,1222.095
OUT_16859,132.778
OUT_16860,256.563
OUT_16861,395.097
OUT_16862,104.013
OUT_16863,1320.482
OUT_16864,2490.813
OUT_16865,140.184
OUT_16866,375.737
OUT_16867,164.667
OUT_16868,1155.836
OUT_16869,138.778
OUT_16870,327.117
OUT_16871,129.874
OUT_16872,1167.944
OUT_16873,342.435
OUT_16874,432.658
OUT_16875,318.799
OUT_16876,1135.29
OUT_16877,157.698
OUT_16878,169.161
OUT_16879,147.732
OUT_16880,1189.734
OUT_16881,109.322
OUT_16882,312.044
OUT_16883,118.606
OUT_16884,1208.919
OUT_16885,125.754
OUT_16886,116.794
OUT_16887,163.808
OUT_16888,350.234
OUT_16889,384.407
OUT_16890,124.045
OUT_16891,1210.006
OUT_16892,118.407
OUT_16893,343.083
OUT_16894,357.285
OUT_16895,121.995
OUT_16896,128.812
OUT_16897,151.251
OUT_16898,137.487
OUT_16899,1158.061
OUT_16900,1101.604
OUT_16901,157.267
OUT_16902,324.419
OUT_16903,183.546
OUT_16904,105.622
OUT_16905,368.755
OUT_16906,153.949
OUT_16907,120.074
OUT_16908,1187.05
OUT_16909,1043.997
OUT_16910,133.886
OUT_16911,170.563
OUT_16912,143.01
OUT_16913,291.047
OUT_16914,167.325
OUT_16915,148.572
OUT_16916,125.912
OUT_16917,161.428
OUT_16918,116.534
OUT_16919,140.29
OUT_16920,316.058
OUT_16921,308.308
OUT_16922,130.157
OUT_16923,346.93
OUT_16924,1127.741
OUT_16925,1174.171
OUT_16926,124.387
OUT_16927,401.092
OUT_16928,306.617
OUT_16929,156.573
OUT_16930,399.456
OUT_16931,110.423
OUT_16932,460.792
OUT_16933,111.007
OUT_16934,448.713
OUT_16935,3308.938
OUT_16936,328.584
OUT_16937,1209.865
OUT_16938,147.718
OUT_16939,127.662
OUT_16940,130.867
OUT_16941,149.989
OUT_16942,392.999
OUT_16943,146.427
OUT_16944,397.475
OUT_16945,162.881
OUT_16946,2631.606
OUT_16947,119.751
OUT_16948,140.176
OUT_16949,141.794
OUT_16950,163.778
OUT_16951,109.298
OUT_16952,150.991
OUT_16953,113.9
OUT_16954,113.549
OUT_16955,170.781
OUT_16956,156.68
OUT_16957,132.772
OUT_16958,1161.297
OUT_16959,2581.375
OUT_16960,130.648
OUT_16961,381.122
OUT_16962,154.521
OUT_16963,124.999
OUT_16964,120.907
OUT_16965,313.793
OUT_16966,129.877
OUT_16967,424.977
OUT_16968,344.796
OUT_16969,326.551
OUT_16970,376.11
OUT_16971,1146.345
OUT_16972,161.676
OUT_16973,120.556
OUT_16974,368.673
OUT_16975,374.932
OUT_16976,131.1
OUT_16977,1257.311
OUT_16978,135.687
OUT_16979,130.705
OUT_16980,160.36
OUT_16981,142.463
OUT_16982,135.85
OUT_16983,430.443
OUT_16984,155.168
OUT_16985,393.066
OUT_16986,2529.09
OUT_16987,354.888
OUT_16988,389.584
OUT_16989,423.727
OUT_16990,2463.712
OUT_16991,420.175
OUT_16992,148.797
OUT_16993,114.28
OUT_16994,366.348
OUT_16995,134.617
OUT_16996,374.824
OUT_16997,288.311
OUT_16998,153.441
OUT_16999,396.112
OUT_17000,114.725
OUT_17001,130.288
OUT_17002,378.454
OUT_17003,133.873
OUT_17004,371.686
OUT_17005,432.552
OUT_17006,386.478
OUT_17007,394.946
OUT_17008,1178.795
OUT_17009,2512.929
OUT_17010,2488.588
OUT_17011,146.44
OUT_17012,126.996
OUT_17013,159.514
OUT_17014,2524.052
OUT_17015,452.03
OUT_17016,177.668
OUT_17017,132.47
OUT_17018,124.681
OUT_17019,432.397
OUT_17020,140.555
OUT_17021,1180.645
OUT_17022,140.737
OUT_17023,160.362
OUT_17024,111.779
OUT_17025,1319.354
OUT_17026,130.131
OUT_17027,128.924
OUT_17028,1197.118
OUT_17029,135.278
OUT_17030,145.521
OUT_17031,107.05
OUT_17032,147.76
OUT_17033,143.936
OUT_17034,331.677
OUT_17035,152.815
OUT_17036,139.229
OUT_17037,416.049
OUT_17038,128.45
OUT_17039,448.103
OUT_17040,135.975
OUT_17041,399.396
OUT_17042,117.77
OUT_17043,132.671
OUT_17044,1270.311
OUT_17045,166.506
OUT_17046,93.692
OUT_17047,1192.509
OUT_17048,134.806
OUT_17049,2511.236
OUT_17050,342.808
OUT_17051,148.189
OUT_17052,184.669
OUT_17053,410.635
OUT_17054,352.152
OUT_17055,131.443
OUT_17056,420.964
OUT_17057,377.857
OUT_17058,1254.057
OUT_17059,404.161
OUT_17060,150.414
OUT_17061,388.692
OUT_17062,135.916
OUT_17063,134.601
OUT_17064,373.549
OUT_17065,156.767
OUT_17066,1246.511
OUT_17067,2512.206
OUT_17068,351.01
OUT_17069,295.883
OUT_17070,413.622
OUT_17071,2511.473
OUT_17072,162.108
OUT_17073,419.398
OUT_17074,367.364
OUT_17075,152.373
OUT_17076,113.753
OUT_17077,125.373
OUT_17078,1321.034
OUT_17079,137.505
OUT_17080,346.45
OUT_17081,153.328
OUT_17082,2547.154
OUT_17083,148.528
OUT_17084,146.142
OUT_17085,1217.696
OUT_17086,125.525
OUT_17087,1264.238
OUT_17088,1274.101
OUT_17089,151.182
OUT_17090,107.353
OUT_17091,158.001
OUT_17092,1201.185
OUT_17093,153.918
OUT_17094,158.049
OUT_17095,345.098
OUT_17096,126.303
OUT_17097,109.363
OUT_17098,391.095
OUT_17099,408.235
OUT_17100,414.265
OUT_17101,1171.731
OUT_17102,413.806
OUT_17103,136.743
OUT_17104,376.858
OUT_17105,98.334
OUT_17106,118.958
OUT_17107,432.372
OUT_17108,157.93
OUT_17109,148.428
OUT_17110,1282.62
OUT_17111,461.572
OUT_17112,132.88
OUT_17113,148.348
OUT_17114,153.964
OUT_17115,175.952
OUT_17116,165.95
OUT_17117,144.218
OUT_17118,137.983
OUT_17119,435.912
OUT_17120,163.791
OUT_17121,1182.393
OUT_17122,316.212
OUT_17123,1181.28
OUT_17124,1139.732
OUT_17125,437.146
OUT_17126,148.463
OUT_17127,138.727
OUT_17128,164.211
OUT_17129,1141.933
OUT_17130,112.648
OUT_17131,2425.527
OUT_17132,156.132
OUT_17133,119.501
OUT_17134,153.639
OUT_17135,374.279
OUT_17136,441.463
OUT_17137,410.543
OUT_17138,152.03
OUT_17139,161.767
OUT_17140,339.782
OUT_17141,426.77
OUT_17142,456.869
OUT_17143,410.764
OUT_17144,352.376
OUT_17145,121.118
OUT_17146,145.752
OUT_17147,142.093
OUT_17148,404.528
OUT_17149,377.087
OUT_17150,133.694
OUT_17151,116.987
OUT_17152,463.545
OUT_17153,2532.458
OUT_17154,147.076
OUT_17155,171.151
OUT_17156,140.974
OUT_17157,428.445
OUT_17158,379.123
OUT_17159,397.039
OUT_17160,1097.12
OUT_17161,443.367
OUT_17162,1351.027
OUT_17163,124.421
OUT_17164,143.776
OUT_17165,132.556
OUT_17166,153.387
OUT_17167,1348.725
OUT_17168,96.367
OUT_17169,143.843
OUT_17170,154.245
OUT_17171,148.973
OUT_17172,1198.156
OUT_17173,380.658
OUT_17174,113.675
OUT_17175,2578.127
OUT_17176,126.369
OUT_17177,385.949
OUT_17178,1228.857
OUT_17179,318.624
OUT_17180,177.885
OUT_17181,138.721
OUT_17182,140.794
OUT_17183,1148.297
OUT_17184,131.954
OUT_17185,157.495
OUT_17186,411.064
OUT_17187,2666.467
OUT_17188,145.405
OUT_17189,432.847
OUT_17190,157.012
OUT_17191,177.955
OUT_17192,1131.634
OUT_17193,327.561
OUT_17194,429.42
OUT_17195,171.767
OUT_17196,145.354
OUT_17197,140.035
OUT_17198,488.881
OUT_17199,163.866
OUT_17200,395.164
OUT_17201,437.97
OUT_17202,400.368
OUT_17203,147.231
OUT_17204,363.276
OUT_17205,100.371
OUT_17206,436.488
OUT_17207,1227.43
OUT_17208,1186.646
OUT_17209,143.255
OUT_17210,197.048
OUT_17211,141.641
OUT_17212,187.058
OUT_17213,146.811
OUT_17214,467.211
OUT_17215,438.695
OUT_17216,2611.468
OUT_17217,129.992
OUT_17218,156.546
OUT_17219,157.505
OUT_17220,156.771
OUT_17221,123.655
OUT_17222,390.169
OUT_17223,157.444
OUT_17224,351.115
OUT_17225,430.413
OUT_17226,177.029
OUT_17227,103.03
OUT_17228,180.079
OUT_17229,149.54
OUT_17230,104.702
OUT_17231,1277.711
OUT_17232,1114.923
OUT_17233,411.477
OUT_17234,470.236
OUT_17235,149.791
OUT_17236,133.955
OUT_17237,136.617
OUT_17238,125.561
OUT_17239,414.975
OUT_17240,409.523
OUT_17241,494.329
OUT_17242,371.634
OUT_17243,96.338
OUT_17244,152.124
OUT_17245,478.077
OUT_17246,442.349
OUT_17247,392.35
OUT_17248,392.493
OUT_17249,124.602
OUT_17250,435.633
OUT_17251,156.967
OUT_17252,148.131
OUT_17253,332.188
OUT_17254,163.179
OUT_17255,162.328
OUT_17256,124.569
OUT_17257,432.767
OUT_17258,150.576
OUT_17259,405.99
OUT_17260,390.54
OUT_17261,104.106
OUT_17262,143.535
OUT_17263,1091.739
OUT_17264,150.238
OUT_17265,136.798
OUT_17266,129.104
OUT_17267,206.287
OUT_17268,147.913
OUT_17269,434.336
OUT_17270,1231.159
OUT_17271,115.952
OUT_17272,439.641
OUT_17273,385.096
OUT_17274,185.848
OUT_17275,465.338
OUT_17276,381.991
OUT_17277,382.631
OUT_17278,138.425
OUT_17279,115.659
OUT_17280,2531.918
OUT_17281,161.324
OUT_17282,411.822
OUT_17283,154.36
OUT_17284,160.929
OUT_17285,380.198
OUT_17286,163.545
OUT_17287,133.942
OUT_17288,125.345
OUT_17289,394.24
OUT_17290,116.227
OUT_17291,140.38
OUT_17292,157.774
OUT_17293,369.843
OUT_17294,179.161
OUT_17295,150.275
OUT_17296,152.483
OUT_17297,144.154
OUT_17298,149.099
OUT_17299,115.856
OUT_17300,152.45
OUT_17301,1237.451
OUT_17302,374.265
OUT_17303,431.251
OUT_17304,1196.295
OUT_17305,439.256
OUT_17306,116.049
OUT_17307,421.147
OUT_17308,357.138
OUT_17309,153.344
OUT_17310,178.066
OUT_17311,134.11
OUT_17312,1238.512
OUT_17313,151.067
OUT_17314,1149.796
OUT_17315,1088.403
OUT_17316,112.348
OUT_17317,420.465
OUT_17318,1220.119
OUT_17319,138.766
OUT_17320,405.589
OUT_17321,1210.023
OUT_17322,443.054
OUT_17323,366.536
OUT_17324,1252.702
OUT_17325,459.01
OUT_17326,2625.836
OUT_17327,152.158
OUT_17328,424.469
OUT_17329,1219.987
OUT_17330,157.797
OUT_17331,120.918
OUT_17332,152.156
OUT_17333,160.714
OUT_17334,1132.316
OUT_17335,173.186
OUT_17336,164.474
OUT_17337,136.303
OUT_17338,362.283
OUT_17339,394.727
OUT_17340,161.506
OUT_17341,109.1
OUT_17342,411.345
OUT_17343,434.999
OUT_17344,132.723
OUT_17345,1202.656
OUT_17346,139.601
OUT_17347,158.043
OUT_17348,1295.513
OUT_17349,133.464
OUT_17350,1149.497
OUT_17351,157.649
OUT_17352,138.885
OUT_17353,145.084
OUT_17354,1148.593
OUT_17355,101.289
OUT_17356,140.363
OUT_17357,147.917
OUT_17358,146.058
OUT_17359,117.303
OUT_17360,143.487
OUT_17361,145.646
OUT_17362,440.972
OUT_17363,163.619
OUT_17364,423.144
OUT_17365,131.36
OUT_17366,1242.516
OUT_17367,155.069
OUT_17368,149.106
OUT_17369,133.267
OUT_17370,172.557
OUT_17371,2605.386
OUT_17372,1132.537
OUT_17373,439.738
OUT_17374,1252.077
OUT_17375,150.23
OUT_17376,171.09
OUT_17377,111.553
OUT_17378,1269.175
OUT_17379,122.258
OUT_17380,139.505
OUT_17381,147.866
OUT_17382,123.46
OUT_17383,172.254
OUT_17384,104.777
OUT_17385,400.828
OUT_17386,396.994
OUT_17387,176.534
OUT_17388,138.886
OUT_17389,2599.064
OUT_17390,125.413
OUT_17391,152.509
OUT_17392,1162.294
OUT_17393,126.179
OUT_17394,335.883
OUT_17395,122.832
OUT_17396,387.454
OUT_17397,396.094
OUT_17398,178.221
OUT_17399,157.958
OUT_17400,389.835
OUT_17401,170.721
OUT_17402,393.354
OUT_17403,392.605
OUT_17404,434.971
OUT_17405,1184.263
OUT_17406,106.969
OUT_17407,169.846
OUT_17408,1330.205
OUT_17409,134.605
OUT_17410,157.969
OUT_17411,150.075
OUT_17412,149.466
OUT_17413,436.451
OUT_17414,428.35
OUT_17415,385.681
OUT_17416,1207.01
OUT_17417,101.088
OUT_17418,454.839
OUT_17419,414.746
OUT_17420,420.695
OUT_17421,156.773
OUT_17422,1240.193
OUT_17423,1248.193
OUT_17424,2449.773
OUT_17425,2690.685
OUT_17426,165.733
OUT_17427,219.43
OUT_17428,156.103
OUT_17429,136.774
OUT_17430,1144.122
OUT_17431,186.916
OUT_17432,397.832
OUT_17433,1208.633
OUT_17434,141.782
OUT_17435,1260.548
OUT_17436,1173.409
OUT_17437,2584.843
OUT_17438,139.97
OUT_17439,129.458
OUT_17440,1253.18
OUT_17441,231.883
OUT_17442,120.63
OUT_17443,384.612
OUT_17444,124.129
OUT_17445,138.221
OUT_17446,341.28
OUT_17447,1136.994
OUT_17448,160.018
OUT_17449,159.39
OUT_17450,404.365
OUT_17451,397.166
OUT_17452,218.439
OUT_17453,419.085
OUT_17454,142.381
OUT_17455,165.156
OUT_17456,161.915
OUT_17457,1208.783
OUT_17458,160.478
OUT_17459,1197.279
OUT_17460,410.477
OUT_17461,151.374
OUT_17462,128.127
OUT_17463,327.693
OUT_17464,424.404
OUT_17465,151.839
OUT_17466,138.174
OUT_17467,174.778
OUT_17468,434.191
OUT_17469,157.657
OUT_17470,160.336
OUT_17471,399.197
OUT_17472,157.024
OUT_17473,424.287
OUT_17474,1286.862
OUT_17475,165.564
OUT_17476,375.842
OUT_17477,1190.069
OUT_17478,1232.167
OUT_17479,148.328
OUT_17480,147.086
OUT_17481,139.448
OUT_17482,147.491
OUT_17483,395.877
OUT_17484,436.353
OUT_17485,157.239
OUT_17486,182.049
OUT_17487,155.318
OUT_17488,159.683
OUT_17489,167.315
OUT_17490,152.208
OUT_17491,333.104
OUT_17492,1183.768
OUT_17493,131.51
OUT_17494,1163.968
OUT_17495,1318.618
OUT_17496,146.915
OUT_17497,105.383
OUT_17498,131.334
OUT_17499,140.114
OUT_17500,495.065
OUT_17501,372.671
OUT_17502,426.487
OUT_17503,129.292
OUT_17504,104.702
OUT_17505,161.191
OUT_17506,1054.727
OUT_17507,113.038
OUT_17508,1137.175
OUT_17509,98.414
OUT_17510,135.285
OUT_17511,136.142
OUT_17512,172.477
OUT_17513,129.671
OUT_17514,130.62
OUT_17515,131.793
OUT_17516,400.764
OUT_17517,155.321
OUT_17518,133.426
OUT_17519,380.312
OUT_17520,332.647
OUT_17521,368.33
OUT_17522,1258.766
OUT_17523,171.662
OUT_17524,1191.738
OUT_17525,144.917
OUT_17526,413.651
OUT_17527,392.041
OUT_17528,369.453
OUT_17529,151.888
OUT_17530,1206.151
OUT_17531,156.769
OUT_17532,1208.011
OUT_17533,121.782
OUT_17534,153.697
OUT_17535,410.587
OUT_17536,153.098
OUT_17537,132.448
OUT_17538,445.875
OUT_17539,144.123
OUT_17540,1261.14
OUT_17541,141.247
OUT_17542,368.728
OUT_17543,145.994
OUT_17544,158.822
OUT_17545,133.642
OUT_17546,152.041
OUT_17547,90.686
OUT_17548,145.135
OUT_17549,2600.296
OUT_17550,328.647
OUT_17551,130.39
OUT_17552,148.724
OUT_17553,187.49
OUT_17554,369.799
OUT_17555,137.546
OUT_17556,384.11
OUT_17557,138.4
OUT_17558,145.825
OUT_17559,416.966
OUT_17560,152.437
OUT_17561,135.388
OUT_17562,175.166
OUT_17563,145.187
OUT_17564,158.071
OUT_17565,138.512
OUT_17566,458.176
OUT_17567,394.602
OUT_17568,408.662
OUT_17569,166.467
OUT_17570,160.262
OUT_17571,133.411
OUT_17572,418.045
OUT_17573,158.198
OUT_17574,1290.863
OUT_17575,125.562
OUT_17576,159.738
OUT_17577,416.274
OUT_17578,139.517
OUT_17579,301.328
OUT_17580,145.111
OUT_17581,1244.795
OUT_17582,135.098
OUT_17583,444.857
OUT_17584,1299.319
OUT_17585,1259.879
OUT_17586,159.707
OUT_17587,362.666
OUT_17588,133.198
OUT_17589,395.85
OUT_17590,173.745
OUT_17591,139.673
OUT_17592,102.371
OUT_17593,130.208
OUT_17594,163.746
OUT_17595,162.097
OUT_17596,1188.711
OUT_17597,189.582
OUT_17598,2637.752
OUT_17599,141.14
OUT_17600,182.864
OUT_17601,1289.588
OUT_17602,1202.081
OUT_17603,433.979
OUT_17604,1223.551
OUT_17605,355.196
OUT_17606,2581.034
OUT_17607,1193.846
OUT_17608,132.925
OUT_17609,163.914
OUT_17610,824.219
OUT_17611,158.711
OUT_17612,163.845
OUT_17613,362.819
OUT_17614,384.157
OUT_17615,392.865
OUT_17616,107.597
OUT_17617,157.15
OUT_17618,2456.662
OUT_17619,437.027
OUT_17620,143.233
OUT_17621,1187.879
OUT_17622,1231.856
OUT_17623,164.877
OUT_17624,376.447
OUT_17625,449.269
OUT_17626,134.57
OUT_17627,161.574
OUT_17628,125.291
OUT_17629,1218.021
OUT_17630,384.257
OUT_17631,106.261
OUT_17632,352.815
OUT_17633,168.111
OUT_17634,152.023
OUT_17635,155.622
OUT_17636,1209.766
OUT_17637,105.777
OUT_17638,127.238
OUT_17639,134.384
OUT_17640,275.61
OUT_17641,145.471
OUT_17642,144.686
OUT_17643,106.153
OUT_17644,154.854
OUT_17645,384.175
OUT_17646,1154.487
OUT_17647,144.687
OUT_17648,100.063
OUT_17649,135.359
OUT_17650,195.737
OUT_17651,1287.046
OUT_17652,2511.532
OUT_17653,428.006
OUT_17654,394.364
OUT_17655,168.355
OUT_17656,1162.17
OUT_17657,156.364
OUT_17658,136.531
OUT_17659,438.847
OUT_17660,1191.93
OUT_17661,1227.369
OUT_17662,1224.585
OUT_17663,156.13
OUT_17664,1140.264
OUT_17665,131.53
OUT_17666,168.292
OUT_17667,1176.834
OUT_17668,1246.021
OUT_17669,173.415
OUT_17670,161.555
OUT_17671,373.172
OUT_17672,156.388
OUT_17673,1292.189
OUT_17674,182.465
OUT_17675,365.556
OUT_17676,435.145
OUT_17677,1201.791
OUT_17678,190.869
OUT_17679,393.853
OUT_17680,154.965
OUT_17681,125.655
OUT_17682,155.553
OUT_17683,414.533
OUT_17684,138.41
OUT_17685,339.951
OUT_17686,170.059
OUT_17687,2746.279
OUT_17688,456.693
OUT_17689,182.535
OUT_17690,108.653
OUT_17691,147.194
OUT_17692,160.862
OUT_17693,156.352
OUT_17694,1489.529
OUT_17695,128.644
OUT_17696,498.83
OUT_17697,295.188
OUT_17698,2752.794
OUT_17699,360.19
OUT_17700,139.456
OUT_17701,152.442
OUT_17702,142.977
OUT_17703,357.288
OUT_17704,158.253
OUT_17705,144.094
OUT_17706,96.894
OUT_17707,1258.905
OUT_17708,143.384
OUT_17709,456.79
OUT_17710,137.258
OUT_17711,135.453
OUT_17712,126.777
OUT_17713,152.067
OUT_17714,143.996
OUT_17715,132.905
OUT_17716,131.474
OUT_17717,1166.094
OUT_17718,1157.504
OUT_17719,164.398
OUT_17720,388.487
OUT_17721,322.288
OUT_17722,143.999
OUT_17723,150.912
OUT_17724,150.955
OUT_17725,137.182
OUT_17726,2582.816
OUT_17727,369.217
OUT_17728,130.755
OUT_17729,363.928
OUT_17730,133.347
OUT_17731,183.317
OUT_17732,393.922
OUT_17733,150.765
OUT_17734,143.514
OUT_17735,425.142
OUT_17736,1207.175
OUT_17737,1195.376
OUT_17738,1225.096
OUT_17739,1207.116
OUT_17740,456.735
OUT_17741,416.987
OUT_17742,383.888
OUT_17743,129.662
OUT_17744,333.442
OUT_17745,114.545
OUT_17746,159.081
OUT_17747,151.943
OUT_17748,170.058
OUT_17749,171.354
OUT_17750,178.236
OUT_17751,137.282
OUT_17752,1277.593
OUT_17753,394.551
OUT_17754,2595.315
OUT_17755,407.669
OUT_17756,400.982
OUT_17757,162.885
OUT_17758,198.333
OUT_17759,99.136
OUT_17760,147.643
OUT_17761,1116.562
OUT_17762,357.045
OUT_17763,415.171
OUT_17764,402.555
OUT_17765,140.474
OUT_17766,179.376
OUT_17767,113.524
OUT_17768,152.608
OUT_17769,2548.66
OUT_17770,1235.587
OUT_17771,373.507
OUT_17772,148.165
OUT_17773,160.46
OUT_17774,139.567
OUT_17775,398.022
OUT_17776,1164.24
OUT_17777,389.091
OUT_17778,1327.544
OUT_17779,111.651
OUT_17780,351.472
OUT_17781,153.199
OUT_17782,429.174
OUT_17783,1214.529
OUT_17784,146.184
OUT_17785,228.427
OUT_17786,336.241
OUT_17787,165.528
OUT_17788,146.473
OUT_17789,182.888
OUT_17790,154.293
OUT_17791,1218.925
OUT_17792,377.448
OUT_17793,137.861
OUT_17794,165.18
OUT_17795,166.22
OUT_17796,179.005
OUT_17797,130.548
OUT_17798,143.067
OUT_17799,138.166
OUT_17800,1244.734
OUT_17801,361.419
OUT_17802,439.67
OUT_17803,152.45
OUT_17804,158.181
OUT_17805,2710.481
OUT_17806,130.069
OUT_17807,85.92
OUT_17808,335.129
OUT_17809,410.457
OUT_17810,138.927
OUT_17811,406.357
OUT_17812,130.223
OUT_17813,127.291
OUT_17814,149.945
OUT_17815,1241.824
OUT_17816,159.508
OUT_17817,160.309
OUT_17818,1172.124
OUT_17819,151.251
OUT_17820,1173.141
OUT_17821,130.132
OUT_17822,115.181
OUT_17823,140.665
OUT_17824,423.973
OUT_17825,128.319
OUT_17826,430.878
OUT_17827,1226.785
OUT_17828,169.771
OUT_17829,131.559
OUT_17830,1176.579
OUT_17831,1265.795
OUT_17832,169.357
OUT_17833,144.833
OUT_17834,327.825
OUT_17835,424.175
OUT_17836,2641.522
OUT_17837,151.87
OUT_17838,1157.719
OUT_17839,1160.151
OUT_17840,112.357
OUT_17841,138.666
OUT_17842,143.361
OUT_17843,2540.749
OUT_17844,367.799
OUT_17845,1261.652
OUT_17846,390.212
OUT_17847,387.384
OUT_17848,207.875
OUT_17849,372.286
OUT_17850,155.204
OUT_17851,389.555
OUT_17852,397.483
OUT_17853,417.209
OUT_17854,2647.214
OUT_17855,1225.29
OUT_17856,1193.912
OUT_17857,154.689
OUT_17858,402.737
OUT_17859,348.94
OUT_17860,117.254
OUT_17861,143.05
OUT_17862,166.44
OUT_17863,163.731
OUT_17864,151.763
OUT_17865,152.898
OUT_17866,160.367
OUT_17867,417.337
OUT_17868,144.213
OUT_17869,392.708
OUT_17870,133.841
OUT_17871,392.474
OUT_17872,142.31
OUT_17873,157.985
OUT_17874,155.196
OUT_17875,451.902
OUT_17876,392.592
OUT_17877,95.752
OUT_17878,384.604
OUT_17879,138.907
OUT_17880,2464.416
OUT_17881,153.844
OUT_17882,380.003
OUT_17883,436.261
OUT_17884,1190.36
OUT_17885,162.684
OUT_17886,419.833
OUT_17887,143.356
OUT_17888,128.415
OUT_17889,408.757
OUT_17890,152.888
OUT_17891,1199.44
OUT_17892,142.398
OUT_17893,161.155
OUT_17894,99.58
OUT_17895,134.555
OUT_17896,142.141
OUT_17897,130.985
OUT_17898,79.992
OUT_17899,423.871
OUT_17900,133.475
OUT_17901,144.585
OUT_17902,1154.952
OUT_17903,152.146
OUT_17904,138.943
OUT_17905,114.285
OUT_17906,1282.737
OUT_17907,428.186
OUT_17908,134.071
OUT_17909,111.209
OUT_17910,2635.236
OUT_17911,149.7
OUT_17912,369.254
OUT_17913,120.805
OUT_17914,142.119
OUT_17915,158.515
OUT_17916,112.634
OUT_17917,154.93
OUT_17918,1177.017
OUT_17919,132.506
OUT_17920,158.9
OUT_17921,116.009
OUT_17922,154.714
OUT_17923,2629.304
OUT_17924,143.471
OUT_17925,91.71
OUT_17926,381.077
OUT_17927,406.908
OUT_17928,167.421
OUT_17929,132.138
OUT_17930,174.894
OUT_17931,132.807
OUT_17932,144.061
OUT_17933,1086.843
OUT_17934,434.608
OUT_17935,373.585
OUT_17936,1227.466
OUT_17937,397.632
OUT_17938,130.846
OUT_17939,157.835
OUT_17940,150.505
OUT_17941,142.671
OUT_17942,169.138
OUT_17943,170.46
OUT_17944,1314.257
OUT_17945,126.572
OUT_17946,149.285
OUT_17947,1194.653
OUT_17948,129.071
OUT_17949,166.146
OUT_17950,135.344
OUT_17951,153.092
OUT_17952,135.294
OUT_17953,125.289
OUT_17954,165.791
OUT_17955,1338.408
OUT_17956,365.771
OUT_17957,432.328
OUT_17958,162.935
OUT_17959,134.784
OUT_17960,162.37
OUT_17961,142.592
OUT_17962,146.416
OUT_17963,416.732
OUT_17964,348.579
OUT_17965,131.03
OUT_17966,168.221
OUT_17967,1204.927
OUT_17968,159.125
OUT_17969,145.879
OUT_17970,132.513
OUT_17971,118.647
OUT_17972,458.642
OUT_17973,1225.523
OUT_17974,156.882
OUT_17975,1283.804
OUT_17976,179.42
OUT_17977,113.466
OUT_17978,172.158
OUT_17979,1072.701
OUT_17980,162.709
OUT_17981,139.262
OUT_17982,135.185
OUT_17983,2557.586
OUT_17984,99.879
OUT_17985,70.917
OUT_17986,1179.751
OUT_17987,1294.311
OUT_17988,1181.973
OUT_17989,2413.828
OUT_17990,142.212
OUT_17991,335.183
OUT_17992,154.95
OUT_17993,152.43
OUT_17994,425.188
OUT_17995,1258.595
OUT_17996,148.751
OUT_17997,155.28
OUT_17998,134.217
OUT_17999,176.317
OUT_18000,156.245
OUT_18001,131.505
OUT_18002,150.444
OUT_18003,128.312
OUT_18004,423.849
OUT_18005,129.432
OUT_18006,1126.84
OUT_18007,157.748
OUT_18008,173.734
OUT_18009,140.055
OUT_18010,214.998
OUT_18011,1162.231
OUT_18012,1229.024
OUT_18013,157.613
OUT_18014,182.371
OUT_18015,402.141
OUT_18016,144.823
OUT_18017,1295.283
OUT_18018,1101.62
OUT_18019,154.165
OUT_18020,460.338
OUT_18021,149.203
OUT_18022,2561.845
OUT_18023,2579.31
OUT_18024,139.123
OUT_18025,406.708
OUT_18026,412.946
OUT_18027,423.133
OUT_18028,419.427
OUT_18029,2512.513
OUT_18030,133.487
OUT_18031,407.284
OUT_18032,133.182
OUT_18033,373.805
OUT_18034,361.457
OUT_18035,1237.018
OUT_18036,1395.049
OUT_18037,166.102
OUT_18038,154.694
OUT_18039,111.727
OUT_18040,419.935
OUT_18041,140.52
OUT_18042,169.619
OUT_18043,184.835
OUT_18044,392.909
OUT_18045,431.213
OUT_18046,359.867
OUT_18047,132.71
OUT_18048,146.284
OUT_18049,143.794
OUT_18050,1250.414
OUT_18051,316.564
OUT_18052,154.544
OUT_18053,391.841
OUT_18054,135.377
OUT_18055,2555.216
OUT_18056,115.733
OUT_18057,176.184
OUT_18058,480.837
OUT_18059,114.885
OUT_18060,1095.115
OUT_18061,418.616
OUT_18062,352.93
OUT_18063,156.476
OUT_18064,118.812
OUT_18065,160.616
OUT_18066,81.406
OUT_18067,412.833
OUT_18068,448.951
OUT_18069,183.419
OUT_18070,115.697
OUT_18071,2530.812
OUT_18072,1188.669
OUT_18073,381.419
OUT_18074,158.507
OUT_18075,384.743
OUT_18076,157.374
OUT_18077,113.559
OUT_18078,432.029
OUT_18079,168.141
OUT_18080,76.817
OUT_18081,148.682
OUT_18082,166.073
OUT_18083,151.306
OUT_18084,141.534
OUT_18085,385.99
OUT_18086,1318.52
OUT_18087,431.302
OUT_18088,136.257
OUT_18089,147.534
OUT_18090,322.82
OUT_18091,420.57
OUT_18092,365.783
OUT_18093,342.098
OUT_18094,420.167
OUT_18095,478.915
OUT_18096,130.554
OUT_18097,149.073
OUT_18098,160.529
OUT_18099,1261.68
OUT_18100,467.996
OUT_18101,130.077
OUT_18102,459.784
OUT_18103,146.032
OUT_18104,482.738
OUT_18105,176.091
OUT_18106,445.136
OUT_18107,143.761
OUT_18108,406.476
OUT_18109,122.452
OUT_18110,1119.8
OUT_18111,134.43
OUT_18112,144.044
OUT_18113,136.188
OUT_18114,169.981
OUT_18115,110.263
OUT_18116,128.875
OUT_18117,368.039
OUT_18118,116.577
OUT_18119,95.912
OUT_18120,158.969
OUT_18121,169.865
OUT_18122,143.103
OUT_18123,411.589
OUT_18124,149.613
OUT_18125,2568.172
OUT_18126,152.499
OUT_18127,141.573
OUT_18128,2610.133
OUT_18129,160.254
OUT_18130,1233.811
OUT_18131,383.875
OUT_18132,166.175
OUT_18133,136.262
OUT_18134,156.54
OUT_18135,168.19
OUT_18136,339.986
OUT_18137,130.884
OUT_18138,161.905
OUT_18139,121.886
OUT_18140,157.292
OUT_18141,1191.96
OUT_18142,141.374
OUT_18143,103.917
OUT_18144,430.045
OUT_18145,400.13
OUT_18146,455.715
OUT_18147,144.429
OUT_18148,129.525
OUT_18149,1239.194
OUT_18150,1213.167
OUT_18151,138.265
OUT_18152,376.56
OUT_18153,331.746
OUT_18154,444.352
OUT_18155,429.136
OUT_18156,455.884
OUT_18157,1250.651
OUT_18158,1229.353
OUT_18159,100.223
OUT_18160,1215.369
OUT_18161,131.144
OUT_18162,139.219
OUT_18163,1168.662
OUT_18164,130.551
OUT_18165,138.399
OUT_18166,2582.713
OUT_18167,1268.157
OUT_18168,118.399
OUT_18169,176.602
OUT_18170,1219.484
OUT_18171,104.362
OUT_18172,1324.035
OUT_18173,347.961
OUT_18174,388.332
OUT_18175,370.454
OUT_18176,128.452
OUT_18177,105.16
OUT_18178,150.831
OUT_18179,405.695
OUT_18180,162.761
OUT_18181,123.429
OUT_18182,160.06
OUT_18183,455.372
OUT_18184,145.631
OUT_18185,450.862
OUT_18186,340.686
OUT_18187,1234.379
OUT_18188,148.46
OUT_18189,393.926
OUT_18190,148.061
OUT_18191,1272.617
OUT_18192,403.222
OUT_18193,156.731
OUT_18194,442.037
OUT_18195,424.31
OUT_18196,153.489
OUT_18197,152.057
OUT_18198,110.314
OUT_18199,140.78
OUT_18200,456.8
OUT_18201,164.696
OUT_18202,393.527
OUT_18203,1119.986
OUT_18204,409.77
OUT_18205,136.211
OUT_18206,146.993
OUT_18207,1195.265
OUT_18208,367.999
OUT_18209,2448.212
OUT_18210,1259.525
OUT_18211,360.573
OUT_18212,149.993
OUT_18213,134.71
OUT_18214,147.652
OUT_18215,346.121
OUT_18216,396.252
OUT_18217,379.761
OUT_18218,1313.437
OUT_18219,161.927
OUT_18220,1175.266
OUT_18221,382.734
OUT_18222,387.701
OUT_18223,1237.184
OUT_18224,393.57
OUT_18225,157.981
OUT_18226,1196.871
OUT_18227,420.21
OUT_18228,147.401
OUT_18229,147.779
OUT_18230,156.202
OUT_18231,158.307
OUT_18232,115.61
OUT_18233,85.325
OUT_18234,1163.904
OUT_18235,146.89
OUT_18236,159.939
OUT_18237,131.363
OUT_18238,163.189
OUT_18239,130.259
OUT_18240,1100.474
OUT_18241,2475.359
OUT_18242,1268.222
OUT_18243,156.349
OUT_18244,157.024
OUT_18245,407.155
OUT_18246,406.695
OUT_18247,150.725
OUT_18248,414.769
OUT_18249,381.032
OUT_18250,202.084
OUT_18251,155.246
OUT_18252,179.467
OUT_18253,147.629
OUT_18254,1172.664
OUT_18255,111.24
OUT_18256,179.16
OUT_18257,1293.328
OUT_18258,142.404
OUT_18259,154.082
OUT_18260,156.912
OUT_18261,120.067
OUT_18262,108.236
OUT_18263,1152.738
OUT_18264,1210.819
OUT_18265,462.888
OUT_18266,155.584
OUT_18267,1236.248
OUT_18268,123.028
OUT_18269,129.366
OUT_18270,149.89
OUT_18271,140.196
OUT_18272,81.292
OUT_18273,152.017
OUT_18274,416.509
OUT_18275,1178.038
OUT_18276,149.673
OUT_18277,155.118
OUT_18278,146.768
OUT_18279,2664.049
OUT_18280,110.927
OUT_18281,379.808
OUT_18282,114.075
OUT_18283,177.157
OUT_18284,150.396
OUT_18285,354.738
OUT_18286,1163.555
OUT_18287,368.726
OUT_18288,166.014
OUT_18289,395.926
OUT_18290,1198.259
OUT_18291,1146.511
OUT_18292,114.164
OUT_18293,1201.239
OUT_18294,125.543
OUT_18295,160.441
OUT_18296,1218.804
OUT_18297,424.83
OUT_18298,157.101
OUT_18299,374.638
OUT_18300,400.137
OUT_18301,155.855
OUT_18302,126.736
OUT_18303,158.989
OUT_18304,158.65
OUT_18305,1283.794
OUT_18306,453.417
OUT_18307,137.297
OUT_18308,347.934
OUT_18309,455.899
OUT_18310,412.821
OUT_18311,107.939
OUT_18312,145.661
OUT_18313,409.493
OUT_18314,1194.615
OUT_18315,77.379
OUT_18316,87.609
OUT_18317,370.348
OUT_18318,108.542
OUT_18319,375.265
OUT_18320,152.281
OUT_18321,1184.023
OUT_18322,369.904
OUT_18323,397.938
OUT_18324,441.765
OUT_18325,134.654
OUT_18326,139.751
OUT_18327,165.833
OUT_18328,126.925
OUT_18329,169.944
OUT_18330,1228.128
OUT_18331,1171.277
OUT_18332,136.369
OUT_18333,135.329
OUT_18334,1137.799
OUT_18335,437.966
OUT_18336,156.966
OUT_18337,1139.992
OUT_18338,2525.707
OUT_18339,410.453
OUT_18340,175.165
OUT_18341,462.562
OUT_18342,448.939
OUT_18343,423.869
OUT_18344,124.391
OUT_18345,166.759
OUT_18346,361.479
OUT_18347,145.868
OUT_18348,159.66
OUT_18349,150.281
OUT_18350,147.186
OUT_18351,140.941
OUT_18352,2855.547
OUT_18353,91.534
OUT_18354,419.814
OUT_18355,64.028
OUT_18356,136.201
OUT_18357,121.251
OUT_18358,1175.205
OUT_18359,133.575
OUT_18360,134.336
OUT_18361,387.614
OUT_18362,413.19
OUT_18363,362.17
OUT_18364,129.998
OUT_18365,405.958
OUT_18366,400.534
OUT_18367,138.027
OUT_18368,1242.847
OUT_18369,457.357
OUT_18370,144.311
OUT_18371,151.736
OUT_18372,156.287
OUT_18373,105.732
OUT_18374,154.599
OUT_18375,93.885
OUT_18376,138.035
OUT_18377,2635.571
OUT_18378,424.626
OUT_18379,156.262
OUT_18380,493.594
OUT_18381,122.19
OUT_18382,1119.39
OUT_18383,1242.758
OUT_18384,130.564
OUT_18385,128.941
OUT_18386,137.128
OUT_18387,1348.342
OUT_18388,121.801
OUT_18389,111.326
OUT_18390,131.071
OUT_18391,402.609
OUT_18392,1269.892
OUT_18393,187.551
OUT_18394,417.625
OUT_18395,188.303
OUT_18396,150.105
OUT_18397,128.151
OUT_18398,1217.466
OUT_18399,417.935
OUT_18400,162.387
OUT_18401,136.542
OUT_18402,121.745
OUT_18403,481.238
OUT_18404,161.278
OUT_18405,311.525
OUT_18406,161.025
OUT_18407,1244.217
OUT_18408,2510.386
OUT_18409,394.549
OUT_18410,399.029
OUT_18411,320.588
OUT_18412,170.587
OUT_18413,1221.895
OUT_18414,451.35
OUT_18415,128.409
OUT_18416,470.084
OUT_18417,157.269
OUT_18418,149.276
OUT_18419,158.877
OUT_18420,418.05
OUT_18421,384.352
OUT_18422,385.825
OUT_18423,159.256
OUT_18424,149.61
OUT_18425,374.063
OUT_18426,148.816
OUT_18427,433.617
OUT_18428,137.375
OUT_18429,387.173
OUT_18430,118.046
OUT_18431,429.706
OUT_18432,143.352
OUT_18433,133.887
OUT_18434,179.178
OUT_18435,156.609
OUT_18436,186.874
OUT_18437,128.213
OUT_18438,113.809
OUT_18439,458.796
OUT_18440,1506.791
OUT_18441,165.756
OUT_18442,125.425
OUT_18443,220.966
OUT_18444,366.602
OUT_18445,160.137
OUT_18446,442.805
OUT_18447,1218.681
OUT_18448,109.364
OUT_18449,410.984
OUT_18450,141.1
OUT_18451,137.341
OUT_18452,2565.941
OUT_18453,144.571
OUT_18454,1236.086
OUT_18455,168.824
OUT_18456,132.856
OUT_18457,128.232
OUT_18458,167.398
OUT_18459,415.205
OUT_18460,139.866
OUT_18461,380.261
OUT_18462,130.31
OUT_18463,160.829
OUT_18464,156.477
OUT_18465,139.414
OUT_18466,144.328
OUT_18467,139.543
OUT_18468,2523.311
OUT_18469,363.838
OUT_18470,131.398
OUT_18471,155.467
OUT_18472,131.276
OUT_18473,1126.602
OUT_18474,148.026
OUT_18475,155.641
OUT_18476,341.78
OUT_18477,2455.439
OUT_18478,124.808
OUT_18479,2667.608
OUT_18480,141.819
OUT_18481,1298.266
OUT_18482,425.142
OUT_18483,131.765
OUT_18484,148.787
OUT_18485,446.311
OUT_18486,1249.267
OUT_18487,142.623
OUT_18488,186.219
OUT_18489,153.925
OUT_18490,110.031
OUT_18491,1249.834
OUT_18492,170.329
OUT_18493,133.264
OUT_18494,135.165
OUT_18495,165.935
OUT_18496,181.588
OUT_18497,426.677
OUT_18498,136.495
OUT_18499,159.503
OUT_18500,182.144
OUT_18501,2632.319
OUT_18502,1237.113
OUT_18503,99.035
OUT_18504,1266.724
OUT_18505,349.217
OUT_18506,377.919
OUT_18507,1141.278
OUT_18508,377.35
OUT_18509,137.565
OUT_18510,166.384
OUT_18511,2611.073
OUT_18512,158.249
OUT_18513,125.072
OUT_18514,148.864
OUT_18515,145.356
OUT_18516,152.825
OUT_18517,161.248
OUT_18518,469.136
OUT_18519,229.976
OUT_18520,164.065
OUT_18521,398.857
OUT_18522,1211.167
OUT_18523,1219.87
OUT_18524,451.286
OUT_18525,109.532
OUT_18526,163.015
OUT_18527,487.362
OUT_18528,163.605
OUT_18529,152.378
OUT_18530,142.773
OUT_18531,351.16
OUT_18532,1201.483
OUT_18533,109.709
OUT_18534,161.528
OUT_18535,164.208
OUT_18536,136.816
OUT_18537,1183.072
OUT_18538,422.504
OUT_18539,411.058
OUT_18540,123.711
OUT_18541,366.87
OUT_18542,1128.384
OUT_18543,120.664
OUT_18544,140.722
OUT_18545,1186.118
OUT_18546,405.213
OUT_18547,400.117
OUT_18548,452.906
OUT_18549,410.293
OUT_18550,150.85
OUT_18551,112.131
OUT_18552,139.322
OUT_18553,169.866
OUT_18554,454.841
OUT_18555,388.296
OUT_18556,1168.138
OUT_18557,159.72
OUT_18558,93.867
OUT_18559,299.677
OUT_18560,141.416
OUT_18561,146.529
OUT_18562,426.965
OUT_18563,166.478
OUT_18564,128.508
OUT_18565,142.328
OUT_18566,145.283
OUT_18567,369.728
OUT_18568,133.274
OUT_18569,425.447
OUT_18570,142.12
OUT_18571,70.42
OUT_18572,1243.024
OUT_18573,439.104
OUT_18574,149.402
OUT_18575,361.242
OUT_18576,454.996
OUT_18577,333.508
OUT_18578,325.422
OUT_18579,315.49
OUT_18580,171.379
OUT_18581,424.493
OUT_18582,455.424
OUT_18583,152.558
OUT_18584,350.077
OUT_18585,145.439
OUT_18586,109.075
OUT_18587,406.421
OUT_18588,85.3
OUT_18589,1242.24
OUT_18590,130.712
OUT_18591,147.565
OUT_18592,132.788
OUT_18593,411.203
OUT_18594,112.032
OUT_18595,179.549
OUT_18596,158.488
OUT_18597,406.775
OUT_18598,156.419
OUT_18599,126.051
OUT_18600,184.981
OUT_18601,166.323
OUT_18602,460.602
OUT_18603,172.545
OUT_18604,1224.375
OUT_18605,169.021
OUT_18606,127.355
OUT_18607,1182.725
OUT_18608,353.468
OUT_18609,159.442
OUT_18610,134.415
OUT_18611,420.659
OUT_18612,180.428
OUT_18613,165.354
OUT_18614,1127.479
OUT_18615,132.961
OUT_18616,123.787
OUT_18617,465.973
OUT_18618,164.978
OUT_18619,372.369
OUT_18620,146.845
OUT_18621,173.553
OUT_18622,367.59
OUT_18623,1418.333
OUT_18624,125.549
OUT_18625,167.031
OUT_18626,364.085
OUT_18627,398.737
OUT_18628,379.291
OUT_18629,160.099
OUT_18630,1170.7
OUT_18631,1118.847
OUT_18632,363.19
OUT_18633,164.892
OUT_18634,140.266
OUT_18635,440.602
OUT_18636,450.752
OUT_18637,1260.104
OUT_18638,150.218
OUT_18639,152.736
OUT_18640,116.51
OUT_18641,416.113
OUT_18642,145.65
OUT_18643,152.185
OUT_18644,164.574
OUT_18645,156.344
OUT_18646,370.144
OUT_18647,443.328
OUT_18648,1312.742
OUT_18649,355.576
OUT_18650,161.975
OUT_18651,153.497
OUT_18652,430.707
OUT_18653,74.037
OUT_18654,168.444
OUT_18655,166.458
OUT_18656,170.396
OUT_18657,147.293
OUT_18658,281.532
OUT_18659,1220.241
OUT_18660,1290.243
OUT_18661,130.442
OUT_18662,390.677
OUT_18663,330.304
OUT_18664,134.332
OUT_18665,165.776
OUT_18666,167.81
OUT_18667,1128.947
OUT_18668,459.193
OUT_18669,408.984
OUT_18670,395.892
OUT_18671,2606.457
OUT_18672,156.689
OUT_18673,95.151
OUT_18674,1166.843
OUT_18675,1215.831
OUT_18676,404.616
OUT_18677,135.388
OUT_18678,362.181
OUT_18679,387.402
OUT_18680,521.332
OUT_18681,154.889
OUT_18682,2677.677
OUT_18683,140.857
OUT_18684,1210.823
OUT_18685,143.331
OUT_18686,132.076
OUT_18687,156.381
OUT_18688,412.875
OUT_18689,1167.528
OUT_18690,134.711
OUT_18691,145.002
OUT_18692,161.843
OUT_18693,394.895
OUT_18694,95.959
OUT_18695,113.138
OUT_18696,409.971
OUT_18697,141.44
OUT_18698,118.452
OUT_18699,118.872
OUT_18700,444.64
OUT_18701,1216.457
OUT_18702,358.506
OUT_18703,417.208
OUT_18704,150.691
OUT_18705,119.853
OUT_18706,139.511
OUT_18707,1189.218
OUT_18708,137.731
OUT_18709,165.139
OUT_18710,129.738
OUT_18711,144.686
OUT_18712,448.867
OUT_18713,148.019
OUT_18714,1177.195
OUT_18715,1219.299
OUT_18716,127.908
OUT_18717,134.067
OUT_18718,128.949
OUT_18719,420.429
OUT_18720,179.48
OUT_18721,132.574
OUT_18722,136.058
OUT_18723,166.834
OUT_18724,147.125
OUT_18725,107.204
OUT_18726,173.899
OUT_18727,464.52
OUT_18728,361.57
OUT_18729,434.532
OUT_18730,144.744
OUT_18731,150.936
OUT_18732,1276.227
OUT_18733,141.74
OUT_18734,127.941
OUT_18735,427.075
OUT_18736,429.136
OUT_18737,2681.508
OUT_18738,2718.464
OUT_18739,421.213
OUT_18740,1189.706
OUT_18741,386.119
OUT_18742,93.705
OUT_18743,144.627
OUT_18744,122.266
OUT_18745,1196.347
OUT_18746,96.811
OUT_18747,148.111
OUT_18748,382.941
OUT_18749,156.618
OUT_18750,116.76
OUT_18751,1124.403
OUT_18752,169.868
OUT_18753,149.118
OUT_18754,1183.336
OUT_18755,398.245
OUT_18756,141.739
OUT_18757,108.391
OUT_18758,154.647
OUT_18759,148.686
OUT_18760,146.827
OUT_18761,1459.628
OUT_18762,355.233
OUT_18763,137.306
OUT_18764,135.336
OUT_18765,267.589
OUT_18766,402.73
OUT_18767,1229.036
OUT_18768,1213.241
OUT_18769,144.741
OUT_18770,118.934
OUT_18771,167.536
OUT_18772,1221.722
OUT_18773,181.807
OUT_18774,418.304
OUT_18775,408.449
OUT_18776,148.672
OUT_18777,450.207
OUT_18778,151.837
OUT_18779,407.639
OUT_18780,136.639
OUT_18781,414.921
OUT_18782,531.931
OUT_18783,172.577
OUT_18784,156.732
OUT_18785,154.767
OUT_18786,100.043
OUT_18787,136.194
OUT_18788,2522.22
OUT_18789,367.868
OUT_18790,419.828
OUT_18791,1260.38
OUT_18792,176.265
OUT_18793,2537.958
OUT_18794,159.933
OUT_18795,439.086
OUT_18796,2712.333
OUT_18797,124.911
OUT_18798,163.591
OUT_18799,447.881
OUT_18800,448.106
OUT_18801,364.06
OUT_18802,2624.127
OUT_18803,155.988
OUT_18804,126.712
OUT_18805,2540.366
OUT_18806,133.615
OUT_18807,128.287
OUT_18808,111.195
OUT_18809,122.45
OUT_18810,174.756
OUT_18811,162.72
OUT_18812,154.066
OUT_18813,128.964
OUT_18814,376.429
OUT_18815,1343.265
OUT_18816,150.538
OUT_18817,137.105
OUT_18818,121.22
OUT_18819,1178.209
OUT_18820,152.446
OUT_18821,441.863
OUT_18822,167.31
OUT_18823,443.648
OUT_18824,164.731
OUT_18825,1287.427
OUT_18826,398.451
OUT_18827,2504.715
OUT_18828,138.023
OUT_18829,338.038
OUT_18830,166.239
OUT_18831,170.137
OUT_18832,481.052
OUT_18833,435.371
OUT_18834,119.573
OUT_18835,1217.358
OUT_18836,130.523
OUT_18837,139.17
OUT_18838,1237.094
OUT_18839,143.134
OUT_18840,386.692
OUT_18841,151.606
OUT_18842,145.606
OUT_18843,388.58
OUT_18844,2545.626
OUT_18845,165.071
OUT_18846,123.9
OUT_18847,125.576
OUT_18848,422.501
OUT_18849,152.961
OUT_18850,2542.238
OUT_18851,172.064
OUT_18852,1226.924
OUT_18853,458.312
OUT_18854,115.706
OUT_18855,1319.763
OUT_18856,158.139
OUT_18857,96.452
OUT_18858,1261.949
OUT_18859,133.097
OUT_18860,405.9
OUT_18861,155.657
OUT_18862,354.882
OUT_18863,1292.038
OUT_18864,382.127
OUT_18865,138.5
OUT_18866,1144.927
OUT_18867,397.52
OUT_18868,139.521
OUT_18869,149.751
OUT_18870,458.091
OUT_18871,187.619
OUT_18872,392.514
OUT_18873,403.468
OUT_18874,1246.608
OUT_18875,153.586
OUT_18876,476.194
OUT_18877,2597.038
OUT_18878,155.517
OUT_18879,143.406
OUT_18880,148.071
OUT_18881,127.199
OUT_18882,360.75
OUT_18883,350.52
OUT_18884,435.834
OUT_18885,1190.919
OUT_18886,162.852
OUT_18887,145.544
OUT_18888,410.732
OUT_18889,123.424
OUT_18890,409.929
OUT_18891,139.254
OUT_18892,445.957
OUT_18893,158.189
OUT_18894,383.685
OUT_18895,178.184
OUT_18896,1266.249
OUT_18897,431.214
OUT_18898,185.459
OUT_18899,105.329
OUT_18900,365.917
OUT_18901,150.147
OUT_18902,416.038
OUT_18903,1149.196
OUT_18904,420.709
OUT_18905,470.836
OUT_18906,126.936
OUT_18907,146.116
OUT_18908,160.463
OUT_18909,1220.792
OUT_18910,400.369
OUT_18911,1231.593
OUT_18912,1189.201
OUT_18913,1248.618
OUT_18914,441.276
OUT_18915,394.275
OUT_18916,152.435
OUT_18917,158.577
OUT_18918,167.44
OUT_18919,1204.416
OUT_18920,178.427
OUT_18921,429.815
OUT_18922,360.846
OUT_18923,95.257
OUT_18924,349.32
OUT_18925,476.075
OUT_18926,136.329
OUT_18927,144.071
OUT_18928,167.227
OUT_18929,375.414
OUT_18930,1173.678
OUT_18931,136.833
OUT_18932,160.687
OUT_18933,371.099
OUT_18934,2766.819
OUT_18935,150.116
OUT_18936,136.743
OUT_18937,96.427
OUT_18938,321.154
OUT_18939,1216.94
OUT_18940,125.014
OUT_18941,1213.967
OUT_18942,461.018
OUT_18943,143.092
OUT_18944,300.192
OUT_18945,417.479
OUT_18946,141.868
OUT_18947,140.015
OUT_18948,402.199
OUT_18949,149.694
OUT_18950,1215.436
OUT_18951,386.233
OUT_18952,388.849
OUT_18953,141.701
OUT_18954,134.578
OUT_18955,165.109
OUT_18956,1228.046
OUT_18957,164.522
OUT_18958,1218.068
OUT_18959,139.27
OUT_18960,173.053
OUT_18961,152.098
OUT_18962,440.78
OUT_18963,166.618
OUT_18964,159.201
OUT_18965,327.128
OUT_18966,367.043
OUT_18967,159.284
OUT_18968,412.192
OUT_18969,124.819
OUT_18970,446.288
OUT_18971,127.799
OUT_18972,321.634
OUT_18973,402.368
OUT_18974,177.473
OUT_18975,472.65
OUT_18976,166.451
OUT_18977,182.856
OUT_18978,132.132
OUT_18979,404.652
OUT_18980,147.759
OUT_18981,131.27
OUT_18982,1207.346
OUT_18983,1173.337
OUT_18984,162.689
OUT_18985,2895.27
OUT_18986,1199.283
OUT_18987,161.712
OUT_18988,392.411
OUT_18989,143.651
OUT_18990,112.209
OUT_18991,119.702
OUT_18992,1240.236
OUT_18993,145.553
OUT_18994,429.37
OUT_18995,10457.942
OUT_18996,348.393
OUT_18997,141.553
OUT_18998,1270.188
OUT_18999,117.332
OUT_19000,149.47
OUT_19001,119.52
OUT_19002,395.311
OUT_19003,137.402
OUT_19004,1235.315
OUT_19005,153.155
OUT_19006,387.712
OUT_19007,152.81
OUT_19008,126.401
OUT_19009,150.954
OUT_19010,78.473
OUT_19011,120.006
OUT_19012,2697.075
OUT_19013,437.262
OUT_19014,129.369
OUT_19015,187.199
OUT_19016,134.609
OUT_19017,144.699
OUT_19018,1368.667
OUT_19019,122.256
OUT_19020,120.154
OUT_19021,125.474
OUT_19022,176.603
OUT_19023,419.534
OUT_19024,2490.91
OUT_19025,1226.813
OUT_19026,455.121
OUT_19027,310.681
OUT_19028,1173.143
OUT_19029,381.82
OUT_19030,2538.801
OUT_19031,141.045
OUT_19032,143.722
OUT_19033,388.946
OUT_19034,358.066
OUT_19035,149.601
OUT_19036,134.721
OUT_19037,189.473
OUT_19038,1239.981
OUT_19039,2579.965
OUT_19040,2532.427
OUT_19041,446.343
OUT_19042,373.768
OUT_19043,1128.308
OUT_19044,406.046
OUT_19045,1148.603
OUT_19046,447.52
OUT_19047,137.365
OUT_19048,148.492
OUT_19049,1156.98
OUT_19050,368.329
OUT_19051,1181.048
OUT_19052,376.968
OUT_19053,152.547
OUT_19054,406.644
OUT_19055,143.483
OUT_19056,164.714
OUT_19057,137.547
OUT_19058,427.368
OUT_19059,122.309
OUT_19060,353.058
OUT_19061,350.981
OUT_19062,387.454
OUT_19063,393.16
OUT_19064,473.059
OUT_19065,147.415
OUT_19066,136.802
OUT_19067,176.671
OUT_19068,2506.648
OUT_19069,340.496
OUT_19070,161.31
OUT_19071,155.187
OUT_19072,433.851
OUT_19073,298.627
OUT_19074,162.01
OUT_19075,1217.082
OUT_19076,345.59
OUT_19077,141.75
OUT_19078,159.891
OUT_19079,168.314
OUT_19080,140.777
OUT_19081,145.642
OUT_19082,122.234
OUT_19083,137.474
OUT_19084,150.856
OUT_19085,391.824
OUT_19086,94.471
OUT_19087,135.86
OUT_19088,223.598
OUT_19089,413.9
OUT_19090,451.001
OUT_19091,2574.565
OUT_19092,1162.983
OUT_19093,145.483
OUT_19094,1288.793
OUT_19095,172.116
OUT_19096,115.387
OUT_19097,136.584
OUT_19098,107.281
OUT_19099,157.368
OUT_19100,394.785
OUT_19101,147.856
OUT_19102,124.857
OUT_19103,381.755
OUT_19104,355.074
OUT_19105,385.478
OUT_19106,155.447
OUT_19107,145.219
OUT_19108,131.695
OUT_19109,134.17
OUT_19110,418.496
OUT_19111,128.714
OUT_19112,153.949
OUT_19113,160.36
OUT_19114,375.839
OUT_19115,1191.056
OUT_19116,414.823
OUT_19117,161.879
OUT_19118,119.383
OUT_19119,404.796
OUT_19120,467.955
OUT_19121,2586.488
OUT_19122,430.672
OUT_19123,137.415
OUT_19124,113.309
OUT_19125,1190.732
OUT_19126,2537.485
OUT_19127,159.193
OUT_19128,115.753
OUT_19129,400.184
OUT_19130,331.527
OUT_19131,413.468
OUT_19132,437.472
OUT_19133,1162.252
OUT_19134,476.054
OUT_19135,473.332
OUT_19136,133.55
OUT_19137,376.783
OUT_19138,126.589
OUT_19139,401.017
OUT_19140,140.481
OUT_19141,137.122
OUT_19142,1184.204
OUT_19143,146.145
OUT_19144,184.666
OUT_19145,194.169
OUT_19146,399.176
OUT_19147,134.048
OUT_19148,126.109
OUT_19149,98.603
OUT_19150,128.72
OUT_19151,2563.669
OUT_19152,398.627
OUT_19153,378.57
OUT_19154,1192.617
OUT_19155,145.842
OUT_19156,153.546
OUT_19157,141.4
OUT_19158,139.88
OUT_19159,1205.048
OUT_19160,546.322
OUT_19161,378.024
OUT_19162,122.929
OUT_19163,421.899
OUT_19164,340.836
OUT_19165,166.397
OUT_19166,147.268
OUT_19167,363.952
OUT_19168,139.967
OUT_19169,424.687
OUT_19170,136.746
OUT_19171,145.514
OUT_19172,149.1
OUT_19173,158.384
OUT_19174,167.273
OUT_19175,145.965
OUT_19176,369.692
OUT_19177,1209.016
OUT_19178,162.523
OUT_19179,149.063
OUT_19180,127.762
OUT_19181,124.448
OUT_19182,438.177
OUT_19183,147.045
OUT_19184,103.678
OUT_19185,583.823
OUT_19186,1224.38
OUT_19187,2515.651
OUT_19188,143.807
OUT_19189,138.082
OUT_19190,373.673
OUT_19191,103.569
OUT_19192,134.08
OUT_19193,155.701
OUT_19194,447.323
OUT_19195,433.01
OUT_19196,376.533
OUT_19197,142.686
OUT_19198,140.424
OUT_19199,127.029
OUT_19200,157.405
OUT_19201,2552.612
OUT_19202,159.17
OUT_19203,115.586
OUT_19204,1300.254
OUT_19205,158.548
OUT_19206,414.438
OUT_19207,360.647
OUT_19208,360.155
OUT_19209,311.037
OUT_19210,367.612
OUT_19211,1230.197
OUT_19212,141.884
OUT_19213,130.048
OUT_19214,1160.314
OUT_19215,142.645
OUT_19216,374.21
OUT_19217,396.996
OUT_19218,151.964
OUT_19219,143.051
OUT_19220,165.36
OUT_19221,132.364
OUT_19222,166.617
OUT_19223,139.041
OUT_19224,119.507
OUT_19225,428.767
OUT_19226,156.397
OUT_19227,421.225
OUT_19228,132.971
OUT_19229,381.469
OUT_19230,1149.522
OUT_19231,153.93
OUT_19232,406.414
OUT_19233,387.47
OUT_19234,145.507
OUT_19235,1222.613
OUT_19236,419.93
OUT_19237,162.063
OUT_19238,119.508
OUT_19239,142.59
OUT_19240,400.416
OUT_19241,163.782
OUT_19242,159.527
OUT_19243,367.065
OUT_19244,454.773
OUT_19245,143.12
OUT_19246,335.565
OUT_19247,150.805
OUT_19248,426.425
OUT_19249,462.937
OUT_19250,130.603
OUT_19251,158.426
OUT_19252,1224.894
OUT_19253,383.32
OUT_19254,74.036
OUT_19255,352.551
OUT_19256,118.104
OUT_19257,356.878
OUT_19258,2574.403
OUT_19259,90.736
OUT_19260,126.288
OUT_19261,345.722
OUT_19262,164.33
OUT_19263,382.592
OUT_19264,101.56
OUT_19265,365.985
OUT_19266,401.343
OUT_19267,121.319
OUT_19268,368.924
OUT_19269,128.709
OUT_19270,136.584
OUT_19271,401.998
OUT_19272,139.182
OUT_19273,1366.839
OUT_19274,148.388
OUT_19275,2525.455
OUT_19276,154.114
OUT_19277,157.554
OUT_19278,1111.969
OUT_19279,153.916
OUT_19280,156.665
OUT_19281,150.376
OUT_19282,1175.288
OUT_19283,386.569
OUT_19284,1160.417
OUT_19285,428.566
OUT_19286,157.263
OUT_19287,186.269
OUT_19288,110.046
OUT_19289,398.897
OUT_19290,184.312
OUT_19291,1256.349
OUT_19292,140.476
OUT_19293,177.497
OUT_19294,414.814
OUT_19295,451.917
OUT_19296,416.534
OUT_19297,124.909
OUT_19298,1217.371
OUT_19299,151.669
OUT_19300,1219.815
OUT_19301,153.149
OUT_19302,141.288
OUT_19303,2581.047
OUT_19304,134.452
OUT_19305,122.991
OUT_19306,145.302
OUT_19307,2359.539
OUT_19308,1143.184
OUT_19309,147.284
OUT_19310,2558.14
OUT_19311,3206.086
OUT_19312,2596.734
OUT_19313,142.976
OUT_19314,132.868
OUT_19315,109.739
OUT_19316,397.785
OUT_19317,131.469
OUT_19318,1285.079
OUT_19319,389.537
OUT_19320,1248.445
OUT_19321,141.422
OUT_19322,120.918
OUT_19323,1161.629
OUT_19324,426.15
OUT_19325,1301.181
OUT_19326,161.428
OUT_19327,145.605
OUT_19328,124.062
OUT_19329,145.016
OUT_19330,133.939
OUT_19331,350.207
OUT_19332,1177.203
OUT_19333,1308.103
OUT_19334,141.376
OUT_19335,162.121
OUT_19336,142.754
OUT_19337,95.625
OUT_19338,141.428
OUT_19339,1103.773
OUT_19340,108.537
OUT_19341,1191.563
OUT_19342,1179.767
OUT_19343,153.289
OUT_19344,1210.717
OUT_19345,440.44
OUT_19346,127.835
OUT_19347,187.037
OUT_19348,2561.01
OUT_19349,383.179
OUT_19350,1201.518
OUT_19351,134.945
OUT_19352,147.226
OUT_19353,400.884
OUT_19354,132.076
OUT_19355,1247.716
OUT_19356,1193.217
OUT_19357,1243.342
OUT_19358,431.597
OUT_19359,152.507
OUT_19360,1245.064
OUT_19361,150.361
OUT_19362,393.093
OUT_19363,426.912
OUT_19364,156.453
OUT_19365,2638.154
OUT_19366,2416.394
OUT_19367,422.113
OUT_19368,1473.768
OUT_19369,99.95
OUT_19370,137.57
OUT_19371,142.156
OUT_19372,392.683
OUT_19373,112.958
OUT_19374,150.828
OUT_19375,148.449
OUT_19376,129.895
OUT_19377,156.515
OUT_19378,126.077
OUT_19379,159.034
OUT_19380,141.726
OUT_19381,320.016
OUT_19382,1272.969
OUT_19383,391.569
OUT_19384,165.918
OUT_19385,139.047
OUT_19386,157.387
OUT_19387,161.901
OUT_19388,350.13
OUT_19389,167.387
OUT_19390,143.942
OUT_19391,151.334
OUT_19392,152.597
OUT_19393,444.318
OUT_19394,401.903
OUT_19395,158.012
OUT_19396,137.258
OUT_19397,1177.806
OUT_19398,181.254
OUT_19399,175.905
OUT_19400,145.337
OUT_19401,1144.607
OUT_19402,164.432
OUT_19403,385.736
OUT_19404,148.675
OUT_19405,1227.363
OUT_19406,162.063
OUT_19407,1205.878
OUT_19408,167.496
OUT_19409,445.417
OUT_19410,159.006
OUT_19411,149.972
OUT_19412,149.801
OUT_19413,166.444
OUT_19414,157.813
OUT_19415,331.21
OUT_19416,1260.7
OUT_19417,1256.246
OUT_19418,410.84
OUT_19419,169.175
OUT_19420,408.152
OUT_19421,158.079
OUT_19422,133.612
OUT_19423,405.174
OUT_19424,141.217
OUT_19425,354.938
OUT_19426,137.211
OUT_19427,153.882
OUT_19428,146.524
OUT_19429,113.727
OUT_19430,168.236
OUT_19431,384.315
OUT_19432,156.756
OUT_19433,136.619
OUT_19434,2577.274
OUT_19435,152.958
OUT_19436,397.119
OUT_19437,446.895
OUT_19438,118.546
OUT_19439,119.583
OUT_19440,410.886
OUT_19441,149.311
OUT_19442,112.094
OUT_19443,349.59
OUT_19444,135.002
OUT_19445,421.94
OUT_19446,156.004
OUT_19447,175.358
OUT_19448,206.128
OUT_19449,1206.904
OUT_19450,156.225
OUT_19451,408.63
OUT_19452,404.085
OUT_19453,151.599
OUT_19454,165.188
OUT_19455,163.075
OUT_19456,141.712
OUT_19457,145.852
OUT_19458,474.598
OUT_19459,420.369
OUT_19460,340.561
OUT_19461,102.294
OUT_19462,1256.674
OUT_19463,1278.014
OUT_19464,187.956
OUT_19465,158.863
OUT_19466,143.71
OUT_19467,420.094
OUT_19468,148.397
OUT_19469,155.537
OUT_19470,148.898
OUT_19471,370.228
OUT_19472,408.046
OUT_19473,1370.908
OUT_19474,123.33
OUT_19475,139.144
OUT_19476,356.43
OUT_19477,151.334
OUT_19478,466.71
OUT_19479,147.719
OUT_19480,159.596
OUT_19481,409.358
OUT_19482,400.226
OUT_19483,153.195
OUT_19484,153.598
OUT_19485,167.252
OUT_19486,117.222
OUT_19487,392.791
OUT_19488,122.546
OUT_19489,147.803
OUT_19490,161.807
OUT_19491,186.53
OUT_19492,333.925
OUT_19493,1221.188
OUT_19494,157.706
OUT_19495,1258.705
OUT_19496,136.756
OUT_19497,145.916
OUT_19498,166.541
OUT_19499,185.593
OUT_19500,158.508
OUT_19501,159.768
OUT_19502,1317.21
OUT_19503,174.046
OUT_19504,156.151
OUT_19505,142.652
OUT_19506,290.72
OUT_19507,137.019
OUT_19508,144.395
OUT_19509,391.402
OUT_19510,145.109
OUT_19511,432.65
OUT_19512,375.541
OUT_19513,413.093
OUT_19514,1195.534
OUT_19515,152.879
OUT_19516,140.957
OUT_19517,116.897
OUT_19518,143.709
OUT_19519,1145.231
OUT_19520,147.48
OUT_19521,1190.343
OUT_19522,143.119
OUT_19523,128.255
OUT_19524,142.201
OUT_19525,141.366
OUT_19526,137.726
OUT_19527,197.051
OUT_19528,108.582
OUT_19529,131.526
OUT_19530,135.342
OUT_19531,392.992
OUT_19532,118.215
OUT_19533,136.722
OUT_19534,133.922
OUT_19535,1195.117
OUT_19536,174.692
OUT_19537,1193.759
OUT_19538,410.717
OUT_19539,401.196
OUT_19540,418.091
OUT_19541,441.704
OUT_19542,149.019
OUT_19543,141.594
OUT_19544,1225.29
OUT_19545,132.638
OUT_19546,421.816
OUT_19547,342.116
OUT_19548,2684.157
OUT_19549,454.104
OUT_19550,440.589
OUT_19551,399.269
OUT_19552,1271.481
OUT_19553,136.207
OUT_19554,1231.503
OUT_19555,149.221
OUT_19556,1232.356
OUT_19557,114.351
OUT_19558,151.982
OUT_19559,147.022
OUT_19560,1266.327
OUT_19561,286.069
OUT_19562,398.674
OUT_19563,152.023
OUT_19564,162.719
OUT_19565,438.26
OUT_19566,190.031
OUT_19567,173.28
OUT_19568,410.3
OUT_19569,139.953
OUT_19570,1177.871
OUT_19571,502.958
OUT_19572,302.682
OUT_19573,140.482
OUT_19574,2602.047
OUT_19575,131.558
OUT_19576,377.681
OUT_19577,345.518
OUT_19578,159.835
OUT_19579,123.13
OUT_19580,99.336
OUT_19581,155.757
OUT_19582,157.403
OUT_19583,347.067
OUT_19584,458.568
OUT_19585,379.846
OUT_19586,129.877
OUT_19587,1274.955
OUT_19588,2918.822
OUT_19589,426.741
OUT_19590,371.619
OUT_19591,155.335
OUT_19592,348.787
OUT_19593,375.577
OUT_19594,364.055
OUT_19595,2683.824
OUT_19596,149.792
OUT_19597,392.874
OUT_19598,131.562
OUT_19599,1253.832
OUT_19600,439.085
OUT_19601,147.436
OUT_19602,1199.414
OUT_19603,193.888
OUT_19604,154.066
OUT_19605,1208.781
OUT_19606,159.685
OUT_19607,106.0
OUT_19608,185.968
OUT_19609,162.348
OUT_19610,141.669
OUT_19611,506.362
OUT_19612,144.411
OUT_19613,1152.124
OUT_19614,1190.476
OUT_19615,1149.764
OUT_19616,142.476
OUT_19617,373.126
OUT_19618,116.987
OUT_19619,160.9
OUT_19620,156.198
OUT_19621,153.909
OUT_19622,106.158
OUT_19623,387.007
OUT_19624,158.394
OUT_19625,1222.796
OUT_19626,183.77
OUT_19627,383.44
OUT_19628,1224.355
OUT_19629,411.113
OUT_19630,143.686
OUT_19631,148.628
OUT_19632,437.915
OUT_19633,360.404
OUT_19634,2789.654
OUT_19635,136.733
OUT_19636,1148.53
OUT_19637,2620.574
OUT_19638,137.523
OUT_19639,179.782
OUT_19640,110.461
OUT_19641,1135.744
OUT_19642,371.763
OUT_19643,382.687
OUT_19644,1132.506
OUT_19645,116.156
OUT_19646,2616.419
OUT_19647,157.27
OUT_19648,2646.166
OUT_19649,133.974
OUT_19650,140.887
OUT_19651,128.205
OUT_19652,1228.034
OUT_19653,394.83
OUT_19654,414.397
OUT_19655,136.552
OUT_19656,349.228
OUT_19657,351.101
OUT_19658,160.419
OUT_19659,159.135
OUT_19660,1199.393
OUT_19661,1290.924
OUT_19662,142.42
OUT_19663,166.846
OUT_19664,143.165
OUT_19665,361.525
OUT_19666,1214.019
OUT_19667,149.154
OUT_19668,393.917
OUT_19669,291.202
OUT_19670,428.653
OUT_19671,410.858
OUT_19672,1194.873
OUT_19673,157.119
OUT_19674,455.839
OUT_19675,433.479
OUT_19676,420.395
OUT_19677,381.565
OUT_19678,428.229
OUT_19679,140.612
OUT_19680,335.702
OUT_19681,416.252
OUT_19682,144.333
OUT_19683,114.309
OUT_19684,429.7
OUT_19685,115.125
OUT_19686,117.104
OUT_19687,373.178
OUT_19688,123.334
OUT_19689,141.13
OUT_19690,182.61
OUT_19691,1163.523
OUT_19692,154.094
OUT_19693,136.549
OUT_19694,149.713
OUT_19695,401.522
OUT_19696,1142.92
OUT_19697,385.762
OUT_19698,159.011
OUT_19699,121.962
OUT_19700,161.26
OUT_19701,129.357
OUT_19702,133.151
OUT_19703,1308.431
OUT_19704,447.925
OUT_19705,172.134
OUT_19706,129.899
OUT_19707,144.592
OUT_19708,321.896
OUT_19709,1206.132
OUT_19710,140.287
OUT_19711,164.549
OUT_19712,136.892
OUT_19713,146.073
OUT_19714,140.052
OUT_19715,485.933
OUT_19716,436.069
OUT_19717,152.255
OUT_19718,147.979
OUT_19719,139.522
OUT_19720,149.694
OUT_19721,137.656
OUT_19722,126.438
OUT_19723,132.54
OUT_19724,154.178
OUT_19725,400.894
OUT_19726,174.84
OUT_19727,160.194
OUT_19728,1195.983
OUT_19729,1256.957
OUT_19730,1263.745
OUT_19731,163.214
OUT_19732,142.436
OUT_19733,156.779
OUT_19734,427.92
OUT_19735,139.93
OUT_19736,164.128
OUT_19737,128.286
OUT_19738,335.711
OUT_19739,128.856
OUT_19740,164.218
OUT_19741,136.48
OUT_19742,413.825
OUT_19743,1292.949
OUT_19744,1190.831
OUT_19745,398.87
OUT_19746,97.754
OUT_19747,133.827
OUT_19748,182.988
OUT_19749,118.313
OUT_19750,438.74
OUT_19751,142.215
OUT_19752,142.608
OUT_19753,386.447
OUT_19754,162.674
OUT_19755,1271.239
OUT_19756,430.713
OUT_19757,1253.734
OUT_19758,438.355
OUT_19759,137.197
OUT_19760,99.308
OUT_19761,385.858
OUT_19762,109.615
OUT_19763,127.994
OUT_19764,150.949
OUT_19765,138.519
OUT_19766,127.736
OUT_19767,138.689
OUT_19768,150.772
OUT_19769,2548.051
OUT_19770,143.334
OUT_19771,142.551
OUT_19772,1349.313
OUT_19773,128.604
OUT_19774,1250.266
OUT_19775,172.053
OUT_19776,376.633
OUT_19777,382.528
OUT_19778,116.113
OUT_19779,135.533
OUT_19780,444.759
OUT_19781,160.431
OUT_19782,130.654
OUT_19783,91.404
OUT_19784,133.401
OUT_19785,414.954
OUT_19786,463.978
OUT_19787,376.451
OUT_19788,1234.333
OUT_19789,175.337
OUT_19790,132.018
OUT_19791,244.923
OUT_19792,150.595
OUT_19793,174.437
OUT_19794,359.588
OUT_19795,140.696
OUT_19796,105.743
OUT_19797,174.934
OUT_19798,141.496
OUT_19799,153.461
OUT_19800,445.573
OUT_19801,402.641
OUT_19802,2487.24
OUT_19803,1231.783
OUT_19804,364.976
OUT_19805,1090.044
OUT_19806,1115.062
OUT_19807,144.477
OUT_19808,1101.962
OUT_19809,446.269
OUT_19810,389.738
OUT_19811,181.098
OUT_19812,149.565
OUT_19813,142.875
OUT_19814,138.9
OUT_19815,151.719
OUT_19816,118.091
OUT_19817,1196.661
OUT_19818,107.757
OUT_19819,141.469
OUT_19820,141.646
OUT_19821,393.253
OUT_19822,140.481
OUT_19823,315.312
OUT_19824,98.862
OUT_19825,152.783
OUT_19826,394.733
OUT_19827,2579.42
OUT_19828,1290.659
OUT_19829,151.695
OUT_19830,435.495
OUT_19831,326.939
OUT_19832,134.515
OUT_19833,280.992
OUT_19834,405.25
OUT_19835,137.821
OUT_19836,108.583
OUT_19837,1181.96
OUT_19838,119.158
OUT_19839,124.353
OUT_19840,175.821
OUT_19841,166.752
OUT_19842,336.73
OUT_19843,375.165
OUT_19844,155.892
OUT_19845,75.745
OUT_19846,152.618
OUT_19847,165.019
OUT_19848,149.52
OUT_19849,130.67
OUT_19850,2602.201
OUT_19851,120.319
OUT_19852,2762.944
OUT_19853,474.533
OUT_19854,154.088
OUT_19855,161.435
OUT_19856,1172.249
OUT_19857,112.164
OUT_19858,122.806
OUT_19859,1226.757
OUT_19860,153.104
OUT_19861,119.974
OUT_19862,158.929
OUT_19863,391.477
OUT_19864,136.417
OUT_19865,2397.516
OUT_19866,120.357
OUT_19867,421.858
OUT_19868,139.265
OUT_19869,157.686
OUT_19870,139.234
OUT_19871,408.89
OUT_19872,133.679
OUT_19873,142.34
OUT_19874,460.33
OUT_19875,381.557
OUT_19876,450.235
OUT_19877,307.921
OUT_19878,397.968
OUT_19879,97.561
OUT_19880,135.756
OUT_19881,111.42
OUT_19882,117.617
OUT_19883,148.397
OUT_19884,139.425
OUT_19885,328.823
OUT_19886,107.355
OUT_19887,424.324
OUT_19888,151.83
OUT_19889,129.356
OUT_19890,122.959
OUT_19891,142.982
OUT_19892,401.343
OUT_19893,388.506
OUT_19894,1233.305
OUT_19895,143.394
OUT_19896,1449.115
OUT_19897,130.078
OUT_19898,1144.164
OUT_19899,404.096
OUT_19900,159.929
OUT_19901,151.806
OUT_19902,141.615
OUT_19903,151.549
OUT_19904,186.089
OUT_19905,155.255
OUT_19906,187.284
OUT_19907,366.964
OUT_19908,123.736
OUT_19909,124.569
OUT_19910,72.506
OUT_19911,126.79
OUT_19912,1277.627
OUT_19913,156.338
OUT_19914,94.533
OUT_19915,161.566
OUT_19916,132.352
OUT_19917,145.526
OUT_19918,140.395
OUT_19919,147.25
OUT_19920,148.05
OUT_19921,453.34
OUT_19922,135.16
OUT_19923,402.404
OUT_19924,163.182
OUT_19925,387.786
OUT_19926,111.875
OUT_19927,124.384
OUT_19928,450.626
OUT_19929,372.345
OUT_19930,124.917
OUT_19931,440.414
OUT_19932,157.942
OUT_19933,167.639
OUT_19934,1128.676
OUT_19935,1248.986
OUT_19936,122.941
OUT_19937,437.34
OUT_19938,123.131
OUT_19939,148.761
OUT_19940,1271.242
OUT_19941,1196.581
OUT_19942,124.936
OUT_19943,1200.314
OUT_19944,149.344
OUT_19945,161.088
OUT_19946,165.196
OUT_19947,1326.141
OUT_19948,169.947
OUT_19949,111.707
OUT_19950,106.418
OUT_19951,1163.889
OUT_19952,124.496
OUT_19953,365.914
OUT_19954,1166.423
OUT_19955,150.368
OUT_19956,129.599
OUT_19957,1225.587
OUT_19958,137.4
OUT_19959,1192.222
OUT_19960,1237.647
OUT_19961,165.327
OUT_19962,418.372
OUT_19963,136.708
OUT_19964,396.26
OUT_19965,425.699
OUT_19966,134.351
OUT_19967,114.6
OUT_19968,133.006
OUT_19969,112.147
OUT_19970,457.669
OUT_19971,455.311
OUT_19972,165.03
OUT_19973,145.414
OUT_19974,169.854
OUT_19975,397.909
OUT_19976,159.162
OUT_19977,2578.91
OUT_19978,1173.008
OUT_19979,376.195
OUT_19980,113.842
OUT_19981,122.462
OUT_19982,148.586
OUT_19983,112.54
OUT_19984,401.915
OUT_19985,1211.476
OUT_19986,418.047
OUT_19987,175.61
OUT_19988,162.242
OUT_19989,114.672
OUT_19990,166.883
OUT_19991,1293.144
OUT_19992,395.844
OUT_19993,372.299
OUT_19994,369.844
OUT_19995,352.7
OUT_19996,398.202
OUT_19997,164.811
OUT_19998,396.756
OUT_19999,130.875
OUT_20000,127.693
