Outlet_ID,Trade_Spend_Allocation_LKR
OUT_00019,11409.83
OUT_05936,11376.88
OUT_00030,10797.41
OUT_05355,10694.76
OUT_01152,10585.83
OUT_02401,10572.98
OUT_00619,10553.66
OUT_03983,10250.33
OUT_06189,10170.4
OUT_05727,10114.75
OUT_07658,10047.61
OUT_08995,9779.52
OUT_01316,9761.78
OUT_02047,9507.45
OUT_00791,9286.23
OUT_05597,9233.48
OUT_02950,8902.83
OUT_00038,8764.58
OUT_08159,8679.83
OUT_01595,8620.06
OUT_00434,8569.7
OUT_08716,8466.66
OUT_05250,8365.65
OUT_02841,8200.37
OUT_02936,8178.7
OUT_01505,7864.3
OUT_07215,7849.99
OUT_04136,7759.87
OUT_01376,7719.49
OUT_07796,7686.08
OUT_07225,7498.95
OUT_01906,7486.49
OUT_07703,7467.2
OUT_02636,7437.09
OUT_05092,7314.1
OUT_03064,7282.34
OUT_02854,7279.71
OUT_00025,7176.96
OUT_00006,7121.38
OUT_06151,7094.81
OUT_05938,7078.13
OUT_03954,7051.15
OUT_02475,7032.88
OUT_02351,6938.3
OUT_03228,6884.63
OUT_08840,6813.64
OUT_01557,6751.12
OUT_03316,6730.39
OUT_07285,6557.01
OUT_01514,6540.08
OUT_07089,6530.59
OUT_04442,6469.41
OUT_03513,6430.09
OUT_08231,6391.9
OUT_06103,6316.61
OUT_08158,6142.6
OUT_08841,6110.6
OUT_06340,6073.54
OUT_06655,6044.82
OUT_00044,6006.32
OUT_05052,5948.07
OUT_05943,5942.14
OUT_03757,5923.95
OUT_05846,5898.62
OUT_06392,5875.54
OUT_06205,5864.25
OUT_05259,5852.34
OUT_08619,5839.32
OUT_00052,5789.43
OUT_04869,5742.11
OUT_00996,5739.21
OUT_08221,5712.94
OUT_03635,5682.03
OUT_02721,5677.26
OUT_06587,5659.54
OUT_00042,5624.99
OUT_04322,5589.47
OUT_00457,5581.38
OUT_04701,5551.38
OUT_00823,5523.91
OUT_04644,5520.26
OUT_00221,5489.48
OUT_08958,5479.06
OUT_03876,5477.13
OUT_01621,5471.03
OUT_00402,5442.33
OUT_06304,5426.67
OUT_05604,5408.01
OUT_07832,5406.22
OUT_00020,5403.14
OUT_03018,5356.85
OUT_06041,5344.75
OUT_00056,5340.92
OUT_02267,5334.62
OUT_04640,5319.32
OUT_06599,5282.84
OUT_05626,5280.77
OUT_03622,5267.84
OUT_05947,5245.5
OUT_00684,5243.84
OUT_07639,5238.16
OUT_03814,5207.55
OUT_04798,5198.42
OUT_06033,5189.23
OUT_00755,5186.65
OUT_03910,5185.94
OUT_06415,5184.89
OUT_06725,5180.57
OUT_01146,5140.17
OUT_04261,5133.15
OUT_05407,5131.22
OUT_07124,5122.46
OUT_07408,5118.04
OUT_07519,5112.14
OUT_05621,5110.43
OUT_03786,5106.08
OUT_06210,5097.16
OUT_06417,5096.91
OUT_08695,5080.17
OUT_05231,5034.96
OUT_06410,5033.61
OUT_04611,5020.75
OUT_06830,5000.55
OUT_07980,4994.13
OUT_04676,4958.3
OUT_01108,4953.6
OUT_08442,4949.99
OUT_06232,4903.71
OUT_05838,4903.12
OUT_08759,4891.02
OUT_00466,4874.95
OUT_06940,4873.35
OUT_05682,4854.29
OUT_03328,4849.5
OUT_04594,4847.75
OUT_04026,4835.59
OUT_01878,4827.51
OUT_07443,4817.48
OUT_00252,4812.38
OUT_08606,4811.4
OUT_03065,4810.72
OUT_06358,4802.69
OUT_04609,4753.98
OUT_03701,4744.99
OUT_07591,4735.32
OUT_02471,4708.67
OUT_05485,4706.69
OUT_01061,4682.62
OUT_03556,4670.14
OUT_01903,4669.7
OUT_08432,4659.91
OUT_02310,4657.38
OUT_03680,4644.65
OUT_07307,4624.91
OUT_05366,4621.67
OUT_05657,4620.2
OUT_08642,4617.79
OUT_02034,4613.09
OUT_04979,4588.69
OUT_06119,4568.06
OUT_06718,4567.99
OUT_08805,4565.2
OUT_08298,4563.85
OUT_07391,4540.87
OUT_00886,4535.53
OUT_02044,4535.26
OUT_00054,4533.37
OUT_08331,4533.36
OUT_07765,4532.24
OUT_00687,4527.12
OUT_03493,4498.24
OUT_08218,4496.42
OUT_07685,4449.76
OUT_01440,4441.34
OUT_00047,4436.9
OUT_02783,4435.07
OUT_04250,4430.6
OUT_05493,4429.56
OUT_01410,4424.37
OUT_04233,4418.26
OUT_07867,4415.32
OUT_02865,4375.6
OUT_04161,4372.62
OUT_02072,4357.45
OUT_02962,4327.87
OUT_07276,4325.85
OUT_08884,4309.78
OUT_03724,4296.35
OUT_04667,4294.74
OUT_07688,4285.02
OUT_07380,4282.94
OUT_05592,4256.5
OUT_02431,4233.1
OUT_06026,4219.21
OUT_08721,4212.17
OUT_03653,4208.9
OUT_06860,4202.09
OUT_08045,4197.65
OUT_04056,4182.35
OUT_00049,4181.84
OUT_06764,4178.95
OUT_03533,4164.35
OUT_02760,4164.12
OUT_04108,4141.3
OUT_03283,4139.97
OUT_06763,4134.8
OUT_04471,4112.33
OUT_05699,4106.66
OUT_00233,4103.62
OUT_07321,4078.55
OUT_05046,4071.29
OUT_06881,4070.69
OUT_06049,4070.22
OUT_07949,4065.01
OUT_04349,4048.9
OUT_00577,4027.7
OUT_03484,4012.42
OUT_04971,3998.26
OUT_08853,3997.27
OUT_02201,3974.98
OUT_07390,3968.28
OUT_00792,3967.28
OUT_08630,3958.79
OUT_02136,3956.78
OUT_08330,3940.78
OUT_03346,3933.89
OUT_01420,3905.93
OUT_04382,3882.57
OUT_05162,3872.69
OUT_02941,3872.18
OUT_03551,3867.27
OUT_00182,3852.22
OUT_07029,3851.1
OUT_00118,3844.32
OUT_01472,3843.44
OUT_08704,3841.77
OUT_07108,3840.92
OUT_00581,3840.64
OUT_07633,3837.62
OUT_07746,3810.67
OUT_03418,3800.96
OUT_01982,3790.2
OUT_00717,3780.71
OUT_05426,3778.24
OUT_04854,3770.59
OUT_04356,3766.84
OUT_07625,3765.87
OUT_08307,3762.64
OUT_07101,3757.26
OUT_07908,3744.55
OUT_02641,3716.97
OUT_08871,3711.54
OUT_07795,3703.09
OUT_03088,3702.38
OUT_00591,3700.67
OUT_04282,3688.54
OUT_04569,3683.65
OUT_07742,3675.32
OUT_03890,3670.59
OUT_04612,3657.41
OUT_04898,3653.44
OUT_08789,3639.81
OUT_02242,3627.49
OUT_04226,3624.72
OUT_00799,3622.54
OUT_00087,3609.19
OUT_00339,3598.04
OUT_01736,3596.26
OUT_08776,3576.31
OUT_01362,3569.58
OUT_00686,3564.23
OUT_08764,3560.54
OUT_03831,3547.36
OUT_04925,3530.16
OUT_07183,3529.74
OUT_04439,3517.83
OUT_03099,3508.56
OUT_04189,3502.07
OUT_05453,3498.57
OUT_08947,3486.99
OUT_02205,3481.58
OUT_07331,3479.98
OUT_08029,3477.2
OUT_06255,3455.35
OUT_06182,3438.03
OUT_03446,3414.73
OUT_08128,3411.91
OUT_02301,3406.09
OUT_01834,3398.39
OUT_07121,3386.84
OUT_00123,3382.68
OUT_00372,3368.03
OUT_04598,3363.19
OUT_06938,3357.57
OUT_03791,3351.81
OUT_03134,3350.81
OUT_05451,3347.16
OUT_07617,3342.43
OUT_03772,3341.06
OUT_00573,3319.85
OUT_03850,3318.91
OUT_07991,3314.9
OUT_01090,3276.08
OUT_00226,3270.89
OUT_02085,3269.41
OUT_00998,3260.98
OUT_08986,3252.37
OUT_04615,3240.88
OUT_03988,3238.02
OUT_08452,3235.77
OUT_07093,3229.6
OUT_00223,3227.83
OUT_04651,3227.55
OUT_04422,3226.88
OUT_06501,3214.76
OUT_01679,3213.75
OUT_05333,3211.81
OUT_06013,3205.21
OUT_00117,3201.8
OUT_00600,3194.54
OUT_05302,3185.75
OUT_00843,3182.75
OUT_03333,3180.7
OUT_05142,3176.13
OUT_00152,3169.76
OUT_07057,3166.55
OUT_04953,3162.48
OUT_00580,3162.17
OUT_04913,3159.08
OUT_06086,3153.53
OUT_08114,3150.04
OUT_03842,3144.64
OUT_07472,3143.94
OUT_08756,3142.25
OUT_02387,3137.38
OUT_01891,3133.86
OUT_00219,3133.77
OUT_07677,3133.46
OUT_05418,3127.1
OUT_05358,3124.98
OUT_03251,3119.51
OUT_07056,3119.29
OUT_06535,3117.59
OUT_06879,3116.0
OUT_06203,3110.15
OUT_01409,3105.71
OUT_04571,3098.28
OUT_08886,3089.43
OUT_05971,3070.48
OUT_01391,3067.65
OUT_08243,3063.46
OUT_06574,3048.91
OUT_04194,3038.98
OUT_01851,3031.31
OUT_06375,3015.81
OUT_08015,3015.71
OUT_05508,3006.88
OUT_08400,2986.38
OUT_05670,2975.16
OUT_06404,2974.96
OUT_04232,2969.52
OUT_00116,2966.65
OUT_06677,2965.68
OUT_05357,2961.4
OUT_00013,2961.12
OUT_07065,2941.76
OUT_01593,2935.28
OUT_01481,2928.81
OUT_01996,2926.38
OUT_01500,2922.37
OUT_00856,2914.03
OUT_03905,2912.14
OUT_02068,2912.05
OUT_01549,2905.23
OUT_06088,2904.29
OUT_05870,2901.35
OUT_02664,2897.93
OUT_00353,2892.43
OUT_01907,2887.19
OUT_00146,2881.08
OUT_00237,2877.26
OUT_00102,2875.24
OUT_00312,2873.28
OUT_08540,2871.18
OUT_08187,2869.7
OUT_06698,2853.4
OUT_00525,2849.93
OUT_00626,2847.91
OUT_01804,2846.04
OUT_05325,2842.98
OUT_07386,2839.12
OUT_06370,2837.61
OUT_06087,2837.45
OUT_05115,2816.22
OUT_00677,2815.4
OUT_00079,2812.7
OUT_02582,2808.15
OUT_07486,2807.59
OUT_07750,2795.45
OUT_04090,2794.33
OUT_04330,2786.92
OUT_02257,2776.94
OUT_00674,2774.57
OUT_07600,2774.47
OUT_05890,2774.31
OUT_00015,2771.58
OUT_00463,2768.73
OUT_04293,2765.69
OUT_00629,2757.65
OUT_02806,2754.73
OUT_04438,2752.84
OUT_05185,2731.51
OUT_01238,2729.35
OUT_02703,2725.33
OUT_05186,2721.99
OUT_03148,2719.01
OUT_05377,2718.7
OUT_01899,2713.33
OUT_02858,2708.08
OUT_08455,2707.41
OUT_03233,2705.98
OUT_01546,2696.6
OUT_02896,2681.53
OUT_08190,2666.2
OUT_04641,2656.35
OUT_05494,2651.69
OUT_02135,2651.56
OUT_00004,2651.05
OUT_07008,2646.89
OUT_02358,2646.83
OUT_02596,2637.99
OUT_00136,2616.16
OUT_08083,2610.91
OUT_00066,2610.39
OUT_00027,2606.42
OUT_00261,2606.11
OUT_06072,2602.62
OUT_06246,2599.1
OUT_07155,2592.74
OUT_00155,2586.64
OUT_05777,2584.4
OUT_01641,2577.6
OUT_03932,2575.89
OUT_08348,2575.74
OUT_02755,2574.26
OUT_00207,2574.04
OUT_08673,2568.46
OUT_06016,2560.33
OUT_00621,2559.11
OUT_02444,2558.34
OUT_04678,2552.69
OUT_06985,2535.17
OUT_00635,2534.23
OUT_07148,2531.43
OUT_08524,2529.01
OUT_01545,2528.77
OUT_03388,2527.95
OUT_07428,2526.2
OUT_00130,2512.04
OUT_03400,2511.9
OUT_00077,2507.54
OUT_00392,2505.87
OUT_05565,2500.65
OUT_03013,2499.63
OUT_01666,2497.19
OUT_03350,2492.8
OUT_00322,2488.48
OUT_02883,2488.36
OUT_06361,2486.26
OUT_03260,2484.22
OUT_04912,2484.16
OUT_01102,2479.07
OUT_02030,2478.01
OUT_00644,2476.24
OUT_03467,2475.53
OUT_05716,2474.47
OUT_07135,2471.87
OUT_00131,2469.46
OUT_00161,2466.48
OUT_06882,2463.89
OUT_03191,2460.88
OUT_00245,2452.61
OUT_04021,2442.46
OUT_02176,2442.45
OUT_04393,2441.09
OUT_05094,2438.96
OUT_01775,2438.75
OUT_01408,2437.36
OUT_01485,2434.47
OUT_05255,2431.91
OUT_00039,2431.79
OUT_00196,2429.48
OUT_00625,2428.03
OUT_00311,2421.46
OUT_08850,2418.24
OUT_03902,2417.64
OUT_00891,2417.33
OUT_00065,2413.7
OUT_04952,2409.48
OUT_02207,2401.07
OUT_06849,2400.97
OUT_08001,2394.84
OUT_07214,2393.69
OUT_08883,2392.53
OUT_05026,2389.95
OUT_05470,2387.25
OUT_00489,2386.91
OUT_05511,2386.9
OUT_02566,2385.85
OUT_00290,2384.1
OUT_00906,2383.54
OUT_01999,2382.63
OUT_08631,2381.9
OUT_00024,2378.02
OUT_01767,2375.33
OUT_07274,2368.74
OUT_02386,2364.8
OUT_05175,2363.82
OUT_00334,2348.67
OUT_02384,2341.34
OUT_03963,2335.39
OUT_03089,2313.84
OUT_03916,2309.58
OUT_05442,2300.03
OUT_07715,2295.52
OUT_07388,2293.68
OUT_00021,2293.12
OUT_01107,2290.97
OUT_00220,2289.88
OUT_07413,2289.13
OUT_02616,2285.21
OUT_03911,2284.16
OUT_01782,2283.27
OUT_05282,2274.42
OUT_01211,2273.66
OUT_00327,2270.44
OUT_00698,2269.26
OUT_02964,2264.75
OUT_05814,2260.8
OUT_00085,2257.96
OUT_01506,2254.94
OUT_05281,2254.38
OUT_03282,2253.53
OUT_05495,2251.84
OUT_08658,2251.69
OUT_03330,2249.18
OUT_07272,2248.65
OUT_07941,2247.53
OUT_03340,2240.96
OUT_04859,2238.15
OUT_04450,2230.28
OUT_05884,2216.95
OUT_08125,2216.7
OUT_07522,2216.19
OUT_05287,2212.64
OUT_05090,2212.46
OUT_00187,2211.82
OUT_02179,2208.31
OUT_00014,2204.78
OUT_00594,2202.96
OUT_04155,2202.82
OUT_06052,2199.78
OUT_02349,2188.49
OUT_08402,2186.94
OUT_08257,2185.07
OUT_08100,2181.16
OUT_01877,2178.88
OUT_06699,2177.59
OUT_05478,2174.0
OUT_00930,2169.68
OUT_01665,2169.05
OUT_05107,2165.31
OUT_00582,2165.04
OUT_07081,2160.13
OUT_00620,2159.18
OUT_08446,2157.42
OUT_03206,2156.59
OUT_06326,2155.82
OUT_02277,2155.12
OUT_08708,2155.12
OUT_07329,2154.96
OUT_00298,2150.13
OUT_08030,2149.56
OUT_03387,2147.29
OUT_05598,2141.79
OUT_05122,2140.38
OUT_06124,2139.27
OUT_08827,2137.86
OUT_08694,2137.15
OUT_01332,2136.31
OUT_00185,2134.59
OUT_03519,2134.33
OUT_01760,2130.13
OUT_04286,2125.32
OUT_00530,2124.9
OUT_02343,2119.12
OUT_00746,2116.76
OUT_01233,2113.73
OUT_02347,2110.66
OUT_00023,2110.44
OUT_08329,2107.92
OUT_05847,2103.44
OUT_08785,2100.97
OUT_07085,2090.36
OUT_00214,2090.3
OUT_07498,2085.65
OUT_01939,2081.1
OUT_00565,2080.49
OUT_01445,2080.22
OUT_02029,2079.79
OUT_00293,2077.26
OUT_04963,2076.46
OUT_05059,2071.78
OUT_08437,2065.24
OUT_07609,2060.03
OUT_07557,2058.6
OUT_00307,2054.77
OUT_08261,2052.63
OUT_07629,2050.11
OUT_06749,2049.9
OUT_00104,2049.77
OUT_02185,2047.96
OUT_07068,2042.01
OUT_04199,2041.32
OUT_02970,2041.09
OUT_01263,2040.57
OUT_07322,2038.35
OUT_00990,2037.55
OUT_01012,2036.73
OUT_04811,2035.05
OUT_04679,2029.52
OUT_08097,2028.65
OUT_00283,2026.33
OUT_03529,2024.16
OUT_03227,2019.96
OUT_03199,2019.53
OUT_05064,2016.92
OUT_04879,2016.5
OUT_08238,2010.71
OUT_07341,2010.53
OUT_07489,2007.81
OUT_03349,2007.15
OUT_00007,2005.04
OUT_04830,2003.27
OUT_07045,2002.2
OUT_07574,1997.82
OUT_05740,1995.96
OUT_07469,1995.8
OUT_08555,1993.73
OUT_03770,1990.36
OUT_06695,1988.31
OUT_08008,1986.9
OUT_04027,1984.41
OUT_00186,1983.95
OUT_08907,1981.56
OUT_02114,1978.93
OUT_03993,1978.71
OUT_03147,1978.23
OUT_06044,1974.75
OUT_01730,1972.38
OUT_06279,1972.09
OUT_03591,1971.67
OUT_06660,1968.44
OUT_08700,1967.3
OUT_00306,1967.13
OUT_01375,1966.14
OUT_00745,1965.45
OUT_04772,1964.83
OUT_01510,1960.45
OUT_07598,1957.92
OUT_08091,1950.76
OUT_08991,1947.46
OUT_06617,1946.44
OUT_07490,1945.03
OUT_08143,1944.74
OUT_08102,1943.9
OUT_01041,1943.0
OUT_00191,1940.79
OUT_03773,1938.53
OUT_03571,1938.43
OUT_05256,1938.19
OUT_08436,1936.36
OUT_06559,1934.86
OUT_06901,1934.55
OUT_08286,1934.26
OUT_03061,1933.55
OUT_05396,1929.01
OUT_03953,1926.32
OUT_06615,1925.23
OUT_08935,1923.15
OUT_04007,1922.06
OUT_00933,1920.03
OUT_01954,1917.77
OUT_07156,1917.74
OUT_03335,1917.04
OUT_01111,1916.8
OUT_04165,1914.7
OUT_08346,1912.64
OUT_05509,1911.57
OUT_08844,1909.01
OUT_01018,1906.13
OUT_04063,1905.64
OUT_03531,1901.74
OUT_05538,1900.36
OUT_03341,1893.89
OUT_03085,1893.16
OUT_01374,1891.36
OUT_04544,1886.33
OUT_06217,1878.85
OUT_08603,1877.54
OUT_04270,1875.88
OUT_03503,1875.73
OUT_00663,1869.24
OUT_06608,1868.11
OUT_08717,1867.98
OUT_01554,1866.4
OUT_04254,1865.13
OUT_02058,1864.05
OUT_08801,1863.35
OUT_05916,1860.34
OUT_01191,1854.57
OUT_00633,1850.64
OUT_08127,1846.49
OUT_06186,1844.89
OUT_04754,1844.87
OUT_03885,1843.17
OUT_00398,1842.86
OUT_04122,1842.64
OUT_01288,1840.08
OUT_08216,1839.93
OUT_08338,1835.5
OUT_07772,1835.19
OUT_05351,1832.93
OUT_07806,1831.73
OUT_07930,1829.13
OUT_00319,1826.51
OUT_04258,1822.92
OUT_07515,1822.76
OUT_07227,1821.12
OUT_02298,1818.6
OUT_00732,1811.97
OUT_04256,1810.32
OUT_08831,1806.13
OUT_05960,1804.68
OUT_06368,1802.57
OUT_03549,1802.24
OUT_02640,1800.31
OUT_05424,1799.74
OUT_00356,1797.77
OUT_06148,1796.32
OUT_06855,1787.21
OUT_07440,1786.11
OUT_08592,1783.22
OUT_01304,1782.74
OUT_03616,1779.95
OUT_05523,1779.11
OUT_08699,1778.96
OUT_05163,1778.27
OUT_02576,1773.67
OUT_03262,1771.61
OUT_03345,1768.93
OUT_08549,1767.28
OUT_00189,1766.94
OUT_02484,1765.1
OUT_02494,1764.3
OUT_05007,1764.03
OUT_01458,1758.55
OUT_01984,1754.73
OUT_03803,1751.6
OUT_04565,1751.52
OUT_02066,1750.99
OUT_00203,1748.75
OUT_00693,1742.24
OUT_01270,1741.95
OUT_08929,1736.22
OUT_04567,1735.54
OUT_02707,1734.71
OUT_07488,1732.36
OUT_08791,1731.82
OUT_01130,1731.37
OUT_08582,1731.12
OUT_05102,1729.48
OUT_00078,1729.36
OUT_04733,1728.85
OUT_00271,1721.17
OUT_07845,1715.26
OUT_00164,1714.96
OUT_07418,1714.35
OUT_03975,1710.18
OUT_05698,1708.94
OUT_02025,1708.4
OUT_08860,1703.06
OUT_01879,1702.18
OUT_07620,1698.64
OUT_07181,1696.44
OUT_08818,1696.17
OUT_03319,1694.16
OUT_04361,1693.75
OUT_08037,1693.36
OUT_00317,1693.2
OUT_05283,1690.72
OUT_05553,1687.98
OUT_08458,1684.86
OUT_08893,1681.45
OUT_04914,1681.39
OUT_04718,1678.82
OUT_02313,1676.06
OUT_05234,1673.87
OUT_06526,1672.54
OUT_00050,1672.24
OUT_00853,1670.72
OUT_00410,1669.57
OUT_02607,1668.42
OUT_05257,1666.75
OUT_06214,1664.8
OUT_05992,1664.25
OUT_00195,1663.93
OUT_00210,1662.14
OUT_03373,1661.41
OUT_08512,1659.98
OUT_01985,1658.48
OUT_06631,1658.15
OUT_04861,1658.12
OUT_04972,1653.61
OUT_00318,1652.32
OUT_07396,1650.3
OUT_00465,1649.51
OUT_07635,1649.22
OUT_01054,1648.89
OUT_01875,1648.82
OUT_03165,1646.78
OUT_06803,1645.64
OUT_01661,1644.28
OUT_06462,1641.66
OUT_02740,1639.08
OUT_01461,1638.55
OUT_00249,1637.97
OUT_04886,1637.57
OUT_03353,1635.01
OUT_07061,1634.97
OUT_05385,1634.58
OUT_04728,1634.46
OUT_03630,1632.36
OUT_00159,1630.58
OUT_07343,1627.5
OUT_05445,1626.51
OUT_04200,1626.14
OUT_03231,1625.6
OUT_08489,1625.45
OUT_01451,1624.49
OUT_00230,1623.98
OUT_00177,1623.07
OUT_06424,1620.07
OUT_01908,1617.82
OUT_00034,1615.23
OUT_04581,1614.02
OUT_07520,1611.44
OUT_07924,1609.14
OUT_04120,1608.2
OUT_02162,1608.17
OUT_05690,1606.42
OUT_07886,1605.97
OUT_05136,1605.96
OUT_04174,1605.58
OUT_03097,1603.15
OUT_02177,1603.1
OUT_08026,1600.24
OUT_07499,1597.95
OUT_00795,1597.6
OUT_00395,1596.88
OUT_02236,1594.74
OUT_06657,1593.19
OUT_07432,1592.27
OUT_00568,1591.22
OUT_04280,1590.84
OUT_00289,1590.34
OUT_00423,1586.79
OUT_00476,1586.29
OUT_03663,1584.8
OUT_07466,1583.61
OUT_03694,1583.23
OUT_08448,1578.18
OUT_08966,1576.12
OUT_04102,1573.8
OUT_06167,1573.36
OUT_07273,1572.79
OUT_02286,1563.02
OUT_08371,1562.7
OUT_00497,1561.94
OUT_03305,1560.19
OUT_06308,1559.84
OUT_01363,1559.32
OUT_00486,1559.09
OUT_07724,1558.6
OUT_04992,1556.43
OUT_04003,1554.13
OUT_00010,1553.74
OUT_00969,1553.3
OUT_08209,1552.71
OUT_03255,1550.64
OUT_06480,1546.1
OUT_03643,1543.2
OUT_05918,1542.57
OUT_02807,1541.51
OUT_00749,1541.11
OUT_04259,1539.29
OUT_01346,1538.91
OUT_04034,1538.26
OUT_03671,1537.79
OUT_02545,1537.71
OUT_03006,1535.84
OUT_03186,1532.44
OUT_04139,1530.04
OUT_02479,1528.31
OUT_03439,1527.71
OUT_00266,1527.46
OUT_03288,1526.77
OUT_05552,1526.47
OUT_07243,1523.17
OUT_03141,1521.94
OUT_04779,1521.52
OUT_05300,1521.13
OUT_00314,1520.2
OUT_00972,1519.84
OUT_01479,1518.65
OUT_00340,1518.33
OUT_05240,1516.71
OUT_01927,1516.11
OUT_01526,1514.96
OUT_00838,1514.02
OUT_02731,1510.14
OUT_00503,1509.1
OUT_01039,1508.76
OUT_06293,1506.96
OUT_00576,1504.83
OUT_01971,1504.56
OUT_00239,1503.75
OUT_06747,1500.85
OUT_04460,1499.86
OUT_08075,1498.25
OUT_07781,1498.19
OUT_04613,1497.11
OUT_07080,1494.99
OUT_03072,1494.25
OUT_01654,1493.05
OUT_00184,1491.84
OUT_02361,1491.66
OUT_01449,1490.77
OUT_00336,1490.03
OUT_03248,1489.75
OUT_07810,1487.61
OUT_07619,1487.45
OUT_05221,1487.06
OUT_07426,1486.66
OUT_04849,1485.77
OUT_05473,1484.64
OUT_08520,1484.15
OUT_03070,1483.49
OUT_00063,1483.35
OUT_01967,1482.8
OUT_00710,1480.95
OUT_04606,1479.99
OUT_06947,1479.61
OUT_00506,1479.2
OUT_04272,1477.93
OUT_04627,1472.1
OUT_06128,1471.6
OUT_03338,1468.93
OUT_00100,1466.85
OUT_01437,1464.41
OUT_02717,1464.39
OUT_00291,1463.07
OUT_00877,1461.63
OUT_02599,1460.59
OUT_07467,1460.21
OUT_08849,1460.01
OUT_04523,1457.2
OUT_00328,1455.63
OUT_08587,1454.15
OUT_00172,1454.02
OUT_03705,1452.37
OUT_00556,1450.41
OUT_04607,1449.84
OUT_03969,1448.53
OUT_00932,1446.4
OUT_07503,1446.03
OUT_03224,1444.74
OUT_03922,1442.11
OUT_03465,1440.16
OUT_00638,1439.96
OUT_01210,1439.48
OUT_00167,1438.94
OUT_00278,1438.84
OUT_00180,1438.06
OUT_03847,1438.05
OUT_06686,1437.92
OUT_01763,1436.5
OUT_00940,1436.33
OUT_04453,1434.52
OUT_06027,1432.76
OUT_01948,1427.25
OUT_07643,1425.92
OUT_00606,1422.28
OUT_01037,1420.94
OUT_00175,1420.83
OUT_05819,1420.31
OUT_04368,1418.49
OUT_06369,1417.58
OUT_05975,1415.52
OUT_06785,1414.78
OUT_02873,1413.07
OUT_00096,1412.64
OUT_06123,1408.9
OUT_03828,1408.65
OUT_07491,1408.58
OUT_04342,1405.69
OUT_07997,1404.07
OUT_04778,1403.87
OUT_04643,1403.72
OUT_05850,1402.18
OUT_06471,1401.46
OUT_03985,1400.63
OUT_08493,1400.58
OUT_04553,1399.04
OUT_04905,1399.0
OUT_00616,1397.81
OUT_00199,1397.55
OUT_06289,1396.64
OUT_03841,1396.56
OUT_05686,1395.21
OUT_02330,1394.89
OUT_07855,1394.86
OUT_03721,1391.91
OUT_06020,1388.62
OUT_06058,1388.44
OUT_07167,1387.98
OUT_01570,1387.05
OUT_00268,1385.56
OUT_01981,1384.96
OUT_06920,1383.92
OUT_02555,1380.85
OUT_07050,1380.72
OUT_05128,1380.15
OUT_04097,1379.77
OUT_00945,1379.43
OUT_07145,1378.89
OUT_00076,1378.57
OUT_08058,1377.72
OUT_06162,1375.96
OUT_05018,1374.42
OUT_02417,1374.28
OUT_00162,1374.19
OUT_01428,1370.72
OUT_02366,1366.97
OUT_03229,1366.38
OUT_08279,1365.27
OUT_00143,1364.27
OUT_08573,1362.16
OUT_01496,1362.08
OUT_06259,1361.88
OUT_08998,1361.83
OUT_05743,1361.49
OUT_07646,1360.63
OUT_03422,1360.53
OUT_02959,1360.41
OUT_00617,1359.62
OUT_08686,1359.07
OUT_07412,1358.4
OUT_06445,1358.06
OUT_00837,1357.25
OUT_03155,1355.82
OUT_00399,1355.14
OUT_07502,1353.84
OUT_06502,1353.28
OUT_02997,1352.34
OUT_01145,1352.01
OUT_00428,1350.57
OUT_02510,1349.92
OUT_05811,1349.85
OUT_02088,1349.38
OUT_02303,1347.43
OUT_06746,1347.28
OUT_01774,1345.9
OUT_02092,1345.44
OUT_03324,1344.25
OUT_04087,1343.39
OUT_08837,1342.94
OUT_00148,1342.61
OUT_03737,1342.02
OUT_06954,1341.94
OUT_03672,1341.02
OUT_00878,1340.04
OUT_05299,1339.94
OUT_02983,1339.72
OUT_04067,1337.43
OUT_05364,1336.01
OUT_08799,1334.03
OUT_06022,1333.23
OUT_05924,1332.57
OUT_08496,1330.24
OUT_05087,1323.67
OUT_02647,1323.6
OUT_03511,1323.09
OUT_02537,1322.95
OUT_01396,1322.1
OUT_08782,1321.96
OUT_05362,1321.72
OUT_02095,1320.64
OUT_03944,1320.48
OUT_01380,1319.03
OUT_05344,1318.54
OUT_05772,1318.15
OUT_03038,1317.92
OUT_05742,1310.73
OUT_02147,1309.76
OUT_04630,1309.75
OUT_08679,1308.96
OUT_06491,1308.55
OUT_05546,1308.47
OUT_05962,1303.15
OUT_07054,1302.92
OUT_03179,1302.85
OUT_03130,1302.81
OUT_08398,1301.21
OUT_03361,1300.4
OUT_06906,1296.95
OUT_00929,1295.47
OUT_00206,1294.65
OUT_01983,1293.12
OUT_02852,1290.91
OUT_06494,1289.78
OUT_00093,1288.38
OUT_07228,1287.4
OUT_05644,1286.31
OUT_04418,1285.56
OUT_07860,1284.42
OUT_07754,1284.19
OUT_00211,1281.71
OUT_03651,1281.46
OUT_08275,1281.38
OUT_01203,1278.85
OUT_08744,1277.42
OUT_08407,1277.01
OUT_03875,1272.31
OUT_06382,1271.53
OUT_04666,1270.87
OUT_04703,1268.79
OUT_06555,1268.14
OUT_00324,1267.97
OUT_07552,1267.55
OUT_05557,1265.6
OUT_06114,1264.73
OUT_04423,1263.08
OUT_03869,1262.97
OUT_00715,1259.84
OUT_05709,1258.17
OUT_03566,1257.55
OUT_00244,1256.94
OUT_06347,1256.47
OUT_00511,1256.45
OUT_05412,1255.37
OUT_07340,1255.3
OUT_02628,1253.26
OUT_02781,1252.87
OUT_00416,1252.54
OUT_03337,1252.53
OUT_02057,1250.01
OUT_03554,1249.04
OUT_06312,1247.62
OUT_04121,1247.28
OUT_06843,1246.41
OUT_01705,1244.0
OUT_02119,1243.71
OUT_01634,1243.06
OUT_06999,1242.08
OUT_07580,1242.0
OUT_08951,1241.2
OUT_01008,1240.77
OUT_07389,1240.32
OUT_05886,1240.01
OUT_04590,1238.88
OUT_08390,1238.35
OUT_05880,1237.73
OUT_06810,1237.59
OUT_06094,1235.79
OUT_07003,1235.56
OUT_03347,1235.5
OUT_01598,1235.23
OUT_01173,1234.21
OUT_02221,1233.97
OUT_02788,1233.41
OUT_02128,1233.16
OUT_02531,1232.88
OUT_00564,1232.51
OUT_03084,1231.93
OUT_00921,1230.84
OUT_08629,1230.61
OUT_05456,1230.49
OUT_04479,1229.42
OUT_07345,1229.11
OUT_04265,1227.93
OUT_00209,1227.77
OUT_02087,1224.83
OUT_00444,1224.4
OUT_01518,1223.17
OUT_02012,1223.03
OUT_07358,1222.99
OUT_00200,1222.91
OUT_00403,1222.38
OUT_05211,1221.8
OUT_00585,1221.78
OUT_02600,1221.39
OUT_07659,1220.09
OUT_03448,1218.93
OUT_04230,1218.32
OUT_08729,1215.49
OUT_01256,1210.54
OUT_05400,1206.87
OUT_03898,1206.07
OUT_00701,1205.72
OUT_03290,1202.98
OUT_05600,1200.71
OUT_05857,1199.23
OUT_01856,1198.23
OUT_03613,1197.93
OUT_03689,1197.92
OUT_01425,1196.95
OUT_00845,1195.36
OUT_06568,1194.61
OUT_06675,1192.68
OUT_05801,1192.6
OUT_03723,1191.6
OUT_03110,1190.17
OUT_03796,1189.95
OUT_05758,1189.87
OUT_04394,1189.1
OUT_05340,1189.04
OUT_01284,1188.79
OUT_06939,1187.63
OUT_04310,1187.43
OUT_02765,1187.42
OUT_08822,1187.02
OUT_01876,1185.56
OUT_08052,1185.35
OUT_07009,1184.6
OUT_02229,1182.69
OUT_08815,1180.14
OUT_03765,1180.05
OUT_08819,1179.67
OUT_06294,1178.37
OUT_03506,1177.95
OUT_04943,1177.74
OUT_05561,1176.58
OUT_08117,1176.46
OUT_06254,1173.48
OUT_07713,1172.42
OUT_06132,1171.63
OUT_02739,1170.7
OUT_02218,1168.69
OUT_00059,1168.41
OUT_04278,1168.23
OUT_08078,1168.2
OUT_04444,1166.89
OUT_00963,1165.84
OUT_06823,1165.47
OUT_07010,1163.87
OUT_03257,1163.21
OUT_02815,1163.07
OUT_04570,1162.74
OUT_06650,1162.1
OUT_06988,1161.93
OUT_03681,1161.81
OUT_01620,1161.74
OUT_03111,1161.56
OUT_00344,1160.3
OUT_02353,1159.14
OUT_08612,1158.64
OUT_05383,1158.62
OUT_02770,1158.23
OUT_08890,1156.95
OUT_02496,1156.33
OUT_06337,1155.73
OUT_04515,1155.13
OUT_07898,1155.1
OUT_01182,1154.79
OUT_06319,1154.01
OUT_01390,1152.59
OUT_01850,1151.93
OUT_07252,1151.87
OUT_05693,1150.81
OUT_08698,1149.43
OUT_08247,1149.17
OUT_01455,1147.22
OUT_03982,1146.98
OUT_07759,1145.72
OUT_00472,1144.13
OUT_01572,1142.68
OUT_00156,1141.78
OUT_02341,1141.68
OUT_00228,1141.63
OUT_03798,1141.58
OUT_06089,1135.62
OUT_07165,1134.23
OUT_03438,1133.25
OUT_03427,1132.91
OUT_06916,1132.77
OUT_01580,1130.78
OUT_07166,1128.4
OUT_02079,1127.15
OUT_06768,1126.88
OUT_04032,1126.68
OUT_07937,1124.61
OUT_01839,1124.59
OUT_04343,1124.21
OUT_01126,1124.12
OUT_06647,1122.69
OUT_03244,1120.55
OUT_06030,1120.27
OUT_05150,1120.06
OUT_01715,1119.56
OUT_07395,1118.04
OUT_06832,1117.68
OUT_05101,1117.45
OUT_00666,1115.96
OUT_05593,1115.86
OUT_05088,1115.75
OUT_07134,1115.09
OUT_04807,1114.64
OUT_04183,1113.3
OUT_01290,1112.34
OUT_05830,1111.51
OUT_05220,1111.42
OUT_02906,1111.16
OUT_06218,1110.55
OUT_04721,1109.91
OUT_07734,1109.46
OUT_02832,1107.11
OUT_08267,1106.98
OUT_03160,1106.7
OUT_01977,1105.81
OUT_06854,1105.24
OUT_05862,1103.95
OUT_06172,1102.0
OUT_01717,1101.68
OUT_02749,1101.51
OUT_05112,1100.84
OUT_00835,1099.91
OUT_02445,1099.82
OUT_06115,1099.52
OUT_04626,1098.58
OUT_01689,1098.31
OUT_02598,1097.83
OUT_00397,1097.47
OUT_00498,1097.18
OUT_02558,1096.5
OUT_00045,1096.5
OUT_06977,1094.32
OUT_02500,1093.6
OUT_03972,1091.91
OUT_03454,1091.74
OUT_00046,1091.62
OUT_06025,1091.41
OUT_01123,1090.43
OUT_04593,1089.42
OUT_06262,1089.06
OUT_01853,1088.98
OUT_07157,1088.87
OUT_08183,1088.55
OUT_00373,1087.35
OUT_07601,1087.35
OUT_02845,1087.08
OUT_05983,1086.35
OUT_00394,1086.27
OUT_04724,1085.16
OUT_02312,1084.59
OUT_07763,1084.54
OUT_07638,1084.08
OUT_01824,1084.03
OUT_05848,1083.57
OUT_04133,1082.44
OUT_03897,1081.34
OUT_07721,1081.22
OUT_07088,1080.48
OUT_05756,1080.06
OUT_07184,1079.49
OUT_01317,1078.91
OUT_02043,1078.91
OUT_07825,1077.58
OUT_03304,1077.07
OUT_07281,1075.72
OUT_03537,1074.85
OUT_07681,1074.81
OUT_01205,1073.83
OUT_01993,1070.95
OUT_01765,1070.81
OUT_02605,1070.3
OUT_02601,1069.73
OUT_00017,1069.67
OUT_06252,1068.21
OUT_08119,1067.87
OUT_05301,1067.68
OUT_08476,1066.74
OUT_03268,1066.45
OUT_00147,1066.29
OUT_06487,1066.04
OUT_07831,1065.93
OUT_02359,1063.34
OUT_05291,1062.62
OUT_01602,1062.49
OUT_02977,1061.56
OUT_01147,1061.27
OUT_08344,1061.27
OUT_08985,1060.61
OUT_05354,1060.22
OUT_00246,1060.03
OUT_07820,1059.8
OUT_00216,1058.33
OUT_06048,1058.09
OUT_00396,1057.58
OUT_06011,1057.09
OUT_05750,1056.53
OUT_07357,1056.49
OUT_07275,1056.42
OUT_03629,1056.36
OUT_02907,1056.12
OUT_07593,1056.1
OUT_01431,1055.26
OUT_03250,1054.79
OUT_04193,1054.44
OUT_07527,1053.92
OUT_06438,1053.9
OUT_03295,1052.65
OUT_01973,1052.62
OUT_00165,1052.2
OUT_05262,1051.95
OUT_02000,1051.37
OUT_01309,1050.49
OUT_08687,1050.48
OUT_08418,1049.06
OUT_04517,1047.95
OUT_05586,1047.43
OUT_03713,1045.56
OUT_08464,1045.47
OUT_04884,1045.42
OUT_06339,1044.71
OUT_04207,1044.23
OUT_08803,1043.5
OUT_05275,1043.26
OUT_01407,1042.37
OUT_06209,1042.33
OUT_04378,1039.09
OUT_08508,1036.95
OUT_05387,1036.63
OUT_03899,1035.18
OUT_08894,1034.89
OUT_04315,1034.82
OUT_00440,1033.93
OUT_02364,1033.64
OUT_04275,1033.58
OUT_06015,1033.54
OUT_05909,1033.42
OUT_03611,1033.23
OUT_01564,1033.12
OUT_08016,1033.03
OUT_08359,1031.88
OUT_08845,1031.53
OUT_06003,1031.2
OUT_08908,1031.19
OUT_08081,1030.9
OUT_08611,1030.77
OUT_05590,1029.98
OUT_04719,1029.18
OUT_08164,1028.48
OUT_02231,1028.42
OUT_02283,1027.95
OUT_07346,1027.77
OUT_00532,1026.57
OUT_06277,1025.45
OUT_03489,1024.95
OUT_02354,1024.48
OUT_05208,1023.76
OUT_03221,1023.68
OUT_01882,1023.38
OUT_06452,1022.88
OUT_00112,1022.72
OUT_05307,1022.32
OUT_01166,1022.18
OUT_06604,1020.67
OUT_04191,1020.22
OUT_07612,1020.19
OUT_02957,1020.1
OUT_08077,1019.87
OUT_07642,1019.64
OUT_06359,1019.3
OUT_08202,1018.82
OUT_01734,1015.88
OUT_05779,1015.36
OUT_02995,1015.24
OUT_05222,1015.17
OUT_07197,1014.13
OUT_05535,1013.91
OUT_03587,1013.15
OUT_04492,1012.49
OUT_02839,1011.08
OUT_05373,1010.61
OUT_02352,1010.59
OUT_01313,1010.02
OUT_05293,1009.98
OUT_07805,1009.65
OUT_05966,1009.43
OUT_08745,1009.24
OUT_05836,1009.19
OUT_03352,1008.72
OUT_08834,1008.53
OUT_00012,1007.3
OUT_05981,1006.4
OUT_06612,1005.96
OUT_01307,1005.94
OUT_07062,1005.56
OUT_03057,1005.26
OUT_03778,1004.38
OUT_05955,1004.07
OUT_06295,1003.39
OUT_08968,1003.36
OUT_01168,1003.0
OUT_02261,1002.95
OUT_04629,1002.72
OUT_03389,1002.49
OUT_07816,1001.45
OUT_06101,999.72
OUT_02908,999.69
OUT_06932,998.43
OUT_06883,997.72
OUT_00645,996.41
OUT_01099,994.82
OUT_05009,994.48
OUT_06163,993.54
OUT_01741,992.19
OUT_02960,991.85
OUT_05645,991.43
OUT_00678,991.42
OUT_04637,991.38
OUT_05957,991.11
OUT_07568,990.77
OUT_08017,989.85
OUT_06002,989.15
OUT_03500,988.81
OUT_00218,988.14
OUT_00830,986.89
OUT_01490,986.21
OUT_05958,985.21
OUT_02741,984.11
OUT_04095,982.93
OUT_06936,982.79
OUT_08430,982.69
OUT_08306,981.75
OUT_05753,981.06
OUT_03442,981.03
OUT_00711,980.05
OUT_06193,979.68
OUT_04143,978.34
OUT_03512,977.94
OUT_04762,977.79
OUT_00984,977.72
OUT_04761,977.2
OUT_01076,977.19
OUT_03226,976.26
OUT_07400,975.78
OUT_07229,975.33
OUT_05174,974.64
OUT_08468,974.61
OUT_02577,973.67
OUT_07027,972.02
OUT_02048,971.69
OUT_03994,971.12
OUT_00111,968.49
OUT_08976,967.67
OUT_02315,967.05
OUT_08254,964.66
OUT_01685,963.53
OUT_03081,963.44
OUT_00756,963.2
OUT_00483,961.38
OUT_04550,960.86
OUT_06735,958.27
OUT_04052,957.28
OUT_03029,957.18
OUT_03332,957.08
OUT_05082,956.38
OUT_05137,955.81
OUT_07163,955.21
OUT_05792,955.14
OUT_00942,953.9
OUT_03205,953.67
OUT_06706,952.21
OUT_07838,952.19
OUT_07397,951.96
OUT_00139,950.79
OUT_07708,950.44
OUT_01310,949.66
OUT_05311,948.98
OUT_03704,948.85
OUT_08621,948.61
OUT_06147,948.56
OUT_06946,947.25
OUT_00883,946.82
OUT_06105,946.64
OUT_06461,946.23
OUT_04951,945.94
OUT_05110,945.88
OUT_08419,945.69
OUT_08224,945.53
OUT_04945,945.26
OUT_07293,945.16
OUT_00105,945.13
OUT_06896,945.13
OUT_08174,943.5
OUT_04386,942.73
OUT_03637,942.21
OUT_05457,941.46
OUT_08354,941.23
OUT_04374,941.21
OUT_04931,940.59
OUT_04053,940.13
OUT_04715,940.12
OUT_04495,939.74
OUT_02750,939.37
OUT_05631,938.91
OUT_08617,938.73
OUT_00640,938.05
OUT_01181,937.8
OUT_07132,937.63
OUT_06926,937.2
OUT_02572,937.12
OUT_08262,936.81
OUT_04131,936.67
OUT_05394,936.06
OUT_02379,935.73
OUT_01365,935.38
OUT_02186,934.41
OUT_03867,934.41
OUT_00531,933.43
OUT_01366,933.41
OUT_03079,933.14
OUT_08579,933.02
OUT_01244,932.29
OUT_08270,932.1
OUT_03497,931.55
OUT_08920,931.48
OUT_01245,930.45
OUT_07535,930.37
OUT_08581,929.92
OUT_05437,929.76
OUT_06963,929.6
OUT_01222,928.91
OUT_05004,928.6
OUT_04844,926.97
OUT_08004,926.79
OUT_07110,926.67
OUT_00304,926.02
OUT_07112,925.88
OUT_02762,925.86
OUT_05875,924.91
OUT_01466,924.3
OUT_03669,923.41
OUT_07964,923.01
OUT_00818,922.54
OUT_03222,921.94
OUT_04511,921.88
OUT_05433,920.81
OUT_00433,920.7
OUT_06322,920.16
OUT_05005,919.6
OUT_04669,918.91
OUT_07657,917.33
OUT_00521,917.21
OUT_00764,916.68
OUT_02932,916.64
OUT_01025,916.58
OUT_08208,915.82
OUT_00862,915.8
OUT_08518,915.39
OUT_07543,914.99
OUT_03100,914.95
OUT_03532,914.32
OUT_04872,914.16
OUT_01561,913.79
OUT_08043,913.21
OUT_04224,911.96
OUT_04195,911.25
OUT_06536,910.54
OUT_07990,909.82
OUT_08188,909.79
OUT_02581,909.41
OUT_01459,909.01
OUT_05596,908.2
OUT_02981,908.19
OUT_06075,906.81
OUT_04111,906.53
OUT_04826,906.2
OUT_03168,905.98
OUT_01271,904.97
OUT_05517,904.89
OUT_05647,904.58
OUT_03838,904.31
OUT_08239,903.77
OUT_04039,903.7
OUT_04221,903.21
OUT_05388,903.14
OUT_01997,902.64
OUT_01351,902.47
OUT_01394,902.16
OUT_02160,901.92
OUT_00656,901.1
OUT_02049,901.05
OUT_06051,900.65
OUT_08467,900.18
OUT_08971,899.44
OUT_01329,899.34
OUT_05741,899.16
OUT_05374,898.93
OUT_02825,898.65
OUT_03043,898.18
OUT_04488,898.0
OUT_08246,897.72
OUT_01439,896.15
OUT_01501,896.02
OUT_06914,895.95
OUT_06717,894.84
OUT_01234,894.13
OUT_04975,894.06
OUT_00313,893.97
OUT_01038,893.8
OUT_05603,892.04
OUT_04470,891.46
OUT_05712,891.25
OUT_00896,890.99
OUT_01486,890.95
OUT_03469,890.56
OUT_06412,889.84
OUT_03215,889.83
OUT_06679,889.55
OUT_05803,888.77
OUT_05428,888.07
OUT_03474,886.13
OUT_01745,885.72
OUT_08034,885.69
OUT_04731,884.72
OUT_08586,884.38
OUT_02751,884.11
OUT_05498,884.05
OUT_05650,883.86
OUT_03742,883.79
OUT_05134,883.35
OUT_07447,883.13
OUT_03392,883.04
OUT_04436,882.97
OUT_08503,882.83
OUT_05168,882.3
OUT_07729,882.15
OUT_08762,882.13
OUT_07950,882.08
OUT_08906,881.57
OUT_08185,881.55
OUT_07014,880.75
OUT_06131,880.66
OUT_08170,880.36
OUT_00561,880.13
OUT_04768,879.69
OUT_01817,878.9
OUT_07926,878.55
OUT_08483,878.26
OUT_07100,877.97
OUT_00654,877.6
OUT_04576,876.24
OUT_04696,875.91
OUT_02897,875.82
OUT_01938,875.58
OUT_03878,875.21
OUT_05961,875.11
OUT_02305,874.6
OUT_08927,874.12
OUT_08633,873.93
OUT_00898,873.72
OUT_03949,872.89
OUT_00326,871.98
OUT_05587,869.8
OUT_02442,869.41
OUT_08779,869.38
OUT_07431,869.32
OUT_03861,869.26
OUT_05902,868.06
OUT_07282,866.45
OUT_07347,866.34
OUT_00496,866.26
OUT_02363,865.69
OUT_07673,864.99
OUT_01028,864.48
OUT_04037,862.99
OUT_04129,862.97
OUT_02007,862.78
OUT_04245,862.5
OUT_08317,862.33
OUT_01230,862.24
OUT_00890,860.9
OUT_01060,860.84
OUT_00679,860.26
OUT_06145,859.05
OUT_03703,858.83
OUT_06503,858.3
OUT_02810,858.29
OUT_01120,858.05
OUT_07037,857.94
OUT_03212,857.54
OUT_04217,857.17
OUT_03216,856.89
OUT_00527,856.68
OUT_07749,856.43
OUT_02377,855.39
OUT_06394,855.13
OUT_06690,854.53
OUT_03804,854.33
OUT_08242,853.11
OUT_03604,852.98
OUT_02530,852.66
OUT_06588,852.44
OUT_02547,852.26
OUT_08988,851.78
OUT_01285,851.68
OUT_05218,851.3
OUT_08207,851.16
OUT_03690,850.97
OUT_05270,850.48
OUT_03921,849.88
OUT_04969,849.84
OUT_05195,849.55
OUT_04123,849.13
OUT_00713,848.08
OUT_01103,847.03
OUT_01190,846.56
OUT_02680,845.36
OUT_04142,844.08
OUT_07961,843.48
OUT_01638,842.5
OUT_06842,842.23
OUT_05980,841.79
OUT_05098,841.57
OUT_05187,841.56
OUT_04540,840.67
OUT_07775,840.43
OUT_04887,839.96
OUT_08461,839.86
OUT_08797,839.66
OUT_03272,839.28
OUT_05274,838.15
OUT_08126,837.83
OUT_02508,834.4
OUT_00296,833.47
OUT_00948,833.26
OUT_05736,833.19
OUT_04543,832.2
OUT_06591,832.08
OUT_00431,831.34
OUT_05832,831.25
OUT_01093,830.92
OUT_04513,830.79
OUT_03768,829.67
OUT_08406,829.43
OUT_08096,829.06
OUT_05513,829.02
OUT_05180,828.21
OUT_00861,828.2
OUT_01684,827.71
OUT_02544,827.56
OUT_02822,826.19
OUT_01807,826.11
OUT_03331,825.69
OUT_08146,824.85
OUT_08229,824.59
OUT_02649,824.51
OUT_02464,824.14
OUT_04483,823.92
OUT_08381,823.56
OUT_03865,823.07
OUT_00993,822.79
OUT_00346,822.3
OUT_00944,822.13
OUT_01525,821.83
OUT_02994,821.06
OUT_01702,820.61
OUT_03368,819.18
OUT_05370,818.22
OUT_03871,817.99
OUT_08941,817.36
OUT_08899,817.16
OUT_03725,816.34
OUT_07219,816.25
OUT_03045,816.02
OUT_00743,815.17
OUT_04410,814.73
OUT_01559,814.66
OUT_07797,814.62
OUT_08954,813.73
OUT_02129,812.64
OUT_03886,812.6
OUT_03479,811.66
OUT_05023,811.61
OUT_01819,810.91
OUT_05113,810.44
OUT_01264,809.97
OUT_02893,809.78
OUT_05986,809.17
OUT_03120,808.9
OUT_01349,808.19
OUT_06138,808.01
OUT_03877,807.69
OUT_03624,807.37
OUT_07317,807.09
OUT_07207,806.86
OUT_04632,806.72
OUT_01426,806.39
OUT_01384,806.16
OUT_02367,805.98
OUT_08692,805.96
OUT_05510,805.7
OUT_01035,805.04
OUT_08150,804.94
OUT_08934,804.89
OUT_04995,804.87
OUT_06175,804.26
OUT_05714,804.15
OUT_08653,803.99
OUT_06614,803.61
OUT_03955,803.53
OUT_01417,803.44
OUT_00480,802.98
OUT_03410,802.95
OUT_04805,802.05
OUT_04192,801.39
OUT_04068,800.46
OUT_06341,800.21
OUT_02123,799.48
OUT_02210,799.18
OUT_01000,799.01
OUT_07011,798.85
OUT_00563,798.54
OUT_07090,798.2
OUT_02999,797.63
OUT_03166,796.67
OUT_00464,796.4
OUT_06038,795.99
OUT_06850,795.66
OUT_06004,795.66
OUT_02355,795.08
OUT_08256,794.23
OUT_01188,794.15
OUT_00285,793.77
OUT_01966,793.5
OUT_05547,792.85
OUT_00803,792.22
OUT_06188,792.08
OUT_01137,791.46
OUT_03900,790.39
OUT_00108,789.81
OUT_07435,789.68
OUT_07302,789.14
OUT_06793,788.59
OUT_05083,788.41
OUT_00524,788.04
OUT_05537,787.88
OUT_08710,787.75
OUT_04205,787.75
OUT_07310,787.74
OUT_05911,786.13
OUT_04437,785.57
OUT_08879,785.41
OUT_08983,785.39
OUT_03612,785.16
OUT_08868,784.86
OUT_01574,784.84
OUT_08167,784.03
OUT_02872,783.98
OUT_06223,783.09
OUT_03214,782.02
OUT_05010,781.6
OUT_04148,781.5
OUT_08594,781.22
OUT_03235,780.67
OUT_02337,780.36
OUT_07179,779.3
OUT_08685,779.14
OUT_00316,778.55
OUT_04104,777.92
OUT_04601,777.77
OUT_08795,777.4
OUT_08752,775.99
OUT_02523,775.29
OUT_06731,775.0
OUT_06969,774.27
OUT_04722,773.86
OUT_02023,773.42
OUT_05894,773.3
OUT_06274,772.84
OUT_05258,771.97
OUT_01649,771.92
OUT_07224,771.26
OUT_04546,770.98
OUT_02969,770.9
OUT_02830,770.12
OUT_08548,769.57
OUT_03536,767.41
OUT_04395,767.24
OUT_03342,766.56
OUT_00604,765.83
OUT_01837,765.68
OUT_06076,765.29
OUT_05048,764.97
OUT_02612,764.92
OUT_01379,764.56
OUT_08341,764.16
OUT_02584,764.14
OUT_06743,764.06
OUT_02175,763.95
OUT_01625,763.51
OUT_06112,763.09
OUT_07291,763.05
OUT_03596,763.04
OUT_02787,762.5
OUT_05404,761.75
OUT_07921,761.27
OUT_00281,760.34
OUT_07211,760.34
OUT_05171,760.15
OUT_01016,760.09
OUT_01600,759.9
OUT_08639,759.13
OUT_00301,759.08
OUT_04396,757.28
OUT_05058,756.33
OUT_00062,755.25
OUT_04531,754.48
OUT_03394,753.78
OUT_03906,753.69
OUT_02170,752.64
OUT_02624,751.67
OUT_05086,751.42
OUT_03693,751.21
OUT_03896,751.07
OUT_03562,749.95
OUT_07986,749.45
OUT_04365,749.27
OUT_07401,749.23
OUT_07254,748.5
OUT_01062,748.0
OUT_02886,747.8
OUT_01788,747.69
OUT_06111,747.05
OUT_06500,746.18
OUT_01680,746.11
OUT_02288,746.02
OUT_02222,745.88
OUT_00612,745.72
OUT_03557,745.45
OUT_04009,745.39
OUT_08027,744.94
OUT_06299,744.73
OUT_00917,744.7
OUT_03067,744.17
OUT_08291,743.36
OUT_01857,742.3
OUT_00158,742.23
OUT_04941,742.23
OUT_06268,742.08
OUT_05910,742.05
OUT_01928,741.58
OUT_08545,741.5
OUT_05885,741.46
OUT_00171,741.27
OUT_06820,741.07
OUT_04134,740.05
OUT_06179,739.59
OUT_04401,739.42
OUT_07313,739.26
OUT_02571,739.23
OUT_08798,739.02
OUT_04743,738.95
OUT_00183,738.77
OUT_00133,738.73
OUT_07268,738.57
OUT_06642,737.58
OUT_06134,737.3
OUT_07192,736.97
OUT_08465,736.68
OUT_05554,736.42
OUT_06917,736.41
OUT_03837,735.71
OUT_05684,735.39
OUT_06464,735.37
OUT_04987,735.01
OUT_05638,734.97
OUT_00349,734.42
OUT_00501,734.2
OUT_06716,734.19
OUT_00922,733.84
OUT_07665,733.47
OUT_06974,733.25
OUT_06243,733.15
OUT_05969,732.64
OUT_03839,732.06
OUT_08558,732.01
OUT_08641,730.08
OUT_01334,729.09
OUT_06385,729.04
OUT_08220,727.52
OUT_05522,726.94
OUT_01816,726.91
OUT_05285,726.65
OUT_04867,726.3
OUT_00255,726.29
OUT_01537,726.27
OUT_02899,725.71
OUT_04366,725.58
OUT_08953,725.45
OUT_02593,724.86
OUT_04738,724.83
OUT_07399,724.61
OUT_02497,724.26
OUT_02270,723.42
OUT_04446,722.08
OUT_08824,721.16
OUT_08223,720.78
OUT_08913,720.56
OUT_08089,720.51
OUT_00741,720.14
OUT_03125,719.21
OUT_05614,718.91
OUT_01454,718.54
OUT_07695,718.39
OUT_02208,718.29
OUT_07442,718.12
OUT_02504,717.23
OUT_04820,717.01
OUT_00442,716.02
OUT_07073,715.28
OUT_08123,715.24
OUT_00675,715.1
OUT_06071,715.08
OUT_08751,714.97
OUT_06465,713.4
OUT_00658,712.36
OUT_08722,712.31
OUT_08049,711.72
OUT_02328,711.04
OUT_02430,710.85
OUT_02910,710.52
OUT_00095,710.38
OUT_08857,709.74
OUT_07203,709.66
OUT_01291,709.11
OUT_02801,708.51
OUT_02381,708.37
OUT_00094,708.12
OUT_01553,708.07
OUT_01350,708.05
OUT_07523,707.75
OUT_06427,707.39
OUT_06135,706.65
OUT_04895,706.6
OUT_02009,706.21
OUT_02595,706.18
OUT_05942,705.95
OUT_06759,705.91
OUT_03563,705.06
OUT_05861,705.02
OUT_03267,704.96
OUT_07336,704.79
OUT_06774,704.41
OUT_00788,704.38
OUT_04763,703.82
OUT_08814,703.44
OUT_02140,703.19
OUT_03150,702.95
OUT_08012,702.69
OUT_06106,702.45
OUT_04073,701.93
OUT_06809,701.85
OUT_00814,701.41
OUT_04468,701.04
OUT_01456,700.97
OUT_00722,700.92
OUT_05260,700.86
OUT_07902,700.82
OUT_08541,700.46
OUT_00379,700.25
OUT_07973,700.16
OUT_03646,700.16
OUT_04011,699.74
OUT_06425,698.84
OUT_03211,698.73
OUT_04417,698.3
OUT_04926,698.11
OUT_03405,698.03
OUT_00949,697.84
OUT_04822,697.71
OUT_07789,697.49
OUT_01095,696.57
OUT_01280,696.26
OUT_04454,695.77
OUT_04147,695.39
OUT_02453,695.3
OUT_03149,695.09
OUT_01414,694.85
OUT_05422,694.78
OUT_02224,693.89
OUT_04624,693.22
OUT_08147,693.09
OUT_05099,692.9
OUT_05308,692.13
OUT_02742,692.09
OUT_06982,691.92
OUT_05073,691.66
OUT_04671,691.33
OUT_02929,691.15
OUT_06897,690.86
OUT_05002,689.3
OUT_04689,689.24
OUT_01956,688.46
OUT_02090,687.06
OUT_07777,686.99
OUT_06629,686.64
OUT_05760,686.41
OUT_07280,686.36
OUT_07438,686.33
OUT_07861,686.16
OUT_02295,685.78
OUT_04642,685.16
OUT_07869,685.06
OUT_03656,684.54
OUT_08334,684.39
OUT_08734,684.39
OUT_07590,684.2
OUT_01988,683.96
OUT_02294,683.52
OUT_08863,682.93
OUT_08443,682.92
OUT_07052,682.16
OUT_05350,680.9
OUT_01053,680.84
OUT_00966,680.45
OUT_05056,680.18
OUT_00555,679.49
OUT_06519,679.2
OUT_04921,679.18
OUT_00901,679.09
OUT_02777,678.87
OUT_06492,678.35
OUT_02306,678.34
OUT_03522,678.09
OUT_01687,677.34
OUT_08385,677.08
OUT_04249,676.17
OUT_05068,675.95
OUT_00605,675.57
OUT_04552,675.28
OUT_02189,675.1
OUT_00352,674.96
OUT_05061,674.31
OUT_02626,674.15
OUT_05449,673.91
OUT_08513,672.87
OUT_06814,672.45
OUT_03311,672.18
OUT_02794,672.06
OUT_04124,671.28
OUT_02423,670.59
OUT_04125,670.48
OUT_08930,669.88
OUT_00446,669.75
OUT_04357,669.39
OUT_02101,668.6
OUT_02432,668.44
OUT_04153,667.72
OUT_04871,666.94
OUT_04340,666.71
OUT_04162,666.55
OUT_06171,666.43
OUT_08046,666.42
OUT_07995,666.06
OUT_01838,665.95
OUT_08358,665.13
OUT_08387,664.93
OUT_00982,664.76
OUT_04625,664.51
OUT_07808,664.36
OUT_06762,663.85
OUT_03481,663.36
OUT_03458,663.21
OUT_03017,663.16
OUT_08674,662.97
OUT_06187,662.92
OUT_00557,662.52
OUT_06280,661.48
OUT_04908,661.28
OUT_06185,660.73
OUT_08151,660.58
OUT_02089,660.47
OUT_08839,660.2
OUT_07589,660.04
OUT_02197,659.18
OUT_02410,659.16
OUT_06234,658.59
OUT_03197,657.02
OUT_07567,656.78
OUT_04467,656.77
OUT_01004,656.67
OUT_06533,656.53
OUT_05425,656.3
OUT_08423,656.0
OUT_05583,655.87
OUT_08777,655.87
OUT_05395,655.81
OUT_05923,655.44
OUT_07912,655.1
OUT_02940,654.86
OUT_04306,654.1
OUT_02575,654.0
OUT_03907,653.22
OUT_07218,653.15
OUT_02648,652.63
OUT_00456,652.39
OUT_02630,652.34
OUT_01818,652.3
OUT_04222,651.84
OUT_05995,651.47
OUT_05926,650.75
OUT_07113,650.47
OUT_04681,650.24
OUT_03375,649.0
OUT_08904,648.86
OUT_07308,648.63
OUT_03947,647.59
OUT_04705,647.03
OUT_02035,646.75
OUT_05147,646.54
OUT_03157,646.16
OUT_07854,646.02
OUT_08106,645.4
OUT_07394,645.36
OUT_03750,644.4
OUT_07060,644.39
OUT_03409,644.37
OUT_00916,642.83
OUT_00614,642.46
OUT_05469,642.32
OUT_03462,642.16
OUT_08635,641.86
OUT_05232,641.78
OUT_08451,641.41
OUT_05249,641.1
OUT_04380,641.01
OUT_06142,640.61
OUT_02439,639.92
OUT_04107,639.66
OUT_03035,639.65
OUT_05841,639.56
OUT_04318,639.38
OUT_08405,639.35
OUT_08607,639.16
OUT_03058,639.07
OUT_04765,638.1
OUT_08285,637.43
OUT_03780,636.47
OUT_01707,635.64
OUT_03664,635.35
OUT_06122,635.24
OUT_03192,635.2
OUT_02620,635.08
OUT_05887,633.95
OUT_04956,633.68
OUT_08160,633.37
OUT_08746,633.16
OUT_01482,633.12
OUT_05534,632.78
OUT_00516,632.57
OUT_02682,632.14
OUT_04465,631.69
OUT_06061,631.57
OUT_07965,631.26
OUT_03834,631.25
OUT_05393,630.48
OUT_01096,630.19
OUT_04379,629.94
OUT_07146,629.58
OUT_01873,629.05
OUT_01961,627.9
OUT_02847,627.76
OUT_02021,627.65
OUT_06213,627.6
OUT_06423,627.31
OUT_04411,627.12
OUT_03101,626.45
OUT_06572,626.17
OUT_05809,626.1
OUT_03066,625.71
OUT_01049,625.56
OUT_00552,625.07
OUT_07785,624.45
OUT_04414,623.16
OUT_01671,623.04
OUT_08794,623.03
OUT_00872,622.96
OUT_07069,622.61
OUT_03463,622.34
OUT_04897,622.02
OUT_07137,621.82
OUT_00595,621.64
OUT_03759,621.55
OUT_04847,621.54
OUT_05615,621.44
OUT_05601,621.15
OUT_03486,621.05
OUT_05764,620.89
OUT_03190,620.34
OUT_04823,619.95
OUT_06838,619.43
OUT_04287,619.17
OUT_01427,618.66
OUT_03169,618.05
OUT_03443,617.85
OUT_02633,617.66
OUT_02769,616.18
OUT_02202,616.02
OUT_02342,615.35
OUT_02663,615.1
OUT_08053,614.49
OUT_06348,614.46
OUT_08515,614.28
OUT_01627,614.15
OUT_00361,613.92
OUT_01952,612.99
OUT_02963,611.63
OUT_08213,611.61
OUT_02489,611.41
OUT_05549,611.36
OUT_06847,611.2
OUT_07564,611.1
OUT_07948,610.79
OUT_07874,610.4
OUT_04145,609.96
OUT_07202,609.62
OUT_01368,608.98
OUT_03860,608.83
OUT_01541,608.51
OUT_04648,607.94
OUT_05834,607.1
OUT_06994,606.69
OUT_06639,606.65
OUT_02447,605.86
OUT_07421,605.8
OUT_07531,605.72
OUT_05411,605.45
OUT_08804,605.15
OUT_02249,604.71
OUT_08177,604.58
OUT_04604,604.19
OUT_01739,603.97
OUT_00547,603.59
OUT_05487,603.44
OUT_02254,602.62
OUT_04799,602.55
OUT_01590,601.84
OUT_02683,601.74
OUT_04030,601.6
OUT_06192,601.41
OUT_01250,601.32
OUT_08173,601.2
OUT_08711,601.06
OUT_02266,599.64
OUT_07445,599.57
OUT_04054,599.54
OUT_04244,599.21
OUT_01701,599.17
OUT_03024,599.09
OUT_02011,598.56
OUT_08252,598.2
OUT_06720,597.43
OUT_04534,597.19
OUT_01138,596.58
OUT_08482,596.12
OUT_01805,595.35
OUT_08864,594.6
OUT_06681,594.59
OUT_07738,592.71
OUT_07607,592.44
OUT_04659,592.03
OUT_01294,591.55
OUT_02565,591.39
OUT_02061,591.29
OUT_03621,591.16
OUT_03843,589.68
OUT_02704,589.64
OUT_04144,589.19
OUT_07764,589.05
OUT_05481,588.56
OUT_08069,588.55
OUT_07437,588.1
OUT_03162,587.84
OUT_02732,587.61
OUT_00840,586.67
OUT_02452,586.0
OUT_08092,585.92
OUT_01822,585.67
OUT_07744,585.61
OUT_00911,585.5
OUT_05446,585.13
OUT_08919,584.34
OUT_07987,584.0
OUT_07602,583.55
OUT_01127,583.52
OUT_03595,583.24
OUT_02167,583.16
OUT_08036,582.76
OUT_03326,582.61
OUT_00375,582.46
OUT_03543,582.35
OUT_05477,582.24
OUT_02154,582.1
OUT_00879,581.83
OUT_07342,581.46
OUT_01216,581.16
OUT_05859,581.13
OUT_02705,580.53
OUT_04000,580.44
OUT_02412,580.28
OUT_06806,580.26
OUT_02876,580.17
OUT_00533,579.61
OUT_08194,579.54
OUT_05476,579.44
OUT_08276,579.38
OUT_07446,579.18
OUT_02561,579.13
OUT_01764,579.04
OUT_02505,578.75
OUT_05700,578.24
OUT_07493,577.68
OUT_02713,577.56
OUT_07992,577.18
OUT_07727,576.94
OUT_04219,575.78
OUT_06782,575.23
OUT_04950,574.98
OUT_07363,574.51
OUT_06010,573.84
OUT_03684,573.79
OUT_00804,573.55
OUT_02244,573.24
OUT_02998,573.18
OUT_03073,572.83
OUT_03673,572.25
OUT_05912,571.9
OUT_01021,571.06
OUT_07719,571.01
OUT_07441,570.88
OUT_05049,570.34
OUT_03682,570.28
OUT_02501,570.1
OUT_03654,569.6
OUT_04181,569.55
OUT_05310,568.8
OUT_04832,568.1
OUT_00939,567.96
OUT_05376,567.95
OUT_03009,567.9
OUT_04240,567.87
OUT_07072,567.71
OUT_08499,567.11
OUT_02767,566.92
OUT_03696,566.56
OUT_07043,566.32
OUT_04384,566.26
OUT_00229,566.18
OUT_01729,565.95
OUT_04086,565.35
OUT_08661,565.16
OUT_06656,564.95
OUT_04935,564.85
OUT_08880,564.59
OUT_08142,564.43
OUT_08389,564.22
OUT_00882,562.15
OUT_08713,562.06
OUT_07812,561.94
OUT_02931,561.86
OUT_05479,561.83
OUT_01990,561.58
OUT_02672,561.55
OUT_03794,561.23
OUT_01209,560.86
OUT_04880,560.3
OUT_01759,560.04
OUT_07654,559.74
OUT_08104,559.32
OUT_00868,559.12
OUT_02115,559.01
OUT_03917,558.94
OUT_04426,558.62
OUT_07352,558.45
OUT_06833,558.0
OUT_05914,557.12
OUT_05704,556.84
OUT_03659,556.66
OUT_08408,556.49
OUT_05398,555.88
OUT_07975,555.86
OUT_04566,555.57
OUT_04337,555.4
OUT_06039,554.94
OUT_01917,554.72
OUT_08593,554.52
OUT_05994,554.42
OUT_04277,554.19
OUT_04084,553.6
OUT_05363,553.04
OUT_05489,552.77
OUT_06000,552.53
OUT_01949,551.4
OUT_04353,551.35
OUT_04831,551.3
OUT_05860,550.8
OUT_08031,550.68
OUT_08372,550.16
OUT_00899,550.03
OUT_08310,549.66
OUT_05531,549.44
OUT_04096,549.25
OUT_03912,549.13
OUT_03564,549.09
OUT_07608,548.97
OUT_03873,548.71
OUT_01311,548.69
OUT_06877,548.31
OUT_06923,547.98
OUT_07631,547.6
OUT_07111,547.53
OUT_00631,547.46
OUT_00144,546.7
OUT_07783,546.6
OUT_08622,546.02
OUT_03063,545.94
OUT_08308,545.25
OUT_01592,544.66
OUT_02455,544.63
OUT_03082,544.53
OUT_06104,543.24
OUT_02392,543.09
OUT_04290,542.82
OUT_03636,542.45
OUT_02637,541.72
OUT_01422,541.38
OUT_02435,540.3
OUT_06971,539.99
OUT_01912,539.63
OUT_00540,539.27
OUT_04582,538.99
OUT_02473,538.55
OUT_02949,538.17
OUT_00980,537.96
OUT_07185,537.94
OUT_03253,537.84
OUT_04787,536.79
OUT_03858,536.77
OUT_06067,535.74
OUT_06474,535.57
OUT_04213,535.5
OUT_07717,535.15
OUT_05016,535.09
OUT_06253,534.67
OUT_08536,534.63
OUT_06489,533.71
OUT_07460,533.58
OUT_07747,533.42
OUT_08714,533.26
OUT_04179,532.91
OUT_06283,532.84
OUT_00827,531.64
OUT_01003,531.59
OUT_05028,531.42
OUT_03207,530.65
OUT_00578,530.58
OUT_04668,530.39
OUT_01974,529.33
OUT_01529,529.04
OUT_07373,528.47
OUT_05304,528.01
OUT_02901,527.96
OUT_02237,526.95
OUT_05323,526.95
OUT_07697,526.86
OUT_06194,526.6
OUT_05040,526.05
OUT_00437,525.54
OUT_04709,525.52
OUT_05266,524.83
OUT_05356,524.2
OUT_06219,523.49
OUT_04740,522.9
OUT_05876,522.87
OUT_00892,522.82
OUT_00651,522.75
OUT_00928,522.35
OUT_07707,522.21
OUT_03126,521.77
OUT_06084,521.28
OUT_02240,520.75
OUT_05617,520.56
OUT_08942,520.47
OUT_05703,520.36
OUT_02171,519.87
OUT_01530,519.71
OUT_07140,519.07
OUT_08644,519.03
OUT_01815,518.25
OUT_00488,517.51
OUT_01648,517.4
OUT_08255,517.19
OUT_06671,516.56
OUT_01208,515.88
OUT_05402,515.19
OUT_03836,515.14
OUT_06989,514.9
OUT_05121,514.22
OUT_03851,513.35
OUT_04408,512.58
OUT_02335,511.58
OUT_07242,511.21
OUT_00664,510.62
OUT_01312,510.59
OUT_00421,509.24
OUT_06566,509.07
OUT_05381,508.94
OUT_06498,508.77
OUT_04255,508.77
OUT_04760,508.75
OUT_03548,508.72
OUT_00566,508.64
OUT_02161,508.58
OUT_07606,508.2
OUT_07434,508.05
OUT_02837,508.01
OUT_06797,507.91
OUT_05391,506.89
OUT_04431,506.43
OUT_01860,506.19
OUT_03329,505.83
OUT_05432,505.65
OUT_02694,505.64
OUT_06346,505.51
OUT_07893,505.0
OUT_04964,504.36
OUT_06374,504.08
OUT_05338,503.12
OUT_02006,503.0
OUT_05858,502.9
OUT_06074,502.62
OUT_02677,502.46
OUT_02548,502.26
OUT_06577,502.09
OUT_05069,501.87
OUT_06844,501.72
OUT_03382,501.64
OUT_03931,501.52
OUT_01342,501.39
OUT_08915,501.22
OUT_00596,501.06
OUT_06652,500.45
OUT_05321,500.06
OUT_01491,499.88
OUT_08061,499.82
OUT_08823,499.6
OUT_03269,499.42
OUT_08073,499.2
OUT_02020,498.92
OUT_05810,498.32
OUT_05214,498.12
OUT_01251,497.94
OUT_03874,497.83
OUT_05371,497.43
OUT_05835,497.23
OUT_05488,497.08
OUT_03042,497.04
OUT_02124,496.72
OUT_06728,496.26
OUT_08426,496.16
OUT_07511,496.15
OUT_04734,495.76
OUT_02529,495.35
OUT_06426,495.17
OUT_00844,495.0
OUT_02041,494.76
OUT_03990,494.01
OUT_04201,493.65
OUT_02483,493.15
OUT_08130,493.02
OUT_07046,492.82
OUT_02468,492.49
OUT_08737,492.08
OUT_06899,492.04
OUT_02688,491.5
OUT_06767,491.34
OUT_02451,490.03
OUT_04292,490.02
OUT_07510,490.02
OUT_01543,489.84
OUT_02362,488.95
OUT_05567,487.99
OUT_04993,487.92
OUT_01318,487.54
OUT_08820,487.41
OUT_08939,487.41
OUT_06244,487.24
OUT_01043,487.18
OUT_05921,486.95
OUT_07748,486.95
OUT_03429,486.92
OUT_01823,486.73
OUT_01232,486.55
OUT_08140,486.11
OUT_03857,486.05
OUT_03254,485.42
OUT_00493,485.28
OUT_06790,485.22
OUT_05775,485.14
OUT_06458,485.14
OUT_06836,484.62
OUT_05732,483.41
OUT_07139,483.29
OUT_04970,483.11
OUT_07158,482.84
OUT_05889,482.52
OUT_04610,482.34
OUT_04989,482.29
OUT_02502,482.17
OUT_06064,482.15
OUT_06077,481.37
OUT_07201,480.85
OUT_03491,478.99
OUT_07359,478.64
OUT_08215,477.74
OUT_01504,477.27
OUT_04388,476.96
OUT_08193,476.71
OUT_05821,476.55
OUT_03674,476.45
OUT_00865,476.34
OUT_01235,476.06
OUT_06904,475.83
OUT_04961,475.65
OUT_00074,475.15
OUT_03447,474.66
OUT_08225,474.65
OUT_00975,474.25
OUT_08240,473.4
OUT_01895,473.25
OUT_03525,473.18
OUT_01432,473.01
OUT_03711,471.98
OUT_06569,471.9
OUT_04019,471.74
OUT_05855,471.7
OUT_00478,471.41
OUT_03119,471.34
OUT_05179,471.17
OUT_08664,470.9
OUT_06045,470.9
OUT_02990,470.86
OUT_01911,470.62
OUT_04459,470.48
OUT_04817,470.12
OUT_03219,469.96
OUT_05401,469.55
OUT_08725,469.51
OUT_00550,469.48
OUT_05646,469.38
OUT_04016,469.27
OUT_05874,469.05
OUT_03615,468.83
OUT_08535,468.66
OUT_01643,468.66
OUT_02824,468.17
OUT_05368,467.8
OUT_03950,467.8
OUT_01859,467.7
OUT_01487,467.61
OUT_01040,467.53
OUT_05643,467.52
OUT_07001,467.05
OUT_06418,466.73
OUT_06861,466.62
OUT_07246,466.61
OUT_08787,466.49
OUT_06237,466.37
OUT_08707,466.33
OUT_08696,466.23
OUT_07496,465.69
OUT_02018,465.63
OUT_00505,465.49
OUT_08311,465.45
OUT_05313,465.28
OUT_03187,465.13
OUT_08450,465.03
OUT_02912,464.25
OUT_02987,463.9
OUT_05474,463.84
OUT_02522,463.71
OUT_03809,463.67
OUT_04864,463.58
OUT_00420,463.44
OUT_00709,462.58
OUT_08003,462.27
OUT_02631,461.93
OUT_01229,461.83
OUT_02803,461.79
OUT_05063,461.59
OUT_00659,460.23
OUT_01881,460.12
OUT_00655,460.12
OUT_02623,460.05
OUT_05770,459.7
OUT_05483,459.02
OUT_05320,458.65
OUT_04698,458.62
OUT_05766,458.25
OUT_01446,457.98
OUT_02195,457.63
OUT_04493,457.59
OUT_03925,457.55
OUT_02156,457.42
OUT_04858,456.72
OUT_07913,456.4
OUT_04031,456.28
OUT_02105,456.27
OUT_00438,456.03
OUT_00286,455.96
OUT_05227,455.88
OUT_02536,455.17
OUT_04855,454.52
OUT_05518,454.12
OUT_03820,453.91
OUT_03984,453.37
OUT_02779,452.57
OUT_02382,452.41
OUT_05941,452.19
OUT_01072,451.96
OUT_05096,451.56
OUT_02738,451.46
OUT_01119,451.39
OUT_01618,451.35
OUT_06371,451.31
OUT_06291,451.29
OUT_04064,451.26
OUT_01063,450.88
OUT_08415,450.88
OUT_06421,450.4
OUT_07383,450.18
OUT_04551,449.95
OUT_05658,449.72
OUT_04036,449.09
OUT_00068,448.87
OUT_06945,448.72
OUT_02285,448.65
OUT_01536,447.43
OUT_08865,446.22
OUT_03978,445.89
OUT_05306,445.88
OUT_04901,445.72
OUT_08153,445.19
OUT_02573,445.17
OUT_02532,445.06
OUT_04164,444.73
OUT_08124,444.31
OUT_08537,444.18
OUT_04646,444.15
OUT_06378,443.77
OUT_00781,443.64
OUT_06819,443.15
OUT_08956,443.1
OUT_04022,442.91
OUT_08668,442.55
OUT_08212,442.52
OUT_03203,442.26
OUT_04372,441.99
OUT_05785,441.75
OUT_00630,441.52
OUT_00719,441.46
OUT_08178,441.16
OUT_05100,441.08
OUT_03364,440.67
OUT_01469,440.61
OUT_08677,440.38
OUT_08972,440.01
OUT_04878,439.87
OUT_06780,439.79
OUT_07944,439.59
OUT_03094,439.22
OUT_08792,438.92
OUT_06351,438.81
OUT_01467,438.05
OUT_08547,437.82
OUT_01811,437.75
OUT_01673,437.64
OUT_00869,437.44
OUT_03370,436.81
OUT_00971,436.78
OUT_08640,436.36
OUT_04088,435.8
OUT_02895,435.79
OUT_07571,435.76
OUT_02188,435.69
OUT_00274,435.24
OUT_01915,435.15
OUT_03385,435.1
OUT_01402,435.03
OUT_07521,434.98
OUT_06463,434.64
OUT_06538,432.89
OUT_04997,432.24
OUT_08565,431.46
OUT_03966,431.42
OUT_01893,430.85
OUT_07774,429.99
OUT_06333,429.81
OUT_03771,429.71
OUT_06384,429.44
OUT_02590,428.94
OUT_08684,428.41
OUT_06546,427.87
OUT_05702,427.68
OUT_05922,427.64
OUT_02137,427.55
OUT_02560,427.33
OUT_03284,426.99
OUT_04006,426.98
OUT_05738,426.02
OUT_02659,425.48
OUT_08365,424.95
OUT_05154,424.68
OUT_00938,424.58
OUT_05331,424.43
OUT_08370,423.69
OUT_06257,423.17
OUT_04793,423.0
OUT_02681,422.81
OUT_00559,422.79
OUT_00018,422.65
OUT_01772,422.57
OUT_03452,422.43
OUT_03868,422.41
OUT_06398,422.23
OUT_02992,422.09
OUT_02687,421.5
OUT_04167,421.26
OUT_06620,420.96
OUT_05611,420.92
OUT_04010,420.58
OUT_03652,420.42
OUT_08326,420.15
OUT_02258,420.11
OUT_07092,419.69
OUT_08475,419.59
OUT_01960,419.41
OUT_04364,418.85
OUT_05749,417.71
OUT_00325,417.55
OUT_04939,417.43
OUT_02099,417.24
OUT_03278,416.63
OUT_05618,416.36
OUT_05062,416.11
OUT_08288,415.69
OUT_07897,415.57
OUT_05676,415.53
OUT_03785,415.11
OUT_04647,413.83
OUT_02027,413.74
OUT_02321,413.34
OUT_00913,413.13
OUT_05429,412.27
OUT_02569,412.17
OUT_01452,411.71
OUT_00320,411.64
OUT_03417,411.56
OUT_04406,411.27
OUT_08984,410.96
OUT_08163,410.74
OUT_01808,410.7
OUT_00294,410.3
OUT_03514,410.22
OUT_02745,410.15
OUT_02541,409.7
OUT_02952,409.62
OUT_02752,409.4
OUT_03830,407.65
OUT_08528,407.53
OUT_07649,406.88
OUT_06475,406.84
OUT_06761,406.5
OUT_08697,406.18
OUT_02281,406.13
OUT_04965,405.83
OUT_07928,405.73
OUT_01303,405.67
OUT_01277,405.65
OUT_05111,405.63
OUT_02182,404.98
OUT_04518,404.92
OUT_03992,404.41
OUT_05251,404.36
OUT_03526,404.15
OUT_02875,403.83
OUT_03964,403.53
OUT_05665,403.35
OUT_07473,402.88
OUT_03788,402.76
OUT_05915,402.26
OUT_03854,402.09
OUT_03625,401.98
OUT_03445,401.69
OUT_02438,401.52
OUT_08566,401.36
OUT_03198,401.28
OUT_00469,401.17
OUT_00637,400.81
OUT_08466,400.61
OUT_02543,400.39
OUT_07936,399.89
OUT_05193,398.47
OUT_02001,398.31
OUT_05462,398.2
OUT_05330,397.36
OUT_01657,397.28
OUT_00758,397.19
OUT_05124,396.62
OUT_08258,396.14
OUT_08940,396.06
OUT_03712,395.93
OUT_05461,395.71
OUT_06366,395.67
OUT_02127,395.54
OUT_04350,395.37
OUT_05905,395.26
OUT_08760,394.64
OUT_01918,394.33
OUT_08806,394.28
OUT_07241,394.28
OUT_06654,394.03
OUT_08982,393.97
OUT_05913,393.92
OUT_02365,393.73
OUT_07514,393.68
OUT_06828,393.38
OUT_03087,393.18
OUT_08778,392.39
OUT_02272,391.91
OUT_07106,391.77
OUT_07976,391.75
OUT_05733,391.63
OUT_05762,391.59
OUT_07636,391.43
OUT_07375,391.27
OUT_02944,390.33
OUT_00288,390.15
OUT_03390,388.75
OUT_01703,388.69
OUT_08730,388.52
OUT_05235,388.35
OUT_08319,388.3
OUT_01633,387.54
OUT_03640,387.47
OUT_07309,387.2
OUT_06687,387.07
OUT_06674,386.48
OUT_00699,386.31
OUT_05869,386.12
OUT_03159,386.02
OUT_05295,386.0
OUT_08447,386.0
OUT_04218,385.96
OUT_00977,385.59
OUT_02268,385.4
OUT_07957,385.23
OUT_08413,385.21
OUT_03573,385.18
OUT_02145,384.41
OUT_04168,384.11
OUT_05996,384.04
OUT_07164,383.9
OUT_06918,383.75
OUT_02299,383.73
OUT_00978,382.8
OUT_08497,382.74
OUT_05748,382.64
OUT_08495,381.86
OUT_02319,381.68
OUT_00707,381.58
OUT_07983,381.55
OUT_01204,381.54
OUT_06270,381.5
OUT_02985,381.24
OUT_00452,380.92
OUT_03092,380.75
OUT_01699,380.72
OUT_05315,380.62
OUT_01753,380.44
OUT_01301,378.67
OUT_02891,378.66
OUT_07506,378.47
OUT_02395,378.09
OUT_07381,378.05
OUT_08980,377.25
OUT_06141,377.1
OUT_05759,377.05
OUT_06913,376.83
OUT_03870,376.67
OUT_05196,375.51
OUT_08156,374.49
OUT_05755,374.2
OUT_06065,374.19
OUT_08110,373.88
OUT_02345,373.69
OUT_05284,373.59
OUT_06080,373.1
OUT_01293,372.81
OUT_07022,372.76
OUT_08933,372.4
OUT_04127,372.39
OUT_06235,372.08
OUT_01474,372.01
OUT_02492,372.01
OUT_08620,371.97
OUT_08763,371.28
OUT_02372,370.98
OUT_05871,370.36
OUT_04920,370.08
OUT_01050,369.81
OUT_06633,369.58
OUT_08148,369.46
OUT_05303,369.24
OUT_06563,369.14
OUT_03632,369.06
OUT_02756,369.04
OUT_04653,368.94
OUT_05224,368.37
OUT_07131,368.33
OUT_01010,368.15
OUT_04904,368.15
OUT_00479,368.01
OUT_05419,367.99
OUT_01585,367.98
OUT_03102,367.89
OUT_08557,367.74
OUT_04942,367.56
OUT_02754,367.45
OUT_07647,367.42
OUT_05267,367.4
OUT_00777,367.37
OUT_06428,367.21
OUT_05213,367.02
OUT_02316,366.84
OUT_00477,366.27
OUT_03948,366.18
OUT_01770,365.55
OUT_06091,365.31
OUT_06992,365.21
OUT_02477,364.88
OUT_05972,364.87
OUT_08576,364.11
OUT_07151,362.97
OUT_02635,361.73
OUT_06786,361.37
OUT_02804,361.25
OUT_03702,361.01
OUT_02052,360.96
OUT_07406,360.42
OUT_07852,360.41
OUT_01732,360.15
OUT_01341,359.98
OUT_02982,358.99
OUT_02625,358.44
OUT_06815,358.42
OUT_02287,358.33
OUT_01029,358.22
OUT_01670,357.85
OUT_07377,357.59
OUT_03275,357.55
OUT_04061,357.42
OUT_03059,356.89
OUT_04279,356.59
OUT_00968,356.36
OUT_00098,355.85
OUT_01189,355.49
OUT_08501,355.41
OUT_08375,355.33
OUT_05723,354.97
OUT_04562,354.69
OUT_06108,354.65
OUT_08217,354.28
OUT_01758,354.14
OUT_02458,353.8
OUT_06469,353.58
OUT_05053,353.34
OUT_02187,353.11
OUT_05263,352.77
OUT_07193,352.72
OUT_02947,352.03
OUT_04792,351.89
OUT_04875,351.71
OUT_07711,351.28
OUT_05799,351.09
OUT_00925,351.07
OUT_00955,351.02
OUT_06313,350.89
OUT_00910,350.87
OUT_08382,350.64
OUT_08882,350.47
OUT_07070,350.12
OUT_04081,349.42
OUT_08928,348.79
OUT_02978,348.41
OUT_03505,347.46
OUT_06525,346.95
OUT_04103,346.33
OUT_07645,346.01
OUT_02005,345.72
OUT_04780,345.72
OUT_01027,345.31
OUT_05878,345.29
OUT_02925,344.92
OUT_02563,344.82
OUT_01935,344.63
OUT_08440,343.95
OUT_03903,343.73
OUT_07415,343.67
OUT_01890,343.41
OUT_02380,342.65
OUT_01231,342.49
OUT_05904,342.41
OUT_08487,341.89
OUT_01024,341.57
OUT_04586,341.45
OUT_06598,340.75
OUT_03542,340.32
OUT_07403,339.95
OUT_02554,339.91
OUT_00983,339.81
OUT_08044,339.65
OUT_03937,339.27
OUT_05763,339.23
OUT_01532,339.21
OUT_02679,338.96
OUT_07337,338.82
OUT_04690,338.77
OUT_00610,338.76
OUT_06070,338.59
OUT_08395,338.42
OUT_00775,337.62
OUT_08861,337.56
OUT_05497,337.28
OUT_00946,337.27
OUT_02397,335.88
OUT_02010,334.84
OUT_05406,334.49
OUT_07216,334.19
OUT_00730,333.95
OUT_01986,333.7
OUT_02827,333.46
OUT_02086,332.84
OUT_03926,332.34
OUT_03355,332.27
OUT_00201,332.2
OUT_01059,331.14
OUT_01333,331.06
OUT_00388,330.59
OUT_06937,329.31
OUT_07981,329.17
OUT_06893,329.14
OUT_02709,328.96
OUT_07572,328.12
OUT_08750,327.96
OUT_05011,327.63
OUT_08272,327.61
OUT_03069,327.1
OUT_08250,326.97
OUT_05104,326.66
OUT_06978,326.47
OUT_07899,326.14
OUT_08519,326.11
OUT_07728,326.1
OUT_01919,325.96
OUT_05729,325.61
OUT_02826,325.31
OUT_08414,325.09
OUT_06658,324.43
OUT_07223,324.3
OUT_03775,324.26
OUT_04693,324.24
OUT_05033,323.85
OUT_00502,323.6
OUT_08057,323.41
OUT_02193,323.36
OUT_02678,323.2
OUT_01151,322.66
OUT_06846,322.36
OUT_02206,322.31
OUT_02108,322.18
OUT_04749,321.68
OUT_08374,321.17
OUT_07463,320.85
OUT_07556,320.63
OUT_00807,320.27
OUT_02461,319.92
OUT_06770,319.54
OUT_04235,319.34
OUT_05506,319.25
OUT_02250,318.96
OUT_00900,318.9
OUT_08981,318.35
OUT_08769,318.26
OUT_03468,318.26
OUT_02055,318.16
OUT_07414,317.97
OUT_04658,317.9
OUT_07939,317.7
OUT_04285,317.59
OUT_06383,317.53
OUT_05585,317.17
OUT_03378,317.07
OUT_07017,316.87
OUT_02378,316.76
OUT_01326,316.75
OUT_04473,316.36
OUT_05460,316.29
OUT_06772,316.25
OUT_08166,315.62
OUT_05674,315.57
OUT_08662,314.42
OUT_08937,314.27
OUT_04215,314.19
OUT_00769,314.16
OUT_07325,314.08
OUT_04041,313.66
OUT_04300,313.64
OUT_08265,313.59
OUT_03161,313.06
OUT_06032,312.71
OUT_02126,311.86
OUT_04069,311.58
OUT_07723,311.49
OUT_07839,311.31
OUT_06250,310.94
OUT_06181,310.65
OUT_03909,309.66
OUT_04621,309.26
OUT_07083,309.03
OUT_00695,308.82
OUT_05329,308.61
OUT_06437,308.52
OUT_03021,308.38
OUT_04888,308.09
OUT_07892,307.56
OUT_05013,307.56
OUT_05977,307.49
OUT_05126,307.47
OUT_08851,307.28
OUT_05715,306.83
OUT_04622,306.6
OUT_03023,306.59
OUT_06325,305.51
OUT_02449,305.5
OUT_07726,305.46
OUT_06909,305.18
OUT_05206,304.81
OUT_02150,304.65
OUT_02877,304.52
OUT_02411,304.23
OUT_07588,304.02
OUT_07267,303.64
OUT_02026,303.6
OUT_05182,303.34
OUT_05654,303.33
OUT_04376,302.97
OUT_01320,302.89
OUT_02331,302.72
OUT_01924,302.7
OUT_08336,302.62
OUT_01087,302.33
OUT_07627,302.08
OUT_01042,301.8
OUT_04663,301.62
OUT_05788,301.5
OUT_07849,301.36
OUT_03369,300.84
OUT_04788,300.65
OUT_05784,300.35
OUT_07138,300.02
OUT_06745,299.98
OUT_06726,299.8
OUT_05997,299.79
OUT_01114,298.95
OUT_07053,298.62
OUT_01296,298.49
OUT_08748,298.26
OUT_08362,297.85
OUT_01950,297.8
OUT_03518,297.77
OUT_07866,297.62
OUT_06595,296.82
OUT_05192,296.27
OUT_03894,296.22
OUT_08445,295.4
OUT_08584,294.92
OUT_00575,294.86
OUT_08550,294.45
OUT_03826,293.38
OUT_00451,292.86
OUT_03976,292.58
OUT_04430,292.54
OUT_02675,292.0
OUT_08719,291.74
OUT_08609,291.11
OUT_06066,291.1
OUT_06791,290.89
OUT_01686,290.76
OUT_08189,290.68
OUT_06024,290.66
OUT_07271,290.53
OUT_05599,289.32
OUT_03107,289.08
OUT_01674,288.79
OUT_00124,288.78
OUT_06808,288.67
OUT_03740,288.45
OUT_05332,288.43
OUT_01116,288.19
OUT_03298,287.99
OUT_06544,287.94
OUT_08773,287.66
OUT_07103,287.54
OUT_01826,287.07
OUT_02174,286.99
OUT_01488,286.77
OUT_04730,285.68
OUT_06173,285.51
OUT_03752,285.27
OUT_06202,285.07
OUT_08754,284.82
OUT_00970,284.73
OUT_07827,284.7
OUT_07222,284.6
OUT_04557,284.45
OUT_08909,284.37
OUT_05900,283.29
OUT_06090,283.11
OUT_07566,282.88
OUT_01237,282.81
OUT_05001,282.75
OUT_00752,282.63
OUT_00599,282.58
OUT_05681,282.45
OUT_00748,282.33
OUT_07982,282.25
OUT_01242,282.11
OUT_02727,281.72
OUT_03456,281.63
OUT_05109,281.46
OUT_05177,281.3
OUT_04723,280.92
OUT_00813,280.16
OUT_07864,279.86
OUT_03318,279.77
OUT_01642,279.45
OUT_03138,279.12
OUT_01571,278.27
OUT_08757,278.06
OUT_05820,277.08
OUT_08669,276.87
OUT_02965,276.83
OUT_07471,276.74
OUT_03395,276.59
OUT_02223,276.37
OUT_05008,275.91
OUT_06935,275.8
OUT_00767,275.76
OUT_04654,275.44
OUT_08811,275.19
OUT_03572,275.15
OUT_04634,275.03
OUT_03806,274.71
OUT_07548,274.2
OUT_02771,274.07
OUT_06364,274.03
OUT_03068,273.87
OUT_01569,272.35
OUT_04999,271.86
OUT_01762,271.48
OUT_07270,271.25
OUT_01744,271.18
OUT_06564,270.68
OUT_05144,270.63
OUT_08747,270.43
OUT_04587,269.5
OUT_04852,269.33
OUT_08753,268.99
OUT_08315,268.89
OUT_06801,267.77
OUT_08735,267.68
OUT_00404,267.49
OUT_08048,266.98
OUT_01340,266.67
OUT_03879,265.94
OUT_00705,265.84
OUT_05833,265.83
OUT_04094,265.78
OUT_05055,265.72
OUT_07844,265.55
OUT_06269,265.44
OUT_03461,265.26
OUT_04680,264.9
OUT_02747,264.73
OUT_03913,264.58
OUT_01718,264.34
OUT_06035,264.23
OUT_03104,263.91
OUT_04802,262.64
OUT_08290,262.48
OUT_05533,262.44
OUT_00127,262.3
OUT_01473,262.19
OUT_01706,261.91
OUT_06964,261.89
OUT_08118,261.84
OUT_04645,261.55
OUT_07951,261.53
OUT_00765,261.05
OUT_05223,260.64
OUT_03776,260.53
OUT_06961,260.44
OUT_01286,260.18
OUT_05080,260.1
OUT_08051,258.85
OUT_06448,258.68
OUT_05939,258.64
OUT_02476,258.28
OUT_04247,258.22
OUT_05568,258.12
OUT_07698,257.98
OUT_02415,257.77
OUT_02348,257.67
OUT_07767,257.63
OUT_03755,256.49
OUT_03416,256.38
OUT_03280,255.88
OUT_08918,255.85
OUT_02152,255.05
OUT_07047,255.03
OUT_03238,254.79
OUT_06701,254.52
OUT_02028,254.3
OUT_00308,253.92
OUT_04089,253.87
OUT_05443,253.8
OUT_00907,253.48
OUT_04922,252.78
OUT_03386,251.96
OUT_08591,251.59
OUT_01677,251.58
OUT_06249,251.29
OUT_01955,251.06
OUT_01165,250.61
OUT_02645,250.02
OUT_01790,250.0
OUT_03109,0.0
OUT_03112,0.0
OUT_03113,0.0
OUT_03114,0.0
OUT_03115,0.0
OUT_03116,0.0
OUT_03117,0.0
OUT_03118,0.0
OUT_03121,0.0
OUT_03122,0.0
OUT_03123,0.0
OUT_03124,0.0
OUT_03127,0.0
OUT_03128,0.0
OUT_03129,0.0
OUT_03131,0.0
OUT_03132,0.0
OUT_03133,0.0
OUT_03135,0.0
OUT_03136,0.0
OUT_03137,0.0
OUT_03139,0.0
OUT_03140,0.0
OUT_03142,0.0
OUT_03143,0.0
OUT_03144,0.0
OUT_03145,0.0
OUT_03146,0.0
OUT_03151,0.0
OUT_03152,0.0
OUT_03153,0.0
OUT_03154,0.0
OUT_03156,0.0
OUT_03158,0.0
OUT_03163,0.0
OUT_03164,0.0
OUT_03167,0.0
OUT_03170,0.0
OUT_03171,0.0
OUT_03172,0.0
OUT_03173,0.0
OUT_03174,0.0
OUT_03175,0.0
OUT_03176,0.0
OUT_03177,0.0
OUT_03178,0.0
OUT_03180,0.0
OUT_03181,0.0
OUT_03182,0.0
OUT_03183,0.0
OUT_03184,0.0
OUT_03185,0.0
OUT_03188,0.0
OUT_03189,0.0
OUT_03193,0.0
OUT_03194,0.0
OUT_03195,0.0
OUT_03196,0.0
OUT_03200,0.0
OUT_03201,0.0
OUT_03202,0.0
OUT_03204,0.0
OUT_03208,0.0
OUT_03209,0.0
OUT_03210,0.0
OUT_03213,0.0
OUT_03217,0.0
OUT_03218,0.0
OUT_03220,0.0
OUT_03223,0.0
OUT_03225,0.0
OUT_03230,0.0
OUT_03232,0.0
OUT_03234,0.0
OUT_03236,0.0
OUT_03237,0.0
OUT_03239,0.0
OUT_03240,0.0
OUT_03241,0.0
OUT_03242,0.0
OUT_03243,0.0
OUT_03245,0.0
OUT_03246,0.0
OUT_03247,0.0
OUT_03249,0.0
OUT_03252,0.0
OUT_03256,0.0
OUT_03258,0.0
OUT_03259,0.0
OUT_03261,0.0
OUT_03263,0.0
OUT_03264,0.0
OUT_03265,0.0
OUT_03266,0.0
OUT_03270,0.0
OUT_03271,0.0
OUT_03273,0.0
OUT_03274,0.0
OUT_03276,0.0
OUT_03277,0.0
OUT_03279,0.0
OUT_03281,0.0
OUT_03285,0.0
OUT_03286,0.0
OUT_03287,0.0
OUT_03289,0.0
OUT_03291,0.0
OUT_03292,0.0
OUT_03293,0.0
OUT_03294,0.0
OUT_03296,0.0
OUT_03297,0.0
OUT_03299,0.0
OUT_03300,0.0
OUT_03301,0.0
OUT_03302,0.0
OUT_03303,0.0
OUT_03306,0.0
OUT_03307,0.0
OUT_03308,0.0
OUT_03309,0.0
OUT_03310,0.0
OUT_03312,0.0
OUT_03313,0.0
OUT_03314,0.0
OUT_03315,0.0
OUT_03317,0.0
OUT_03320,0.0
OUT_03321,0.0
OUT_03322,0.0
OUT_03323,0.0
OUT_03325,0.0
OUT_03327,0.0
OUT_03334,0.0
OUT_03336,0.0
OUT_03339,0.0
OUT_03343,0.0
OUT_03344,0.0
OUT_03348,0.0
OUT_03351,0.0
OUT_03354,0.0
OUT_03356,0.0
OUT_03357,0.0
OUT_03358,0.0
OUT_03359,0.0
OUT_03360,0.0
OUT_03362,0.0
OUT_03363,0.0
OUT_03365,0.0
OUT_03366,0.0
OUT_03367,0.0
OUT_03371,0.0
OUT_03372,0.0
OUT_03374,0.0
OUT_03376,0.0
OUT_03377,0.0
OUT_03379,0.0
OUT_03380,0.0
OUT_03381,0.0
OUT_03383,0.0
OUT_03384,0.0
OUT_03391,0.0
OUT_03393,0.0
OUT_03396,0.0
OUT_03397,0.0
OUT_03398,0.0
OUT_03399,0.0
OUT_03401,0.0
OUT_03402,0.0
OUT_03403,0.0
OUT_03404,0.0
OUT_03406,0.0
OUT_03407,0.0
OUT_03408,0.0
OUT_03411,0.0
OUT_03412,0.0
OUT_03413,0.0
OUT_03414,0.0
OUT_03415,0.0
OUT_03419,0.0
OUT_03420,0.0
OUT_03421,0.0
OUT_03423,0.0
OUT_03424,0.0
OUT_03425,0.0
OUT_03426,0.0
OUT_03428,0.0
OUT_03430,0.0
OUT_03431,0.0
OUT_03432,0.0
OUT_03433,0.0
OUT_03434,0.0
OUT_03435,0.0
OUT_03436,0.0
OUT_03437,0.0
OUT_03440,0.0
OUT_03441,0.0
OUT_03444,0.0
OUT_03449,0.0
OUT_03450,0.0
OUT_03451,0.0
OUT_03453,0.0
OUT_03455,0.0
OUT_03457,0.0
OUT_03459,0.0
OUT_03460,0.0
OUT_03464,0.0
OUT_03466,0.0
OUT_03470,0.0
OUT_03471,0.0
OUT_03472,0.0
OUT_03473,0.0
OUT_03475,0.0
OUT_03476,0.0
OUT_03477,0.0
OUT_03478,0.0
OUT_03480,0.0
OUT_03482,0.0
OUT_03483,0.0
OUT_03485,0.0
OUT_03487,0.0
OUT_03488,0.0
OUT_03490,0.0
OUT_03492,0.0
OUT_03494,0.0
OUT_03495,0.0
OUT_03496,0.0
OUT_03498,0.0
OUT_03499,0.0
OUT_03501,0.0
OUT_03502,0.0
OUT_03504,0.0
OUT_03507,0.0
OUT_03508,0.0
OUT_03509,0.0
OUT_03510,0.0
OUT_03515,0.0
OUT_03516,0.0
OUT_03517,0.0
OUT_03520,0.0
OUT_03521,0.0
OUT_03523,0.0
OUT_03524,0.0
OUT_03527,0.0
OUT_03528,0.0
OUT_03530,0.0
OUT_03534,0.0
OUT_03535,0.0
OUT_03538,0.0
OUT_03539,0.0
OUT_03540,0.0
OUT_03541,0.0
OUT_03544,0.0
OUT_03545,0.0
OUT_03546,0.0
OUT_03547,0.0
OUT_03550,0.0
OUT_03552,0.0
OUT_03553,0.0
OUT_03555,0.0
OUT_03558,0.0
OUT_03559,0.0
OUT_03560,0.0
OUT_03561,0.0
OUT_03565,0.0
OUT_03567,0.0
OUT_03568,0.0
OUT_03569,0.0
OUT_03570,0.0
OUT_03574,0.0
OUT_03575,0.0
OUT_03576,0.0
OUT_03577,0.0
OUT_03578,0.0
OUT_03579,0.0
OUT_03580,0.0
OUT_03581,0.0
OUT_03582,0.0
OUT_03583,0.0
OUT_03584,0.0
OUT_03585,0.0
OUT_03586,0.0
OUT_03588,0.0
OUT_03589,0.0
OUT_03590,0.0
OUT_03592,0.0
OUT_03593,0.0
OUT_03594,0.0
OUT_03597,0.0
OUT_03598,0.0
OUT_03599,0.0
OUT_03600,0.0
OUT_03601,0.0
OUT_03602,0.0
OUT_03603,0.0
OUT_03605,0.0
OUT_03606,0.0
OUT_03607,0.0
OUT_03608,0.0
OUT_03609,0.0
OUT_03610,0.0
OUT_03614,0.0
OUT_03617,0.0
OUT_03618,0.0
OUT_03619,0.0
OUT_03620,0.0
OUT_03623,0.0
OUT_03626,0.0
OUT_03627,0.0
OUT_03628,0.0
OUT_03631,0.0
OUT_03633,0.0
OUT_03634,0.0
OUT_03638,0.0
OUT_03639,0.0
OUT_03641,0.0
OUT_03642,0.0
OUT_03644,0.0
OUT_03645,0.0
OUT_03647,0.0
OUT_03648,0.0
OUT_03649,0.0
OUT_03650,0.0
OUT_03655,0.0
OUT_03657,0.0
OUT_03658,0.0
OUT_03660,0.0
OUT_03661,0.0
OUT_03662,0.0
OUT_03665,0.0
OUT_03666,0.0
OUT_03667,0.0
OUT_03668,0.0
OUT_03670,0.0
OUT_03675,0.0
OUT_03676,0.0
OUT_03677,0.0
OUT_03678,0.0
OUT_03679,0.0
OUT_03683,0.0
OUT_03685,0.0
OUT_03686,0.0
OUT_03687,0.0
OUT_03688,0.0
OUT_03691,0.0
OUT_03692,0.0
OUT_03695,0.0
OUT_03697,0.0
OUT_03698,0.0
OUT_03699,0.0
OUT_03700,0.0
OUT_03706,0.0
OUT_03707,0.0
OUT_03708,0.0
OUT_03709,0.0
OUT_03710,0.0
OUT_03714,0.0
OUT_03715,0.0
OUT_03716,0.0
OUT_03717,0.0
OUT_03718,0.0
OUT_03719,0.0
OUT_03720,0.0
OUT_03722,0.0
OUT_03726,0.0
OUT_03727,0.0
OUT_03728,0.0
OUT_03729,0.0
OUT_03730,0.0
OUT_03731,0.0
OUT_03732,0.0
OUT_03733,0.0
OUT_03734,0.0
OUT_03735,0.0
OUT_03736,0.0
OUT_03738,0.0
OUT_03739,0.0
OUT_03741,0.0
OUT_03743,0.0
OUT_03744,0.0
OUT_03745,0.0
OUT_03746,0.0
OUT_03747,0.0
OUT_03748,0.0
OUT_03749,0.0
OUT_03751,0.0
OUT_03753,0.0
OUT_03754,0.0
OUT_03756,0.0
OUT_03758,0.0
OUT_03760,0.0
OUT_03761,0.0
OUT_03762,0.0
OUT_03763,0.0
OUT_03764,0.0
OUT_03766,0.0
OUT_03767,0.0
OUT_03769,0.0
OUT_03774,0.0
OUT_03777,0.0
OUT_03779,0.0
OUT_03781,0.0
OUT_03782,0.0
OUT_03783,0.0
OUT_03784,0.0
OUT_03787,0.0
OUT_03789,0.0
OUT_03790,0.0
OUT_03792,0.0
OUT_03793,0.0
OUT_03795,0.0
OUT_03797,0.0
OUT_03799,0.0
OUT_03800,0.0
OUT_03801,0.0
OUT_03802,0.0
OUT_03805,0.0
OUT_03807,0.0
OUT_03808,0.0
OUT_03810,0.0
OUT_03811,0.0
OUT_03812,0.0
OUT_03813,0.0
OUT_03815,0.0
OUT_03816,0.0
OUT_03817,0.0
OUT_03818,0.0
OUT_03819,0.0
OUT_03821,0.0
OUT_03822,0.0
OUT_03823,0.0
OUT_03824,0.0
OUT_03825,0.0
OUT_03827,0.0
OUT_03829,0.0
OUT_03832,0.0
OUT_03833,0.0
OUT_03835,0.0
OUT_03840,0.0
OUT_03844,0.0
OUT_03845,0.0
OUT_03846,0.0
OUT_03848,0.0
OUT_03849,0.0
OUT_03852,0.0
OUT_03853,0.0
OUT_03855,0.0
OUT_03856,0.0
OUT_03859,0.0
OUT_03862,0.0
OUT_03863,0.0
OUT_03864,0.0
OUT_03866,0.0
OUT_03872,0.0
OUT_03880,0.0
OUT_03881,0.0
OUT_03882,0.0
OUT_03883,0.0
OUT_03884,0.0
OUT_03887,0.0
OUT_03888,0.0
OUT_03889,0.0
OUT_03891,0.0
OUT_03892,0.0
OUT_03893,0.0
OUT_03895,0.0
OUT_03901,0.0
OUT_03904,0.0
OUT_03908,0.0
OUT_03914,0.0
OUT_03915,0.0
OUT_03918,0.0
OUT_03919,0.0
OUT_03920,0.0
OUT_03923,0.0
OUT_03924,0.0
OUT_03927,0.0
OUT_03928,0.0
OUT_03929,0.0
OUT_03930,0.0
OUT_03933,0.0
OUT_03934,0.0
OUT_03935,0.0
OUT_03936,0.0
OUT_03938,0.0
OUT_03939,0.0
OUT_03940,0.0
OUT_03941,0.0
OUT_03942,0.0
OUT_03943,0.0
OUT_03945,0.0
OUT_03946,0.0
OUT_03951,0.0
OUT_03952,0.0
OUT_03956,0.0
OUT_03957,0.0
OUT_03958,0.0
OUT_03959,0.0
OUT_03960,0.0
OUT_03961,0.0
OUT_03962,0.0
OUT_03965,0.0
OUT_03967,0.0
OUT_03968,0.0
OUT_03970,0.0
OUT_03971,0.0
OUT_03973,0.0
OUT_03974,0.0
OUT_03977,0.0
OUT_03979,0.0
OUT_03980,0.0
OUT_03981,0.0
OUT_03986,0.0
OUT_03987,0.0
OUT_03989,0.0
OUT_03991,0.0
OUT_03995,0.0
OUT_03996,0.0
OUT_03997,0.0
OUT_03998,0.0
OUT_03999,0.0
OUT_04001,0.0
OUT_04002,0.0
OUT_04004,0.0
OUT_04005,0.0
OUT_04008,0.0
OUT_04012,0.0
OUT_04013,0.0
OUT_04014,0.0
OUT_04015,0.0
OUT_04017,0.0
OUT_04018,0.0
OUT_04020,0.0
OUT_04023,0.0
OUT_04024,0.0
OUT_04025,0.0
OUT_04028,0.0
OUT_04029,0.0
OUT_04033,0.0
OUT_04035,0.0
OUT_04038,0.0
OUT_04040,0.0
OUT_04042,0.0
OUT_04043,0.0
OUT_04044,0.0
OUT_04045,0.0
OUT_04046,0.0
OUT_04047,0.0
OUT_04048,0.0
OUT_04049,0.0
OUT_04050,0.0
OUT_04051,0.0
OUT_04055,0.0
OUT_04057,0.0
OUT_04058,0.0
OUT_04059,0.0
OUT_04060,0.0
OUT_04062,0.0
OUT_04065,0.0
OUT_04066,0.0
OUT_04070,0.0
OUT_04071,0.0
OUT_04072,0.0
OUT_04074,0.0
OUT_04075,0.0
OUT_04076,0.0
OUT_04077,0.0
OUT_04078,0.0
OUT_04079,0.0
OUT_04080,0.0
OUT_04082,0.0
OUT_04083,0.0
OUT_04085,0.0
OUT_04091,0.0
OUT_04092,0.0
OUT_04093,0.0
OUT_04098,0.0
OUT_04099,0.0
OUT_04100,0.0
OUT_04101,0.0
OUT_04105,0.0
OUT_04106,0.0
OUT_04109,0.0
OUT_04110,0.0
OUT_04112,0.0
OUT_04113,0.0
OUT_04114,0.0
OUT_04115,0.0
OUT_04116,0.0
OUT_04117,0.0
OUT_04118,0.0
OUT_04119,0.0
OUT_04126,0.0
OUT_04128,0.0
OUT_04130,0.0
OUT_04132,0.0
OUT_04135,0.0
OUT_04137,0.0
OUT_04138,0.0
OUT_04140,0.0
OUT_04141,0.0
OUT_04146,0.0
OUT_04149,0.0
OUT_04150,0.0
OUT_04151,0.0
OUT_04152,0.0
OUT_04154,0.0
OUT_04156,0.0
OUT_04157,0.0
OUT_04158,0.0
OUT_04159,0.0
OUT_04160,0.0
OUT_04163,0.0
OUT_04166,0.0
OUT_04169,0.0
OUT_04170,0.0
OUT_04171,0.0
OUT_04172,0.0
OUT_04173,0.0
OUT_04175,0.0
OUT_04176,0.0
OUT_04177,0.0
OUT_04178,0.0
OUT_04180,0.0
OUT_04182,0.0
OUT_04184,0.0
OUT_04185,0.0
OUT_04186,0.0
OUT_04187,0.0
OUT_04188,0.0
OUT_04190,0.0
OUT_04196,0.0
OUT_04197,0.0
OUT_04198,0.0
OUT_04202,0.0
OUT_04203,0.0
OUT_04204,0.0
OUT_04206,0.0
OUT_04208,0.0
OUT_04209,0.0
OUT_04210,0.0
OUT_04211,0.0
OUT_04212,0.0
OUT_04214,0.0
OUT_04216,0.0
OUT_04220,0.0
OUT_04223,0.0
OUT_04225,0.0
OUT_04227,0.0
OUT_04228,0.0
OUT_04229,0.0
OUT_04231,0.0
OUT_04234,0.0
OUT_04236,0.0
OUT_04237,0.0
OUT_04238,0.0
OUT_04239,0.0
OUT_04241,0.0
OUT_04242,0.0
OUT_04243,0.0
OUT_04246,0.0
OUT_04248,0.0
OUT_04251,0.0
OUT_04252,0.0
OUT_04253,0.0
OUT_04257,0.0
OUT_04260,0.0
OUT_04262,0.0
OUT_04263,0.0
OUT_04264,0.0
OUT_04266,0.0
OUT_04267,0.0
OUT_04268,0.0
OUT_04269,0.0
OUT_04271,0.0
OUT_04273,0.0
OUT_04274,0.0
OUT_04276,0.0
OUT_04281,0.0
OUT_04283,0.0
OUT_04284,0.0
OUT_04288,0.0
OUT_04289,0.0
OUT_04291,0.0
OUT_04294,0.0
OUT_04295,0.0
OUT_04296,0.0
OUT_04297,0.0
OUT_04298,0.0
OUT_04299,0.0
OUT_04301,0.0
OUT_04302,0.0
OUT_04303,0.0
OUT_04304,0.0
OUT_04305,0.0
OUT_04307,0.0
OUT_04308,0.0
OUT_04309,0.0
OUT_04311,0.0
OUT_04312,0.0
OUT_04313,0.0
OUT_04314,0.0
OUT_04316,0.0
OUT_04317,0.0
OUT_04319,0.0
OUT_04320,0.0
OUT_04321,0.0
OUT_04323,0.0
OUT_04324,0.0
OUT_04325,0.0
OUT_04326,0.0
OUT_04327,0.0
OUT_04328,0.0
OUT_04329,0.0
OUT_04331,0.0
OUT_04332,0.0
OUT_04333,0.0
OUT_04334,0.0
OUT_04335,0.0
OUT_04336,0.0
OUT_04338,0.0
OUT_04339,0.0
OUT_04341,0.0
OUT_04344,0.0
OUT_04345,0.0
OUT_04346,0.0
OUT_04347,0.0
OUT_04348,0.0
OUT_04351,0.0
OUT_04352,0.0
OUT_04354,0.0
OUT_04355,0.0
OUT_04358,0.0
OUT_04359,0.0
OUT_04360,0.0
OUT_04362,0.0
OUT_04363,0.0
OUT_04367,0.0
OUT_04369,0.0
OUT_04370,0.0
OUT_04371,0.0
OUT_04373,0.0
OUT_04375,0.0
OUT_04377,0.0
OUT_04381,0.0
OUT_04383,0.0
OUT_04385,0.0
OUT_04387,0.0
OUT_04389,0.0
OUT_04390,0.0
OUT_04391,0.0
OUT_04392,0.0
OUT_04397,0.0
OUT_04398,0.0
OUT_04399,0.0
OUT_04400,0.0
OUT_04402,0.0
OUT_04403,0.0
OUT_04404,0.0
OUT_04405,0.0
OUT_04407,0.0
OUT_04409,0.0
OUT_04412,0.0
OUT_04413,0.0
OUT_04415,0.0
OUT_04416,0.0
OUT_04419,0.0
OUT_04420,0.0
OUT_04421,0.0
OUT_04424,0.0
OUT_04425,0.0
OUT_04427,0.0
OUT_04428,0.0
OUT_04429,0.0
OUT_04432,0.0
OUT_04433,0.0
OUT_04434,0.0
OUT_04435,0.0
OUT_04440,0.0
OUT_04441,0.0
OUT_04443,0.0
OUT_04445,0.0
OUT_04447,0.0
OUT_04448,0.0
OUT_04449,0.0
OUT_04451,0.0
OUT_04452,0.0
OUT_04455,0.0
OUT_04456,0.0
OUT_04457,0.0
OUT_04458,0.0
OUT_04461,0.0
OUT_04462,0.0
OUT_04463,0.0
OUT_04464,0.0
OUT_04466,0.0
OUT_04469,0.0
OUT_04472,0.0
OUT_04474,0.0
OUT_04475,0.0
OUT_04476,0.0
OUT_04477,0.0
OUT_04478,0.0
OUT_04480,0.0
OUT_04481,0.0
OUT_04482,0.0
OUT_04484,0.0
OUT_04485,0.0
OUT_04486,0.0
OUT_04487,0.0
OUT_04489,0.0
OUT_04490,0.0
OUT_04491,0.0
OUT_04494,0.0
OUT_04496,0.0
OUT_04497,0.0
OUT_04498,0.0
OUT_04499,0.0
OUT_04500,0.0
OUT_04501,0.0
OUT_04502,0.0
OUT_04503,0.0
OUT_04504,0.0
OUT_04505,0.0
OUT_04506,0.0
OUT_04507,0.0
OUT_04508,0.0
OUT_04509,0.0
OUT_04510,0.0
OUT_00005,0.0
OUT_04512,0.0
OUT_00008,0.0
OUT_04514,0.0
OUT_08944,0.0
OUT_04516,0.0
OUT_00040,0.0
OUT_08969,0.0
OUT_04519,0.0
OUT_04520,0.0
OUT_04521,0.0
OUT_04522,0.0
OUT_08970,0.0
OUT_04524,0.0
OUT_04525,0.0
OUT_04526,0.0
OUT_04527,0.0
OUT_04528,0.0
OUT_04529,0.0
OUT_04530,0.0
OUT_08973,0.0
OUT_04532,0.0
OUT_04533,0.0
OUT_08974,0.0
OUT_04535,0.0
OUT_04536,0.0
OUT_04537,0.0
OUT_04538,0.0
OUT_04539,0.0
OUT_08975,0.0
OUT_04541,0.0
OUT_04542,0.0
OUT_00001,0.0
OUT_08977,0.0
OUT_04545,0.0
OUT_08978,0.0
OUT_04547,0.0
OUT_04548,0.0
OUT_04549,0.0
OUT_08979,0.0
OUT_08987,0.0
OUT_08989,0.0
OUT_08990,0.0
OUT_04554,0.0
OUT_04555,0.0
OUT_04556,0.0
OUT_08992,0.0
OUT_04558,0.0
OUT_04559,0.0
OUT_04560,0.0
OUT_04561,0.0
OUT_08993,0.0
OUT_04563,0.0
OUT_04564,0.0
OUT_08994,0.0
OUT_08996,0.0
OUT_08997,0.0
OUT_04568,0.0
OUT_08999,0.0
OUT_00041,0.0
OUT_00043,0.0
OUT_04572,0.0
OUT_04573,0.0
OUT_04574,0.0
OUT_04575,0.0
OUT_00048,0.0
OUT_04577,0.0
OUT_04578,0.0
OUT_04579,0.0
OUT_04580,0.0
OUT_00051,0.0
OUT_00053,0.0
OUT_04583,0.0
OUT_04584,0.0
OUT_04585,0.0
OUT_00055,0.0
OUT_00057,0.0
OUT_04588,0.0
OUT_04589,0.0
OUT_00058,0.0
OUT_04591,0.0
OUT_04592,0.0
OUT_00060,0.0
OUT_00061,0.0
OUT_04595,0.0
OUT_04596,0.0
OUT_04597,0.0
OUT_00064,0.0
OUT_04599,0.0
OUT_04600,0.0
OUT_00067,0.0
OUT_04602,0.0
OUT_04603,0.0
OUT_00069,0.0
OUT_04605,0.0
OUT_00070,0.0
OUT_00071,0.0
OUT_04608,0.0
OUT_00072,0.0
OUT_00073,0.0
OUT_00075,0.0
OUT_00080,0.0
OUT_00081,0.0
OUT_04614,0.0
OUT_00082,0.0
OUT_04616,0.0
OUT_04617,0.0
OUT_04618,0.0
OUT_04619,0.0
OUT_04620,0.0
OUT_00083,0.0
OUT_00084,0.0
OUT_04623,0.0
OUT_00086,0.0
OUT_00088,0.0
OUT_00089,0.0
OUT_00090,0.0
OUT_04628,0.0
OUT_00091,0.0
OUT_00092,0.0
OUT_04631,0.0
OUT_00097,0.0
OUT_04633,0.0
OUT_00099,0.0
OUT_04635,0.0
OUT_04636,0.0
OUT_00101,0.0
OUT_04638,0.0
OUT_04639,0.0
OUT_00103,0.0
OUT_00106,0.0
OUT_00107,0.0
OUT_00109,0.0
OUT_00110,0.0
OUT_00113,0.0
OUT_00114,0.0
OUT_00115,0.0
OUT_00119,0.0
OUT_04649,0.0
OUT_04650,0.0
OUT_00120,0.0
OUT_04652,0.0
OUT_00121,0.0
OUT_00122,0.0
OUT_04655,0.0
OUT_04656,0.0
OUT_04657,0.0
OUT_00125,0.0
OUT_00126,0.0
OUT_04660,0.0
OUT_04661,0.0
OUT_04662,0.0
OUT_00128,0.0
OUT_04664,0.0
OUT_04665,0.0
OUT_00129,0.0
OUT_00132,0.0
OUT_00134,0.0
OUT_00135,0.0
OUT_04670,0.0
OUT_00137,0.0
OUT_04672,0.0
OUT_04673,0.0
OUT_04674,0.0
OUT_04675,0.0
OUT_00138,0.0
OUT_04677,0.0
OUT_00140,0.0
OUT_00141,0.0
OUT_00142,0.0
OUT_00145,0.0
OUT_04682,0.0
OUT_04683,0.0
OUT_04684,0.0
OUT_04685,0.0
OUT_04686,0.0
OUT_04687,0.0
OUT_04688,0.0
OUT_00149,0.0
OUT_00150,0.0
OUT_04691,0.0
OUT_04692,0.0
OUT_00151,0.0
OUT_04694,0.0
OUT_04695,0.0
OUT_00153,0.0
OUT_04697,0.0
OUT_00154,0.0
OUT_04699,0.0
OUT_04700,0.0
OUT_00157,0.0
OUT_04702,0.0
OUT_00160,0.0
OUT_04704,0.0
OUT_00163,0.0
OUT_04706,0.0
OUT_04707,0.0
OUT_04708,0.0
OUT_00166,0.0
OUT_04710,0.0
OUT_04711,0.0
OUT_04712,0.0
OUT_04713,0.0
OUT_04714,0.0
OUT_00168,0.0
OUT_04716,0.0
OUT_04717,0.0
OUT_00169,0.0
OUT_00170,0.0
OUT_04720,0.0
OUT_00173,0.0
OUT_00174,0.0
OUT_00176,0.0
OUT_00178,0.0
OUT_04725,0.0
OUT_04726,0.0
OUT_04727,0.0
OUT_00179,0.0
OUT_04729,0.0
OUT_00181,0.0
OUT_00188,0.0
OUT_04732,0.0
OUT_00190,0.0
OUT_00192,0.0
OUT_04735,0.0
OUT_04736,0.0
OUT_04737,0.0
OUT_00193,0.0
OUT_04739,0.0
OUT_00194,0.0
OUT_04741,0.0
OUT_04742,0.0
OUT_00197,0.0
OUT_04744,0.0
OUT_04745,0.0
OUT_04746,0.0
OUT_04747,0.0
OUT_04748,0.0
OUT_00198,0.0
OUT_04750,0.0
OUT_04751,0.0
OUT_04752,0.0
OUT_04753,0.0
OUT_00202,0.0
OUT_04755,0.0
OUT_04756,0.0
OUT_04757,0.0
OUT_04758,0.0
OUT_04759,0.0
OUT_00204,0.0
OUT_00205,0.0
OUT_00208,0.0
OUT_00212,0.0
OUT_04764,0.0
OUT_00213,0.0
OUT_04766,0.0
OUT_04767,0.0
OUT_00215,0.0
OUT_04769,0.0
OUT_04770,0.0
OUT_04771,0.0
OUT_00217,0.0
OUT_04773,0.0
OUT_04774,0.0
OUT_04775,0.0
OUT_04776,0.0
OUT_04777,0.0
OUT_00222,0.0
OUT_00224,0.0
OUT_00225,0.0
OUT_04781,0.0
OUT_04782,0.0
OUT_04783,0.0
OUT_04784,0.0
OUT_04785,0.0
OUT_04786,0.0
OUT_00227,0.0
OUT_00231,0.0
OUT_04789,0.0
OUT_04790,0.0
OUT_04791,0.0
OUT_00232,0.0
OUT_00234,0.0
OUT_04794,0.0
OUT_04795,0.0
OUT_04796,0.0
OUT_04797,0.0
OUT_00235,0.0
OUT_00236,0.0
OUT_04800,0.0
OUT_04801,0.0
OUT_00238,0.0
OUT_04803,0.0
OUT_04804,0.0
OUT_00240,0.0
OUT_04806,0.0
OUT_00241,0.0
OUT_04808,0.0
OUT_04809,0.0
OUT_04810,0.0
OUT_00242,0.0
OUT_04812,0.0
OUT_04813,0.0
OUT_04814,0.0
OUT_04815,0.0
OUT_04816,0.0
OUT_00243,0.0
OUT_04818,0.0
OUT_04819,0.0
OUT_00247,0.0
OUT_04821,0.0
OUT_00248,0.0
OUT_00250,0.0
OUT_04824,0.0
OUT_04825,0.0
OUT_00251,0.0
OUT_04827,0.0
OUT_04828,0.0
OUT_04829,0.0
OUT_00253,0.0
OUT_00254,0.0
OUT_00256,0.0
OUT_04833,0.0
OUT_04834,0.0
OUT_04835,0.0
OUT_04836,0.0
OUT_04837,0.0
OUT_04838,0.0
OUT_04839,0.0
OUT_04840,0.0
OUT_04841,0.0
OUT_04842,0.0
OUT_04843,0.0
OUT_00257,0.0
OUT_04845,0.0
OUT_04846,0.0
OUT_00258,0.0
OUT_04848,0.0
OUT_00259,0.0
OUT_04850,0.0
OUT_04851,0.0
OUT_00260,0.0
OUT_04853,0.0
OUT_00262,0.0
OUT_00263,0.0
OUT_04856,0.0
OUT_04857,0.0
OUT_00264,0.0
OUT_00265,0.0
OUT_04860,0.0
OUT_00267,0.0
OUT_04862,0.0
OUT_04863,0.0
OUT_00269,0.0
OUT_04865,0.0
OUT_04866,0.0
OUT_00270,0.0
OUT_04868,0.0
OUT_00272,0.0
OUT_04870,0.0
OUT_00273,0.0
OUT_00275,0.0
OUT_04873,0.0
OUT_04874,0.0
OUT_00276,0.0
OUT_04876,0.0
OUT_04877,0.0
OUT_00277,0.0
OUT_00279,0.0
OUT_00280,0.0
OUT_04881,0.0
OUT_04882,0.0
OUT_04883,0.0
OUT_00282,0.0
OUT_04885,0.0
OUT_00284,0.0
OUT_00287,0.0
OUT_00292,0.0
OUT_04889,0.0
OUT_04890,0.0
OUT_04891,0.0
OUT_04892,0.0
OUT_04893,0.0
OUT_04894,0.0
OUT_00295,0.0
OUT_04896,0.0
OUT_00297,0.0
OUT_00299,0.0
OUT_04899,0.0
OUT_04900,0.0
OUT_00300,0.0
OUT_04902,0.0
OUT_04903,0.0
OUT_00302,0.0
OUT_00303,0.0
OUT_04906,0.0
OUT_04907,0.0
OUT_00305,0.0
OUT_04909,0.0
OUT_04910,0.0
OUT_04911,0.0
OUT_00309,0.0
OUT_00310,0.0
OUT_00315,0.0
OUT_04915,0.0
OUT_04916,0.0
OUT_04917,0.0
OUT_04918,0.0
OUT_04919,0.0
OUT_00321,0.0
OUT_00323,0.0
OUT_00329,0.0
OUT_04923,0.0
OUT_04924,0.0
OUT_00330,0.0
OUT_00331,0.0
OUT_04927,0.0
OUT_04928,0.0
OUT_04929,0.0
OUT_04930,0.0
OUT_00332,0.0
OUT_04932,0.0
OUT_04933,0.0
OUT_04934,0.0
OUT_00333,0.0
OUT_04936,0.0
OUT_04937,0.0
OUT_04938,0.0
OUT_00335,0.0
OUT_04940,0.0
OUT_00337,0.0
OUT_00338,0.0
OUT_00341,0.0
OUT_04944,0.0
OUT_00342,0.0
OUT_04946,0.0
OUT_04947,0.0
OUT_04948,0.0
OUT_04949,0.0
OUT_00343,0.0
OUT_00345,0.0
OUT_00347,0.0
OUT_00348,0.0
OUT_04954,0.0
OUT_04955,0.0
OUT_00350,0.0
OUT_04957,0.0
OUT_04958,0.0
OUT_04959,0.0
OUT_04960,0.0
OUT_00351,0.0
OUT_04962,0.0
OUT_00354,0.0
OUT_00355,0.0
OUT_00357,0.0
OUT_04966,0.0
OUT_04967,0.0
OUT_04968,0.0
OUT_00358,0.0
OUT_00359,0.0
OUT_00360,0.0
OUT_00362,0.0
OUT_04973,0.0
OUT_04974,0.0
OUT_00363,0.0
OUT_04976,0.0
OUT_04977,0.0
OUT_04978,0.0
OUT_00364,0.0
OUT_04980,0.0
OUT_04981,0.0
OUT_04982,0.0
OUT_04983,0.0
OUT_04984,0.0
OUT_04985,0.0
OUT_04986,0.0
OUT_00365,0.0
OUT_04988,0.0
OUT_00366,0.0
OUT_04990,0.0
OUT_04991,0.0
OUT_00367,0.0
OUT_00368,0.0
OUT_04994,0.0
OUT_00369,0.0
OUT_04996,0.0
OUT_00370,0.0
OUT_04998,0.0
OUT_00371,0.0
OUT_05000,0.0
OUT_00374,0.0
OUT_00376,0.0
OUT_05003,0.0
OUT_00377,0.0
OUT_00378,0.0
OUT_05006,0.0
OUT_00380,0.0
OUT_00381,0.0
OUT_00382,0.0
OUT_00383,0.0
OUT_00384,0.0
OUT_05012,0.0
OUT_00385,0.0
OUT_05014,0.0
OUT_05015,0.0
OUT_00386,0.0
OUT_05017,0.0
OUT_00387,0.0
OUT_05019,0.0
OUT_05020,0.0
OUT_05021,0.0
OUT_05022,0.0
OUT_00389,0.0
OUT_05024,0.0
OUT_05025,0.0
OUT_00390,0.0
OUT_05027,0.0
OUT_00391,0.0
OUT_05029,0.0
OUT_05030,0.0
OUT_05031,0.0
OUT_05032,0.0
OUT_00393,0.0
OUT_05034,0.0
OUT_05035,0.0
OUT_05036,0.0
OUT_05037,0.0
OUT_05038,0.0
OUT_05039,0.0
OUT_00400,0.0
OUT_05041,0.0
OUT_05042,0.0
OUT_05043,0.0
OUT_05044,0.0
OUT_05045,0.0
OUT_00401,0.0
OUT_05047,0.0
OUT_00405,0.0
OUT_00406,0.0
OUT_05050,0.0
OUT_05051,0.0
OUT_00407,0.0
OUT_00408,0.0
OUT_05054,0.0
OUT_00409,0.0
OUT_00411,0.0
OUT_05057,0.0
OUT_00412,0.0
OUT_00413,0.0
OUT_05060,0.0
OUT_00414,0.0
OUT_00415,0.0
OUT_00417,0.0
OUT_00418,0.0
OUT_05065,0.0
OUT_05066,0.0
OUT_05067,0.0
OUT_00419,0.0
OUT_00422,0.0
OUT_05070,0.0
OUT_05071,0.0
OUT_05072,0.0
OUT_00424,0.0
OUT_05074,0.0
OUT_05075,0.0
OUT_05076,0.0
OUT_05077,0.0
OUT_05078,0.0
OUT_05079,0.0
OUT_00425,0.0
OUT_05081,0.0
OUT_00426,0.0
OUT_00427,0.0
OUT_05084,0.0
OUT_05085,0.0
OUT_00429,0.0
OUT_00430,0.0
OUT_00432,0.0
OUT_05089,0.0
OUT_00435,0.0
OUT_05091,0.0
OUT_00436,0.0
OUT_05093,0.0
OUT_00439,0.0
OUT_05095,0.0
OUT_00441,0.0
OUT_05097,0.0
OUT_00443,0.0
OUT_00445,0.0
OUT_00447,0.0
OUT_00448,0.0
OUT_00449,0.0
OUT_05103,0.0
OUT_00450,0.0
OUT_05105,0.0
OUT_05106,0.0
OUT_00453,0.0
OUT_05108,0.0
OUT_00454,0.0
OUT_00455,0.0
OUT_00458,0.0
OUT_00459,0.0
OUT_00460,0.0
OUT_05114,0.0
OUT_00461,0.0
OUT_05116,0.0
OUT_05117,0.0
OUT_05118,0.0
OUT_05119,0.0
OUT_05120,0.0
OUT_00462,0.0
OUT_00467,0.0
OUT_05123,0.0
OUT_00468,0.0
OUT_05125,0.0
OUT_00470,0.0
OUT_05127,0.0
OUT_00471,0.0
OUT_05129,0.0
OUT_05130,0.0
OUT_05131,0.0
OUT_05132,0.0
OUT_05133,0.0
OUT_00473,0.0
OUT_05135,0.0
OUT_00474,0.0
OUT_00475,0.0
OUT_05138,0.0
OUT_05139,0.0
OUT_05140,0.0
OUT_05141,0.0
OUT_00481,0.0
OUT_05143,0.0
OUT_00482,0.0
OUT_05145,0.0
OUT_05146,0.0
OUT_00484,0.0
OUT_05148,0.0
OUT_05149,0.0
OUT_00485,0.0
OUT_05151,0.0
OUT_05152,0.0
OUT_05153,0.0
OUT_00487,0.0
OUT_05155,0.0
OUT_05156,0.0
OUT_05157,0.0
OUT_05158,0.0
OUT_05159,0.0
OUT_05160,0.0
OUT_05161,0.0
OUT_00490,0.0
OUT_00491,0.0
OUT_05164,0.0
OUT_05165,0.0
OUT_05166,0.0
OUT_05167,0.0
OUT_00492,0.0
OUT_05169,0.0
OUT_05170,0.0
OUT_00494,0.0
OUT_05172,0.0
OUT_05173,0.0
OUT_00495,0.0
OUT_00499,0.0
OUT_05176,0.0
OUT_00500,0.0
OUT_05178,0.0
OUT_00504,0.0
OUT_00507,0.0
OUT_05181,0.0
OUT_00508,0.0
OUT_05183,0.0
OUT_05184,0.0
OUT_00509,0.0
OUT_00510,0.0
OUT_00512,0.0
OUT_05188,0.0
OUT_05189,0.0
OUT_05190,0.0
OUT_05191,0.0
OUT_00513,0.0
OUT_00514,0.0
OUT_05194,0.0
OUT_00515,0.0
OUT_00517,0.0
OUT_05197,0.0
OUT_05198,0.0
OUT_05199,0.0
OUT_05200,0.0
OUT_05201,0.0
OUT_05202,0.0
OUT_05203,0.0
OUT_05204,0.0
OUT_05205,0.0
OUT_00518,0.0
OUT_05207,0.0
OUT_00519,0.0
OUT_05209,0.0
OUT_05210,0.0
OUT_00520,0.0
OUT_05212,0.0
OUT_00522,0.0
OUT_00523,0.0
OUT_05215,0.0
OUT_05216,0.0
OUT_05217,0.0
OUT_00526,0.0
OUT_05219,0.0
OUT_00528,0.0
OUT_00529,0.0
OUT_00534,0.0
OUT_00535,0.0
OUT_00536,0.0
OUT_05225,0.0
OUT_05226,0.0
OUT_00537,0.0
OUT_05228,0.0
OUT_05229,0.0
OUT_05230,0.0
OUT_00538,0.0
OUT_00539,0.0
OUT_05233,0.0
OUT_00541,0.0
OUT_00542,0.0
OUT_05236,0.0
OUT_05237,0.0
OUT_05238,0.0
OUT_05239,0.0
OUT_00543,0.0
OUT_05241,0.0
OUT_05242,0.0
OUT_05243,0.0
OUT_05244,0.0
OUT_05245,0.0
OUT_05246,0.0
OUT_05247,0.0
OUT_05248,0.0
OUT_00544,0.0
OUT_00545,0.0
OUT_00546,0.0
OUT_05252,0.0
OUT_05253,0.0
OUT_05254,0.0
OUT_00548,0.0
OUT_00549,0.0
OUT_00551,0.0
OUT_00553,0.0
OUT_00554,0.0
OUT_00558,0.0
OUT_05261,0.0
OUT_00560,0.0
OUT_00562,0.0
OUT_05264,0.0
OUT_05265,0.0
OUT_00567,0.0
OUT_00569,0.0
OUT_05268,0.0
OUT_05269,0.0
OUT_00570,0.0
OUT_05271,0.0
OUT_05272,0.0
OUT_05273,0.0
OUT_00571,0.0
OUT_00572,0.0
OUT_05276,0.0
OUT_05277,0.0
OUT_05278,0.0
OUT_05279,0.0
OUT_05280,0.0
OUT_00574,0.0
OUT_00579,0.0
OUT_00583,0.0
OUT_00584,0.0
OUT_00586,0.0
OUT_05286,0.0
OUT_00587,0.0
OUT_05288,0.0
OUT_05289,0.0
OUT_05290,0.0
OUT_00588,0.0
OUT_05292,0.0
OUT_00589,0.0
OUT_05294,0.0
OUT_00590,0.0
OUT_05296,0.0
OUT_05297,0.0
OUT_05298,0.0
OUT_00592,0.0
OUT_00593,0.0
OUT_00597,0.0
OUT_00598,0.0
OUT_00601,0.0
OUT_00602,0.0
OUT_05305,0.0
OUT_00603,0.0
OUT_00607,0.0
OUT_00608,0.0
OUT_05309,0.0
OUT_00609,0.0
OUT_00611,0.0
OUT_05312,0.0
OUT_00613,0.0
OUT_05314,0.0
OUT_00615,0.0
OUT_05316,0.0
OUT_05317,0.0
OUT_05318,0.0
OUT_05319,0.0
OUT_00618,0.0
OUT_00622,0.0
OUT_05322,0.0
OUT_00623,0.0
OUT_05324,0.0
OUT_00624,0.0
OUT_05326,0.0
OUT_05327,0.0
OUT_05328,0.0
OUT_00627,0.0
OUT_00628,0.0
OUT_00632,0.0
OUT_00634,0.0
OUT_00636,0.0
OUT_05334,0.0
OUT_05335,0.0
OUT_05336,0.0
OUT_05337,0.0
OUT_00639,0.0
OUT_05339,0.0
OUT_00641,0.0
OUT_05341,0.0
OUT_05342,0.0
OUT_05343,0.0
OUT_00642,0.0
OUT_05345,0.0
OUT_05346,0.0
OUT_05347,0.0
OUT_05348,0.0
OUT_05349,0.0
OUT_00643,0.0
OUT_00646,0.0
OUT_05352,0.0
OUT_05353,0.0
OUT_00647,0.0
OUT_00648,0.0
OUT_00649,0.0
OUT_00650,0.0
OUT_00652,0.0
OUT_05359,0.0
OUT_05360,0.0
OUT_05361,0.0
OUT_00653,0.0
OUT_00657,0.0
OUT_00660,0.0
OUT_05365,0.0
OUT_00661,0.0
OUT_05367,0.0
OUT_00662,0.0
OUT_05369,0.0
OUT_00665,0.0
OUT_00667,0.0
OUT_05372,0.0
OUT_00668,0.0
OUT_00669,0.0
OUT_05375,0.0
OUT_00670,0.0
OUT_00671,0.0
OUT_05378,0.0
OUT_05379,0.0
OUT_05380,0.0
OUT_00672,0.0
OUT_05382,0.0
OUT_00673,0.0
OUT_05384,0.0
OUT_00676,0.0
OUT_05386,0.0
OUT_00680,0.0
OUT_00681,0.0
OUT_05389,0.0
OUT_05390,0.0
OUT_00682,0.0
OUT_05392,0.0
OUT_00683,0.0
OUT_00685,0.0
OUT_00688,0.0
OUT_00689,0.0
OUT_05397,0.0
OUT_00690,0.0
OUT_05399,0.0
OUT_00691,0.0
OUT_00692,0.0
OUT_00694,0.0
OUT_05403,0.0
OUT_00696,0.0
OUT_05405,0.0
OUT_00697,0.0
OUT_00700,0.0
OUT_05408,0.0
OUT_05409,0.0
OUT_05410,0.0
OUT_00702,0.0
OUT_00703,0.0
OUT_05413,0.0
OUT_05414,0.0
OUT_05415,0.0
OUT_05416,0.0
OUT_05417,0.0
OUT_00704,0.0
OUT_00706,0.0
OUT_05420,0.0
OUT_05421,0.0
OUT_00708,0.0
OUT_05423,0.0
OUT_00712,0.0
OUT_00714,0.0
OUT_00716,0.0
OUT_05427,0.0
OUT_00718,0.0
OUT_00720,0.0
OUT_05430,0.0
OUT_05431,0.0
OUT_00721,0.0
OUT_00723,0.0
OUT_05434,0.0
OUT_05435,0.0
OUT_05436,0.0
OUT_00724,0.0
OUT_05438,0.0
OUT_05439,0.0
OUT_05440,0.0
OUT_05441,0.0
OUT_00725,0.0
OUT_00726,0.0
OUT_05444,0.0
OUT_00727,0.0
OUT_00728,0.0
OUT_05447,0.0
OUT_05448,0.0
OUT_00729,0.0
OUT_05450,0.0
OUT_00731,0.0
OUT_05452,0.0
OUT_00733,0.0
OUT_05454,0.0
OUT_05455,0.0
OUT_00734,0.0
OUT_00735,0.0
OUT_05458,0.0
OUT_05459,0.0
OUT_00736,0.0
OUT_00737,0.0
OUT_00738,0.0
OUT_05463,0.0
OUT_05464,0.0
OUT_05465,0.0
OUT_05466,0.0
OUT_05467,0.0
OUT_05468,0.0
OUT_00739,0.0
OUT_00740,0.0
OUT_05471,0.0
OUT_05472,0.0
OUT_00742,0.0
OUT_00744,0.0
OUT_05475,0.0
OUT_00747,0.0
OUT_00750,0.0
OUT_00751,0.0
OUT_00753,0.0
OUT_05480,0.0
OUT_00754,0.0
OUT_05482,0.0
OUT_00757,0.0
OUT_05484,0.0
OUT_00759,0.0
OUT_05486,0.0
OUT_00760,0.0
OUT_00761,0.0
OUT_00762,0.0
OUT_05490,0.0
OUT_05491,0.0
OUT_05492,0.0
OUT_00763,0.0
OUT_00766,0.0
OUT_00768,0.0
OUT_05496,0.0
OUT_00770,0.0
OUT_00771,0.0
OUT_05499,0.0
OUT_05500,0.0
OUT_05501,0.0
OUT_05502,0.0
OUT_05503,0.0
OUT_05504,0.0
OUT_05505,0.0
OUT_00772,0.0
OUT_05507,0.0
OUT_00773,0.0
OUT_00774,0.0
OUT_00776,0.0
OUT_00778,0.0
OUT_05512,0.0
OUT_00779,0.0
OUT_05514,0.0
OUT_05515,0.0
OUT_05516,0.0
OUT_00780,0.0
OUT_00782,0.0
OUT_05519,0.0
OUT_05520,0.0
OUT_05521,0.0
OUT_00783,0.0
OUT_00784,0.0
OUT_05524,0.0
OUT_05525,0.0
OUT_05526,0.0
OUT_05527,0.0
OUT_05528,0.0
OUT_05529,0.0
OUT_05530,0.0
OUT_00785,0.0
OUT_05532,0.0
OUT_00786,0.0
OUT_00787,0.0
OUT_00789,0.0
OUT_05536,0.0
OUT_00790,0.0
OUT_00793,0.0
OUT_05539,0.0
OUT_05540,0.0
OUT_05541,0.0
OUT_05542,0.0
OUT_05543,0.0
OUT_05544,0.0
OUT_05545,0.0
OUT_00794,0.0
OUT_00796,0.0
OUT_05548,0.0
OUT_00797,0.0
OUT_05550,0.0
OUT_05551,0.0
OUT_00798,0.0
OUT_00800,0.0
OUT_00801,0.0
OUT_05555,0.0
OUT_05556,0.0
OUT_00802,0.0
OUT_05558,0.0
OUT_05559,0.0
OUT_05560,0.0
OUT_00805,0.0
OUT_05562,0.0
OUT_05563,0.0
OUT_05564,0.0
OUT_00806,0.0
OUT_05566,0.0
OUT_00808,0.0
OUT_00809,0.0
OUT_05569,0.0
OUT_05570,0.0
OUT_05571,0.0
OUT_05572,0.0
OUT_05573,0.0
OUT_05574,0.0
OUT_05575,0.0
OUT_05576,0.0
OUT_05577,0.0
OUT_05578,0.0
OUT_05579,0.0
OUT_05580,0.0
OUT_05581,0.0
OUT_05582,0.0
OUT_00810,0.0
OUT_05584,0.0
OUT_00811,0.0
OUT_00812,0.0
OUT_00815,0.0
OUT_05588,0.0
OUT_05589,0.0
OUT_00816,0.0
OUT_05591,0.0
OUT_00817,0.0
OUT_00819,0.0
OUT_05594,0.0
OUT_05595,0.0
OUT_00820,0.0
OUT_00821,0.0
OUT_00822,0.0
OUT_00824,0.0
OUT_00825,0.0
OUT_00826,0.0
OUT_05602,0.0
OUT_00828,0.0
OUT_00829,0.0
OUT_05605,0.0
OUT_05606,0.0
OUT_05607,0.0
OUT_05608,0.0
OUT_05609,0.0
OUT_05610,0.0
OUT_00831,0.0
OUT_05612,0.0
OUT_05613,0.0
OUT_00832,0.0
OUT_00833,0.0
OUT_05616,0.0
OUT_00834,0.0
OUT_00836,0.0
OUT_05619,0.0
OUT_05620,0.0
OUT_00839,0.0
OUT_05622,0.0
OUT_05623,0.0
OUT_05624,0.0
OUT_05625,0.0
OUT_00841,0.0
OUT_05627,0.0
OUT_05628,0.0
OUT_05629,0.0
OUT_05630,0.0
OUT_00842,0.0
OUT_05632,0.0
OUT_05633,0.0
OUT_05634,0.0
OUT_05635,0.0
OUT_05636,0.0
OUT_05637,0.0
OUT_00846,0.0
OUT_05639,0.0
OUT_05640,0.0
OUT_05641,0.0
OUT_05642,0.0
OUT_00847,0.0
OUT_00848,0.0
OUT_00849,0.0
OUT_00850,0.0
OUT_00851,0.0
OUT_05648,0.0
OUT_05649,0.0
OUT_00852,0.0
OUT_05651,0.0
OUT_05652,0.0
OUT_05653,0.0
OUT_00854,0.0
OUT_05655,0.0
OUT_05656,0.0
OUT_00855,0.0
OUT_00857,0.0
OUT_05659,0.0
OUT_05660,0.0
OUT_05661,0.0
OUT_05662,0.0
OUT_05663,0.0
OUT_05664,0.0
OUT_00858,0.0
OUT_05666,0.0
OUT_05667,0.0
OUT_05668,0.0
OUT_05669,0.0
OUT_00859,0.0
OUT_05671,0.0
OUT_05672,0.0
OUT_05673,0.0
OUT_00860,0.0
OUT_05675,0.0
OUT_00863,0.0
OUT_05677,0.0
OUT_05678,0.0
OUT_05679,0.0
OUT_05680,0.0
OUT_00864,0.0
OUT_00866,0.0
OUT_05683,0.0
OUT_00867,0.0
OUT_05685,0.0
OUT_00870,0.0
OUT_05687,0.0
OUT_05688,0.0
OUT_05689,0.0
OUT_00871,0.0
OUT_05691,0.0
OUT_05692,0.0
OUT_00873,0.0
OUT_05694,0.0
OUT_05695,0.0
OUT_05696,0.0
OUT_05697,0.0
OUT_00874,0.0
OUT_00875,0.0
OUT_00876,0.0
OUT_05701,0.0
OUT_00880,0.0
OUT_00881,0.0
OUT_00884,0.0
OUT_05705,0.0
OUT_05706,0.0
OUT_05707,0.0
OUT_05708,0.0
OUT_00885,0.0
OUT_05710,0.0
OUT_05711,0.0
OUT_00887,0.0
OUT_05713,0.0
OUT_00888,0.0
OUT_00889,0.0
OUT_00893,0.0
OUT_05717,0.0
OUT_05718,0.0
OUT_05719,0.0
OUT_05720,0.0
OUT_05721,0.0
OUT_05722,0.0
OUT_00894,0.0
OUT_05724,0.0
OUT_05725,0.0
OUT_05726,0.0
OUT_00895,0.0
OUT_05728,0.0
OUT_00897,0.0
OUT_05730,0.0
OUT_05731,0.0
OUT_00902,0.0
OUT_00903,0.0
OUT_05734,0.0
OUT_05735,0.0
OUT_00904,0.0
OUT_05737,0.0
OUT_00905,0.0
OUT_05739,0.0
OUT_00908,0.0
OUT_00909,0.0
OUT_00912,0.0
OUT_00914,0.0
OUT_05744,0.0
OUT_05745,0.0
OUT_05746,0.0
OUT_05747,0.0
OUT_00915,0.0
OUT_00918,0.0
OUT_00919,0.0
OUT_05751,0.0
OUT_05752,0.0
OUT_00920,0.0
OUT_05754,0.0
OUT_00923,0.0
OUT_00924,0.0
OUT_05757,0.0
OUT_00926,0.0
OUT_00927,0.0
OUT_00931,0.0
OUT_05761,0.0
OUT_00934,0.0
OUT_00935,0.0
OUT_00936,0.0
OUT_05765,0.0
OUT_00937,0.0
OUT_05767,0.0
OUT_05768,0.0
OUT_05769,0.0
OUT_00941,0.0
OUT_05771,0.0
OUT_00943,0.0
OUT_05773,0.0
OUT_05774,0.0
OUT_00947,0.0
OUT_05776,0.0
OUT_00950,0.0
OUT_05778,0.0
OUT_00951,0.0
OUT_05780,0.0
OUT_05781,0.0
OUT_05782,0.0
OUT_05783,0.0
OUT_00952,0.0
OUT_00953,0.0
OUT_05786,0.0
OUT_05787,0.0
OUT_00954,0.0
OUT_05789,0.0
OUT_05790,0.0
OUT_05791,0.0
OUT_00956,0.0
OUT_05793,0.0
OUT_05794,0.0
OUT_05795,0.0
OUT_05796,0.0
OUT_05797,0.0
OUT_05798,0.0
OUT_00957,0.0
OUT_05800,0.0
OUT_00958,0.0
OUT_05802,0.0
OUT_00959,0.0
OUT_05804,0.0
OUT_05805,0.0
OUT_05806,0.0
OUT_05807,0.0
OUT_05808,0.0
OUT_00960,0.0
OUT_00961,0.0
OUT_00962,0.0
OUT_05812,0.0
OUT_05813,0.0
OUT_00964,0.0
OUT_05815,0.0
OUT_05816,0.0
OUT_05817,0.0
OUT_05818,0.0
OUT_00965,0.0
OUT_00967,0.0
OUT_00973,0.0
OUT_05822,0.0
OUT_05823,0.0
OUT_05824,0.0
OUT_05825,0.0
OUT_05826,0.0
OUT_05827,0.0
OUT_05828,0.0
OUT_05829,0.0
OUT_00974,0.0
OUT_05831,0.0
OUT_00976,0.0
OUT_00979,0.0
OUT_00981,0.0
OUT_00985,0.0
OUT_00986,0.0
OUT_05837,0.0
OUT_00987,0.0
OUT_05839,0.0
OUT_05840,0.0
OUT_00988,0.0
OUT_05842,0.0
OUT_05843,0.0
OUT_05844,0.0
OUT_05845,0.0
OUT_00989,0.0
OUT_00991,0.0
OUT_00992,0.0
OUT_05849,0.0
OUT_00994,0.0
OUT_05851,0.0
OUT_05852,0.0
OUT_05853,0.0
OUT_05854,0.0
OUT_00995,0.0
OUT_05856,0.0
OUT_00997,0.0
OUT_00999,0.0
OUT_01001,0.0
OUT_01002,0.0
OUT_01005,0.0
OUT_01006,0.0
OUT_05863,0.0
OUT_05864,0.0
OUT_05865,0.0
OUT_05866,0.0
OUT_05867,0.0
OUT_05868,0.0
OUT_01007,0.0
OUT_01009,0.0
OUT_01011,0.0
OUT_05872,0.0
OUT_05873,0.0
OUT_01013,0.0
OUT_01014,0.0
OUT_01015,0.0
OUT_05877,0.0
OUT_01017,0.0
OUT_05879,0.0
OUT_01019,0.0
OUT_05881,0.0
OUT_05882,0.0
OUT_05883,0.0
OUT_01020,0.0
OUT_01022,0.0
OUT_01023,0.0
OUT_01026,0.0
OUT_05888,0.0
OUT_01030,0.0
OUT_01031,0.0
OUT_05891,0.0
OUT_05892,0.0
OUT_05893,0.0
OUT_01032,0.0
OUT_05895,0.0
OUT_05896,0.0
OUT_05897,0.0
OUT_05898,0.0
OUT_05899,0.0
OUT_01033,0.0
OUT_05901,0.0
OUT_01034,0.0
OUT_05903,0.0
OUT_01036,0.0
OUT_01044,0.0
OUT_05906,0.0
OUT_05907,0.0
OUT_05908,0.0
OUT_01045,0.0
OUT_01046,0.0
OUT_01047,0.0
OUT_01048,0.0
OUT_01051,0.0
OUT_01052,0.0
OUT_01055,0.0
OUT_01056,0.0
OUT_05917,0.0
OUT_01057,0.0
OUT_05919,0.0
OUT_05920,0.0
OUT_01058,0.0
OUT_01064,0.0
OUT_01065,0.0
OUT_01066,0.0
OUT_05925,0.0
OUT_01067,0.0
OUT_05927,0.0
OUT_05928,0.0
OUT_05929,0.0
OUT_05930,0.0
OUT_05931,0.0
OUT_05932,0.0
OUT_05933,0.0
OUT_05934,0.0
OUT_05935,0.0
OUT_01068,0.0
OUT_05937,0.0
OUT_01069,0.0
OUT_01070,0.0
OUT_05940,0.0
OUT_01071,0.0
OUT_01073,0.0
OUT_01074,0.0
OUT_05944,0.0
OUT_05945,0.0
OUT_05946,0.0
OUT_01075,0.0
OUT_05948,0.0
OUT_05949,0.0
OUT_05950,0.0
OUT_05951,0.0
OUT_05952,0.0
OUT_05953,0.0
OUT_05954,0.0
OUT_01077,0.0
OUT_05956,0.0
OUT_01078,0.0
OUT_01079,0.0
OUT_05959,0.0
OUT_01080,0.0
OUT_01081,0.0
OUT_01082,0.0
OUT_05963,0.0
OUT_05964,0.0
OUT_05965,0.0
OUT_01083,0.0
OUT_05967,0.0
OUT_05968,0.0
OUT_01084,0.0
OUT_05970,0.0
OUT_01085,0.0
OUT_01086,0.0
OUT_05973,0.0
OUT_05974,0.0
OUT_01088,0.0
OUT_05976,0.0
OUT_01089,0.0
OUT_05978,0.0
OUT_05979,0.0
OUT_01091,0.0
OUT_01092,0.0
OUT_05982,0.0
OUT_01094,0.0
OUT_05984,0.0
OUT_05985,0.0
OUT_01097,0.0
OUT_05987,0.0
OUT_05988,0.0
OUT_05989,0.0
OUT_05990,0.0
OUT_05991,0.0
OUT_01098,0.0
OUT_05993,0.0
OUT_01100,0.0
OUT_01101,0.0
OUT_01104,0.0
OUT_01105,0.0
OUT_05998,0.0
OUT_05999,0.0
OUT_01106,0.0
OUT_06001,0.0
OUT_01109,0.0
OUT_01110,0.0
OUT_01112,0.0
OUT_06005,0.0
OUT_06006,0.0
OUT_06007,0.0
OUT_06008,0.0
OUT_06009,0.0
OUT_01113,0.0
OUT_01115,0.0
OUT_06012,0.0
OUT_01117,0.0
OUT_06014,0.0
OUT_01118,0.0
OUT_01121,0.0
OUT_06017,0.0
OUT_06018,0.0
OUT_06019,0.0
OUT_01122,0.0
OUT_06021,0.0
OUT_01124,0.0
OUT_06023,0.0
OUT_01125,0.0
OUT_00003,0.0
OUT_01128,0.0
OUT_01129,0.0
OUT_06028,0.0
OUT_06029,0.0
OUT_01131,0.0
OUT_06031,0.0
OUT_01132,0.0
OUT_01133,0.0
OUT_06034,0.0
OUT_01134,0.0
OUT_06036,0.0
OUT_06037,0.0
OUT_01135,0.0
OUT_01136,0.0
OUT_06040,0.0
OUT_01139,0.0
OUT_06042,0.0
OUT_06043,0.0
OUT_01140,0.0
OUT_01141,0.0
OUT_06046,0.0
OUT_06047,0.0
OUT_01142,0.0
OUT_01143,0.0
OUT_06050,0.0
OUT_01144,0.0
OUT_01148,0.0
OUT_06053,0.0
OUT_06054,0.0
OUT_06055,0.0
OUT_06056,0.0
OUT_06057,0.0
OUT_01149,0.0
OUT_06059,0.0
OUT_06060,0.0
OUT_01150,0.0
OUT_06062,0.0
OUT_06063,0.0
OUT_01153,0.0
OUT_01154,0.0
OUT_01155,0.0
OUT_01156,0.0
OUT_06068,0.0
OUT_06069,0.0
OUT_01157,0.0
OUT_01158,0.0
OUT_01159,0.0
OUT_06073,0.0
OUT_01160,0.0
OUT_01161,0.0
OUT_01162,0.0
OUT_01163,0.0
OUT_06078,0.0
OUT_06079,0.0
OUT_01164,0.0
OUT_06081,0.0
OUT_06082,0.0
OUT_06083,0.0
OUT_01167,0.0
OUT_06085,0.0
OUT_01169,0.0
OUT_01170,0.0
OUT_01171,0.0
OUT_01172,0.0
OUT_01174,0.0
OUT_01175,0.0
OUT_06092,0.0
OUT_06093,0.0
OUT_01176,0.0
OUT_06095,0.0
OUT_06096,0.0
OUT_06097,0.0
OUT_06098,0.0
OUT_06099,0.0
OUT_06100,0.0
OUT_01177,0.0
OUT_06102,0.0
OUT_01178,0.0
OUT_01179,0.0
OUT_01180,0.0
OUT_01183,0.0
OUT_06107,0.0
OUT_01184,0.0
OUT_06109,0.0
OUT_06110,0.0
OUT_01185,0.0
OUT_01186,0.0
OUT_06113,0.0
OUT_01187,0.0
OUT_01192,0.0
OUT_06116,0.0
OUT_06117,0.0
OUT_06118,0.0
OUT_01193,0.0
OUT_06120,0.0
OUT_06121,0.0
OUT_01194,0.0
OUT_01195,0.0
OUT_01196,0.0
OUT_06125,0.0
OUT_06126,0.0
OUT_06127,0.0
OUT_01197,0.0
OUT_06129,0.0
OUT_06130,0.0
OUT_01198,0.0
OUT_01199,0.0
OUT_06133,0.0
OUT_01200,0.0
OUT_01201,0.0
OUT_06136,0.0
OUT_06137,0.0
OUT_01202,0.0
OUT_06139,0.0
OUT_06140,0.0
OUT_01206,0.0
OUT_01207,0.0
OUT_06143,0.0
OUT_06144,0.0
OUT_01212,0.0
OUT_06146,0.0
OUT_01213,0.0
OUT_01214,0.0
OUT_06149,0.0
OUT_06150,0.0
OUT_01215,0.0
OUT_06152,0.0
OUT_06153,0.0
OUT_06154,0.0
OUT_06155,0.0
OUT_06156,0.0
OUT_06157,0.0
OUT_06158,0.0
OUT_06159,0.0
OUT_06160,0.0
OUT_06161,0.0
OUT_01217,0.0
OUT_01218,0.0
OUT_06164,0.0
OUT_06165,0.0
OUT_06166,0.0
OUT_01219,0.0
OUT_06168,0.0
OUT_06169,0.0
OUT_06170,0.0
OUT_01220,0.0
OUT_01221,0.0
OUT_01223,0.0
OUT_06174,0.0
OUT_01224,0.0
OUT_06176,0.0
OUT_06177,0.0
OUT_06178,0.0
OUT_01225,0.0
OUT_06180,0.0
OUT_01226,0.0
OUT_01227,0.0
OUT_06183,0.0
OUT_06184,0.0
OUT_01228,0.0
OUT_01236,0.0
OUT_01239,0.0
OUT_01240,0.0
OUT_01241,0.0
OUT_06190,0.0
OUT_06191,0.0
OUT_01243,0.0
OUT_01246,0.0
OUT_01247,0.0
OUT_06195,0.0
OUT_06196,0.0
OUT_06197,0.0
OUT_06198,0.0
OUT_06199,0.0
OUT_06200,0.0
OUT_06201,0.0
OUT_01248,0.0
OUT_01249,0.0
OUT_06204,0.0
OUT_01252,0.0
OUT_06206,0.0
OUT_06207,0.0
OUT_06208,0.0
OUT_01253,0.0
OUT_01254,0.0
OUT_06211,0.0
OUT_06212,0.0
OUT_01255,0.0
OUT_01257,0.0
OUT_06215,0.0
OUT_06216,0.0
OUT_01258,0.0
OUT_01259,0.0
OUT_01260,0.0
OUT_06220,0.0
OUT_06221,0.0
OUT_06222,0.0
OUT_01261,0.0
OUT_06224,0.0
OUT_06225,0.0
OUT_06226,0.0
OUT_06227,0.0
OUT_06228,0.0
OUT_06229,0.0
OUT_06230,0.0
OUT_06231,0.0
OUT_01262,0.0
OUT_06233,0.0
OUT_01265,0.0
OUT_01266,0.0
OUT_06236,0.0
OUT_01267,0.0
OUT_06238,0.0
OUT_06239,0.0
OUT_06240,0.0
OUT_06241,0.0
OUT_06242,0.0
OUT_01268,0.0
OUT_01269,0.0
OUT_06245,0.0
OUT_01272,0.0
OUT_06247,0.0
OUT_06248,0.0
OUT_01273,0.0
OUT_01274,0.0
OUT_06251,0.0
OUT_01275,0.0
OUT_01276,0.0
OUT_01278,0.0
OUT_01279,0.0
OUT_06256,0.0
OUT_01281,0.0
OUT_06258,0.0
OUT_01282,0.0
OUT_06260,0.0
OUT_06261,0.0
OUT_01283,0.0
OUT_06263,0.0
OUT_06264,0.0
OUT_06265,0.0
OUT_06266,0.0
OUT_06267,0.0
OUT_01287,0.0
OUT_01289,0.0
OUT_01292,0.0
OUT_06271,0.0
OUT_06272,0.0
OUT_06273,0.0
OUT_01295,0.0
OUT_06275,0.0
OUT_06276,0.0
OUT_01297,0.0
OUT_06278,0.0
OUT_01298,0.0
OUT_01299,0.0
OUT_06281,0.0
OUT_06282,0.0
OUT_01300,0.0
OUT_06284,0.0
OUT_06285,0.0
OUT_06286,0.0
OUT_06287,0.0
OUT_06288,0.0
OUT_01302,0.0
OUT_06290,0.0
OUT_01305,0.0
OUT_06292,0.0
OUT_01306,0.0
OUT_01308,0.0
OUT_01314,0.0
OUT_06296,0.0
OUT_06297,0.0
OUT_06298,0.0
OUT_01315,0.0
OUT_06300,0.0
OUT_06301,0.0
OUT_06302,0.0
OUT_06303,0.0
OUT_01319,0.0
OUT_06305,0.0
OUT_06306,0.0
OUT_06307,0.0
OUT_01321,0.0
OUT_06309,0.0
OUT_06310,0.0
OUT_06311,0.0
OUT_01322,0.0
OUT_01323,0.0
OUT_06314,0.0
OUT_06315,0.0
OUT_06316,0.0
OUT_06317,0.0
OUT_06318,0.0
OUT_01324,0.0
OUT_06320,0.0
OUT_06321,0.0
OUT_01325,0.0
OUT_06323,0.0
OUT_06324,0.0
OUT_01327,0.0
OUT_01328,0.0
OUT_06327,0.0
OUT_06328,0.0
OUT_06329,0.0
OUT_06330,0.0
OUT_06331,0.0
OUT_06332,0.0
OUT_01330,0.0
OUT_06334,0.0
OUT_06335,0.0
OUT_06336,0.0
OUT_01331,0.0
OUT_06338,0.0
OUT_01335,0.0
OUT_01336,0.0
OUT_01337,0.0
OUT_06342,0.0
OUT_06343,0.0
OUT_06344,0.0
OUT_06345,0.0
OUT_01338,0.0
OUT_01339,0.0
OUT_01343,0.0
OUT_06349,0.0
OUT_06350,0.0
OUT_01344,0.0
OUT_06352,0.0
OUT_06353,0.0
OUT_06354,0.0
OUT_06355,0.0
OUT_06356,0.0
OUT_06357,0.0
OUT_01345,0.0
OUT_01347,0.0
OUT_06360,0.0
OUT_01348,0.0
OUT_06362,0.0
OUT_06363,0.0
OUT_01352,0.0
OUT_06365,0.0
OUT_01353,0.0
OUT_06367,0.0
OUT_01354,0.0
OUT_01355,0.0
OUT_01356,0.0
OUT_01357,0.0
OUT_06372,0.0
OUT_06373,0.0
OUT_01358,0.0
OUT_01359,0.0
OUT_06376,0.0
OUT_06377,0.0
OUT_01360,0.0
OUT_06379,0.0
OUT_06380,0.0
OUT_06381,0.0
OUT_01361,0.0
OUT_01364,0.0
OUT_01367,0.0
OUT_01369,0.0
OUT_06386,0.0
OUT_06387,0.0
OUT_06388,0.0
OUT_06389,0.0
OUT_06390,0.0
OUT_06391,0.0
OUT_01370,0.0
OUT_06393,0.0
OUT_01371,0.0
OUT_06395,0.0
OUT_06396,0.0
OUT_06397,0.0
OUT_01372,0.0
OUT_06399,0.0
OUT_06400,0.0
OUT_06401,0.0
OUT_06402,0.0
OUT_06403,0.0
OUT_01373,0.0
OUT_06405,0.0
OUT_06406,0.0
OUT_06407,0.0
OUT_06408,0.0
OUT_06409,0.0
OUT_01377,0.0
OUT_06411,0.0
OUT_01378,0.0
OUT_06413,0.0
OUT_06414,0.0
OUT_01381,0.0
OUT_06416,0.0
OUT_01382,0.0
OUT_01383,0.0
OUT_06419,0.0
OUT_06420,0.0
OUT_01385,0.0
OUT_06422,0.0
OUT_01386,0.0
OUT_01387,0.0
OUT_01388,0.0
OUT_01389,0.0
OUT_01392,0.0
OUT_01393,0.0
OUT_06429,0.0
OUT_06430,0.0
OUT_06431,0.0
OUT_06432,0.0
OUT_06433,0.0
OUT_06434,0.0
OUT_06435,0.0
OUT_06436,0.0
OUT_01395,0.0
OUT_01397,0.0
OUT_06439,0.0
OUT_06440,0.0
OUT_06441,0.0
OUT_06442,0.0
OUT_06443,0.0
OUT_06444,0.0
OUT_01398,0.0
OUT_06446,0.0
OUT_06447,0.0
OUT_01399,0.0
OUT_06449,0.0
OUT_06450,0.0
OUT_06451,0.0
OUT_01400,0.0
OUT_06453,0.0
OUT_06454,0.0
OUT_06455,0.0
OUT_06456,0.0
OUT_06457,0.0
OUT_01401,0.0
OUT_06459,0.0
OUT_06460,0.0
OUT_01403,0.0
OUT_01404,0.0
OUT_01405,0.0
OUT_01406,0.0
OUT_01411,0.0
OUT_06466,0.0
OUT_06467,0.0
OUT_06468,0.0
OUT_01412,0.0
OUT_06470,0.0
OUT_01413,0.0
OUT_06472,0.0
OUT_06473,0.0
OUT_01415,0.0
OUT_01416,0.0
OUT_06476,0.0
OUT_06477,0.0
OUT_06478,0.0
OUT_06479,0.0
OUT_01418,0.0
OUT_06481,0.0
OUT_06482,0.0
OUT_06483,0.0
OUT_06484,0.0
OUT_06485,0.0
OUT_06486,0.0
OUT_01419,0.0
OUT_06488,0.0
OUT_01421,0.0
OUT_06490,0.0
OUT_01423,0.0
OUT_01424,0.0
OUT_06493,0.0
OUT_01429,0.0
OUT_06495,0.0
OUT_06496,0.0
OUT_06497,0.0
OUT_01430,0.0
OUT_06499,0.0
OUT_01433,0.0
OUT_01434,0.0
OUT_01435,0.0
OUT_01436,0.0
OUT_06504,0.0
OUT_06505,0.0
OUT_06506,0.0
OUT_06507,0.0
OUT_06508,0.0
OUT_06509,0.0
OUT_06510,0.0
OUT_06511,0.0
OUT_06512,0.0
OUT_06513,0.0
OUT_06514,0.0
OUT_06515,0.0
OUT_06516,0.0
OUT_06517,0.0
OUT_06518,0.0
OUT_01438,0.0
OUT_06520,0.0
OUT_06521,0.0
OUT_06522,0.0
OUT_06523,0.0
OUT_06524,0.0
OUT_01441,0.0
OUT_01442,0.0
OUT_06527,0.0
OUT_06528,0.0
OUT_06529,0.0
OUT_06530,0.0
OUT_06531,0.0
OUT_06532,0.0
OUT_01443,0.0
OUT_06534,0.0
OUT_01444,0.0
OUT_01447,0.0
OUT_06537,0.0
OUT_01448,0.0
OUT_06539,0.0
OUT_06540,0.0
OUT_06541,0.0
OUT_06542,0.0
OUT_06543,0.0
OUT_01450,0.0
OUT_06545,0.0
OUT_01453,0.0
OUT_06547,0.0
OUT_06548,0.0
OUT_06549,0.0
OUT_06550,0.0
OUT_06551,0.0
OUT_06552,0.0
OUT_06553,0.0
OUT_06554,0.0
OUT_01457,0.0
OUT_06556,0.0
OUT_06557,0.0
OUT_06558,0.0
OUT_01460,0.0
OUT_06560,0.0
OUT_06561,0.0
OUT_06562,0.0
OUT_01462,0.0
OUT_01463,0.0
OUT_06565,0.0
OUT_01464,0.0
OUT_06567,0.0
OUT_01465,0.0
OUT_01468,0.0
OUT_06570,0.0
OUT_06571,0.0
OUT_01470,0.0
OUT_06573,0.0
OUT_01471,0.0
OUT_06575,0.0
OUT_06576,0.0
OUT_01475,0.0
OUT_06578,0.0
OUT_06579,0.0
OUT_06580,0.0
OUT_06581,0.0
OUT_06582,0.0
OUT_06583,0.0
OUT_06584,0.0
OUT_06585,0.0
OUT_06586,0.0
OUT_01476,0.0
OUT_01477,0.0
OUT_06589,0.0
OUT_06590,0.0
OUT_01478,0.0
OUT_06592,0.0
OUT_06593,0.0
OUT_06594,0.0
OUT_01480,0.0
OUT_06596,0.0
OUT_06597,0.0
OUT_01483,0.0
OUT_01484,0.0
OUT_06600,0.0
OUT_06601,0.0
OUT_06602,0.0
OUT_06603,0.0
OUT_01489,0.0
OUT_06605,0.0
OUT_06606,0.0
OUT_06607,0.0
OUT_01492,0.0
OUT_06609,0.0
OUT_06610,0.0
OUT_06611,0.0
OUT_01493,0.0
OUT_06613,0.0
OUT_01494,0.0
OUT_01495,0.0
OUT_06616,0.0
OUT_01497,0.0
OUT_06618,0.0
OUT_06619,0.0
OUT_01498,0.0
OUT_06621,0.0
OUT_06622,0.0
OUT_06623,0.0
OUT_06624,0.0
OUT_06625,0.0
OUT_06626,0.0
OUT_06627,0.0
OUT_06628,0.0
OUT_01499,0.0
OUT_06630,0.0
OUT_01502,0.0
OUT_06632,0.0
OUT_01503,0.0
OUT_06634,0.0
OUT_06635,0.0
OUT_06636,0.0
OUT_06637,0.0
OUT_06638,0.0
OUT_01507,0.0
OUT_06640,0.0
OUT_06641,0.0
OUT_01508,0.0
OUT_06643,0.0
OUT_06644,0.0
OUT_06645,0.0
OUT_06646,0.0
OUT_01509,0.0
OUT_06648,0.0
OUT_06649,0.0
OUT_01511,0.0
OUT_06651,0.0
OUT_01512,0.0
OUT_06653,0.0
OUT_01513,0.0
OUT_01515,0.0
OUT_01516,0.0
OUT_01517,0.0
OUT_01519,0.0
OUT_06659,0.0
OUT_01520,0.0
OUT_06661,0.0
OUT_06662,0.0
OUT_06663,0.0
OUT_06664,0.0
OUT_06665,0.0
OUT_06666,0.0
OUT_06667,0.0
OUT_06668,0.0
OUT_06669,0.0
OUT_06670,0.0
OUT_01521,0.0
OUT_06672,0.0
OUT_06673,0.0
OUT_01522,0.0
OUT_01523,0.0
OUT_06676,0.0
OUT_01524,0.0
OUT_06678,0.0
OUT_01527,0.0
OUT_06680,0.0
OUT_01528,0.0
OUT_06682,0.0
OUT_06683,0.0
OUT_06684,0.0
OUT_06685,0.0
OUT_01531,0.0
OUT_01533,0.0
OUT_06688,0.0
OUT_06689,0.0
OUT_01534,0.0
OUT_06691,0.0
OUT_06692,0.0
OUT_06693,0.0
OUT_06694,0.0
OUT_01535,0.0
OUT_06696,0.0
OUT_06697,0.0
OUT_01538,0.0
OUT_01539,0.0
OUT_06700,0.0
OUT_01540,0.0
OUT_06702,0.0
OUT_06703,0.0
OUT_06704,0.0
OUT_06705,0.0
OUT_01542,0.0
OUT_06707,0.0
OUT_06708,0.0
OUT_06709,0.0
OUT_06710,0.0
OUT_06711,0.0
OUT_06712,0.0
OUT_06713,0.0
OUT_06714,0.0
OUT_06715,0.0
OUT_01544,0.0
OUT_01547,0.0
OUT_01548,0.0
OUT_06719,0.0
OUT_01550,0.0
OUT_06721,0.0
OUT_06722,0.0
OUT_06723,0.0
OUT_06724,0.0
OUT_01551,0.0
OUT_01552,0.0
OUT_06727,0.0
OUT_01555,0.0
OUT_06729,0.0
OUT_06730,0.0
OUT_01556,0.0
OUT_06732,0.0
OUT_06733,0.0
OUT_06734,0.0
OUT_01558,0.0
OUT_06736,0.0
OUT_06737,0.0
OUT_06738,0.0
OUT_06739,0.0
OUT_06740,0.0
OUT_06741,0.0
OUT_06742,0.0
OUT_01560,0.0
OUT_06744,0.0
OUT_01562,0.0
OUT_01563,0.0
OUT_01565,0.0
OUT_06748,0.0
OUT_01566,0.0
OUT_06750,0.0
OUT_06751,0.0
OUT_06752,0.0
OUT_06753,0.0
OUT_06754,0.0
OUT_06755,0.0
OUT_06756,0.0
OUT_06757,0.0
OUT_06758,0.0
OUT_01567,0.0
OUT_06760,0.0
OUT_01568,0.0
OUT_01573,0.0
OUT_01575,0.0
OUT_01576,0.0
OUT_06765,0.0
OUT_06766,0.0
OUT_01577,0.0
OUT_01578,0.0
OUT_06769,0.0
OUT_01579,0.0
OUT_06771,0.0
OUT_01581,0.0
OUT_06773,0.0
OUT_01582,0.0
OUT_06775,0.0
OUT_06776,0.0
OUT_06777,0.0
OUT_06778,0.0
OUT_06779,0.0
OUT_01583,0.0
OUT_06781,0.0
OUT_01584,0.0
OUT_06783,0.0
OUT_06784,0.0
OUT_01586,0.0
OUT_01587,0.0
OUT_06787,0.0
OUT_06788,0.0
OUT_06789,0.0
OUT_01588,0.0
OUT_01589,0.0
OUT_06792,0.0
OUT_01591,0.0
OUT_06794,0.0
OUT_06795,0.0
OUT_06796,0.0
OUT_01594,0.0
OUT_06798,0.0
OUT_06799,0.0
OUT_06800,0.0
OUT_01596,0.0
OUT_06802,0.0
OUT_01597,0.0
OUT_06804,0.0
OUT_06805,0.0
OUT_01599,0.0
OUT_06807,0.0
OUT_01601,0.0
OUT_01603,0.0
OUT_01604,0.0
OUT_06811,0.0
OUT_06812,0.0
OUT_06813,0.0
OUT_01605,0.0
OUT_01606,0.0
OUT_06816,0.0
OUT_06817,0.0
OUT_06818,0.0
OUT_01607,0.0
OUT_01608,0.0
OUT_06821,0.0
OUT_06822,0.0
OUT_01609,0.0
OUT_06824,0.0
OUT_06825,0.0
OUT_06826,0.0
OUT_06827,0.0
OUT_01610,0.0
OUT_06829,0.0
OUT_01611,0.0
OUT_06831,0.0
OUT_01612,0.0
OUT_01613,0.0
OUT_06834,0.0
OUT_06835,0.0
OUT_01614,0.0
OUT_06837,0.0
OUT_01615,0.0
OUT_06839,0.0
OUT_06840,0.0
OUT_06841,0.0
OUT_01616,0.0
OUT_01617,0.0
OUT_01619,0.0
OUT_06845,0.0
OUT_01622,0.0
OUT_01623,0.0
OUT_06848,0.0
OUT_01624,0.0
OUT_01626,0.0
OUT_06851,0.0
OUT_06852,0.0
OUT_06853,0.0
OUT_01628,0.0
OUT_01629,0.0
OUT_06856,0.0
OUT_06857,0.0
OUT_06858,0.0
OUT_06859,0.0
OUT_01630,0.0
OUT_01631,0.0
OUT_06862,0.0
OUT_06863,0.0
OUT_06864,0.0
OUT_06865,0.0
OUT_06866,0.0
OUT_06867,0.0
OUT_06868,0.0
OUT_06869,0.0
OUT_06870,0.0
OUT_06871,0.0
OUT_06872,0.0
OUT_06873,0.0
OUT_06874,0.0
OUT_06875,0.0
OUT_06876,0.0
OUT_01632,0.0
OUT_06878,0.0
OUT_01635,0.0
OUT_06880,0.0
OUT_01636,0.0
OUT_01637,0.0
OUT_01639,0.0
OUT_06884,0.0
OUT_06885,0.0
OUT_06886,0.0
OUT_06887,0.0
OUT_06888,0.0
OUT_06889,0.0
OUT_06890,0.0
OUT_06891,0.0
OUT_06892,0.0
OUT_01640,0.0
OUT_06894,0.0
OUT_06895,0.0
OUT_01644,0.0
OUT_01645,0.0
OUT_06898,0.0
OUT_01646,0.0
OUT_06900,0.0
OUT_01647,0.0
OUT_06902,0.0
OUT_06903,0.0
OUT_01650,0.0
OUT_06905,0.0
OUT_01651,0.0
OUT_06907,0.0
OUT_06908,0.0
OUT_01652,0.0
OUT_06910,0.0
OUT_06911,0.0
OUT_06912,0.0
OUT_01653,0.0
OUT_01655,0.0
OUT_06915,0.0
OUT_01656,0.0
OUT_01658,0.0
OUT_01659,0.0
OUT_06919,0.0
OUT_01660,0.0
OUT_06921,0.0
OUT_06922,0.0
OUT_01662,0.0
OUT_06924,0.0
OUT_06925,0.0
OUT_01663,0.0
OUT_06927,0.0
OUT_06928,0.0
OUT_06929,0.0
OUT_06930,0.0
OUT_06931,0.0
OUT_01664,0.0
OUT_06933,0.0
OUT_06934,0.0
OUT_01667,0.0
OUT_01668,0.0
OUT_01669,0.0
OUT_01672,0.0
OUT_01675,0.0
OUT_01676,0.0
OUT_06941,0.0
OUT_06942,0.0
OUT_06943,0.0
OUT_06944,0.0
OUT_01678,0.0
OUT_01681,0.0
OUT_01682,0.0
OUT_06948,0.0
OUT_06949,0.0
OUT_06950,0.0
OUT_06951,0.0
OUT_06952,0.0
OUT_06953,0.0
OUT_01683,0.0
OUT_06955,0.0
OUT_06956,0.0
OUT_06957,0.0
OUT_06958,0.0
OUT_06959,0.0
OUT_06960,0.0
OUT_01688,0.0
OUT_06962,0.0
OUT_01690,0.0
OUT_01691,0.0
OUT_06965,0.0
OUT_06966,0.0
OUT_06967,0.0
OUT_06968,0.0
OUT_01692,0.0
OUT_06970,0.0
OUT_01693,0.0
OUT_06972,0.0
OUT_06973,0.0
OUT_01694,0.0
OUT_06975,0.0
OUT_06976,0.0
OUT_01695,0.0
OUT_01696,0.0
OUT_06979,0.0
OUT_06980,0.0
OUT_06981,0.0
OUT_01697,0.0
OUT_06983,0.0
OUT_06984,0.0
OUT_01698,0.0
OUT_06986,0.0
OUT_06987,0.0
OUT_01700,0.0
OUT_01704,0.0
OUT_06990,0.0
OUT_06991,0.0
OUT_01708,0.0
OUT_06993,0.0
OUT_01709,0.0
OUT_06995,0.0
OUT_06996,0.0
OUT_06997,0.0
OUT_06998,0.0
OUT_01710,0.0
OUT_07000,0.0
OUT_01711,0.0
OUT_07002,0.0
OUT_01712,0.0
OUT_07004,0.0
OUT_07005,0.0
OUT_07006,0.0
OUT_07007,0.0
OUT_01713,0.0
OUT_01714,0.0
OUT_01716,0.0
OUT_01719,0.0
OUT_07012,0.0
OUT_07013,0.0
OUT_01720,0.0
OUT_07015,0.0
OUT_07016,0.0
OUT_01721,0.0
OUT_07018,0.0
OUT_07019,0.0
OUT_07020,0.0
OUT_07021,0.0
OUT_01722,0.0
OUT_07023,0.0
OUT_07024,0.0
OUT_07025,0.0
OUT_07026,0.0
OUT_01723,0.0
OUT_07028,0.0
OUT_01724,0.0
OUT_07030,0.0
OUT_07031,0.0
OUT_07032,0.0
OUT_07033,0.0
OUT_07034,0.0
OUT_07035,0.0
OUT_07036,0.0
OUT_01725,0.0
OUT_07038,0.0
OUT_07039,0.0
OUT_07040,0.0
OUT_07041,0.0
OUT_07042,0.0
OUT_01726,0.0
OUT_07044,0.0
OUT_01727,0.0
OUT_01728,0.0
OUT_01731,0.0
OUT_07048,0.0
OUT_07049,0.0
OUT_01733,0.0
OUT_07051,0.0
OUT_01735,0.0
OUT_01737,0.0
OUT_01738,0.0
OUT_07055,0.0
OUT_01740,0.0
OUT_01742,0.0
OUT_07058,0.0
OUT_07059,0.0
OUT_01743,0.0
OUT_01746,0.0
OUT_01747,0.0
OUT_07063,0.0
OUT_07064,0.0
OUT_01748,0.0
OUT_07066,0.0
OUT_07067,0.0
OUT_01749,0.0
OUT_01750,0.0
OUT_01751,0.0
OUT_07071,0.0
OUT_01752,0.0
OUT_01754,0.0
OUT_07074,0.0
OUT_07075,0.0
OUT_07076,0.0
OUT_07077,0.0
OUT_07078,0.0
OUT_07079,0.0
OUT_01755,0.0
OUT_01756,0.0
OUT_07082,0.0
OUT_01757,0.0
OUT_07084,0.0
OUT_01761,0.0
OUT_07086,0.0
OUT_07087,0.0
OUT_01766,0.0
OUT_01768,0.0
OUT_01769,0.0
OUT_07091,0.0
OUT_01771,0.0
OUT_01773,0.0
OUT_07094,0.0
OUT_07095,0.0
OUT_07096,0.0
OUT_07097,0.0
OUT_07098,0.0
OUT_07099,0.0
OUT_01776,0.0
OUT_01777,0.0
OUT_07102,0.0
OUT_01778,0.0
OUT_07104,0.0
OUT_07105,0.0
OUT_01779,0.0
OUT_07107,0.0
OUT_01780,0.0
OUT_07109,0.0
OUT_01781,0.0
OUT_01783,0.0
OUT_01784,0.0
OUT_01785,0.0
OUT_07114,0.0
OUT_07115,0.0
OUT_07116,0.0
OUT_07117,0.0
OUT_07118,0.0
OUT_07119,0.0
OUT_07120,0.0
OUT_01786,0.0
OUT_07122,0.0
OUT_07123,0.0
OUT_01787,0.0
OUT_07125,0.0
OUT_07126,0.0
OUT_07127,0.0
OUT_07128,0.0
OUT_07129,0.0
OUT_07130,0.0
OUT_01789,0.0
OUT_01791,0.0
OUT_07133,0.0
OUT_01792,0.0
OUT_01793,0.0
OUT_07136,0.0
OUT_01794,0.0
OUT_01795,0.0
OUT_01796,0.0
OUT_01797,0.0
OUT_07141,0.0
OUT_07142,0.0
OUT_07143,0.0
OUT_07144,0.0
OUT_01798,0.0
OUT_01799,0.0
OUT_07147,0.0
OUT_01800,0.0
OUT_07149,0.0
OUT_07150,0.0
OUT_01801,0.0
OUT_07152,0.0
OUT_07153,0.0
OUT_07154,0.0
OUT_01802,0.0
OUT_01803,0.0
OUT_01806,0.0
OUT_01809,0.0
OUT_07159,0.0
OUT_07160,0.0
OUT_07161,0.0
OUT_07162,0.0
OUT_01810,0.0
OUT_01812,0.0
OUT_01813,0.0
OUT_01814,0.0
OUT_01820,0.0
OUT_07168,0.0
OUT_07169,0.0
OUT_07170,0.0
OUT_07171,0.0
OUT_07172,0.0
OUT_07173,0.0
OUT_07174,0.0
OUT_07175,0.0
OUT_07176,0.0
OUT_07177,0.0
OUT_07178,0.0
OUT_01821,0.0
OUT_07180,0.0
OUT_01825,0.0
OUT_07182,0.0
OUT_01827,0.0
OUT_01828,0.0
OUT_01829,0.0
OUT_07186,0.0
OUT_07187,0.0
OUT_07188,0.0
OUT_07189,0.0
OUT_07190,0.0
OUT_07191,0.0
OUT_01830,0.0
OUT_01831,0.0
OUT_07194,0.0
OUT_07195,0.0
OUT_07196,0.0
OUT_01832,0.0
OUT_07198,0.0
OUT_07199,0.0
OUT_07200,0.0
OUT_01833,0.0
OUT_01835,0.0
OUT_01836,0.0
OUT_07204,0.0
OUT_07205,0.0
OUT_07206,0.0
OUT_01840,0.0
OUT_07208,0.0
OUT_07209,0.0
OUT_07210,0.0
OUT_01841,0.0
OUT_07212,0.0
OUT_07213,0.0
OUT_01842,0.0
OUT_01843,0.0
OUT_01844,0.0
OUT_07217,0.0
OUT_01845,0.0
OUT_01846,0.0
OUT_07220,0.0
OUT_07221,0.0
OUT_01847,0.0
OUT_01848,0.0
OUT_01849,0.0
OUT_01852,0.0
OUT_07226,0.0
OUT_01854,0.0
OUT_01855,0.0
OUT_01858,0.0
OUT_07230,0.0
OUT_07231,0.0
OUT_07232,0.0
OUT_07233,0.0
OUT_07234,0.0
OUT_07235,0.0
OUT_07236,0.0
OUT_07237,0.0
OUT_07238,0.0
OUT_07239,0.0
OUT_07240,0.0
OUT_01861,0.0
OUT_01862,0.0
OUT_01863,0.0
OUT_07244,0.0
OUT_07245,0.0
OUT_01864,0.0
OUT_07247,0.0
OUT_07248,0.0
OUT_07249,0.0
OUT_07250,0.0
OUT_07251,0.0
OUT_01865,0.0
OUT_07253,0.0
OUT_01866,0.0
OUT_07255,0.0
OUT_07256,0.0
OUT_07257,0.0
OUT_07258,0.0
OUT_07259,0.0
OUT_07260,0.0
OUT_07261,0.0
OUT_07262,0.0
OUT_07263,0.0
OUT_07264,0.0
OUT_07265,0.0
OUT_07266,0.0
OUT_01867,0.0
OUT_01868,0.0
OUT_07269,0.0
OUT_01869,0.0
OUT_01870,0.0
OUT_01871,0.0
OUT_01872,0.0
OUT_01874,0.0
OUT_01880,0.0
OUT_01883,0.0
OUT_07277,0.0
OUT_07278,0.0
OUT_07279,0.0
OUT_01884,0.0
OUT_01885,0.0
OUT_01886,0.0
OUT_07283,0.0
OUT_07284,0.0
OUT_01887,0.0
OUT_07286,0.0
OUT_07287,0.0
OUT_07288,0.0
OUT_07289,0.0
OUT_07290,0.0
OUT_01888,0.0
OUT_07292,0.0
OUT_01889,0.0
OUT_07294,0.0
OUT_07295,0.0
OUT_07296,0.0
OUT_07297,0.0
OUT_07298,0.0
OUT_07299,0.0
OUT_07300,0.0
OUT_07301,0.0
OUT_01892,0.0
OUT_07303,0.0
OUT_07304,0.0
OUT_07305,0.0
OUT_07306,0.0
OUT_01894,0.0
OUT_01896,0.0
OUT_01897,0.0
OUT_01898,0.0
OUT_07311,0.0
OUT_07312,0.0
OUT_01900,0.0
OUT_07314,0.0
OUT_07315,0.0
OUT_07316,0.0
OUT_01901,0.0
OUT_07318,0.0
OUT_07319,0.0
OUT_07320,0.0
OUT_01902,0.0
OUT_01904,0.0
OUT_07323,0.0
OUT_07324,0.0
OUT_01905,0.0
OUT_07326,0.0
OUT_07327,0.0
OUT_07328,0.0
OUT_01909,0.0
OUT_07330,0.0
OUT_01910,0.0
OUT_07332,0.0
OUT_07333,0.0
OUT_07334,0.0
OUT_07335,0.0
OUT_01913,0.0
OUT_01914,0.0
OUT_07338,0.0
OUT_07339,0.0
OUT_01916,0.0
OUT_01920,0.0
OUT_01921,0.0
OUT_01922,0.0
OUT_07344,0.0
OUT_01923,0.0
OUT_01925,0.0
OUT_01926,0.0
OUT_07348,0.0
OUT_07349,0.0
OUT_07350,0.0
OUT_07351,0.0
OUT_01929,0.0
OUT_07353,0.0
OUT_07354,0.0
OUT_07355,0.0
OUT_07356,0.0
OUT_01930,0.0
OUT_01931,0.0
OUT_01932,0.0
OUT_07360,0.0
OUT_07361,0.0
OUT_07362,0.0
OUT_01933,0.0
OUT_07364,0.0
OUT_07365,0.0
OUT_07366,0.0
OUT_07367,0.0
OUT_07368,0.0
OUT_07369,0.0
OUT_07370,0.0
OUT_07371,0.0
OUT_07372,0.0
OUT_01934,0.0
OUT_07374,0.0
OUT_01936,0.0
OUT_07376,0.0
OUT_01937,0.0
OUT_07378,0.0
OUT_07379,0.0
OUT_01940,0.0
OUT_01941,0.0
OUT_07382,0.0
OUT_01942,0.0
OUT_07384,0.0
OUT_07385,0.0
OUT_01943,0.0
OUT_07387,0.0
OUT_01944,0.0
OUT_01945,0.0
OUT_01946,0.0
OUT_01947,0.0
OUT_07392,0.0
OUT_07393,0.0
OUT_01951,0.0
OUT_01953,0.0
OUT_01957,0.0
OUT_01958,0.0
OUT_07398,0.0
OUT_01959,0.0
OUT_01962,0.0
OUT_01963,0.0
OUT_07402,0.0
OUT_01964,0.0
OUT_07404,0.0
OUT_07405,0.0
OUT_01965,0.0
OUT_07407,0.0
OUT_01968,0.0
OUT_07409,0.0
OUT_07410,0.0
OUT_07411,0.0
OUT_01969,0.0
OUT_01970,0.0
OUT_01972,0.0
OUT_01975,0.0
OUT_07416,0.0
OUT_07417,0.0
OUT_01976,0.0
OUT_07419,0.0
OUT_07420,0.0
OUT_01978,0.0
OUT_07422,0.0
OUT_07423,0.0
OUT_07424,0.0
OUT_07425,0.0
OUT_01979,0.0
OUT_07427,0.0
OUT_01980,0.0
OUT_07429,0.0
OUT_07430,0.0
OUT_01987,0.0
OUT_01989,0.0
OUT_07433,0.0
OUT_01991,0.0
OUT_01992,0.0
OUT_07436,0.0
OUT_01994,0.0
OUT_01995,0.0
OUT_07439,0.0
OUT_01998,0.0
OUT_02002,0.0
OUT_02003,0.0
OUT_02004,0.0
OUT_07444,0.0
OUT_02008,0.0
OUT_02013,0.0
OUT_02014,0.0
OUT_07448,0.0
OUT_07449,0.0
OUT_07450,0.0
OUT_07451,0.0
OUT_07452,0.0
OUT_07453,0.0
OUT_07454,0.0
OUT_07455,0.0
OUT_07456,0.0
OUT_07457,0.0
OUT_07458,0.0
OUT_07459,0.0
OUT_02015,0.0
OUT_07461,0.0
OUT_07462,0.0
OUT_02016,0.0
OUT_07464,0.0
OUT_07465,0.0
OUT_02017,0.0
OUT_02019,0.0
OUT_07468,0.0
OUT_02022,0.0
OUT_07470,0.0
OUT_02024,0.0
OUT_02031,0.0
OUT_02032,0.0
OUT_07474,0.0
OUT_07475,0.0
OUT_07476,0.0
OUT_07477,0.0
OUT_07478,0.0
OUT_07479,0.0
OUT_07480,0.0
OUT_07481,0.0
OUT_07482,0.0
OUT_07483,0.0
OUT_07484,0.0
OUT_07485,0.0
OUT_02033,0.0
OUT_07487,0.0
OUT_02036,0.0
OUT_02037,0.0
OUT_02038,0.0
OUT_02039,0.0
OUT_07492,0.0
OUT_02040,0.0
OUT_07494,0.0
OUT_07495,0.0
OUT_02042,0.0
OUT_07497,0.0
OUT_02045,0.0
OUT_02046,0.0
OUT_07500,0.0
OUT_07501,0.0
OUT_02050,0.0
OUT_02051,0.0
OUT_07504,0.0
OUT_07505,0.0
OUT_02053,0.0
OUT_07507,0.0
OUT_07508,0.0
OUT_07509,0.0
OUT_02054,0.0
OUT_02056,0.0
OUT_07512,0.0
OUT_07513,0.0
OUT_02059,0.0
OUT_02060,0.0
OUT_07516,0.0
OUT_07517,0.0
OUT_07518,0.0
OUT_02062,0.0
OUT_02063,0.0
OUT_02064,0.0
OUT_02065,0.0
OUT_02067,0.0
OUT_07524,0.0
OUT_07525,0.0
OUT_07526,0.0
OUT_02069,0.0
OUT_07528,0.0
OUT_07529,0.0
OUT_07530,0.0
OUT_02070,0.0
OUT_07532,0.0
OUT_07533,0.0
OUT_07534,0.0
OUT_02071,0.0
OUT_07536,0.0
OUT_07537,0.0
OUT_07538,0.0
OUT_07539,0.0
OUT_07540,0.0
OUT_07541,0.0
OUT_07542,0.0
OUT_02073,0.0
OUT_07544,0.0
OUT_07545,0.0
OUT_07546,0.0
OUT_07547,0.0
OUT_02074,0.0
OUT_07549,0.0
OUT_07550,0.0
OUT_07551,0.0
OUT_02075,0.0
OUT_07553,0.0
OUT_07554,0.0
OUT_07555,0.0
OUT_02076,0.0
OUT_02077,0.0
OUT_07558,0.0
OUT_07559,0.0
OUT_07560,0.0
OUT_07561,0.0
OUT_07562,0.0
OUT_07563,0.0
OUT_02078,0.0
OUT_07565,0.0
OUT_02080,0.0
OUT_02081,0.0
OUT_02082,0.0
OUT_07569,0.0
OUT_07570,0.0
OUT_02083,0.0
OUT_02084,0.0
OUT_07573,0.0
OUT_02091,0.0
OUT_07575,0.0
OUT_07576,0.0
OUT_07577,0.0
OUT_07578,0.0
OUT_07579,0.0
OUT_02093,0.0
OUT_07581,0.0
OUT_07582,0.0
OUT_07583,0.0
OUT_07584,0.0
OUT_07585,0.0
OUT_07586,0.0
OUT_07587,0.0
OUT_02094,0.0
OUT_02096,0.0
OUT_02097,0.0
OUT_02098,0.0
OUT_07592,0.0
OUT_02100,0.0
OUT_07594,0.0
OUT_07595,0.0
OUT_07596,0.0
OUT_07597,0.0
OUT_02102,0.0
OUT_07599,0.0
OUT_02103,0.0
OUT_02104,0.0
OUT_02106,0.0
OUT_07603,0.0
OUT_07604,0.0
OUT_07605,0.0
OUT_02107,0.0
OUT_02109,0.0
OUT_02110,0.0
OUT_02111,0.0
OUT_07610,0.0
OUT_07611,0.0
OUT_02112,0.0
OUT_07613,0.0
OUT_07614,0.0
OUT_07615,0.0
OUT_07616,0.0
OUT_02113,0.0
OUT_07618,0.0
OUT_02116,0.0
OUT_02117,0.0
OUT_07621,0.0
OUT_07622,0.0
OUT_07623,0.0
OUT_07624,0.0
OUT_02118,0.0
OUT_07626,0.0
OUT_02120,0.0
OUT_07628,0.0
OUT_02121,0.0
OUT_07630,0.0
OUT_02122,0.0
OUT_07632,0.0
OUT_02125,0.0
OUT_07634,0.0
OUT_02130,0.0
OUT_02131,0.0
OUT_07637,0.0
OUT_02132,0.0
OUT_02133,0.0
OUT_07640,0.0
OUT_07641,0.0
OUT_02134,0.0
OUT_02138,0.0
OUT_07644,0.0
OUT_02139,0.0
OUT_02141,0.0
OUT_02142,0.0
OUT_07648,0.0
OUT_02143,0.0
OUT_07650,0.0
OUT_07651,0.0
OUT_07652,0.0
OUT_07653,0.0
OUT_02144,0.0
OUT_07655,0.0
OUT_07656,0.0
OUT_02146,0.0
OUT_02148,0.0
OUT_02149,0.0
OUT_07660,0.0
OUT_07661,0.0
OUT_07662,0.0
OUT_07663,0.0
OUT_07664,0.0
OUT_02151,0.0
OUT_07666,0.0
OUT_07667,0.0
OUT_07668,0.0
OUT_07669,0.0
OUT_07670,0.0
OUT_07671,0.0
OUT_07672,0.0
OUT_02153,0.0
OUT_07674,0.0
OUT_07675,0.0
OUT_07676,0.0
OUT_02155,0.0
OUT_07678,0.0
OUT_07679,0.0
OUT_07680,0.0
OUT_02157,0.0
OUT_07682,0.0
OUT_07683,0.0
OUT_07684,0.0
OUT_02158,0.0
OUT_07686,0.0
OUT_07687,0.0
OUT_02159,0.0
OUT_07689,0.0
OUT_07690,0.0
OUT_07691,0.0
OUT_07692,0.0
OUT_07693,0.0
OUT_07694,0.0
OUT_02163,0.0
OUT_07696,0.0
OUT_02164,0.0
OUT_02165,0.0
OUT_07699,0.0
OUT_07700,0.0
OUT_07701,0.0
OUT_07702,0.0
OUT_02166,0.0
OUT_07704,0.0
OUT_07705,0.0
OUT_07706,0.0
OUT_02168,0.0
OUT_02169,0.0
OUT_07709,0.0
OUT_07710,0.0
OUT_02172,0.0
OUT_07712,0.0
OUT_02173,0.0
OUT_07714,0.0
OUT_02178,0.0
OUT_07716,0.0
OUT_02180,0.0
OUT_07718,0.0
OUT_02181,0.0
OUT_07720,0.0
OUT_02183,0.0
OUT_07722,0.0
OUT_02184,0.0
OUT_02190,0.0
OUT_07725,0.0
OUT_02191,0.0
OUT_02192,0.0
OUT_02194,0.0
OUT_02196,0.0
OUT_07730,0.0
OUT_07731,0.0
OUT_07732,0.0
OUT_07733,0.0
OUT_02198,0.0
OUT_07735,0.0
OUT_07736,0.0
OUT_07737,0.0
OUT_02199,0.0
OUT_07739,0.0
OUT_07740,0.0
OUT_07741,0.0
OUT_02200,0.0
OUT_07743,0.0
OUT_02203,0.0
OUT_07745,0.0
OUT_02204,0.0
OUT_02209,0.0
OUT_02211,0.0
OUT_02212,0.0
OUT_02213,0.0
OUT_07751,0.0
OUT_07752,0.0
OUT_07753,0.0
OUT_02214,0.0
OUT_07755,0.0
OUT_07756,0.0
OUT_07757,0.0
OUT_07758,0.0
OUT_02215,0.0
OUT_07760,0.0
OUT_07761,0.0
OUT_07762,0.0
OUT_02216,0.0
OUT_02217,0.0
OUT_02219,0.0
OUT_07766,0.0
OUT_02220,0.0
OUT_07768,0.0
OUT_07769,0.0
OUT_07770,0.0
OUT_07771,0.0
OUT_02225,0.0
OUT_07773,0.0
OUT_02226,0.0
OUT_02227,0.0
OUT_07776,0.0
OUT_02228,0.0
OUT_07778,0.0
OUT_07779,0.0
OUT_07780,0.0
OUT_02230,0.0
OUT_07782,0.0
OUT_02232,0.0
OUT_07784,0.0
OUT_02233,0.0
OUT_07786,0.0
OUT_07787,0.0
OUT_07788,0.0
OUT_02234,0.0
OUT_07790,0.0
OUT_07791,0.0
OUT_07792,0.0
OUT_07793,0.0
OUT_07794,0.0
OUT_02235,0.0
OUT_02238,0.0
OUT_02239,0.0
OUT_07798,0.0
OUT_07799,0.0
OUT_07800,0.0
OUT_07801,0.0
OUT_07802,0.0
OUT_07803,0.0
OUT_07804,0.0
OUT_02241,0.0
OUT_02243,0.0
OUT_07807,0.0
OUT_02245,0.0
OUT_07809,0.0
OUT_02246,0.0
OUT_07811,0.0
OUT_02247,0.0
OUT_07813,0.0
OUT_07814,0.0
OUT_07815,0.0
OUT_02248,0.0
OUT_07817,0.0
OUT_07818,0.0
OUT_07819,0.0
OUT_02251,0.0
OUT_07821,0.0
OUT_07822,0.0
OUT_07823,0.0
OUT_07824,0.0
OUT_02252,0.0
OUT_07826,0.0
OUT_02253,0.0
OUT_07828,0.0
OUT_07829,0.0
OUT_07830,0.0
OUT_02255,0.0
OUT_02256,0.0
OUT_07833,0.0
OUT_07834,0.0
OUT_07835,0.0
OUT_07836,0.0
OUT_07837,0.0
OUT_02259,0.0
OUT_02260,0.0
OUT_07840,0.0
OUT_07841,0.0
OUT_07842,0.0
OUT_07843,0.0
OUT_02262,0.0
OUT_02263,0.0
OUT_07846,0.0
OUT_07847,0.0
OUT_07848,0.0
OUT_02264,0.0
OUT_07850,0.0
OUT_07851,0.0
OUT_02265,0.0
OUT_07853,0.0
OUT_02269,0.0
OUT_02271,0.0
OUT_07856,0.0
OUT_07857,0.0
OUT_07858,0.0
OUT_07859,0.0
OUT_02273,0.0
OUT_02274,0.0
OUT_07862,0.0
OUT_07863,0.0
OUT_02275,0.0
OUT_07865,0.0
OUT_02276,0.0
OUT_02278,0.0
OUT_07868,0.0
OUT_02279,0.0
OUT_07870,0.0
OUT_07871,0.0
OUT_07872,0.0
OUT_07873,0.0
OUT_02280,0.0
OUT_07875,0.0
OUT_07876,0.0
OUT_07877,0.0
OUT_07878,0.0
OUT_07879,0.0
OUT_07880,0.0
OUT_07881,0.0
OUT_07882,0.0
OUT_07883,0.0
OUT_07884,0.0
OUT_07885,0.0
OUT_02282,0.0
OUT_07887,0.0
OUT_07888,0.0
OUT_07889,0.0
OUT_07890,0.0
OUT_07891,0.0
OUT_02284,0.0
OUT_02289,0.0
OUT_07894,0.0
OUT_07895,0.0
OUT_07896,0.0
OUT_02290,0.0
OUT_02291,0.0
OUT_02292,0.0
OUT_07900,0.0
OUT_07901,0.0
OUT_02293,0.0
OUT_07903,0.0
OUT_07904,0.0
OUT_07905,0.0
OUT_07906,0.0
OUT_07907,0.0
OUT_02296,0.0
OUT_07909,0.0
OUT_07910,0.0
OUT_07911,0.0
OUT_02297,0.0
OUT_02300,0.0
OUT_07914,0.0
OUT_07915,0.0
OUT_07916,0.0
OUT_07917,0.0
OUT_07918,0.0
OUT_07919,0.0
OUT_07920,0.0
OUT_02302,0.0
OUT_07922,0.0
OUT_07923,0.0
OUT_02304,0.0
OUT_07925,0.0
OUT_02307,0.0
OUT_07927,0.0
OUT_02308,0.0
OUT_07929,0.0
OUT_02309,0.0
OUT_07931,0.0
OUT_07932,0.0
OUT_07933,0.0
OUT_07934,0.0
OUT_07935,0.0
OUT_02311,0.0
OUT_02314,0.0
OUT_07938,0.0
OUT_02317,0.0
OUT_07940,0.0
OUT_02318,0.0
OUT_07942,0.0
OUT_07943,0.0
OUT_02320,0.0
OUT_07945,0.0
OUT_07946,0.0
OUT_07947,0.0
OUT_02322,0.0
OUT_02323,0.0
OUT_02324,0.0
OUT_02325,0.0
OUT_07952,0.0
OUT_07953,0.0
OUT_07954,0.0
OUT_07955,0.0
OUT_07956,0.0
OUT_02326,0.0
OUT_07958,0.0
OUT_07959,0.0
OUT_07960,0.0
OUT_02327,0.0
OUT_07962,0.0
OUT_07963,0.0
OUT_02329,0.0
OUT_02332,0.0
OUT_07966,0.0
OUT_07967,0.0
OUT_07968,0.0
OUT_07969,0.0
OUT_07970,0.0
OUT_07971,0.0
OUT_07972,0.0
OUT_02333,0.0
OUT_07974,0.0
OUT_02334,0.0
OUT_02336,0.0
OUT_07977,0.0
OUT_07978,0.0
OUT_07979,0.0
OUT_02338,0.0
OUT_02339,0.0
OUT_02340,0.0
OUT_02344,0.0
OUT_07984,0.0
OUT_07985,0.0
OUT_02346,0.0
OUT_02350,0.0
OUT_07988,0.0
OUT_07989,0.0
OUT_02356,0.0
OUT_02357,0.0
OUT_02360,0.0
OUT_07993,0.0
OUT_07994,0.0
OUT_02368,0.0
OUT_07996,0.0
OUT_02369,0.0
OUT_07998,0.0
OUT_07999,0.0
OUT_08000,0.0
OUT_02370,0.0
OUT_08002,0.0
OUT_02371,0.0
OUT_02373,0.0
OUT_08005,0.0
OUT_08006,0.0
OUT_08007,0.0
OUT_02374,0.0
OUT_08009,0.0
OUT_08010,0.0
OUT_08011,0.0
OUT_02375,0.0
OUT_08013,0.0
OUT_08014,0.0
OUT_02376,0.0
OUT_02383,0.0
OUT_02385,0.0
OUT_08018,0.0
OUT_08019,0.0
OUT_08020,0.0
OUT_08021,0.0
OUT_08022,0.0
OUT_08023,0.0
OUT_08024,0.0
OUT_08025,0.0
OUT_02388,0.0
OUT_02389,0.0
OUT_08028,0.0
OUT_02390,0.0
OUT_02391,0.0
OUT_02393,0.0
OUT_08032,0.0
OUT_08033,0.0
OUT_02394,0.0
OUT_08035,0.0
OUT_02396,0.0
OUT_02398,0.0
OUT_08038,0.0
OUT_08039,0.0
OUT_08040,0.0
OUT_08041,0.0
OUT_08042,0.0
OUT_02399,0.0
OUT_02400,0.0
OUT_02402,0.0
OUT_02403,0.0
OUT_08047,0.0
OUT_02404,0.0
OUT_02405,0.0
OUT_08050,0.0
OUT_02406,0.0
OUT_02407,0.0
OUT_02408,0.0
OUT_08054,0.0
OUT_08055,0.0
OUT_08056,0.0
OUT_02409,0.0
OUT_02413,0.0
OUT_08059,0.0
OUT_08060,0.0
OUT_02414,0.0
OUT_08062,0.0
OUT_08063,0.0
OUT_08064,0.0
OUT_08065,0.0
OUT_08066,0.0
OUT_08067,0.0
OUT_08068,0.0
OUT_02416,0.0
OUT_08070,0.0
OUT_08071,0.0
OUT_08072,0.0
OUT_02418,0.0
OUT_08074,0.0
OUT_02419,0.0
OUT_08076,0.0
OUT_02420,0.0
OUT_02421,0.0
OUT_08079,0.0
OUT_08080,0.0
OUT_02422,0.0
OUT_08082,0.0
OUT_02424,0.0
OUT_08084,0.0
OUT_08085,0.0
OUT_08086,0.0
OUT_08087,0.0
OUT_08088,0.0
OUT_02425,0.0
OUT_08090,0.0
OUT_02426,0.0
OUT_02427,0.0
OUT_08093,0.0
OUT_08094,0.0
OUT_08095,0.0
OUT_02428,0.0
OUT_02429,0.0
OUT_08098,0.0
OUT_08099,0.0
OUT_02433,0.0
OUT_08101,0.0
OUT_02434,0.0
OUT_08103,0.0
OUT_02436,0.0
OUT_08105,0.0
OUT_02437,0.0
OUT_08107,0.0
OUT_08108,0.0
OUT_08109,0.0
OUT_02440,0.0
OUT_08111,0.0
OUT_08112,0.0
OUT_08113,0.0
OUT_02441,0.0
OUT_08115,0.0
OUT_08116,0.0
OUT_02443,0.0
OUT_02446,0.0
OUT_02448,0.0
OUT_08120,0.0
OUT_08121,0.0
OUT_08122,0.0
OUT_02450,0.0
OUT_02454,0.0
OUT_02456,0.0
OUT_02457,0.0
OUT_02459,0.0
OUT_02460,0.0
OUT_08129,0.0
OUT_02462,0.0
OUT_08131,0.0
OUT_08132,0.0
OUT_08133,0.0
OUT_08134,0.0
OUT_08135,0.0
OUT_08136,0.0
OUT_08137,0.0
OUT_08138,0.0
OUT_08139,0.0
OUT_02463,0.0
OUT_08141,0.0
OUT_02465,0.0
OUT_02466,0.0
OUT_08144,0.0
OUT_08145,0.0
OUT_02467,0.0
OUT_02469,0.0
OUT_02470,0.0
OUT_08149,0.0
OUT_02472,0.0
OUT_02474,0.0
OUT_08152,0.0
OUT_02478,0.0
OUT_08154,0.0
OUT_08155,0.0
OUT_02480,0.0
OUT_08157,0.0
OUT_02481,0.0
OUT_02482,0.0
OUT_02485,0.0
OUT_08161,0.0
OUT_08162,0.0
OUT_02486,0.0
OUT_02487,0.0
OUT_08165,0.0
OUT_02488,0.0
OUT_02490,0.0
OUT_08168,0.0
OUT_08169,0.0
OUT_02491,0.0
OUT_08171,0.0
OUT_08172,0.0
OUT_02493,0.0
OUT_02495,0.0
OUT_08175,0.0
OUT_08176,0.0
OUT_02498,0.0
OUT_02499,0.0
OUT_08179,0.0
OUT_08180,0.0
OUT_08181,0.0
OUT_08182,0.0
OUT_02503,0.0
OUT_08184,0.0
OUT_02506,0.0
OUT_08186,0.0
OUT_02507,0.0
OUT_02509,0.0
OUT_02511,0.0
OUT_02512,0.0
OUT_08191,0.0
OUT_08192,0.0
OUT_02513,0.0
OUT_02514,0.0
OUT_08195,0.0
OUT_08196,0.0
OUT_08197,0.0
OUT_08198,0.0
OUT_08199,0.0
OUT_08200,0.0
OUT_08201,0.0
OUT_02515,0.0
OUT_08203,0.0
OUT_08204,0.0
OUT_08205,0.0
OUT_08206,0.0
OUT_02516,0.0
OUT_02517,0.0
OUT_02518,0.0
OUT_08210,0.0
OUT_08211,0.0
OUT_02519,0.0
OUT_02520,0.0
OUT_08214,0.0
OUT_02521,0.0
OUT_02524,0.0
OUT_02525,0.0
OUT_02526,0.0
OUT_08219,0.0
OUT_02527,0.0
OUT_02528,0.0
OUT_08222,0.0
OUT_02533,0.0
OUT_02534,0.0
OUT_02535,0.0
OUT_08226,0.0
OUT_08227,0.0
OUT_08228,0.0
OUT_02538,0.0
OUT_08230,0.0
OUT_02539,0.0
OUT_08232,0.0
OUT_08233,0.0
OUT_08234,0.0
OUT_08235,0.0
OUT_08236,0.0
OUT_08237,0.0
OUT_02540,0.0
OUT_02542,0.0
OUT_02546,0.0
OUT_08241,0.0
OUT_02549,0.0
OUT_02550,0.0
OUT_08244,0.0
OUT_08245,0.0
OUT_02551,0.0
OUT_02552,0.0
OUT_08248,0.0
OUT_08249,0.0
OUT_02553,0.0
OUT_08251,0.0
OUT_02556,0.0
OUT_08253,0.0
OUT_02557,0.0
OUT_02559,0.0
OUT_02562,0.0
OUT_02564,0.0
OUT_02567,0.0
OUT_08259,0.0
OUT_08260,0.0
OUT_02568,0.0
OUT_02570,0.0
OUT_08263,0.0
OUT_08264,0.0
OUT_02574,0.0
OUT_08266,0.0
OUT_02578,0.0
OUT_08268,0.0
OUT_08269,0.0
OUT_02579,0.0
OUT_08271,0.0
OUT_02580,0.0
OUT_08273,0.0
OUT_08274,0.0
OUT_02583,0.0
OUT_02585,0.0
OUT_08277,0.0
OUT_08278,0.0
OUT_02586,0.0
OUT_08280,0.0
OUT_08281,0.0
OUT_08282,0.0
OUT_08283,0.0
OUT_08284,0.0
OUT_02587,0.0
OUT_02588,0.0
OUT_08287,0.0
OUT_02589,0.0
OUT_08289,0.0
OUT_02591,0.0
OUT_02592,0.0
OUT_08292,0.0
OUT_08293,0.0
OUT_08294,0.0
OUT_08295,0.0
OUT_08296,0.0
OUT_08297,0.0
OUT_02594,0.0
OUT_08299,0.0
OUT_08300,0.0
OUT_08301,0.0
OUT_08302,0.0
OUT_08303,0.0
OUT_08304,0.0
OUT_08305,0.0
OUT_02597,0.0
OUT_02602,0.0
OUT_02603,0.0
OUT_08309,0.0
OUT_02604,0.0
OUT_02606,0.0
OUT_08312,0.0
OUT_08313,0.0
OUT_08314,0.0
OUT_02608,0.0
OUT_08316,0.0
OUT_02609,0.0
OUT_08318,0.0
OUT_02610,0.0
OUT_08320,0.0
OUT_08321,0.0
OUT_08322,0.0
OUT_08323,0.0
OUT_08324,0.0
OUT_08325,0.0
OUT_02611,0.0
OUT_08327,0.0
OUT_08328,0.0
OUT_02613,0.0
OUT_02614,0.0
OUT_02615,0.0
OUT_08332,0.0
OUT_08333,0.0
OUT_02617,0.0
OUT_08335,0.0
OUT_02618,0.0
OUT_08337,0.0
OUT_02619,0.0
OUT_08339,0.0
OUT_08340,0.0
OUT_02621,0.0
OUT_08342,0.0
OUT_08343,0.0
OUT_02622,0.0
OUT_08345,0.0
OUT_02627,0.0
OUT_08347,0.0
OUT_02629,0.0
OUT_08349,0.0
OUT_08350,0.0
OUT_08351,0.0
OUT_08352,0.0
OUT_08353,0.0
OUT_02632,0.0
OUT_08355,0.0
OUT_08356,0.0
OUT_08357,0.0
OUT_02634,0.0
OUT_02638,0.0
OUT_08360,0.0
OUT_08361,0.0
OUT_02639,0.0
OUT_08363,0.0
OUT_08364,0.0
OUT_02642,0.0
OUT_08366,0.0
OUT_08367,0.0
OUT_08368,0.0
OUT_08369,0.0
OUT_02643,0.0
OUT_02644,0.0
OUT_02646,0.0
OUT_08373,0.0
OUT_02650,0.0
OUT_02651,0.0
OUT_08376,0.0
OUT_08377,0.0
OUT_08378,0.0
OUT_08379,0.0
OUT_08380,0.0
OUT_02652,0.0
OUT_02653,0.0
OUT_08383,0.0
OUT_08384,0.0
OUT_02654,0.0
OUT_08386,0.0
OUT_02655,0.0
OUT_08388,0.0
OUT_02656,0.0
OUT_02657,0.0
OUT_08391,0.0
OUT_08392,0.0
OUT_08393,0.0
OUT_08394,0.0
OUT_02658,0.0
OUT_08396,0.0
OUT_08397,0.0
OUT_02660,0.0
OUT_08399,0.0
OUT_02661,0.0
OUT_08401,0.0
OUT_02662,0.0
OUT_08403,0.0
OUT_08404,0.0
OUT_02665,0.0
OUT_02666,0.0
OUT_02667,0.0
OUT_02668,0.0
OUT_08409,0.0
OUT_08410,0.0
OUT_08411,0.0
OUT_08412,0.0
OUT_02669,0.0
OUT_02670,0.0
OUT_02671,0.0
OUT_08416,0.0
OUT_08417,0.0
OUT_02673,0.0
OUT_02674,0.0
OUT_08420,0.0
OUT_08421,0.0
OUT_08422,0.0
OUT_02676,0.0
OUT_08424,0.0
OUT_08425,0.0
OUT_02684,0.0
OUT_08427,0.0
OUT_08428,0.0
OUT_08429,0.0
OUT_02685,0.0
OUT_08431,0.0
OUT_02686,0.0
OUT_08433,0.0
OUT_08434,0.0
OUT_08435,0.0
OUT_02689,0.0
OUT_02690,0.0
OUT_08438,0.0
OUT_08439,0.0
OUT_02691,0.0
OUT_08441,0.0
OUT_02692,0.0
OUT_02693,0.0
OUT_08444,0.0
OUT_02695,0.0
OUT_02696,0.0
OUT_02697,0.0
OUT_02698,0.0
OUT_08449,0.0
OUT_02699,0.0
OUT_02700,0.0
OUT_02701,0.0
OUT_08453,0.0
OUT_08454,0.0
OUT_02702,0.0
OUT_08456,0.0
OUT_08457,0.0
OUT_02706,0.0
OUT_08459,0.0
OUT_08460,0.0
OUT_02708,0.0
OUT_08462,0.0
OUT_08463,0.0
OUT_02710,0.0
OUT_02711,0.0
OUT_02712,0.0
OUT_02714,0.0
OUT_02715,0.0
OUT_08469,0.0
OUT_08470,0.0
OUT_08471,0.0
OUT_08472,0.0
OUT_08473,0.0
OUT_08474,0.0
OUT_02716,0.0
OUT_02718,0.0
OUT_08477,0.0
OUT_08478,0.0
OUT_08479,0.0
OUT_08480,0.0
OUT_08481,0.0
OUT_02719,0.0
OUT_02720,0.0
OUT_08484,0.0
OUT_08485,0.0
OUT_08486,0.0
OUT_02722,0.0
OUT_08488,0.0
OUT_02723,0.0
OUT_08490,0.0
OUT_08491,0.0
OUT_08492,0.0
OUT_02724,0.0
OUT_08494,0.0
OUT_02725,0.0
OUT_02726,0.0
OUT_02728,0.0
OUT_08498,0.0
OUT_02729,0.0
OUT_08500,0.0
OUT_02730,0.0
OUT_08502,0.0
OUT_02733,0.0
OUT_08504,0.0
OUT_08505,0.0
OUT_08506,0.0
OUT_08507,0.0
OUT_02734,0.0
OUT_08509,0.0
OUT_08510,0.0
OUT_08511,0.0
OUT_02735,0.0
OUT_02736,0.0
OUT_08514,0.0
OUT_02737,0.0
OUT_08516,0.0
OUT_08517,0.0
OUT_02743,0.0
OUT_02744,0.0
OUT_02746,0.0
OUT_08521,0.0
OUT_08522,0.0
OUT_08523,0.0
OUT_02748,0.0
OUT_08525,0.0
OUT_08526,0.0
OUT_08527,0.0
OUT_02753,0.0
OUT_08529,0.0
OUT_08530,0.0
OUT_08531,0.0
OUT_08532,0.0
OUT_08533,0.0
OUT_08534,0.0
OUT_02757,0.0
OUT_02758,0.0
OUT_02759,0.0
OUT_08538,0.0
OUT_08539,0.0
OUT_02761,0.0
OUT_02763,0.0
OUT_08542,0.0
OUT_08543,0.0
OUT_08544,0.0
OUT_02764,0.0
OUT_08546,0.0
OUT_02766,0.0
OUT_02768,0.0
OUT_02772,0.0
OUT_02773,0.0
OUT_08551,0.0
OUT_08552,0.0
OUT_08553,0.0
OUT_08554,0.0
OUT_02774,0.0
OUT_08556,0.0
OUT_02775,0.0
OUT_02776,0.0
OUT_08559,0.0
OUT_08560,0.0
OUT_08561,0.0
OUT_08562,0.0
OUT_08563,0.0
OUT_08564,0.0
OUT_02778,0.0
OUT_02780,0.0
OUT_08567,0.0
OUT_08568,0.0
OUT_08569,0.0
OUT_08570,0.0
OUT_08571,0.0
OUT_08572,0.0
OUT_02782,0.0
OUT_08574,0.0
OUT_08575,0.0
OUT_02784,0.0
OUT_08577,0.0
OUT_08578,0.0
OUT_02785,0.0
OUT_08580,0.0
OUT_02786,0.0
OUT_02789,0.0
OUT_08583,0.0
OUT_02790,0.0
OUT_08585,0.0
OUT_02791,0.0
OUT_02792,0.0
OUT_08588,0.0
OUT_08589,0.0
OUT_08590,0.0
OUT_02793,0.0
OUT_02795,0.0
OUT_02796,0.0
OUT_02797,0.0
OUT_08595,0.0
OUT_08596,0.0
OUT_08597,0.0
OUT_08598,0.0
OUT_08599,0.0
OUT_08600,0.0
OUT_08601,0.0
OUT_08602,0.0
OUT_02798,0.0
OUT_08604,0.0
OUT_08605,0.0
OUT_02799,0.0
OUT_02800,0.0
OUT_08608,0.0
OUT_02802,0.0
OUT_08610,0.0
OUT_02805,0.0
OUT_02808,0.0
OUT_08613,0.0
OUT_08614,0.0
OUT_08615,0.0
OUT_08616,0.0
OUT_02809,0.0
OUT_08618,0.0
OUT_02811,0.0
OUT_02812,0.0
OUT_02813,0.0
OUT_02814,0.0
OUT_08623,0.0
OUT_08624,0.0
OUT_08625,0.0
OUT_08626,0.0
OUT_08627,0.0
OUT_08628,0.0
OUT_02816,0.0
OUT_02817,0.0
OUT_02818,0.0
OUT_08632,0.0
OUT_02819,0.0
OUT_08634,0.0
OUT_02820,0.0
OUT_08636,0.0
OUT_08637,0.0
OUT_08638,0.0
OUT_02821,0.0
OUT_02823,0.0
OUT_02828,0.0
OUT_02829,0.0
OUT_08643,0.0
OUT_02831,0.0
OUT_08645,0.0
OUT_08646,0.0
OUT_08647,0.0
OUT_08648,0.0
OUT_08649,0.0
OUT_08650,0.0
OUT_08651,0.0
OUT_08652,0.0
OUT_02833,0.0
OUT_08654,0.0
OUT_08655,0.0
OUT_08656,0.0
OUT_08657,0.0
OUT_02834,0.0
OUT_08659,0.0
OUT_08660,0.0
OUT_02835,0.0
OUT_02836,0.0
OUT_08663,0.0
OUT_02838,0.0
OUT_08665,0.0
OUT_08666,0.0
OUT_08667,0.0
OUT_02840,0.0
OUT_02842,0.0
OUT_08670,0.0
OUT_08671,0.0
OUT_08672,0.0
OUT_02843,0.0
OUT_02844,0.0
OUT_08675,0.0
OUT_08676,0.0
OUT_02846,0.0
OUT_08678,0.0
OUT_02848,0.0
OUT_08680,0.0
OUT_08681,0.0
OUT_08682,0.0
OUT_08683,0.0
OUT_02849,0.0
OUT_02850,0.0
OUT_02851,0.0
OUT_02853,0.0
OUT_08688,0.0
OUT_08689,0.0
OUT_08690,0.0
OUT_08691,0.0
OUT_02855,0.0
OUT_08693,0.0
OUT_02856,0.0
OUT_02857,0.0
OUT_02859,0.0
OUT_02860,0.0
OUT_02861,0.0
OUT_02862,0.0
OUT_02863,0.0
OUT_08701,0.0
OUT_08702,0.0
OUT_08703,0.0
OUT_02864,0.0
OUT_08705,0.0
OUT_08706,0.0
OUT_02866,0.0
OUT_02867,0.0
OUT_08709,0.0
OUT_02868,0.0
OUT_02869,0.0
OUT_08712,0.0
OUT_02870,0.0
OUT_02871,0.0
OUT_08715,0.0
OUT_02874,0.0
OUT_02878,0.0
OUT_08718,0.0
OUT_02879,0.0
OUT_08720,0.0
OUT_02880,0.0
OUT_02881,0.0
OUT_08723,0.0
OUT_08724,0.0
OUT_02882,0.0
OUT_08726,0.0
OUT_08727,0.0
OUT_08728,0.0
OUT_02884,0.0
OUT_02885,0.0
OUT_08731,0.0
OUT_08732,0.0
OUT_08733,0.0
OUT_02887,0.0
OUT_02888,0.0
OUT_08736,0.0
OUT_02889,0.0
OUT_08738,0.0
OUT_08739,0.0
OUT_08740,0.0
OUT_08741,0.0
OUT_08742,0.0
OUT_08743,0.0
OUT_02890,0.0
OUT_02892,0.0
OUT_02894,0.0
OUT_02898,0.0
OUT_02900,0.0
OUT_08749,0.0
OUT_02902,0.0
OUT_02903,0.0
OUT_02904,0.0
OUT_02905,0.0
OUT_02909,0.0
OUT_08755,0.0
OUT_02911,0.0
OUT_02913,0.0
OUT_08758,0.0
OUT_02914,0.0
OUT_02915,0.0
OUT_08761,0.0
OUT_02916,0.0
OUT_02917,0.0
OUT_02918,0.0
OUT_08765,0.0
OUT_08766,0.0
OUT_08767,0.0
OUT_08768,0.0
OUT_02919,0.0
OUT_08770,0.0
OUT_08771,0.0
OUT_08772,0.0
OUT_02920,0.0
OUT_08774,0.0
OUT_08775,0.0
OUT_02921,0.0
OUT_02922,0.0
OUT_02923,0.0
OUT_02924,0.0
OUT_08780,0.0
OUT_08781,0.0
OUT_02926,0.0
OUT_08783,0.0
OUT_08784,0.0
OUT_02927,0.0
OUT_08786,0.0
OUT_02928,0.0
OUT_08788,0.0
OUT_02930,0.0
OUT_08790,0.0
OUT_02933,0.0
OUT_02934,0.0
OUT_08793,0.0
OUT_02935,0.0
OUT_02937,0.0
OUT_08796,0.0
OUT_02938,0.0
OUT_02939,0.0
OUT_02942,0.0
OUT_08800,0.0
OUT_02943,0.0
OUT_08802,0.0
OUT_02945,0.0
OUT_02946,0.0
OUT_02948,0.0
OUT_02951,0.0
OUT_08807,0.0
OUT_08808,0.0
OUT_08809,0.0
OUT_08810,0.0
OUT_02953,0.0
OUT_08812,0.0
OUT_08813,0.0
OUT_02954,0.0
OUT_02955,0.0
OUT_08816,0.0
OUT_08817,0.0
OUT_02956,0.0
OUT_02958,0.0
OUT_02961,0.0
OUT_08821,0.0
OUT_02966,0.0
OUT_02967,0.0
OUT_02968,0.0
OUT_08825,0.0
OUT_08826,0.0
OUT_02971,0.0
OUT_08828,0.0
OUT_08829,0.0
OUT_08830,0.0
OUT_02972,0.0
OUT_08832,0.0
OUT_08833,0.0
OUT_02973,0.0
OUT_08835,0.0
OUT_08836,0.0
OUT_02974,0.0
OUT_08838,0.0
OUT_02975,0.0
OUT_02976,0.0
OUT_02979,0.0
OUT_08842,0.0
OUT_08843,0.0
OUT_02980,0.0
OUT_02984,0.0
OUT_08846,0.0
OUT_08847,0.0
OUT_08848,0.0
OUT_02986,0.0
OUT_02988,0.0
OUT_02989,0.0
OUT_08852,0.0
OUT_02991,0.0
OUT_08854,0.0
OUT_08855,0.0
OUT_08856,0.0
OUT_02993,0.0
OUT_08858,0.0
OUT_08859,0.0
OUT_02996,0.0
OUT_03000,0.0
OUT_08862,0.0
OUT_03001,0.0
OUT_03002,0.0
OUT_03003,0.0
OUT_08866,0.0
OUT_08867,0.0
OUT_03004,0.0
OUT_08869,0.0
OUT_08870,0.0
OUT_03005,0.0
OUT_08872,0.0
OUT_08873,0.0
OUT_08874,0.0
OUT_08875,0.0
OUT_08876,0.0
OUT_08877,0.0
OUT_08878,0.0
OUT_03007,0.0
OUT_03008,0.0
OUT_08881,0.0
OUT_03010,0.0
OUT_03011,0.0
OUT_03012,0.0
OUT_08885,0.0
OUT_03014,0.0
OUT_08887,0.0
OUT_08888,0.0
OUT_08889,0.0
OUT_03015,0.0
OUT_08891,0.0
OUT_08892,0.0
OUT_03016,0.0
OUT_03019,0.0
OUT_08895,0.0
OUT_08896,0.0
OUT_08897,0.0
OUT_08898,0.0
OUT_03020,0.0
OUT_08900,0.0
OUT_08901,0.0
OUT_08902,0.0
OUT_08903,0.0
OUT_03022,0.0
OUT_08905,0.0
OUT_03025,0.0
OUT_03026,0.0
OUT_03027,0.0
OUT_03028,0.0
OUT_08910,0.0
OUT_08911,0.0
OUT_08912,0.0
OUT_03030,0.0
OUT_08914,0.0
OUT_03031,0.0
OUT_08916,0.0
OUT_08917,0.0
OUT_03032,0.0
OUT_03033,0.0
OUT_03034,0.0
OUT_08921,0.0
OUT_08922,0.0
OUT_08923,0.0
OUT_08924,0.0
OUT_08925,0.0
OUT_08926,0.0
OUT_03036,0.0
OUT_03037,0.0
OUT_03039,0.0
OUT_03040,0.0
OUT_08931,0.0
OUT_08932,0.0
OUT_03041,0.0
OUT_03044,0.0
OUT_03046,0.0
OUT_08936,0.0
OUT_00009,0.0
OUT_03047,0.0
OUT_00011,0.0
OUT_03048,0.0
OUT_03049,0.0
OUT_03050,0.0
OUT_03051,0.0
OUT_03052,0.0
OUT_03053,0.0
OUT_03054,0.0
OUT_03055,0.0
OUT_03056,0.0
OUT_03060,0.0
OUT_00022,0.0
OUT_03062,0.0
OUT_03071,0.0
OUT_03074,0.0
OUT_00026,0.0
OUT_03075,0.0
OUT_00028,0.0
OUT_00029,0.0
OUT_03076,0.0
OUT_00031,0.0
OUT_00032,0.0
OUT_00033,0.0
OUT_03077,0.0
OUT_00035,0.0
OUT_00036,0.0
OUT_00037,0.0
OUT_03078,0.0
OUT_03080,0.0
OUT_09000,0.0
OUT_03083,0.0
OUT_08938,0.0
OUT_03086,0.0
OUT_03090,0.0
OUT_03091,0.0
OUT_03093,0.0
OUT_08943,0.0
OUT_00016,0.0
OUT_08945,0.0
OUT_08946,0.0
OUT_03095,0.0
OUT_08948,0.0
OUT_08949,0.0
OUT_08950,0.0
OUT_03096,0.0
OUT_08952,0.0
OUT_03098,0.0
OUT_03103,0.0
OUT_08955,0.0
OUT_03105,0.0
OUT_08957,0.0
OUT_03106,0.0
OUT_08959,0.0
OUT_08960,0.0
OUT_08961,0.0
OUT_08962,0.0
OUT_08963,0.0
OUT_08964,0.0
OUT_08965,0.0
OUT_03108,0.0
OUT_08967,0.0
OUT_00002,0.0
