Outlet_ID,Maximum_Monthly_Liters
OUT_00001,1941.47
OUT_00002,1668.42
OUT_00003,1790.852
OUT_00004,1682.09
OUT_00005,1815.721
OUT_00006,1559.205
OUT_00007,2100.206
OUT_00008,1672.998
OUT_00009,1817.055
OUT_00010,1886.504
OUT_00011,1779.041
OUT_00012,1332.685
OUT_00013,948.244
OUT_00014,928.091
OUT_00015,1067.355
OUT_00016,1542.656
OUT_00017,1261.021
OUT_00018,903.576
OUT_00019,1734.832
OUT_00020,1951.858
OUT_00021,1513.384
OUT_00022,1523.353
OUT_00023,1578.66
OUT_00024,1857.525
OUT_00025,1579.623
OUT_00026,1698.867
OUT_00027,1316.899
OUT_00028,2087.77
OUT_00029,977.384
OUT_00030,1759.364
OUT_00031,1327.468
OUT_00032,1754.481
OUT_00033,1569.68
OUT_00034,1493.866
OUT_00035,1806.537
OUT_00036,1459.022
OUT_00037,1497.653
OUT_00038,1906.646
OUT_00039,1774.479
OUT_00040,1845.005
OUT_00041,1435.604
OUT_00042,1635.437
OUT_00043,906.496
OUT_00044,1527.35
OUT_00045,1803.115
OUT_00046,1013.578
OUT_00047,1769.796
OUT_00048,936.185
OUT_00049,1744.905
OUT_00050,907.801
OUT_00051,1941.988
OUT_00052,1717.43
OUT_00053,1786.657
OUT_00054,1824.228
OUT_00055,1895.005
OUT_00056,1674.089
OUT_00057,957.514
OUT_00058,1886.108
OUT_00059,970.341
OUT_00060,1165.365
OUT_00061,967.705
OUT_00062,969.774
OUT_00063,974.435
OUT_00064,995.55
OUT_00065,874.013
OUT_00066,941.856
OUT_00067,946.099
OUT_00068,1055.136
OUT_00069,954.587
OUT_00070,997.09
OUT_00071,987.055
OUT_00072,1007.624
OUT_00073,978.86
OUT_00074,1028.255
OUT_00075,889.012
OUT_00076,1006.009
OUT_00077,982.934
OUT_00078,909.711
OUT_00079,939.554
OUT_00080,849.85
OUT_00081,937.295
OUT_00082,1003.011
OUT_00083,907.046
OUT_00084,835.666
OUT_00085,960.905
OUT_00086,1083.061
OUT_00087,1021.912
OUT_00088,965.097
OUT_00089,852.838
OUT_00090,740.537
OUT_00091,810.773
OUT_00092,975.921
OUT_00093,915.826
OUT_00094,891.427
OUT_00095,982.566
OUT_00096,976.053
OUT_00097,912.414
OUT_00098,907.87
OUT_00099,919.062
OUT_00100,947.808
OUT_00101,909.494
OUT_00102,926.553
OUT_00103,755.064
OUT_00104,936.304
OUT_00105,993.508
OUT_00106,845.619
OUT_00107,928.019
OUT_00108,951.652
OUT_00109,951.755
OUT_00110,968.919
OUT_00111,931.614
OUT_00112,973.151
OUT_00113,1033.331
OUT_00114,905.882
OUT_00115,957.624
OUT_00116,967.435
OUT_00117,988.113
OUT_00118,1040.387
OUT_00119,910.188
OUT_00120,946.783
OUT_00121,997.972
OUT_00122,909.355
OUT_00123,910.33
OUT_00124,947.584
OUT_00125,1184.677
OUT_00126,735.768
OUT_00127,976.467
OUT_00128,939.279
OUT_00129,904.088
OUT_00130,934.733
OUT_00131,980.117
OUT_00132,879.175
OUT_00133,792.444
OUT_00134,946.232
OUT_00135,890.07
OUT_00136,1001.647
OUT_00137,934.401
OUT_00138,911.88
OUT_00139,910.456
OUT_00140,789.881
OUT_00141,929.875
OUT_00142,1004.173
OUT_00143,974.735
OUT_00144,905.761
OUT_00145,942.507
OUT_00146,1320.38
OUT_00147,943.226
OUT_00148,874.782
OUT_00149,914.185
OUT_00150,914.017
OUT_00151,882.545
OUT_00152,989.999
OUT_00153,915.429
OUT_00154,888.692
OUT_00155,990.592
OUT_00156,929.998
OUT_00157,994.319
OUT_00158,981.917
OUT_00159,827.295
OUT_00160,982.198
OUT_00161,870.437
OUT_00162,887.117
OUT_00163,854.935
OUT_00164,957.189
OUT_00165,1074.554
OUT_00166,876.579
OUT_00167,976.586
OUT_00168,979.38
OUT_00169,964.282
OUT_00170,954.172
OUT_00171,964.59
OUT_00172,862.945
OUT_00173,852.585
OUT_00174,934.417
OUT_00175,949.402
OUT_00176,942.211
OUT_00177,892.987
OUT_00178,1267.715
OUT_00179,999.791
OUT_00180,945.009
OUT_00181,1329.704
OUT_00182,958.709
OUT_00183,920.029
OUT_00184,964.355
OUT_00185,897.81
OUT_00186,1016.134
OUT_00187,955.222
OUT_00188,937.653
OUT_00189,949.638
OUT_00190,961.206
OUT_00191,975.031
OUT_00192,915.907
OUT_00193,906.451
OUT_00194,950.108
OUT_00195,958.565
OUT_00196,969.152
OUT_00197,816.353
OUT_00198,941.595
OUT_00199,883.547
OUT_00200,978.832
OUT_00201,696.386
OUT_00202,894.355
OUT_00203,921.314
OUT_00204,904.895
OUT_00205,1071.786
OUT_00206,844.894
OUT_00207,964.843
OUT_00208,959.202
OUT_00209,999.217
OUT_00210,903.944
OUT_00211,939.904
OUT_00212,936.739
OUT_00213,981.534
OUT_00214,896.419
OUT_00215,1002.003
OUT_00216,956.586
OUT_00217,1004.898
OUT_00218,891.976
OUT_00219,961.571
OUT_00220,989.988
OUT_00221,945.27
OUT_00222,989.233
OUT_00223,936.913
OUT_00224,871.903
OUT_00225,962.746
OUT_00226,1081.551
OUT_00227,977.28
OUT_00228,884.932
OUT_00229,868.783
OUT_00230,838.184
OUT_00231,927.535
OUT_00232,968.144
OUT_00233,891.769
OUT_00234,930.559
OUT_00235,904.097
OUT_00236,853.827
OUT_00237,893.959
OUT_00238,916.471
OUT_00239,912.74
OUT_00240,947.496
OUT_00241,1003.801
OUT_00242,949.407
OUT_00243,989.881
OUT_00244,824.801
OUT_00245,872.811
OUT_00246,919.494
OUT_00247,1307.608
OUT_00248,846.099
OUT_00249,978.24
OUT_00250,926.239
OUT_00251,933.021
OUT_00252,889.908
OUT_00253,1018.463
OUT_00254,854.983
OUT_00255,922.416
OUT_00256,841.151
OUT_00257,935.36
OUT_00258,947.069
OUT_00259,943.859
OUT_00260,895.543
OUT_00261,953.34
OUT_00262,944.756
OUT_00263,961.619
OUT_00264,933.691
OUT_00265,983.133
OUT_00266,951.024
OUT_00267,958.025
OUT_00268,943.362
OUT_00269,899.388
OUT_00270,1031.786
OUT_00271,839.898
OUT_00272,911.691
OUT_00273,981.228
OUT_00274,898.086
OUT_00275,989.342
OUT_00276,826.039
OUT_00277,894.117
OUT_00278,995.611
OUT_00279,858.048
OUT_00280,971.204
OUT_00281,848.034
OUT_00282,947.493
OUT_00283,882.044
OUT_00284,875.655
OUT_00285,933.437
OUT_00286,921.461
OUT_00287,921.496
OUT_00288,946.842
OUT_00289,886.531
OUT_00290,923.96
OUT_00291,984.642
OUT_00292,924.434
OUT_00293,908.855
OUT_00294,901.019
OUT_00295,871.116
OUT_00296,1008.071
OUT_00297,923.891
OUT_00298,899.159
OUT_00299,952.992
OUT_00300,1007.492
OUT_00301,965.484
OUT_00302,1019.5
OUT_00303,1125.543
OUT_00304,847.054
OUT_00305,830.307
OUT_00306,951.723
OUT_00307,1011.644
OUT_00308,1009.192
OUT_00309,969.922
OUT_00310,944.867
OUT_00311,958.619
OUT_00312,989.474
OUT_00313,1018.366
OUT_00314,854.815
OUT_00315,916.042
OUT_00316,908.048
OUT_00317,999.512
OUT_00318,976.824
OUT_00319,900.261
OUT_00320,889.302
OUT_00321,963.065
OUT_00322,1075.541
OUT_00323,927.877
OUT_00324,853.772
OUT_00325,955.656
OUT_00326,1003.235
OUT_00327,898.403
OUT_00328,915.735
OUT_00329,940.823
OUT_00330,952.9
OUT_00331,937.933
OUT_00332,835.118
OUT_00333,956.884
OUT_00334,979.839
OUT_00335,924.634
OUT_00336,920.856
OUT_00337,928.255
OUT_00338,970.078
OUT_00339,975.738
OUT_00340,994.174
OUT_00341,918.894
OUT_00342,1005.523
OUT_00343,1012.082
OUT_00344,915.593
OUT_00345,985.209
OUT_00346,991.242
OUT_00347,944.863
OUT_00348,877.455
OUT_00349,969.017
OUT_00350,968.329
OUT_00351,965.289
OUT_00352,852.57
OUT_00353,1027.155
OUT_00354,947.735
OUT_00355,918.511
OUT_00356,889.865
OUT_00357,884.501
OUT_00358,892.102
OUT_00359,991.587
OUT_00360,915.143
OUT_00361,956.657
OUT_00362,929.494
OUT_00363,953.143
OUT_00364,911.608
OUT_00365,886.047
OUT_00366,860.945
OUT_00367,1010.406
OUT_00368,916.52
OUT_00369,964.1
OUT_00370,928.051
OUT_00371,924.004
OUT_00372,1014.995
OUT_00373,958.647
OUT_00374,918.478
OUT_00375,897.604
OUT_00376,1020.46
OUT_00377,975.65
OUT_00378,1045.685
OUT_00379,926.45
OUT_00380,979.878
OUT_00381,971.114
OUT_00382,896.251
OUT_00383,894.253
OUT_00384,978.229
OUT_00385,980.893
OUT_00386,939.743
OUT_00387,1001.079
OUT_00388,966.096
OUT_00389,925.84
OUT_00390,938.102
OUT_00391,884.289
OUT_00392,948.171
OUT_00393,986.437
OUT_00394,956.838
OUT_00395,958.172
OUT_00396,946.824
OUT_00397,958.344
OUT_00398,997.459
OUT_00399,898.315
OUT_00400,959.798
OUT_00401,137.097
OUT_00402,885.736
OUT_00403,291.225
OUT_00404,103.036
OUT_00405,385.637
OUT_00406,125.966
OUT_00407,154.058
OUT_00408,103.869
OUT_00409,380.818
OUT_00410,313.603
OUT_00411,89.883
OUT_00412,98.706
OUT_00413,997.586
OUT_00414,100.747
OUT_00415,145.592
OUT_00416,360.762
OUT_00417,799.104
OUT_00418,272.553
OUT_00419,85.307
OUT_00420,76.369
OUT_00421,227.373
OUT_00422,327.112
OUT_00423,821.592
OUT_00424,803.108
OUT_00425,151.172
OUT_00426,301.34
OUT_00427,253.058
OUT_00428,1991.695
OUT_00429,259.36
OUT_00430,142.046
OUT_00431,103.915
OUT_00432,2002.667
OUT_00433,273.05
OUT_00434,1948.562
OUT_00435,345.329
OUT_00436,101.991
OUT_00437,98.245
OUT_00438,320.501
OUT_00439,266.574
OUT_00440,165.868
OUT_00441,165.867
OUT_00442,136.512
OUT_00443,315.624
OUT_00444,316.599
OUT_00445,898.741
OUT_00446,128.555
OUT_00447,92.599
OUT_00448,125.999
OUT_00449,2031.351
OUT_00450,956.338
OUT_00451,115.254
OUT_00452,144.197
OUT_00453,296.473
OUT_00454,308.701
OUT_00455,1912.044
OUT_00456,283.832
OUT_00457,961.443
OUT_00458,94.425
OUT_00459,330.148
OUT_00460,311.105
OUT_00461,125.053
OUT_00462,135.467
OUT_00463,898.143
OUT_00464,144.227
OUT_00465,323.804
OUT_00466,988.052
OUT_00467,92.671
OUT_00468,1006.629
OUT_00469,164.859
OUT_00470,102.832
OUT_00471,242.186
OUT_00472,290.815
OUT_00473,120.589
OUT_00474,74.666
OUT_00475,127.215
OUT_00476,327.26
OUT_00477,142.331
OUT_00478,263.137
OUT_00479,98.214
OUT_00480,129.794
OUT_00481,86.163
OUT_00482,281.084
OUT_00483,99.073
OUT_00484,96.516
OUT_00485,318.889
OUT_00486,345.307
OUT_00487,102.242
OUT_00488,126.624
OUT_00489,338.418
OUT_00490,132.969
OUT_00491,103.972
OUT_00492,891.182
OUT_00493,344.247
OUT_00494,118.344
OUT_00495,95.064
OUT_00496,152.892
OUT_00497,262.019
OUT_00498,330.707
OUT_00499,364.496
OUT_00500,99.608
OUT_00501,300.954
OUT_00502,240.653
OUT_00503,884.076
OUT_00504,239.506
OUT_00505,112.644
OUT_00506,1900.532
OUT_00507,1926.455
OUT_00508,314.025
OUT_00509,279.052
OUT_00510,305.036
OUT_00511,283.327
OUT_00512,103.423
OUT_00513,105.88
OUT_00514,76.72
OUT_00515,989.377
OUT_00516,128.966
OUT_00517,336.259
OUT_00518,235.679
OUT_00519,130.978
OUT_00520,82.825
OUT_00521,114.726
OUT_00522,134.09
OUT_00523,93.294
OUT_00524,118.594
OUT_00525,860.058
OUT_00526,306.943
OUT_00527,334.814
OUT_00528,299.944
OUT_00529,309.004
OUT_00530,972.078
OUT_00531,118.659
OUT_00532,132.577
OUT_00533,160.323
OUT_00534,982.16
OUT_00535,70.944
OUT_00536,105.815
OUT_00537,92.562
OUT_00538,162.585
OUT_00539,968.097
OUT_00540,85.404
OUT_00541,353.307
OUT_00542,89.492
OUT_00543,91.283
OUT_00544,81.841
OUT_00545,324.998
OUT_00546,250.954
OUT_00547,140.342
OUT_00548,97.026
OUT_00549,79.13
OUT_00550,273.154
OUT_00551,952.713
OUT_00552,89.051
OUT_00553,232.207
OUT_00554,88.636
OUT_00555,127.909
OUT_00556,298.683
OUT_00557,75.945
OUT_00558,97.28
OUT_00559,121.773
OUT_00560,301.005
OUT_00561,135.615
OUT_00562,144.943
OUT_00563,108.972
OUT_00564,119.914
OUT_00565,336.938
OUT_00566,154.964
OUT_00567,1025.885
OUT_00568,2015.597
OUT_00569,104.769
OUT_00570,968.453
OUT_00571,140.423
OUT_00572,153.349
OUT_00573,839.002
OUT_00574,325.058
OUT_00575,97.594
OUT_00576,272.642
OUT_00577,977.409
OUT_00578,125.165
OUT_00579,2073.426
OUT_00580,991.737
OUT_00581,946.001
OUT_00582,368.785
OUT_00583,116.653
OUT_00584,127.786
OUT_00585,333.021
OUT_00586,291.302
OUT_00587,213.436
OUT_00588,71.767
OUT_00589,997.084
OUT_00590,341.994
OUT_00591,921.627
OUT_00592,124.673
OUT_00593,117.792
OUT_00594,304.584
OUT_00595,265.551
OUT_00596,127.037
OUT_00597,120.216
OUT_00598,94.846
OUT_00599,89.034
OUT_00600,981.13
OUT_00601,317.417
OUT_00602,116.107
OUT_00603,938.527
OUT_00604,329.301
OUT_00605,134.668
OUT_00606,1075.148
OUT_00607,842.204
OUT_00608,323.988
OUT_00609,290.413
OUT_00610,855.486
OUT_00611,120.08
OUT_00612,143.329
OUT_00613,117.643
OUT_00614,985.442
OUT_00615,89.011
OUT_00616,309.338
OUT_00617,295.14
OUT_00618,320.178
OUT_00619,2373.799
OUT_00620,412.05
OUT_00621,362.184
OUT_00622,106.909
OUT_00623,115.88
OUT_00624,336.697
OUT_00625,288.527
OUT_00626,882.735
OUT_00627,204.477
OUT_00628,130.929
OUT_00629,339.362
OUT_00630,132.911
OUT_00631,140.965
OUT_00632,120.203
OUT_00633,1179.976
OUT_00634,333.755
OUT_00635,299.106
OUT_00636,257.361
OUT_00637,318.389
OUT_00638,339.926
OUT_00639,949.523
OUT_00640,317.801
OUT_00641,108.688
OUT_00642,298.963
OUT_00643,226.135
OUT_00644,345.93
OUT_00645,238.615
OUT_00646,94.727
OUT_00647,125.551
OUT_00648,386.039
OUT_00649,967.204
OUT_00650,284.332
OUT_00651,89.697
OUT_00652,311.404
OUT_00653,98.867
OUT_00654,124.231
OUT_00655,89.218
OUT_00656,278.199
OUT_00657,106.472
OUT_00658,379.845
OUT_00659,140.888
OUT_00660,853.177
OUT_00661,252.879
OUT_00662,345.218
OUT_00663,350.765
OUT_00664,98.22
OUT_00665,128.133
OUT_00666,863.397
OUT_00667,283.375
OUT_00668,133.691
OUT_00669,129.371
OUT_00670,304.674
OUT_00671,326.561
OUT_00672,167.81
OUT_00673,265.113
OUT_00674,798.303
OUT_00675,101.72
OUT_00676,168.42
OUT_00677,330.962
OUT_00678,114.53
OUT_00679,151.239
OUT_00680,225.144
OUT_00681,105.237
OUT_00682,108.469
OUT_00683,365.233
OUT_00684,2065.758
OUT_00685,82.718
OUT_00686,961.63
OUT_00687,910.267
OUT_00688,116.656
OUT_00689,2075.247
OUT_00690,88.27
OUT_00691,1984.001
OUT_00692,108.091
OUT_00693,341.625
OUT_00694,967.153
OUT_00695,108.515
OUT_00696,103.359
OUT_00697,281.757
OUT_00698,904.842
OUT_00699,1027.564
OUT_00700,127.591
OUT_00701,118.226
OUT_00702,99.738
OUT_00703,260.358
OUT_00704,332.535
OUT_00705,124.542
OUT_00706,262.581
OUT_00707,111.125
OUT_00708,86.589
OUT_00709,112.956
OUT_00710,245.086
OUT_00711,121.909
OUT_00712,910.714
OUT_00713,123.839
OUT_00714,84.579
OUT_00715,325.837
OUT_00716,80.711
OUT_00717,880.537
OUT_00718,115.139
OUT_00719,151.467
OUT_00720,985.988
OUT_00721,98.037
OUT_00722,267.246
OUT_00723,93.931
OUT_00724,146.856
OUT_00725,82.383
OUT_00726,985.368
OUT_00727,360.225
OUT_00728,837.75
OUT_00729,108.266
OUT_00730,229.388
OUT_00731,966.591
OUT_00732,310.947
OUT_00733,229.721
OUT_00734,861.976
OUT_00735,117.704
OUT_00736,896.818
OUT_00737,919.958
OUT_00738,103.895
OUT_00739,154.038
OUT_00740,287.195
OUT_00741,139.409
OUT_00742,2133.735
OUT_00743,134.582
OUT_00744,208.318
OUT_00745,305.966
OUT_00746,804.155
OUT_00747,305.211
OUT_00748,157.006
OUT_00749,297.877
OUT_00750,261.067
OUT_00751,159.729
OUT_00752,110.66
OUT_00753,945.411
OUT_00754,143.092
OUT_00755,914.058
OUT_00756,200.229
OUT_00757,213.274
OUT_00758,112.824
OUT_00759,60.672
OUT_00760,91.34
OUT_00761,289.005
OUT_00762,106.647
OUT_00763,71.983
OUT_00764,331.889
OUT_00765,88.841
OUT_00766,97.901
OUT_00767,328.421
OUT_00768,74.093
OUT_00769,363.334
OUT_00770,97.465
OUT_00771,321.074
OUT_00772,328.326
OUT_00773,860.865
OUT_00774,86.799
OUT_00775,358.367
OUT_00776,108.512
OUT_00777,147.4
OUT_00778,1929.375
OUT_00779,230.853
OUT_00780,103.899
OUT_00781,124.887
OUT_00782,100.468
OUT_00783,79.672
OUT_00784,126.525
OUT_00785,333.424
OUT_00786,128.129
OUT_00787,294.792
OUT_00788,273.583
OUT_00789,901.409
OUT_00790,108.504
OUT_00791,1997.757
OUT_00792,942.903
OUT_00793,201.324
OUT_00794,95.933
OUT_00795,950.681
OUT_00796,98.558
OUT_00797,293.159
OUT_00798,265.327
OUT_00799,870.758
OUT_00800,949.019
OUT_00801,95.669
OUT_00802,110.719
OUT_00803,291.993
OUT_00804,93.688
OUT_00805,106.626
OUT_00806,94.651
OUT_00807,156.456
OUT_00808,256.085
OUT_00809,336.23
OUT_00810,154.837
OUT_00811,107.495
OUT_00812,103.165
OUT_00813,116.211
OUT_00814,123.374
OUT_00815,2540.793
OUT_00816,93.922
OUT_00817,90.156
OUT_00818,152.289
OUT_00819,92.232
OUT_00820,96.878
OUT_00821,153.135
OUT_00822,215.241
OUT_00823,915.771
OUT_00824,105.645
OUT_00825,307.311
OUT_00826,298.075
OUT_00827,127.171
OUT_00828,278.915
OUT_00829,109.085
OUT_00830,154.169
OUT_00831,137.619
OUT_00832,111.273
OUT_00833,317.12
OUT_00834,330.132
OUT_00835,322.166
OUT_00836,306.644
OUT_00837,932.804
OUT_00838,350.877
OUT_00839,140.197
OUT_00840,2045.986
OUT_00841,144.206
OUT_00842,100.399
OUT_00843,357.958
OUT_00844,93.773
OUT_00845,286.12
OUT_00846,75.07
OUT_00847,204.561
OUT_00848,338.507
OUT_00849,250.382
OUT_00850,128.052
OUT_00851,96.546
OUT_00852,329.946
OUT_00853,2036.598
OUT_00854,293.085
OUT_00855,100.119
OUT_00856,2080.97
OUT_00857,953.693
OUT_00858,98.761
OUT_00859,116.484
OUT_00860,90.428
OUT_00861,111.462
OUT_00862,102.593
OUT_00863,106.401
OUT_00864,86.083
OUT_00865,299.062
OUT_00866,259.444
OUT_00867,272.091
OUT_00868,155.804
OUT_00869,129.793
OUT_00870,274.588
OUT_00871,969.412
OUT_00872,161.276
OUT_00873,971.668
OUT_00874,338.586
OUT_00875,136.976
OUT_00876,89.237
OUT_00877,885.554
OUT_00878,284.924
OUT_00879,259.535
OUT_00880,89.137
OUT_00881,919.92
OUT_00882,139.208
OUT_00883,132.292
OUT_00884,328.759
OUT_00885,359.993
OUT_00886,1977.976
OUT_00887,96.104
OUT_00888,107.792
OUT_00889,350.161
OUT_00890,329.675
OUT_00891,368.675
OUT_00892,92.423
OUT_00893,121.915
OUT_00894,124.948
OUT_00895,220.467
OUT_00896,104.937
OUT_00897,317.049
OUT_00898,114.175
OUT_00899,147.082
OUT_00900,103.375
OUT_00901,130.699
OUT_00902,102.553
OUT_00903,949.537
OUT_00904,90.477
OUT_00905,108.053
OUT_00906,965.29
OUT_00907,101.401
OUT_00908,133.827
OUT_00909,114.29
OUT_00910,185.356
OUT_00911,126.377
OUT_00912,899.11
OUT_00913,254.388
OUT_00914,337.357
OUT_00915,90.946
OUT_00916,288.705
OUT_00917,223.876
OUT_00918,980.151
OUT_00919,124.635
OUT_00920,322.111
OUT_00921,342.601
OUT_00922,116.475
OUT_00923,936.358
OUT_00924,212.339
OUT_00925,134.108
OUT_00926,84.13
OUT_00927,101.856
OUT_00928,135.762
OUT_00929,298.573
OUT_00930,342.402
OUT_00931,100.457
OUT_00932,144.062
OUT_00933,988.409
OUT_00934,913.415
OUT_00935,320.054
OUT_00936,121.911
OUT_00937,971.68
OUT_00938,232.176
OUT_00939,109.597
OUT_00940,126.352
OUT_00941,250.331
OUT_00942,267.974
OUT_00943,1018.709
OUT_00944,103.511
OUT_00945,333.225
OUT_00946,114.45
OUT_00947,98.663
OUT_00948,171.043
OUT_00949,90.707
OUT_00950,109.728
OUT_00951,269.967
OUT_00952,831.321
OUT_00953,111.598
OUT_00954,928.839
OUT_00955,309.166
OUT_00956,312.223
OUT_00957,91.279
OUT_00958,121.473
OUT_00959,127.488
OUT_00960,905.616
OUT_00961,99.35
OUT_00962,348.389
OUT_00963,254.21
OUT_00964,75.929
OUT_00965,2104.882
OUT_00966,109.767
OUT_00967,143.352
OUT_00968,116.575
OUT_00969,297.169
OUT_00970,111.593
OUT_00971,105.586
OUT_00972,300.924
OUT_00973,915.048
OUT_00974,113.345
OUT_00975,97.537
OUT_00976,285.255
OUT_00977,97.451
OUT_00978,121.643
OUT_00979,114.87
OUT_00980,109.248
OUT_00981,332.595
OUT_00982,123.334
OUT_00983,84.114
OUT_00984,128.108
OUT_00985,390.051
OUT_00986,888.007
OUT_00987,125.555
OUT_00988,262.714
OUT_00989,127.399
OUT_00990,996.465
OUT_00991,144.621
OUT_00992,255.12
OUT_00993,121.337
OUT_00994,1065.675
OUT_00995,1054.391
OUT_00996,2187.831
OUT_00997,316.976
OUT_00998,345.348
OUT_00999,324.655
OUT_01000,122.587
OUT_01001,114.342
OUT_01002,104.501
OUT_01003,139.213
OUT_01004,102.813
OUT_01005,250.595
OUT_01006,2206.279
OUT_01007,125.617
OUT_01008,299.314
OUT_01009,128.078
OUT_01010,251.036
OUT_01011,304.633
OUT_01012,333.871
OUT_01013,109.871
OUT_01014,253.225
OUT_01015,340.299
OUT_01016,246.782
OUT_01017,141.222
OUT_01018,968.695
OUT_01019,108.663
OUT_01020,109.601
OUT_01021,108.595
OUT_01022,152.031
OUT_01023,834.443
OUT_01024,111.028
OUT_01025,332.683
OUT_01026,219.956
OUT_01027,120.088
OUT_01028,151.438
OUT_01029,106.703
OUT_01030,98.573
OUT_01031,113.385
OUT_01032,1970.043
OUT_01033,132.174
OUT_01034,123.808
OUT_01035,273.617
OUT_01036,918.609
OUT_01037,269.493
OUT_01038,352.323
OUT_01039,321.612
OUT_01040,337.604
OUT_01041,291.387
OUT_01042,126.132
OUT_01043,106.446
OUT_01044,1922.476
OUT_01045,131.351
OUT_01046,84.006
OUT_01047,95.362
OUT_01048,123.014
OUT_01049,311.748
OUT_01050,130.465
OUT_01051,331.1
OUT_01052,72.545
OUT_01053,110.371
OUT_01054,274.827
OUT_01055,96.151
OUT_01056,342.906
OUT_01057,86.068
OUT_01058,275.353
OUT_01059,308.554
OUT_01060,338.53
OUT_01061,2001.95
OUT_01062,108.113
OUT_01063,88.444
OUT_01064,116.529
OUT_01065,102.168
OUT_01066,90.37
OUT_01067,75.677
OUT_01068,141.19
OUT_01069,255.769
OUT_01070,133.532
OUT_01071,164.352
OUT_01072,291.759
OUT_01073,949.549
OUT_01074,307.496
OUT_01075,343.787
OUT_01076,316.648
OUT_01077,89.775
OUT_01078,104.605
OUT_01079,931.693
OUT_01080,276.231
OUT_01081,147.699
OUT_01082,92.113
OUT_01083,64.412
OUT_01084,87.724
OUT_01085,916.35
OUT_01086,283.853
OUT_01087,132.669
OUT_01088,92.486
OUT_01089,90.17
OUT_01090,1000.581
OUT_01091,85.502
OUT_01092,99.886
OUT_01093,259.59
OUT_01094,104.589
OUT_01095,124.315
OUT_01096,142.936
OUT_01097,328.1
OUT_01098,97.872
OUT_01099,957.509
OUT_01100,1958.568
OUT_01101,108.014
OUT_01102,302.575
OUT_01103,106.187
OUT_01104,113.449
OUT_01105,920.221
OUT_01106,121.085
OUT_01107,932.591
OUT_01108,1974.92
OUT_01109,318.197
OUT_01110,322.026
OUT_01111,320.291
OUT_01112,120.067
OUT_01113,136.32
OUT_01114,115.853
OUT_01115,248.55
OUT_01116,360.524
OUT_01117,175.464
OUT_01118,95.599
OUT_01119,122.804
OUT_01120,113.697
OUT_01121,323.299
OUT_01122,139.276
OUT_01123,263.908
OUT_01124,2189.165
OUT_01125,173.838
OUT_01126,122.95
OUT_01127,105.345
OUT_01128,108.024
OUT_01129,136.463
OUT_01130,999.588
OUT_01131,125.996
OUT_01132,120.769
OUT_01133,931.605
OUT_01134,913.83
OUT_01135,1053.392
OUT_01136,142.553
OUT_01137,282.901
OUT_01138,300.316
OUT_01139,107.762
OUT_01140,80.866
OUT_01141,99.738
OUT_01142,287.695
OUT_01143,70.823
OUT_01144,119.268
OUT_01145,311.052
OUT_01146,2055.593
OUT_01147,131.73
OUT_01148,285.329
OUT_01149,304.42
OUT_01150,82.422
OUT_01151,118.769
OUT_01152,2120.593
OUT_01153,973.439
OUT_01154,118.005
OUT_01155,120.668
OUT_01156,255.771
OUT_01157,328.596
OUT_01158,83.747
OUT_01159,72.533
OUT_01160,76.692
OUT_01161,104.514
OUT_01162,119.64
OUT_01163,82.144
OUT_01164,964.548
OUT_01165,114.481
OUT_01166,296.72
OUT_01167,86.727
OUT_01168,143.117
OUT_01169,142.413
OUT_01170,99.499
OUT_01171,102.794
OUT_01172,75.171
OUT_01173,303.207
OUT_01174,105.841
OUT_01175,890.05
OUT_01176,277.797
OUT_01177,92.227
OUT_01178,924.134
OUT_01179,230.054
OUT_01180,263.278
OUT_01181,114.725
OUT_01182,310.987
OUT_01183,121.497
OUT_01184,115.893
OUT_01185,82.801
OUT_01186,109.402
OUT_01187,144.661
OUT_01188,102.646
OUT_01189,145.694
OUT_01190,111.168
OUT_01191,316.527
OUT_01192,102.636
OUT_01193,55.274
OUT_01194,121.117
OUT_01195,341.479
OUT_01196,64.238
OUT_01197,924.822
OUT_01198,244.928
OUT_01199,136.113
OUT_01200,79.68
OUT_01201,136.063
OUT_01202,100.461
OUT_01203,908.366
OUT_01204,292.336
OUT_01205,93.175
OUT_01206,112.539
OUT_01207,2029.632
OUT_01208,142.802
OUT_01209,105.822
OUT_01210,314.76
OUT_01211,302.96
OUT_01212,2011.613
OUT_01213,143.48
OUT_01214,879.872
OUT_01215,956.905
OUT_01216,110.726
OUT_01217,987.356
OUT_01218,337.344
OUT_01219,106.708
OUT_01220,383.544
OUT_01221,1926.746
OUT_01222,143.311
OUT_01223,286.542
OUT_01224,278.339
OUT_01225,291.341
OUT_01226,95.192
OUT_01227,103.134
OUT_01228,105.375
OUT_01229,120.053
OUT_01230,273.665
OUT_01231,169.159
OUT_01232,124.497
OUT_01233,336.149
OUT_01234,103.113
OUT_01235,216.127
OUT_01236,992.479
OUT_01237,104.311
OUT_01238,363.091
OUT_01239,1008.005
OUT_01240,117.617
OUT_01241,2099.762
OUT_01242,136.934
OUT_01243,107.804
OUT_01244,105.618
OUT_01245,103.695
OUT_01246,949.329
OUT_01247,81.405
OUT_01248,68.804
OUT_01249,109.653
OUT_01250,295.565
OUT_01251,144.397
OUT_01252,120.02
OUT_01253,787.0
OUT_01254,99.09
OUT_01255,103.699
OUT_01256,114.063
OUT_01257,101.662
OUT_01258,279.625
OUT_01259,86.453
OUT_01260,95.092
OUT_01261,103.116
OUT_01262,932.933
OUT_01263,915.165
OUT_01264,118.494
OUT_01265,229.549
OUT_01266,314.131
OUT_01267,875.286
OUT_01268,258.908
OUT_01269,107.222
OUT_01270,950.924
OUT_01271,102.501
OUT_01272,327.946
OUT_01273,1008.044
OUT_01274,134.374
OUT_01275,149.015
OUT_01276,95.119
OUT_01277,126.109
OUT_01278,79.132
OUT_01279,278.082
OUT_01280,133.459
OUT_01281,298.983
OUT_01282,94.158
OUT_01283,101.705
OUT_01284,313.817
OUT_01285,123.415
OUT_01286,124.532
OUT_01287,861.49
OUT_01288,913.077
OUT_01289,102.896
OUT_01290,301.528
OUT_01291,934.72
OUT_01292,974.989
OUT_01293,309.892
OUT_01294,133.422
OUT_01295,338.438
OUT_01296,152.01
OUT_01297,127.333
OUT_01298,309.104
OUT_01299,1938.456
OUT_01300,208.956
OUT_01301,107.086
OUT_01302,174.354
OUT_01303,98.921
OUT_01304,889.498
OUT_01305,96.212
OUT_01306,278.924
OUT_01307,329.202
OUT_01308,80.54
OUT_01309,141.671
OUT_01310,100.461
OUT_01311,98.342
OUT_01312,111.778
OUT_01313,115.978
OUT_01314,319.175
OUT_01315,86.012
OUT_01316,2093.124
OUT_01317,117.856
OUT_01318,105.943
OUT_01319,90.168
OUT_01320,104.003
OUT_01321,106.364
OUT_01322,97.675
OUT_01323,354.754
OUT_01324,81.218
OUT_01325,218.795
OUT_01326,100.621
OUT_01327,96.606
OUT_01328,102.899
OUT_01329,119.686
OUT_01330,79.792
OUT_01331,1008.414
OUT_01332,350.187
OUT_01333,105.319
OUT_01334,238.943
OUT_01335,85.9
OUT_01336,108.904
OUT_01337,142.481
OUT_01338,933.382
OUT_01339,110.479
OUT_01340,93.524
OUT_01341,126.456
OUT_01342,303.683
OUT_01343,101.029
OUT_01344,134.294
OUT_01345,101.741
OUT_01346,338.338
OUT_01347,259.239
OUT_01348,316.7
OUT_01349,129.534
OUT_01350,256.028
OUT_01351,125.568
OUT_01352,955.677
OUT_01353,128.498
OUT_01354,66.767
OUT_01355,868.767
OUT_01356,337.119
OUT_01357,92.091
OUT_01358,277.376
OUT_01359,107.893
OUT_01360,310.664
OUT_01361,147.724
OUT_01362,2007.044
OUT_01363,203.907
OUT_01364,293.258
OUT_01365,133.641
OUT_01366,310.072
OUT_01367,335.971
OUT_01368,111.649
OUT_01369,1026.363
OUT_01370,81.649
OUT_01371,83.295
OUT_01372,226.874
OUT_01373,258.528
OUT_01374,336.239
OUT_01375,905.248
OUT_01376,2006.914
OUT_01377,208.303
OUT_01378,118.443
OUT_01379,164.549
OUT_01380,307.224
OUT_01381,113.524
OUT_01382,932.544
OUT_01383,304.34
OUT_01384,143.505
OUT_01385,237.012
OUT_01386,300.819
OUT_01387,98.473
OUT_01388,135.178
OUT_01389,1049.807
OUT_01390,154.509
OUT_01391,1018.596
OUT_01392,165.221
OUT_01393,113.529
OUT_01394,135.568
OUT_01395,277.392
OUT_01396,1009.291
OUT_01397,81.267
OUT_01398,144.858
OUT_01399,109.857
OUT_01400,988.272
OUT_01401,273.96
OUT_01402,134.671
OUT_01403,324.63
OUT_01404,105.005
OUT_01405,76.363
OUT_01406,89.455
OUT_01407,111.639
OUT_01408,325.819
OUT_01409,948.834
OUT_01410,1016.911
OUT_01411,916.431
OUT_01412,237.272
OUT_01413,307.425
OUT_01414,112.674
OUT_01415,90.709
OUT_01416,145.082
OUT_01417,290.251
OUT_01418,267.231
OUT_01419,297.334
OUT_01420,902.159
OUT_01421,93.52
OUT_01422,109.864
OUT_01423,88.346
OUT_01424,98.714
OUT_01425,270.961
OUT_01426,109.413
OUT_01427,107.765
OUT_01428,257.979
OUT_01429,95.682
OUT_01430,147.384
OUT_01431,122.998
OUT_01432,105.052
OUT_01433,97.738
OUT_01434,92.68
OUT_01435,105.022
OUT_01436,321.845
OUT_01437,960.779
OUT_01438,101.446
OUT_01439,315.855
OUT_01440,2014.329
OUT_01441,293.422
OUT_01442,257.917
OUT_01443,105.962
OUT_01444,260.944
OUT_01445,300.753
OUT_01446,111.794
OUT_01447,857.5
OUT_01448,308.111
OUT_01449,299.841
OUT_01450,101.899
OUT_01451,300.61
OUT_01452,103.482
OUT_01453,925.445
OUT_01454,96.851
OUT_01455,126.17
OUT_01456,119.56
OUT_01457,107.446
OUT_01458,307.646
OUT_01459,115.636
OUT_01460,340.847
OUT_01461,894.816
OUT_01462,66.328
OUT_01463,62.287
OUT_01464,107.495
OUT_01465,134.622
OUT_01466,124.217
OUT_01467,151.467
OUT_01468,89.86
OUT_01469,158.673
OUT_01470,254.085
OUT_01471,1993.988
OUT_01472,1903.059
OUT_01473,994.527
OUT_01474,141.403
OUT_01475,93.314
OUT_01476,272.129
OUT_01477,139.202
OUT_01478,88.729
OUT_01479,132.779
OUT_01480,99.515
OUT_01481,841.992
OUT_01482,113.005
OUT_01483,271.415
OUT_01484,115.349
OUT_01485,893.817
OUT_01486,134.964
OUT_01487,141.884
OUT_01488,90.513
OUT_01489,126.273
OUT_01490,292.531
OUT_01491,127.802
OUT_01492,124.918
OUT_01493,80.83
OUT_01494,115.003
OUT_01495,238.918
OUT_01496,121.673
OUT_01497,284.154
OUT_01498,272.027
OUT_01499,302.491
OUT_01500,941.982
OUT_01501,141.761
OUT_01502,353.836
OUT_01503,954.791
OUT_01504,284.296
OUT_01505,2087.748
OUT_01506,886.159
OUT_01507,964.143
OUT_01508,98.011
OUT_01509,107.407
OUT_01510,302.057
OUT_01511,96.141
OUT_01512,98.625
OUT_01513,95.009
OUT_01514,1956.471
OUT_01515,83.66
OUT_01516,126.362
OUT_01517,111.528
OUT_01518,299.837
OUT_01519,115.371
OUT_01520,950.925
OUT_01521,318.302
OUT_01522,96.696
OUT_01523,309.569
OUT_01524,264.001
OUT_01525,120.766
OUT_01526,297.922
OUT_01527,965.766
OUT_01528,2178.225
OUT_01529,134.559
OUT_01530,126.567
OUT_01531,94.928
OUT_01532,892.15
OUT_01533,123.767
OUT_01534,118.599
OUT_01535,78.224
OUT_01536,120.11
OUT_01537,109.075
OUT_01538,148.3
OUT_01539,121.205
OUT_01540,1018.27
OUT_01541,163.691
OUT_01542,118.714
OUT_01543,141.762
OUT_01544,146.138
OUT_01545,364.568
OUT_01546,332.757
OUT_01547,340.806
OUT_01548,99.87
OUT_01549,322.071
OUT_01550,320.62
OUT_01551,114.983
OUT_01552,358.258
OUT_01553,257.3
OUT_01554,2049.136
OUT_01555,148.354
OUT_01556,127.164
OUT_01557,1985.269
OUT_01558,103.301
OUT_01559,996.11
OUT_01560,931.668
OUT_01561,115.427
OUT_01562,90.777
OUT_01563,287.46
OUT_01564,141.629
OUT_01565,235.871
OUT_01566,133.162
OUT_01567,1961.226
OUT_01568,104.616
OUT_01569,139.249
OUT_01570,890.879
OUT_01571,95.215
OUT_01572,329.555
OUT_01573,122.397
OUT_01574,115.475
OUT_01575,114.523
OUT_01576,102.465
OUT_01577,299.767
OUT_01578,241.785
OUT_01579,103.891
OUT_01580,132.696
OUT_01581,234.946
OUT_01582,892.155
OUT_01583,311.129
OUT_01584,104.16
OUT_01585,94.384
OUT_01586,132.421
OUT_01587,113.408
OUT_01588,300.874
OUT_01589,332.21
OUT_01590,104.49
OUT_01591,112.313
OUT_01592,108.537
OUT_01593,884.008
OUT_01594,349.887
OUT_01595,2154.976
OUT_01596,304.785
OUT_01597,85.922
OUT_01598,406.604
OUT_01599,111.891
OUT_01600,132.182
OUT_01601,92.637
OUT_01602,313.33
OUT_01603,98.851
OUT_01604,132.308
OUT_01605,924.794
OUT_01606,87.433
OUT_01607,126.378
OUT_01608,105.461
OUT_01609,234.276
OUT_01610,252.195
OUT_01611,91.584
OUT_01612,84.752
OUT_01613,81.672
OUT_01614,82.466
OUT_01615,89.692
OUT_01616,133.237
OUT_01617,135.55
OUT_01618,129.884
OUT_01619,381.07
OUT_01620,308.701
OUT_01621,965.597
OUT_01622,99.339
OUT_01623,87.727
OUT_01624,1996.935
OUT_01625,117.987
OUT_01626,107.973
OUT_01627,139.295
OUT_01628,113.637
OUT_01629,852.288
OUT_01630,125.191
OUT_01631,98.847
OUT_01632,106.245
OUT_01633,102.194
OUT_01634,928.844
OUT_01635,278.41
OUT_01636,223.977
OUT_01637,81.678
OUT_01638,289.082
OUT_01639,1388.206
OUT_01640,2328.105
OUT_01641,2099.166
OUT_01642,97.822
OUT_01643,129.9
OUT_01644,104.214
OUT_01645,165.36
OUT_01646,118.398
OUT_01647,113.263
OUT_01648,134.078
OUT_01649,105.076
OUT_01650,1926.205
OUT_01651,175.626
OUT_01652,115.176
OUT_01653,296.053
OUT_01654,900.437
OUT_01655,87.082
OUT_01656,941.522
OUT_01657,122.664
OUT_01658,139.838
OUT_01659,98.48
OUT_01660,244.867
OUT_01661,316.977
OUT_01662,292.769
OUT_01663,104.098
OUT_01664,68.097
OUT_01665,1978.531
OUT_01666,931.829
OUT_01667,254.972
OUT_01668,126.187
OUT_01669,86.095
OUT_01670,115.273
OUT_01671,105.476
OUT_01672,206.806
OUT_01673,113.198
OUT_01674,84.51
OUT_01675,265.387
OUT_01676,386.785
OUT_01677,76.132
OUT_01678,96.969
OUT_01679,813.302
OUT_01680,142.567
OUT_01681,99.79
OUT_01682,161.586
OUT_01683,134.324
OUT_01684,109.44
OUT_01685,112.963
OUT_01686,275.357
OUT_01687,104.302
OUT_01688,321.45
OUT_01689,144.231
OUT_01690,100.785
OUT_01691,2015.795
OUT_01692,359.278
OUT_01693,111.182
OUT_01694,924.651
OUT_01695,339.573
OUT_01696,92.977
OUT_01697,105.969
OUT_01698,108.105
OUT_01699,85.998
OUT_01700,98.103
OUT_01701,288.753
OUT_01702,120.439
OUT_01703,160.322
OUT_01704,300.828
OUT_01705,983.919
OUT_01706,114.354
OUT_01707,114.053
OUT_01708,299.131
OUT_01709,130.785
OUT_01710,328.474
OUT_01711,104.018
OUT_01712,1956.149
OUT_01713,96.912
OUT_01714,115.03
OUT_01715,271.034
OUT_01716,2067.865
OUT_01717,148.962
OUT_01718,285.338
OUT_01719,97.508
OUT_01720,126.706
OUT_01721,179.135
OUT_01722,122.534
OUT_01723,262.618
OUT_01724,113.12
OUT_01725,2091.207
OUT_01726,91.706
OUT_01727,105.946
OUT_01728,93.961
OUT_01729,127.962
OUT_01730,324.774
OUT_01731,293.763
OUT_01732,282.394
OUT_01733,113.958
OUT_01734,292.646
OUT_01735,1058.582
OUT_01736,1898.946
OUT_01737,915.066
OUT_01738,286.653
OUT_01739,303.923
OUT_01740,957.962
OUT_01741,258.525
OUT_01742,278.583
OUT_01743,61.503
OUT_01744,120.46
OUT_01745,104.136
OUT_01746,330.335
OUT_01747,103.459
OUT_01748,129.536
OUT_01749,966.919
OUT_01750,105.82
OUT_01751,141.732
OUT_01752,106.026
OUT_01753,102.456
OUT_01754,306.192
OUT_01755,346.101
OUT_01756,322.734
OUT_01757,955.693
OUT_01758,1067.618
OUT_01759,148.452
OUT_01760,1974.967
OUT_01761,105.714
OUT_01762,104.19
OUT_01763,283.313
OUT_01764,124.561
OUT_01765,125.871
OUT_01766,869.204
OUT_01767,913.598
OUT_01768,311.7
OUT_01769,114.826
OUT_01770,259.74
OUT_01771,132.429
OUT_01772,307.449
OUT_01773,109.503
OUT_01774,356.85
OUT_01775,905.048
OUT_01776,94.881
OUT_01777,153.596
OUT_01778,302.459
OUT_01779,108.633
OUT_01780,325.62
OUT_01781,87.921
OUT_01782,2066.092
OUT_01783,138.883
OUT_01784,163.652
OUT_01785,1076.744
OUT_01786,111.204
OUT_01787,144.963
OUT_01788,274.606
OUT_01789,109.45
OUT_01790,121.391
OUT_01791,94.397
OUT_01792,150.934
OUT_01793,113.018
OUT_01794,322.402
OUT_01795,298.885
OUT_01796,97.853
OUT_01797,82.836
OUT_01798,235.768
OUT_01799,144.384
OUT_01800,230.773
OUT_01801,902.432
OUT_01802,963.915
OUT_01803,933.248
OUT_01804,367.008
OUT_01805,294.307
OUT_01806,1024.432
OUT_01807,132.672
OUT_01808,265.536
OUT_01809,295.102
OUT_01810,172.43
OUT_01811,114.868
OUT_01812,72.025
OUT_01813,359.386
OUT_01814,330.946
OUT_01815,99.137
OUT_01816,150.555
OUT_01817,135.226
OUT_01818,142.071
OUT_01819,136.53
OUT_01820,327.726
OUT_01821,2075.781
OUT_01822,129.732
OUT_01823,129.488
OUT_01824,133.705
OUT_01825,983.33
OUT_01826,1016.711
OUT_01827,971.504
OUT_01828,344.988
OUT_01829,105.627
OUT_01830,90.28
OUT_01831,82.897
OUT_01832,82.472
OUT_01833,114.122
OUT_01834,1014.357
OUT_01835,929.44
OUT_01836,83.055
OUT_01837,104.588
OUT_01838,236.391
OUT_01839,291.078
OUT_01840,123.221
OUT_01841,1961.079
OUT_01842,247.163
OUT_01843,108.16
OUT_01844,905.035
OUT_01845,126.843
OUT_01846,92.12
OUT_01847,971.9
OUT_01848,309.719
OUT_01849,123.987
OUT_01850,255.778
OUT_01851,921.862
OUT_01852,866.276
OUT_01853,345.392
OUT_01854,942.856
OUT_01855,109.506
OUT_01856,307.995
OUT_01857,100.85
OUT_01858,130.163
OUT_01859,143.858
OUT_01860,276.006
OUT_01861,280.565
OUT_01862,118.701
OUT_01863,269.526
OUT_01864,257.597
OUT_01865,121.067
OUT_01866,118.72
OUT_01867,119.107
OUT_01868,244.589
OUT_01869,2010.023
OUT_01870,102.248
OUT_01871,107.308
OUT_01872,265.688
OUT_01873,336.554
OUT_01874,108.138
OUT_01875,289.055
OUT_01876,302.651
OUT_01877,989.767
OUT_01878,974.144
OUT_01879,1933.839
OUT_01880,219.198
OUT_01881,98.607
OUT_01882,152.038
OUT_01883,96.0
OUT_01884,115.422
OUT_01885,346.423
OUT_01886,98.181
OUT_01887,964.499
OUT_01888,132.055
OUT_01889,225.371
OUT_01890,79.879
OUT_01891,950.269
OUT_01892,262.621
OUT_01893,126.127
OUT_01894,343.819
OUT_01895,138.803
OUT_01896,109.908
OUT_01897,974.354
OUT_01898,296.9
OUT_01899,933.578
OUT_01900,100.56
OUT_01901,2041.069
OUT_01902,107.456
OUT_01903,2087.912
OUT_01904,117.815
OUT_01905,102.031
OUT_01906,2009.928
OUT_01907,981.828
OUT_01908,849.175
OUT_01909,138.28
OUT_01910,124.726
OUT_01911,310.051
OUT_01912,112.506
OUT_01913,283.227
OUT_01914,148.501
OUT_01915,89.447
OUT_01916,131.202
OUT_01917,295.159
OUT_01918,113.434
OUT_01919,126.117
OUT_01920,137.581
OUT_01921,109.496
OUT_01922,127.269
OUT_01923,138.315
OUT_01924,127.23
OUT_01925,925.889
OUT_01926,921.621
OUT_01927,301.752
OUT_01928,985.234
OUT_01929,326.732
OUT_01930,126.567
OUT_01931,90.533
OUT_01932,244.766
OUT_01933,65.258
OUT_01934,143.042
OUT_01935,85.995
OUT_01936,120.065
OUT_01937,2012.44
OUT_01938,315.871
OUT_01939,304.643
OUT_01940,111.207
OUT_01941,300.789
OUT_01942,88.029
OUT_01943,95.003
OUT_01944,2016.983
OUT_01945,108.269
OUT_01946,326.529
OUT_01947,99.973
OUT_01948,325.85
OUT_01949,99.463
OUT_01950,118.617
OUT_01951,878.133
OUT_01952,109.014
OUT_01953,965.37
OUT_01954,471.251
OUT_01955,945.926
OUT_01956,100.275
OUT_01957,89.173
OUT_01958,289.665
OUT_01959,135.28
OUT_01960,114.741
OUT_01961,958.888
OUT_01962,91.262
OUT_01963,940.604
OUT_01964,99.398
OUT_01965,299.768
OUT_01966,92.361
OUT_01967,877.524
OUT_01968,212.492
OUT_01969,99.914
OUT_01970,1991.59
OUT_01971,359.08
OUT_01972,93.241
OUT_01973,148.017
OUT_01974,108.434
OUT_01975,287.431
OUT_01976,226.811
OUT_01977,168.777
OUT_01978,87.715
OUT_01979,402.036
OUT_01980,310.309
OUT_01981,291.396
OUT_01982,1026.195
OUT_01983,313.999
OUT_01984,902.095
OUT_01985,993.553
OUT_01986,106.161
OUT_01987,100.554
OUT_01988,255.584
OUT_01989,226.189
OUT_01990,104.313
OUT_01991,993.47
OUT_01992,249.02
OUT_01993,188.362
OUT_01994,273.519
OUT_01995,95.205
OUT_01996,898.864
OUT_01997,846.481
OUT_01998,136.735
OUT_01999,1004.999
OUT_02000,331.176
OUT_02001,119.132
OUT_02002,167.501
OUT_02003,89.707
OUT_02004,94.001
OUT_02005,216.565
OUT_02006,389.409
OUT_02007,239.492
OUT_02008,248.846
OUT_02009,313.677
OUT_02010,93.169
OUT_02011,140.864
OUT_02012,320.123
OUT_02013,111.039
OUT_02014,849.239
OUT_02015,95.818
OUT_02016,1516.727
OUT_02017,956.466
OUT_02018,279.95
OUT_02019,118.628
OUT_02020,108.57
OUT_02021,120.951
OUT_02022,1989.212
OUT_02023,123.956
OUT_02024,218.9
OUT_02025,2036.433
OUT_02026,366.463
OUT_02027,315.024
OUT_02028,264.718
OUT_02029,343.352
OUT_02030,308.374
OUT_02031,61.293
OUT_02032,356.989
OUT_02033,147.737
OUT_02034,1995.842
OUT_02035,81.125
OUT_02036,103.506
OUT_02037,112.595
OUT_02038,130.892
OUT_02039,98.198
OUT_02040,199.672
OUT_02041,110.525
OUT_02042,87.463
OUT_02043,240.196
OUT_02044,947.884
OUT_02045,241.984
OUT_02046,107.676
OUT_02047,1492.719
OUT_02048,135.99
OUT_02049,87.702
OUT_02050,80.654
OUT_02051,353.766
OUT_02052,117.104
OUT_02053,141.305
OUT_02054,840.223
OUT_02055,325.184
OUT_02056,2002.71
OUT_02057,324.426
OUT_02058,1037.142
OUT_02059,258.359
OUT_02060,132.563
OUT_02061,84.627
OUT_02062,95.993
OUT_02063,74.661
OUT_02064,125.679
OUT_02065,95.827
OUT_02066,974.973
OUT_02067,87.392
OUT_02068,938.954
OUT_02069,95.869
OUT_02070,77.333
OUT_02071,144.794
OUT_02072,996.701
OUT_02073,2002.457
OUT_02074,151.747
OUT_02075,88.056
OUT_02076,84.622
OUT_02077,90.611
OUT_02078,2059.892
OUT_02079,311.177
OUT_02080,100.785
OUT_02081,95.193
OUT_02082,176.525
OUT_02083,1944.797
OUT_02084,348.338
OUT_02085,884.156
OUT_02086,277.585
OUT_02087,311.75
OUT_02088,916.693
OUT_02089,130.343
OUT_02090,114.206
OUT_02091,126.653
OUT_02092,308.547
OUT_02093,70.231
OUT_02094,884.686
OUT_02095,266.731
OUT_02096,2070.088
OUT_02097,960.382
OUT_02098,329.226
OUT_02099,318.609
OUT_02100,80.624
OUT_02101,182.711
OUT_02102,139.653
OUT_02103,317.681
OUT_02104,351.433
OUT_02105,86.343
OUT_02106,126.428
OUT_02107,86.653
OUT_02108,92.106
OUT_02109,157.877
OUT_02110,105.268
OUT_02111,163.644
OUT_02112,80.368
OUT_02113,327.556
OUT_02114,313.381
OUT_02115,130.128
OUT_02116,112.345
OUT_02117,81.887
OUT_02118,270.564
OUT_02119,232.041
OUT_02120,106.327
OUT_02121,982.837
OUT_02122,83.779
OUT_02123,283.573
OUT_02124,357.68
OUT_02125,95.746
OUT_02126,114.966
OUT_02127,92.151
OUT_02128,854.927
OUT_02129,140.156
OUT_02130,106.145
OUT_02131,684.548
OUT_02132,283.08
OUT_02133,923.576
OUT_02134,281.092
OUT_02135,324.358
OUT_02136,899.19
OUT_02137,289.112
OUT_02138,1014.237
OUT_02139,1048.052
OUT_02140,138.775
OUT_02141,256.221
OUT_02142,147.548
OUT_02143,264.29
OUT_02144,110.298
OUT_02145,98.398
OUT_02146,1714.271
OUT_02147,321.057
OUT_02148,339.187
OUT_02149,101.323
OUT_02150,118.035
OUT_02151,267.786
OUT_02152,2415.169
OUT_02153,109.087
OUT_02154,127.211
OUT_02155,260.226
OUT_02156,97.686
OUT_02157,288.028
OUT_02158,111.099
OUT_02159,96.669
OUT_02160,118.865
OUT_02161,107.203
OUT_02162,284.415
OUT_02163,149.953
OUT_02164,301.245
OUT_02165,145.705
OUT_02166,92.757
OUT_02167,143.388
OUT_02168,105.044
OUT_02169,78.219
OUT_02170,160.613
OUT_02171,109.42
OUT_02172,271.551
OUT_02173,77.403
OUT_02174,100.87
OUT_02175,116.275
OUT_02176,2057.437
OUT_02177,297.266
OUT_02178,116.933
OUT_02179,314.322
OUT_02180,1952.815
OUT_02181,914.383
OUT_02182,130.066
OUT_02183,251.257
OUT_02184,280.101
OUT_02185,368.77
OUT_02186,131.863
OUT_02187,314.479
OUT_02188,127.124
OUT_02189,122.05
OUT_02190,2102.919
OUT_02191,313.796
OUT_02192,285.272
OUT_02193,371.898
OUT_02194,124.323
OUT_02195,111.924
OUT_02196,288.169
OUT_02197,111.697
OUT_02198,85.559
OUT_02199,113.859
OUT_02200,329.482
OUT_02201,992.753
OUT_02202,83.87
OUT_02203,1037.548
OUT_02204,334.437
OUT_02205,935.164
OUT_02206,122.604
OUT_02207,906.02
OUT_02208,119.755
OUT_02209,128.5
OUT_02210,127.668
OUT_02211,128.014
OUT_02212,377.503
OUT_02213,86.757
OUT_02214,257.012
OUT_02215,359.876
OUT_02216,303.214
OUT_02217,866.821
OUT_02218,337.958
OUT_02219,270.88
OUT_02220,100.668
OUT_02221,171.293
OUT_02222,99.529
OUT_02223,304.07
OUT_02224,294.769
OUT_02225,103.644
OUT_02226,317.801
OUT_02227,104.985
OUT_02228,265.588
OUT_02229,271.959
OUT_02230,282.907
OUT_02231,106.394
OUT_02232,88.365
OUT_02233,133.074
OUT_02234,320.347
OUT_02235,61.172
OUT_02236,1942.52
OUT_02237,108.626
OUT_02238,946.255
OUT_02239,105.381
OUT_02240,120.744
OUT_02241,108.142
OUT_02242,915.467
OUT_02243,907.353
OUT_02244,243.328
OUT_02245,101.53
OUT_02246,920.227
OUT_02247,114.175
OUT_02248,348.061
OUT_02249,281.994
OUT_02250,98.055
OUT_02251,76.603
OUT_02252,146.329
OUT_02253,221.078
OUT_02254,273.719
OUT_02255,329.705
OUT_02256,92.772
OUT_02257,355.671
OUT_02258,98.199
OUT_02259,91.543
OUT_02260,134.134
OUT_02261,126.885
OUT_02262,133.726
OUT_02263,295.941
OUT_02264,98.639
OUT_02265,170.26
OUT_02266,102.648
OUT_02267,1008.201
OUT_02268,101.054
OUT_02269,320.283
OUT_02270,123.91
OUT_02271,152.679
OUT_02272,299.341
OUT_02273,214.145
OUT_02274,99.184
OUT_02275,325.75
OUT_02276,84.698
OUT_02277,337.821
OUT_02278,81.384
OUT_02279,846.845
OUT_02280,320.293
OUT_02281,73.136
OUT_02282,113.97
OUT_02283,117.985
OUT_02284,335.176
OUT_02285,100.361
OUT_02286,793.909
OUT_02287,257.199
OUT_02288,328.983
OUT_02289,104.402
OUT_02290,92.116
OUT_02291,139.051
OUT_02292,139.383
OUT_02293,134.627
OUT_02294,148.138
OUT_02295,281.231
OUT_02296,239.786
OUT_02297,112.53
OUT_02298,969.078
OUT_02299,97.199
OUT_02300,85.985
OUT_02301,875.08
OUT_02302,101.176
OUT_02303,1013.424
OUT_02304,293.946
OUT_02305,309.209
OUT_02306,174.003
OUT_02307,131.331
OUT_02308,916.932
OUT_02309,85.567
OUT_02310,933.395
OUT_02311,297.852
OUT_02312,280.936
OUT_02313,339.387
OUT_02314,360.51
OUT_02315,115.384
OUT_02316,104.071
OUT_02317,75.799
OUT_02318,306.964
OUT_02319,89.011
OUT_02320,305.886
OUT_02321,165.866
OUT_02322,2010.964
OUT_02323,129.174
OUT_02324,426.99
OUT_02325,131.246
OUT_02326,97.827
OUT_02327,72.492
OUT_02328,116.163
OUT_02329,111.505
OUT_02330,161.555
OUT_02331,152.546
OUT_02332,194.965
OUT_02333,113.213
OUT_02334,963.972
OUT_02335,121.981
OUT_02336,122.188
OUT_02337,130.959
OUT_02338,110.421
OUT_02339,184.428
OUT_02340,105.835
OUT_02341,303.134
OUT_02342,137.948
OUT_02343,339.825
OUT_02344,859.203
OUT_02345,123.719
OUT_02346,920.342
OUT_02347,328.279
OUT_02348,103.547
OUT_02349,308.219
OUT_02350,331.737
OUT_02351,1973.191
OUT_02352,304.676
OUT_02353,361.969
OUT_02354,293.749
OUT_02355,339.004
OUT_02356,75.805
OUT_02357,77.691
OUT_02358,954.443
OUT_02359,128.652
OUT_02360,100.028
OUT_02361,277.399
OUT_02362,103.901
OUT_02363,148.937
OUT_02364,352.25
OUT_02365,386.494
OUT_02366,131.472
OUT_02367,123.867
OUT_02368,93.614
OUT_02369,890.089
OUT_02370,142.78
OUT_02371,1966.433
OUT_02372,131.778
OUT_02373,2065.803
OUT_02374,262.638
OUT_02375,213.987
OUT_02376,101.567
OUT_02377,101.591
OUT_02378,94.203
OUT_02379,309.539
OUT_02380,96.468
OUT_02381,105.226
OUT_02382,132.618
OUT_02383,2104.087
OUT_02384,287.955
OUT_02385,939.652
OUT_02386,787.762
OUT_02387,1015.185
OUT_02388,146.387
OUT_02389,153.711
OUT_02390,302.814
OUT_02391,276.829
OUT_02392,165.954
OUT_02393,87.776
OUT_02394,266.066
OUT_02395,99.723
OUT_02396,296.654
OUT_02397,120.733
OUT_02398,105.814
OUT_02399,886.757
OUT_02400,109.474
OUT_02401,2102.941
OUT_02402,117.178
OUT_02403,111.721
OUT_02404,986.481
OUT_02405,1021.741
OUT_02406,89.0
OUT_02407,249.521
OUT_02408,339.877
OUT_02409,301.17
OUT_02410,138.89
OUT_02411,133.508
OUT_02412,114.068
OUT_02413,74.88
OUT_02414,111.652
OUT_02415,974.282
OUT_02416,916.319
OUT_02417,142.225
OUT_02418,791.651
OUT_02419,304.824
OUT_02420,91.037
OUT_02421,153.49
OUT_02422,2027.259
OUT_02423,240.513
OUT_02424,76.86
OUT_02425,278.701
OUT_02426,82.21
OUT_02427,326.217
OUT_02428,305.863
OUT_02429,122.683
OUT_02430,273.381
OUT_02431,1911.613
OUT_02432,131.031
OUT_02433,69.772
OUT_02434,132.813
OUT_02435,103.228
OUT_02436,839.521
OUT_02437,2074.208
OUT_02438,115.601
OUT_02439,349.642
OUT_02440,126.844
OUT_02441,93.241
OUT_02442,261.88
OUT_02443,102.522
OUT_02444,981.798
OUT_02445,303.462
OUT_02446,318.276
OUT_02447,92.705
OUT_02448,123.354
OUT_02449,90.999
OUT_02450,85.594
OUT_02451,317.408
OUT_02452,1014.458
OUT_02453,117.642
OUT_02454,306.85
OUT_02455,129.202
OUT_02456,89.243
OUT_02457,371.749
OUT_02458,951.29
OUT_02459,1985.91
OUT_02460,304.168
OUT_02461,171.199
OUT_02462,98.755
OUT_02463,113.011
OUT_02464,114.644
OUT_02465,120.282
OUT_02466,104.205
OUT_02467,96.737
OUT_02468,94.975
OUT_02469,239.746
OUT_02470,328.353
OUT_02471,1937.69
OUT_02472,212.478
OUT_02473,117.751
OUT_02474,139.553
OUT_02475,1998.912
OUT_02476,103.974
OUT_02477,147.067
OUT_02478,77.781
OUT_02479,952.372
OUT_02480,132.333
OUT_02481,139.72
OUT_02482,961.664
OUT_02483,159.411
OUT_02484,371.529
OUT_02485,102.888
OUT_02486,253.24
OUT_02487,105.318
OUT_02488,124.862
OUT_02489,99.435
OUT_02490,299.624
OUT_02491,116.604
OUT_02492,252.586
OUT_02493,135.371
OUT_02494,308.477
OUT_02495,89.266
OUT_02496,278.02
OUT_02497,111.771
OUT_02498,925.949
OUT_02499,84.997
OUT_02500,241.705
OUT_02501,868.751
OUT_02502,286.971
OUT_02503,102.835
OUT_02504,98.207
OUT_02505,115.998
OUT_02506,90.912
OUT_02507,77.008
OUT_02508,134.199
OUT_02509,345.331
OUT_02510,277.859
OUT_02511,379.447
OUT_02512,273.503
OUT_02513,107.192
OUT_02514,935.892
OUT_02515,925.007
OUT_02516,783.762
OUT_02517,354.411
OUT_02518,82.551
OUT_02519,101.0
OUT_02520,406.982
OUT_02521,105.033
OUT_02522,355.548
OUT_02523,319.532
OUT_02524,1023.408
OUT_02525,983.272
OUT_02526,148.289
OUT_02527,306.989
OUT_02528,259.403
OUT_02529,130.56
OUT_02530,238.89
OUT_02531,410.188
OUT_02532,89.449
OUT_02533,126.749
OUT_02534,305.457
OUT_02535,126.035
OUT_02536,152.574
OUT_02537,122.229
OUT_02538,868.106
OUT_02539,79.947
OUT_02540,95.274
OUT_02541,934.553
OUT_02542,84.314
OUT_02543,320.75
OUT_02544,291.674
OUT_02545,295.714
OUT_02546,97.914
OUT_02547,122.827
OUT_02548,239.362
OUT_02549,357.533
OUT_02550,136.163
OUT_02551,79.31
OUT_02552,898.392
OUT_02553,96.301
OUT_02554,92.855
OUT_02555,319.82
OUT_02556,101.149
OUT_02557,152.28
OUT_02558,129.363
OUT_02559,125.397
OUT_02560,91.268
OUT_02561,130.242
OUT_02562,81.305
OUT_02563,206.677
OUT_02564,95.804
OUT_02565,302.175
OUT_02566,328.092
OUT_02567,66.913
OUT_02568,327.249
OUT_02569,126.087
OUT_02570,254.021
OUT_02571,307.051
OUT_02572,107.309
OUT_02573,133.998
OUT_02574,258.383
OUT_02575,130.605
OUT_02576,2051.34
OUT_02577,147.306
OUT_02578,899.764
OUT_02579,267.496
OUT_02580,105.22
OUT_02581,332.159
OUT_02582,2114.274
OUT_02583,105.497
OUT_02584,122.556
OUT_02585,149.605
OUT_02586,1932.719
OUT_02587,131.359
OUT_02588,104.701
OUT_02589,103.048
OUT_02590,360.165
OUT_02591,939.439
OUT_02592,286.623
OUT_02593,999.733
OUT_02594,82.076
OUT_02595,88.788
OUT_02596,980.03
OUT_02597,896.443
OUT_02598,928.922
OUT_02599,2016.615
OUT_02600,351.229
OUT_02601,404.293
OUT_02602,119.966
OUT_02603,932.018
OUT_02604,121.311
OUT_02605,303.256
OUT_02606,828.66
OUT_02607,130.947
OUT_02608,278.216
OUT_02609,85.358
OUT_02610,346.033
OUT_02611,242.715
OUT_02612,290.486
OUT_02613,312.393
OUT_02614,75.506
OUT_02615,933.885
OUT_02616,945.884
OUT_02617,2098.664
OUT_02618,95.347
OUT_02619,309.441
OUT_02620,89.122
OUT_02621,219.612
OUT_02622,104.362
OUT_02623,101.027
OUT_02624,104.427
OUT_02625,353.311
OUT_02626,943.788
OUT_02627,107.186
OUT_02628,287.105
OUT_02629,67.475
OUT_02630,89.792
OUT_02631,127.045
OUT_02632,268.388
OUT_02633,100.867
OUT_02634,112.377
OUT_02635,124.687
OUT_02636,2029.67
OUT_02637,103.885
OUT_02638,329.561
OUT_02639,66.737
OUT_02640,337.113
OUT_02641,934.316
OUT_02642,113.301
OUT_02643,967.204
OUT_02644,278.21
OUT_02645,115.123
OUT_02646,114.992
OUT_02647,950.293
OUT_02648,128.851
OUT_02649,112.734
OUT_02650,239.268
OUT_02651,226.415
OUT_02652,125.223
OUT_02653,112.333
OUT_02654,936.265
OUT_02655,142.083
OUT_02656,98.461
OUT_02657,107.819
OUT_02658,112.757
OUT_02659,104.269
OUT_02660,106.318
OUT_02661,289.048
OUT_02662,136.841
OUT_02663,324.486
OUT_02664,955.9
OUT_02665,1010.492
OUT_02666,268.16
OUT_02667,153.15
OUT_02668,917.539
OUT_02669,116.136
OUT_02670,149.619
OUT_02671,141.141
OUT_02672,105.021
OUT_02673,104.029
OUT_02674,77.484
OUT_02675,92.376
OUT_02676,310.269
OUT_02677,102.146
OUT_02678,89.971
OUT_02679,96.606
OUT_02680,102.245
OUT_02681,128.906
OUT_02682,123.424
OUT_02683,106.365
OUT_02684,836.9
OUT_02685,118.756
OUT_02686,334.389
OUT_02687,98.873
OUT_02688,341.657
OUT_02689,95.925
OUT_02690,249.99
OUT_02691,907.2
OUT_02692,260.99
OUT_02693,95.58
OUT_02694,93.352
OUT_02695,120.911
OUT_02696,236.296
OUT_02697,364.491
OUT_02698,392.103
OUT_02699,348.397
OUT_02700,98.319
OUT_02701,819.182
OUT_02702,139.031
OUT_02703,325.479
OUT_02704,137.761
OUT_02705,113.873
OUT_02706,94.945
OUT_02707,217.192
OUT_02708,120.983
OUT_02709,99.195
OUT_02710,352.202
OUT_02711,101.928
OUT_02712,120.777
OUT_02713,134.72
OUT_02714,242.101
OUT_02715,130.866
OUT_02716,102.321
OUT_02717,957.487
OUT_02718,97.593
OUT_02719,98.961
OUT_02720,97.918
OUT_02721,2120.97
OUT_02722,261.857
OUT_02723,108.484
OUT_02724,93.363
OUT_02725,145.545
OUT_02726,120.606
OUT_02727,96.56
OUT_02728,937.191
OUT_02729,95.287
OUT_02730,88.893
OUT_02731,372.272
OUT_02732,112.788
OUT_02733,92.364
OUT_02734,895.468
OUT_02735,89.97
OUT_02736,310.114
OUT_02737,226.27
OUT_02738,96.306
OUT_02739,311.683
OUT_02740,418.621
OUT_02741,130.778
OUT_02742,84.972
OUT_02743,94.51
OUT_02744,325.884
OUT_02745,99.731
OUT_02746,330.246
OUT_02747,116.569
OUT_02748,114.64
OUT_02749,94.066
OUT_02750,107.466
OUT_02751,943.6
OUT_02752,105.123
OUT_02753,317.396
OUT_02754,91.002
OUT_02755,2134.793
OUT_02756,131.965
OUT_02757,156.25
OUT_02758,2090.703
OUT_02759,149.798
OUT_02760,1024.332
OUT_02761,92.375
OUT_02762,106.678
OUT_02763,119.866
OUT_02764,108.129
OUT_02765,890.867
OUT_02766,233.418
OUT_02767,242.29
OUT_02768,146.294
OUT_02769,125.186
OUT_02770,316.731
OUT_02771,131.106
OUT_02772,99.217
OUT_02773,229.176
OUT_02774,238.724
OUT_02775,344.276
OUT_02776,959.131
OUT_02777,163.916
OUT_02778,77.247
OUT_02779,115.029
OUT_02780,350.943
OUT_02781,277.255
OUT_02782,1011.022
OUT_02783,2029.965
OUT_02784,292.778
OUT_02785,99.575
OUT_02786,110.091
OUT_02787,100.027
OUT_02788,229.039
OUT_02789,101.529
OUT_02790,104.632
OUT_02791,306.72
OUT_02792,841.073
OUT_02793,263.799
OUT_02794,100.497
OUT_02795,127.739
OUT_02796,129.199
OUT_02797,355.81
OUT_02798,320.556
OUT_02799,73.566
OUT_02800,342.85
OUT_02801,111.523
OUT_02802,122.444
OUT_02803,79.732
OUT_02804,131.857
OUT_02805,143.961
OUT_02806,348.568
OUT_02807,306.606
OUT_02808,222.23
OUT_02809,101.418
OUT_02810,379.069
OUT_02811,136.305
OUT_02812,89.248
OUT_02813,145.691
OUT_02814,116.483
OUT_02815,149.801
OUT_02816,112.48
OUT_02817,321.119
OUT_02818,330.209
OUT_02819,336.067
OUT_02820,1001.141
OUT_02821,306.499
OUT_02822,127.371
OUT_02823,83.064
OUT_02824,348.09
OUT_02825,126.934
OUT_02826,98.55
OUT_02827,345.315
OUT_02828,139.301
OUT_02829,933.776
OUT_02830,254.389
OUT_02831,100.164
OUT_02832,952.789
OUT_02833,451.144
OUT_02834,303.545
OUT_02835,115.776
OUT_02836,2016.303
OUT_02837,127.797
OUT_02838,264.877
OUT_02839,145.34
OUT_02840,952.803
OUT_02841,2111.257
OUT_02842,327.281
OUT_02843,105.38
OUT_02844,111.585
OUT_02845,115.937
OUT_02846,233.236
OUT_02847,153.978
OUT_02848,108.873
OUT_02849,323.513
OUT_02850,110.167
OUT_02851,83.72
OUT_02852,277.474
OUT_02853,299.238
OUT_02854,2077.932
OUT_02855,88.424
OUT_02856,85.94
OUT_02857,292.157
OUT_02858,920.725
OUT_02859,114.147
OUT_02860,2102.334
OUT_02861,82.664
OUT_02862,177.338
OUT_02863,325.976
OUT_02864,292.37
OUT_02865,2024.645
OUT_02866,140.84
OUT_02867,132.351
OUT_02868,75.293
OUT_02869,99.082
OUT_02870,98.152
OUT_02871,106.738
OUT_02872,131.385
OUT_02873,297.348
OUT_02874,332.648
OUT_02875,272.788
OUT_02876,287.587
OUT_02877,99.159
OUT_02878,245.221
OUT_02879,94.236
OUT_02880,97.095
OUT_02881,104.16
OUT_02882,121.331
OUT_02883,1994.723
OUT_02884,87.976
OUT_02885,103.904
OUT_02886,133.901
OUT_02887,323.836
OUT_02888,134.286
OUT_02889,130.329
OUT_02890,912.284
OUT_02891,87.8
OUT_02892,2032.976
OUT_02893,127.937
OUT_02894,99.14
OUT_02895,983.103
OUT_02896,753.102
OUT_02897,295.309
OUT_02898,107.717
OUT_02899,129.386
OUT_02900,229.318
OUT_02901,322.986
OUT_02902,271.885
OUT_02903,77.201
OUT_02904,119.793
OUT_02905,123.927
OUT_02906,997.878
OUT_02907,81.048
OUT_02908,112.6
OUT_02909,295.902
OUT_02910,233.041
OUT_02911,1974.693
OUT_02912,84.942
OUT_02913,351.507
OUT_02914,113.881
OUT_02915,78.869
OUT_02916,93.082
OUT_02917,121.089
OUT_02918,110.271
OUT_02919,971.679
OUT_02920,242.245
OUT_02921,99.874
OUT_02922,912.086
OUT_02923,297.615
OUT_02924,356.209
OUT_02925,301.447
OUT_02926,103.686
OUT_02927,90.792
OUT_02928,149.632
OUT_02929,139.984
OUT_02930,960.4
OUT_02931,95.009
OUT_02932,297.839
OUT_02933,92.94
OUT_02934,99.078
OUT_02935,126.379
OUT_02936,2095.876
OUT_02937,125.309
OUT_02938,111.35
OUT_02939,400.117
OUT_02940,117.799
OUT_02941,1957.198
OUT_02942,113.547
OUT_02943,122.54
OUT_02944,91.045
OUT_02945,131.929
OUT_02946,81.492
OUT_02947,95.25
OUT_02948,110.498
OUT_02949,246.848
OUT_02950,2773.934
OUT_02951,104.935
OUT_02952,286.691
OUT_02953,235.496
OUT_02954,288.702
OUT_02955,139.469
OUT_02956,1231.531
OUT_02957,132.421
OUT_02958,299.779
OUT_02959,311.822
OUT_02960,321.462
OUT_02961,110.603
OUT_02962,3004.816
OUT_02963,330.812
OUT_02964,2079.108
OUT_02965,89.809
OUT_02966,834.785
OUT_02967,59.411
OUT_02968,93.131
OUT_02969,962.601
OUT_02970,999.286
OUT_02971,352.789
OUT_02972,369.678
OUT_02973,334.039
OUT_02974,715.55
OUT_02975,84.031
OUT_02976,108.717
OUT_02977,351.369
OUT_02978,353.619
OUT_02979,95.078
OUT_02980,109.669
OUT_02981,136.261
OUT_02982,101.424
OUT_02983,371.938
OUT_02984,132.678
OUT_02985,269.378
OUT_02986,344.403
OUT_02987,118.176
OUT_02988,82.816
OUT_02989,266.341
OUT_02990,254.471
OUT_02991,114.108
OUT_02992,92.213
OUT_02993,255.264
OUT_02994,819.279
OUT_02995,118.349
OUT_02996,934.244
OUT_02997,931.789
OUT_02998,111.893
OUT_02999,128.638
OUT_03000,277.492
OUT_03001,229.631
OUT_03002,277.994
OUT_03003,136.268
OUT_03004,928.634
OUT_03005,83.834
OUT_03006,248.435
OUT_03007,119.387
OUT_03008,126.26
OUT_03009,271.603
OUT_03010,103.281
OUT_03011,132.784
OUT_03012,104.374
OUT_03013,371.101
OUT_03014,275.822
OUT_03015,345.661
OUT_03016,113.31
OUT_03017,282.864
OUT_03018,951.706
OUT_03019,372.883
OUT_03020,1962.627
OUT_03021,861.321
OUT_03022,136.543
OUT_03023,127.399
OUT_03024,329.071
OUT_03025,96.878
OUT_03026,113.635
OUT_03027,94.396
OUT_03028,279.055
OUT_03029,139.131
OUT_03030,99.977
OUT_03031,275.922
OUT_03032,127.317
OUT_03033,131.404
OUT_03034,83.184
OUT_03035,93.951
OUT_03036,934.082
OUT_03037,1948.542
OUT_03038,805.103
OUT_03039,327.645
OUT_03040,823.431
OUT_03041,298.249
OUT_03042,138.017
OUT_03043,362.755
OUT_03044,93.022
OUT_03045,154.685
OUT_03046,117.008
OUT_03047,106.671
OUT_03048,298.387
OUT_03049,115.886
OUT_03050,107.215
OUT_03051,129.031
OUT_03052,1013.694
OUT_03053,332.5
OUT_03054,96.322
OUT_03055,296.647
OUT_03056,868.317
OUT_03057,129.219
OUT_03058,106.653
OUT_03059,317.943
OUT_03060,97.334
OUT_03061,995.612
OUT_03062,90.25
OUT_03063,101.841
OUT_03064,2010.241
OUT_03065,2072.483
OUT_03066,151.576
OUT_03067,131.522
OUT_03068,86.845
OUT_03069,223.071
OUT_03070,972.216
OUT_03071,151.398
OUT_03072,285.954
OUT_03073,126.385
OUT_03074,340.42
OUT_03075,1991.986
OUT_03076,390.783
OUT_03077,1984.599
OUT_03078,1975.275
OUT_03079,108.407
OUT_03080,136.067
OUT_03081,277.814
OUT_03082,168.033
OUT_03083,88.151
OUT_03084,989.946
OUT_03085,248.309
OUT_03086,150.547
OUT_03087,174.982
OUT_03088,895.668
OUT_03089,324.794
OUT_03090,272.264
OUT_03091,127.535
OUT_03092,133.418
OUT_03093,1030.723
OUT_03094,111.393
OUT_03095,135.267
OUT_03096,133.425
OUT_03097,1050.481
OUT_03098,112.432
OUT_03099,813.521
OUT_03100,101.425
OUT_03101,99.492
OUT_03102,306.749
OUT_03103,363.885
OUT_03104,142.243
OUT_03105,128.587
OUT_03106,93.047
OUT_03107,92.477
OUT_03108,131.377
OUT_03109,110.167
OUT_03110,111.638
OUT_03111,111.306
OUT_03112,218.62
OUT_03113,328.382
OUT_03114,155.509
OUT_03115,166.936
OUT_03116,206.961
OUT_03117,87.381
OUT_03118,93.37
OUT_03119,119.436
OUT_03120,124.008
OUT_03121,96.124
OUT_03122,137.217
OUT_03123,97.112
OUT_03124,98.505
OUT_03125,345.349
OUT_03126,102.705
OUT_03127,125.085
OUT_03128,112.155
OUT_03129,899.127
OUT_03130,161.221
OUT_03131,1976.411
OUT_03132,89.39
OUT_03133,97.253
OUT_03134,998.869
OUT_03135,115.13
OUT_03136,272.295
OUT_03137,92.632
OUT_03138,94.109
OUT_03139,229.837
OUT_03140,103.286
OUT_03141,146.578
OUT_03142,277.484
OUT_03143,90.395
OUT_03144,125.984
OUT_03145,81.2
OUT_03146,340.154
OUT_03147,334.084
OUT_03148,2108.018
OUT_03149,117.884
OUT_03150,233.605
OUT_03151,137.975
OUT_03152,125.448
OUT_03153,301.281
OUT_03154,886.499
OUT_03155,336.756
OUT_03156,305.209
OUT_03157,935.971
OUT_03158,95.396
OUT_03159,108.316
OUT_03160,331.514
OUT_03161,295.35
OUT_03162,148.757
OUT_03163,131.888
OUT_03164,923.769
OUT_03165,287.075
OUT_03166,117.693
OUT_03167,2010.998
OUT_03168,117.72
OUT_03169,129.072
OUT_03170,349.346
OUT_03171,269.374
OUT_03172,106.883
OUT_03173,124.5
OUT_03174,139.3
OUT_03175,280.281
OUT_03176,89.1
OUT_03177,77.072
OUT_03178,101.707
OUT_03179,267.992
OUT_03180,100.486
OUT_03181,139.289
OUT_03182,104.396
OUT_03183,954.258
OUT_03184,343.765
OUT_03185,125.579
OUT_03186,297.212
OUT_03187,105.152
OUT_03188,125.934
OUT_03189,271.54
OUT_03190,152.432
OUT_03191,926.578
OUT_03192,81.699
OUT_03193,91.422
OUT_03194,353.998
OUT_03195,124.164
OUT_03196,312.328
OUT_03197,95.531
OUT_03198,101.302
OUT_03199,280.408
OUT_03200,234.452
OUT_03201,321.893
OUT_03202,91.587
OUT_03203,93.251
OUT_03204,310.413
OUT_03205,108.723
OUT_03206,368.05
OUT_03207,120.579
OUT_03208,1991.132
OUT_03209,130.761
OUT_03210,82.977
OUT_03211,245.889
OUT_03212,116.205
OUT_03213,233.4
OUT_03214,345.682
OUT_03215,310.951
OUT_03216,85.367
OUT_03217,311.386
OUT_03218,264.094
OUT_03219,90.14
OUT_03220,241.133
OUT_03221,335.62
OUT_03222,212.577
OUT_03223,97.528
OUT_03224,363.536
OUT_03225,130.786
OUT_03226,124.173
OUT_03227,281.322
OUT_03228,1918.231
OUT_03229,2204.091
OUT_03230,144.983
OUT_03231,398.278
OUT_03232,105.56
OUT_03233,861.712
OUT_03234,230.51
OUT_03235,102.947
OUT_03236,135.303
OUT_03237,136.55
OUT_03238,136.049
OUT_03239,127.613
OUT_03240,250.421
OUT_03241,127.305
OUT_03242,867.846
OUT_03243,122.865
OUT_03244,102.963
OUT_03245,206.244
OUT_03246,94.399
OUT_03247,107.885
OUT_03248,285.765
OUT_03249,97.442
OUT_03250,112.401
OUT_03251,953.616
OUT_03252,964.608
OUT_03253,104.783
OUT_03254,124.144
OUT_03255,271.782
OUT_03256,335.686
OUT_03257,119.574
OUT_03258,362.276
OUT_03259,259.659
OUT_03260,930.586
OUT_03261,127.089
OUT_03262,283.23
OUT_03263,93.735
OUT_03264,1951.594
OUT_03265,272.203
OUT_03266,84.187
OUT_03267,114.094
OUT_03268,363.806
OUT_03269,228.354
OUT_03270,79.731
OUT_03271,849.405
OUT_03272,323.534
OUT_03273,888.333
OUT_03274,1995.119
OUT_03275,150.859
OUT_03276,97.733
OUT_03277,139.269
OUT_03278,120.871
OUT_03279,98.119
OUT_03280,108.597
OUT_03281,2000.04
OUT_03282,308.203
OUT_03283,901.318
OUT_03284,114.603
OUT_03285,97.7
OUT_03286,151.055
OUT_03287,1925.58
OUT_03288,345.587
OUT_03289,97.053
OUT_03290,132.209
OUT_03291,151.391
OUT_03292,157.846
OUT_03293,311.573
OUT_03294,134.698
OUT_03295,174.323
OUT_03296,1975.069
OUT_03297,973.545
OUT_03298,128.366
OUT_03299,245.622
OUT_03300,234.117
OUT_03301,293.275
OUT_03302,956.664
OUT_03303,107.048
OUT_03304,107.316
OUT_03305,166.248
OUT_03306,114.475
OUT_03307,123.986
OUT_03308,338.586
OUT_03309,92.567
OUT_03310,76.754
OUT_03311,155.789
OUT_03312,967.399
OUT_03313,98.467
OUT_03314,111.131
OUT_03315,1975.754
OUT_03316,1024.149
OUT_03317,72.989
OUT_03318,94.838
OUT_03319,309.903
OUT_03320,68.763
OUT_03321,260.88
OUT_03322,325.157
OUT_03323,315.825
OUT_03324,909.0
OUT_03325,2044.697
OUT_03326,114.176
OUT_03327,890.535
OUT_03328,936.495
OUT_03329,360.675
OUT_03330,1890.826
OUT_03331,116.715
OUT_03332,117.839
OUT_03333,958.678
OUT_03334,980.095
OUT_03335,332.479
OUT_03336,294.08
OUT_03337,270.608
OUT_03338,128.571
OUT_03339,118.542
OUT_03340,313.946
OUT_03341,993.339
OUT_03342,103.224
OUT_03343,123.196
OUT_03344,933.134
OUT_03345,856.463
OUT_03346,1979.702
OUT_03347,129.246
OUT_03348,116.479
OUT_03349,353.111
OUT_03350,297.302
OUT_03351,116.488
OUT_03352,271.557
OUT_03353,2072.899
OUT_03354,98.962
OUT_03355,132.085
OUT_03356,75.524
OUT_03357,250.365
OUT_03358,1979.219
OUT_03359,889.923
OUT_03360,154.066
OUT_03361,293.389
OUT_03362,90.15
OUT_03363,99.554
OUT_03364,108.479
OUT_03365,119.156
OUT_03366,307.906
OUT_03367,326.96
OUT_03368,895.669
OUT_03369,112.801
OUT_03370,354.74
OUT_03371,274.89
OUT_03372,92.564
OUT_03373,311.214
OUT_03374,89.906
OUT_03375,105.638
OUT_03376,78.639
OUT_03377,296.315
OUT_03378,84.106
OUT_03379,387.141
OUT_03380,143.649
OUT_03381,2234.176
OUT_03382,128.829
OUT_03383,821.094
OUT_03384,112.6
OUT_03385,93.623
OUT_03386,155.108
OUT_03387,915.616
OUT_03388,766.5
OUT_03389,128.207
OUT_03390,97.197
OUT_03391,995.265
OUT_03392,111.551
OUT_03393,299.417
OUT_03394,123.832
OUT_03395,862.428
OUT_03396,286.467
OUT_03397,110.626
OUT_03398,82.366
OUT_03399,116.755
OUT_03400,366.78
OUT_03401,258.622
OUT_03402,2138.118
OUT_03403,127.149
OUT_03404,102.83
OUT_03405,88.989
OUT_03406,900.135
OUT_03407,276.613
OUT_03408,102.333
OUT_03409,322.681
OUT_03410,109.364
OUT_03411,1966.211
OUT_03412,108.715
OUT_03413,955.906
OUT_03414,1001.408
OUT_03415,1943.955
OUT_03416,132.097
OUT_03417,134.509
OUT_03418,987.705
OUT_03419,96.364
OUT_03420,128.23
OUT_03421,131.158
OUT_03422,121.323
OUT_03423,958.209
OUT_03424,962.433
OUT_03425,258.141
OUT_03426,89.506
OUT_03427,245.094
OUT_03428,98.05
OUT_03429,116.859
OUT_03430,286.241
OUT_03431,77.753
OUT_03432,124.174
OUT_03433,100.121
OUT_03434,233.098
OUT_03435,161.833
OUT_03436,857.492
OUT_03437,105.137
OUT_03438,358.652
OUT_03439,288.171
OUT_03440,118.525
OUT_03441,110.909
OUT_03442,235.578
OUT_03443,915.035
OUT_03444,973.045
OUT_03445,266.751
OUT_03446,885.854
OUT_03447,121.483
OUT_03448,290.81
OUT_03449,78.201
OUT_03450,262.295
OUT_03451,963.998
OUT_03452,91.799
OUT_03453,373.146
OUT_03454,173.976
OUT_03455,136.838
OUT_03456,75.142
OUT_03457,325.611
OUT_03458,1986.636
OUT_03459,122.221
OUT_03460,98.836
OUT_03461,111.429
OUT_03462,97.227
OUT_03463,108.633
OUT_03464,108.998
OUT_03465,306.252
OUT_03466,305.943
OUT_03467,948.957
OUT_03468,205.381
OUT_03469,109.555
OUT_03470,80.245
OUT_03471,108.414
OUT_03472,131.216
OUT_03473,106.465
OUT_03474,156.057
OUT_03475,109.252
OUT_03476,317.997
OUT_03477,257.13
OUT_03478,93.89
OUT_03479,170.4
OUT_03480,320.343
OUT_03481,93.081
OUT_03482,784.297
OUT_03483,98.424
OUT_03484,2159.289
OUT_03485,121.287
OUT_03486,151.145
OUT_03487,102.339
OUT_03488,107.683
OUT_03489,360.562
OUT_03490,89.938
OUT_03491,267.229
OUT_03492,966.362
OUT_03493,2032.383
OUT_03494,338.746
OUT_03495,105.698
OUT_03496,79.947
OUT_03497,274.548
OUT_03498,203.886
OUT_03499,303.017
OUT_03500,114.529
OUT_03501,299.688
OUT_03502,107.806
OUT_03503,311.53
OUT_03504,91.765
OUT_03505,253.208
OUT_03506,262.525
OUT_03507,151.797
OUT_03508,967.892
OUT_03509,79.796
OUT_03510,101.807
OUT_03511,115.962
OUT_03512,98.834
OUT_03513,984.402
OUT_03514,91.116
OUT_03515,111.196
OUT_03516,114.069
OUT_03517,132.455
OUT_03518,232.317
OUT_03519,975.315
OUT_03520,99.133
OUT_03521,335.703
OUT_03522,125.226
OUT_03523,121.531
OUT_03524,332.097
OUT_03525,86.914
OUT_03526,74.939
OUT_03527,142.968
OUT_03528,94.386
OUT_03529,351.212
OUT_03530,144.134
OUT_03531,271.231
OUT_03532,148.315
OUT_03533,977.138
OUT_03534,355.535
OUT_03535,134.668
OUT_03536,143.819
OUT_03537,270.142
OUT_03538,125.387
OUT_03539,135.659
OUT_03540,75.357
OUT_03541,303.475
OUT_03542,289.837
OUT_03543,99.653
OUT_03544,115.303
OUT_03545,307.826
OUT_03546,95.323
OUT_03547,286.461
OUT_03548,106.018
OUT_03549,2003.764
OUT_03550,261.91
OUT_03551,994.142
OUT_03552,344.111
OUT_03553,105.575
OUT_03554,298.431
OUT_03555,877.44
OUT_03556,2020.241
OUT_03557,128.519
OUT_03558,288.024
OUT_03559,2097.71
OUT_03560,306.062
OUT_03561,264.676
OUT_03562,128.652
OUT_03563,308.356
OUT_03564,304.338
OUT_03565,240.558
OUT_03566,147.032
OUT_03567,340.292
OUT_03568,174.466
OUT_03569,932.378
OUT_03570,1966.639
OUT_03571,1009.936
OUT_03572,913.69
OUT_03573,114.268
OUT_03574,308.638
OUT_03575,879.744
OUT_03576,128.001
OUT_03577,2082.725
OUT_03578,359.15
OUT_03579,911.303
OUT_03580,105.724
OUT_03581,113.795
OUT_03582,336.77
OUT_03583,106.542
OUT_03584,94.798
OUT_03585,139.581
OUT_03586,149.151
OUT_03587,302.185
OUT_03588,143.368
OUT_03589,86.725
OUT_03590,103.563
OUT_03591,1922.597
OUT_03592,120.332
OUT_03593,106.899
OUT_03594,231.993
OUT_03595,264.088
OUT_03596,321.231
OUT_03597,966.491
OUT_03598,1040.883
OUT_03599,137.331
OUT_03600,97.048
OUT_03601,248.872
OUT_03602,239.091
OUT_03603,143.675
OUT_03604,330.854
OUT_03605,113.949
OUT_03606,1075.833
OUT_03607,238.365
OUT_03608,125.95
OUT_03609,110.368
OUT_03610,117.325
OUT_03611,123.828
OUT_03612,119.581
OUT_03613,128.27
OUT_03614,101.014
OUT_03615,935.832
OUT_03616,984.698
OUT_03617,120.177
OUT_03618,156.214
OUT_03619,257.847
OUT_03620,307.268
OUT_03621,172.56
OUT_03622,919.108
OUT_03623,248.864
OUT_03624,122.916
OUT_03625,115.967
OUT_03626,98.572
OUT_03627,107.734
OUT_03628,67.882
OUT_03629,959.203
OUT_03630,328.855
OUT_03631,1012.165
OUT_03632,123.508
OUT_03633,149.516
OUT_03634,999.662
OUT_03635,2346.094
OUT_03636,123.426
OUT_03637,279.559
OUT_03638,80.094
OUT_03639,96.365
OUT_03640,95.499
OUT_03641,320.693
OUT_03642,181.632
OUT_03643,374.793
OUT_03644,962.401
OUT_03645,301.749
OUT_03646,133.765
OUT_03647,102.54
OUT_03648,274.343
OUT_03649,299.683
OUT_03650,142.33
OUT_03651,1436.552
OUT_03652,103.776
OUT_03653,2071.099
OUT_03654,117.896
OUT_03655,262.045
OUT_03656,110.295
OUT_03657,107.125
OUT_03658,91.65
OUT_03659,113.648
OUT_03660,132.111
OUT_03661,116.468
OUT_03662,88.01
OUT_03663,228.461
OUT_03664,256.438
OUT_03665,990.736
OUT_03666,87.472
OUT_03667,955.991
OUT_03668,362.273
OUT_03669,907.715
OUT_03670,97.399
OUT_03671,342.303
OUT_03672,143.28
OUT_03673,126.743
OUT_03674,318.272
OUT_03675,118.634
OUT_03676,1995.958
OUT_03677,98.233
OUT_03678,245.441
OUT_03679,101.511
OUT_03680,2042.137
OUT_03681,146.158
OUT_03682,140.986
OUT_03683,122.909
OUT_03684,131.728
OUT_03685,124.098
OUT_03686,2066.927
OUT_03687,85.636
OUT_03688,84.151
OUT_03689,126.013
OUT_03690,102.567
OUT_03691,124.821
OUT_03692,126.151
OUT_03693,81.444
OUT_03694,151.942
OUT_03695,331.658
OUT_03696,116.062
OUT_03697,304.329
OUT_03698,334.655
OUT_03699,943.136
OUT_03700,332.947
OUT_03701,1015.487
OUT_03702,136.111
OUT_03703,275.799
OUT_03704,222.148
OUT_03705,130.113
OUT_03706,84.211
OUT_03707,124.09
OUT_03708,132.025
OUT_03709,797.039
OUT_03710,227.122
OUT_03711,110.797
OUT_03712,95.591
OUT_03713,114.902
OUT_03714,292.384
OUT_03715,353.499
OUT_03716,102.92
OUT_03717,75.711
OUT_03718,311.609
OUT_03719,2036.043
OUT_03720,82.407
OUT_03721,316.247
OUT_03722,98.027
OUT_03723,965.174
OUT_03724,1982.941
OUT_03725,101.33
OUT_03726,260.185
OUT_03727,145.25
OUT_03728,90.804
OUT_03729,331.713
OUT_03730,277.58
OUT_03731,290.051
OUT_03732,93.487
OUT_03733,93.175
OUT_03734,302.31
OUT_03735,268.756
OUT_03736,399.538
OUT_03737,134.238
OUT_03738,342.563
OUT_03739,962.638
OUT_03740,71.214
OUT_03741,2042.117
OUT_03742,101.774
OUT_03743,281.002
OUT_03744,94.325
OUT_03745,98.939
OUT_03746,281.037
OUT_03747,121.903
OUT_03748,212.527
OUT_03749,88.265
OUT_03750,132.964
OUT_03751,122.267
OUT_03752,77.28
OUT_03753,94.554
OUT_03754,970.424
OUT_03755,145.347
OUT_03756,240.909
OUT_03757,1935.136
OUT_03758,84.641
OUT_03759,116.45
OUT_03760,301.185
OUT_03761,106.539
OUT_03762,328.657
OUT_03763,114.927
OUT_03764,897.14
OUT_03765,157.404
OUT_03766,2001.48
OUT_03767,331.863
OUT_03768,98.381
OUT_03769,336.507
OUT_03770,346.239
OUT_03771,264.731
OUT_03772,877.622
OUT_03773,921.722
OUT_03774,80.136
OUT_03775,95.13
OUT_03776,137.768
OUT_03777,85.78
OUT_03778,109.725
OUT_03779,94.067
OUT_03780,131.425
OUT_03781,354.916
OUT_03782,301.2
OUT_03783,96.785
OUT_03784,80.977
OUT_03785,137.068
OUT_03786,2286.37
OUT_03787,289.3
OUT_03788,96.872
OUT_03789,286.549
OUT_03790,116.315
OUT_03791,959.313
OUT_03792,297.784
OUT_03793,136.25
OUT_03794,113.534
OUT_03795,310.375
OUT_03796,1038.714
OUT_03797,136.803
OUT_03798,329.036
OUT_03799,247.661
OUT_03800,901.394
OUT_03801,217.64
OUT_03802,294.979
OUT_03803,895.821
OUT_03804,308.978
OUT_03805,77.433
OUT_03806,112.999
OUT_03807,114.434
OUT_03808,98.445
OUT_03809,123.055
OUT_03810,94.147
OUT_03811,89.293
OUT_03812,129.548
OUT_03813,97.044
OUT_03814,2049.107
OUT_03815,942.475
OUT_03816,90.209
OUT_03817,86.128
OUT_03818,123.507
OUT_03819,230.614
OUT_03820,100.956
OUT_03821,129.226
OUT_03822,183.27
OUT_03823,245.366
OUT_03824,1034.233
OUT_03825,298.668
OUT_03826,109.026
OUT_03827,97.768
OUT_03828,858.218
OUT_03829,1961.361
OUT_03830,145.605
OUT_03831,476.246
OUT_03832,291.456
OUT_03833,956.959
OUT_03834,137.381
OUT_03835,87.364
OUT_03836,129.665
OUT_03837,148.779
OUT_03838,102.269
OUT_03839,136.261
OUT_03840,994.389
OUT_03841,939.088
OUT_03842,338.967
OUT_03843,324.666
OUT_03844,996.158
OUT_03845,95.945
OUT_03846,339.31
OUT_03847,1054.879
OUT_03848,348.384
OUT_03849,910.959
OUT_03850,878.159
OUT_03851,93.875
OUT_03852,84.539
OUT_03853,168.453
OUT_03854,90.099
OUT_03855,165.837
OUT_03856,243.608
OUT_03857,129.203
OUT_03858,93.99
OUT_03859,85.89
OUT_03860,351.981
OUT_03861,934.824
OUT_03862,102.53
OUT_03863,872.799
OUT_03864,749.868
OUT_03865,112.39
OUT_03866,2145.463
OUT_03867,125.298
OUT_03868,111.836
OUT_03869,313.531
OUT_03870,94.359
OUT_03871,169.237
OUT_03872,107.69
OUT_03873,400.563
OUT_03874,99.486
OUT_03875,251.24
OUT_03876,1008.387
OUT_03877,293.226
OUT_03878,948.065
OUT_03879,139.831
OUT_03880,86.473
OUT_03881,118.232
OUT_03882,126.31
OUT_03883,113.877
OUT_03884,110.184
OUT_03885,2169.555
OUT_03886,228.102
OUT_03887,130.433
OUT_03888,86.933
OUT_03889,339.668
OUT_03890,986.419
OUT_03891,298.895
OUT_03892,132.893
OUT_03893,981.415
OUT_03894,103.097
OUT_03895,928.193
OUT_03896,115.375
OUT_03897,307.196
OUT_03898,330.149
OUT_03899,314.871
OUT_03900,860.287
OUT_03901,104.157
OUT_03902,957.887
OUT_03903,89.16
OUT_03904,122.242
OUT_03905,365.845
OUT_03906,895.673
OUT_03907,228.777
OUT_03908,127.437
OUT_03909,307.992
OUT_03910,952.441
OUT_03911,2017.674
OUT_03912,117.95
OUT_03913,142.24
OUT_03914,111.62
OUT_03915,98.134
OUT_03916,926.121
OUT_03917,99.841
OUT_03918,911.842
OUT_03919,126.923
OUT_03920,876.967
OUT_03921,120.977
OUT_03922,306.864
OUT_03923,2021.032
OUT_03924,103.117
OUT_03925,110.528
OUT_03926,861.149
OUT_03927,914.812
OUT_03928,2011.033
OUT_03929,96.974
OUT_03930,239.15
OUT_03931,332.024
OUT_03932,323.754
OUT_03933,86.283
OUT_03934,316.438
OUT_03935,321.163
OUT_03936,113.489
OUT_03937,219.034
OUT_03938,105.901
OUT_03939,959.295
OUT_03940,290.404
OUT_03941,135.194
OUT_03942,349.108
OUT_03943,97.233
OUT_03944,1935.96
OUT_03945,114.981
OUT_03946,117.085
OUT_03947,331.685
OUT_03948,96.586
OUT_03949,112.352
OUT_03950,130.318
OUT_03951,85.589
OUT_03952,101.659
OUT_03953,337.465
OUT_03954,2031.662
OUT_03955,289.182
OUT_03956,105.103
OUT_03957,1987.395
OUT_03958,361.93
OUT_03959,2026.752
OUT_03960,833.731
OUT_03961,106.147
OUT_03962,110.696
OUT_03963,332.217
OUT_03964,322.318
OUT_03965,1140.345
OUT_03966,91.499
OUT_03967,1983.382
OUT_03968,162.414
OUT_03969,196.103
OUT_03970,69.107
OUT_03971,84.249
OUT_03972,791.907
OUT_03973,101.052
OUT_03974,277.505
OUT_03975,362.177
OUT_03976,166.35
OUT_03977,111.976
OUT_03978,155.529
OUT_03979,294.638
OUT_03980,1004.234
OUT_03981,299.261
OUT_03982,918.796
OUT_03983,2126.28
OUT_03984,136.983
OUT_03985,277.748
OUT_03986,1013.027
OUT_03987,101.511
OUT_03988,896.87
OUT_03989,122.159
OUT_03990,98.021
OUT_03991,867.875
OUT_03992,296.942
OUT_03993,306.868
OUT_03994,973.194
OUT_03995,126.119
OUT_03996,151.457
OUT_03997,303.995
OUT_03998,103.843
OUT_03999,2025.561
OUT_04000,116.189
OUT_04001,122.23
OUT_04002,138.256
OUT_04003,128.551
OUT_04004,95.73
OUT_04005,951.732
OUT_04006,322.437
OUT_04007,265.396
OUT_04008,128.453
OUT_04009,918.166
OUT_04010,123.382
OUT_04011,248.512
OUT_04012,137.932
OUT_04013,968.282
OUT_04014,89.339
OUT_04015,123.303
OUT_04016,153.959
OUT_04017,346.197
OUT_04018,237.494
OUT_04019,99.503
OUT_04020,106.14
OUT_04021,922.993
OUT_04022,149.771
OUT_04023,292.188
OUT_04024,84.962
OUT_04025,285.734
OUT_04026,1006.893
OUT_04027,2032.492
OUT_04028,134.315
OUT_04029,90.933
OUT_04030,119.059
OUT_04031,264.267
OUT_04032,373.005
OUT_04033,355.812
OUT_04034,301.264
OUT_04035,95.826
OUT_04036,90.935
OUT_04037,223.974
OUT_04038,115.593
OUT_04039,315.404
OUT_04040,80.674
OUT_04041,96.655
OUT_04042,97.972
OUT_04043,94.022
OUT_04044,934.304
OUT_04045,317.036
OUT_04046,227.426
OUT_04047,107.586
OUT_04048,1035.093
OUT_04049,189.46
OUT_04050,901.712
OUT_04051,112.338
OUT_04052,874.568
OUT_04053,98.291
OUT_04054,141.7
OUT_04055,76.649
OUT_04056,1986.259
OUT_04057,297.796
OUT_04058,86.51
OUT_04059,958.118
OUT_04060,259.242
OUT_04061,952.294
OUT_04062,966.405
OUT_04063,927.063
OUT_04064,977.468
OUT_04065,148.561
OUT_04066,144.104
OUT_04067,286.211
OUT_04068,817.564
OUT_04069,320.812
OUT_04070,349.536
OUT_04071,987.099
OUT_04072,119.007
OUT_04073,88.239
OUT_04074,116.236
OUT_04075,275.368
OUT_04076,337.863
OUT_04077,111.258
OUT_04078,128.43
OUT_04079,106.782
OUT_04080,216.153
OUT_04081,97.665
OUT_04082,102.015
OUT_04083,289.21
OUT_04084,103.434
OUT_04085,125.586
OUT_04086,163.718
OUT_04087,343.282
OUT_04088,320.183
OUT_04089,91.696
OUT_04090,328.463
OUT_04091,90.526
OUT_04092,364.839
OUT_04093,98.487
OUT_04094,248.684
OUT_04095,150.06
OUT_04096,147.986
OUT_04097,920.75
OUT_04098,292.446
OUT_04099,312.856
OUT_04100,103.303
OUT_04101,91.038
OUT_04102,901.624
OUT_04103,102.456
OUT_04104,151.392
OUT_04105,229.236
OUT_04106,283.785
OUT_04107,275.424
OUT_04108,995.154
OUT_04109,104.48
OUT_04110,315.237
OUT_04111,910.238
OUT_04112,92.621
OUT_04113,102.022
OUT_04114,256.067
OUT_04115,295.124
OUT_04116,93.861
OUT_04117,100.69
OUT_04118,94.144
OUT_04119,925.33
OUT_04120,2002.356
OUT_04121,332.074
OUT_04122,261.791
OUT_04123,227.597
OUT_04124,115.738
OUT_04125,101.291
OUT_04126,243.772
OUT_04127,162.39
OUT_04128,1928.696
OUT_04129,166.704
OUT_04130,113.955
OUT_04131,1001.178
OUT_04132,96.272
OUT_04133,310.56
OUT_04134,93.186
OUT_04135,261.652
OUT_04136,2104.244
OUT_04137,289.469
OUT_04138,142.043
OUT_04139,904.809
OUT_04140,103.799
OUT_04141,86.576
OUT_04142,948.734
OUT_04143,975.126
OUT_04144,109.421
OUT_04145,148.137
OUT_04146,89.533
OUT_04147,104.726
OUT_04148,140.329
OUT_04149,62.513
OUT_04150,281.432
OUT_04151,270.97
OUT_04152,90.083
OUT_04153,144.677
OUT_04154,954.133
OUT_04155,853.905
OUT_04156,63.535
OUT_04157,155.403
OUT_04158,148.514
OUT_04159,125.152
OUT_04160,105.014
OUT_04161,2035.463
OUT_04162,96.891
OUT_04163,129.89
OUT_04164,106.737
OUT_04165,884.33
OUT_04166,150.952
OUT_04167,96.65
OUT_04168,89.811
OUT_04169,122.236
OUT_04170,301.161
OUT_04171,2126.49
OUT_04172,87.49
OUT_04173,237.609
OUT_04174,1004.521
OUT_04175,96.832
OUT_04176,237.283
OUT_04177,88.044
OUT_04178,111.281
OUT_04179,170.154
OUT_04180,295.231
OUT_04181,294.343
OUT_04182,107.686
OUT_04183,128.061
OUT_04184,127.154
OUT_04185,234.726
OUT_04186,121.4
OUT_04187,352.127
OUT_04188,95.378
OUT_04189,370.983
OUT_04190,892.304
OUT_04191,173.993
OUT_04192,101.621
OUT_04193,934.923
OUT_04194,986.271
OUT_04195,145.309
OUT_04196,1260.219
OUT_04197,118.762
OUT_04198,302.999
OUT_04199,2067.096
OUT_04200,277.71
OUT_04201,141.03
OUT_04202,150.69
OUT_04203,377.97
OUT_04204,87.219
OUT_04205,229.84
OUT_04206,2099.695
OUT_04207,331.326
OUT_04208,84.811
OUT_04209,119.02
OUT_04210,235.183
OUT_04211,151.968
OUT_04212,332.494
OUT_04213,117.5
OUT_04214,335.521
OUT_04215,217.251
OUT_04216,311.355
OUT_04217,1095.014
OUT_04218,145.449
OUT_04219,153.676
OUT_04220,105.193
OUT_04221,789.848
OUT_04222,95.639
OUT_04223,101.929
OUT_04224,309.039
OUT_04225,110.93
OUT_04226,1000.112
OUT_04227,382.265
OUT_04228,92.011
OUT_04229,271.586
OUT_04230,152.989
OUT_04231,348.823
OUT_04232,879.627
OUT_04233,895.848
OUT_04234,125.766
OUT_04235,144.456
OUT_04236,271.492
OUT_04237,1965.691
OUT_04238,355.063
OUT_04239,1900.822
OUT_04240,134.625
OUT_04241,277.104
OUT_04242,83.471
OUT_04243,103.599
OUT_04244,171.725
OUT_04245,315.304
OUT_04246,97.451
OUT_04247,85.843
OUT_04248,115.641
OUT_04249,290.152
OUT_04250,982.826
OUT_04251,1892.132
OUT_04252,79.198
OUT_04253,70.796
OUT_04254,988.511
OUT_04255,128.147
OUT_04256,332.188
OUT_04257,162.362
OUT_04258,339.174
OUT_04259,925.525
OUT_04260,2101.909
OUT_04261,996.687
OUT_04262,87.289
OUT_04263,346.824
OUT_04264,88.471
OUT_04265,116.31
OUT_04266,127.001
OUT_04267,107.135
OUT_04268,106.499
OUT_04269,952.237
OUT_04270,349.552
OUT_04271,320.094
OUT_04272,303.87
OUT_04273,85.969
OUT_04274,301.688
OUT_04275,136.045
OUT_04276,292.678
OUT_04277,131.482
OUT_04278,136.434
OUT_04279,156.276
OUT_04280,315.896
OUT_04281,250.881
OUT_04282,870.843
OUT_04283,248.281
OUT_04284,101.607
OUT_04285,118.83
OUT_04286,295.13
OUT_04287,220.698
OUT_04288,116.198
OUT_04289,160.879
OUT_04290,108.289
OUT_04291,310.933
OUT_04292,131.717
OUT_04293,839.998
OUT_04294,281.391
OUT_04295,1995.148
OUT_04296,112.259
OUT_04297,98.36
OUT_04298,255.502
OUT_04299,361.168
OUT_04300,106.878
OUT_04301,126.16
OUT_04302,126.089
OUT_04303,113.809
OUT_04304,959.795
OUT_04305,214.974
OUT_04306,91.322
OUT_04307,89.568
OUT_04308,88.353
OUT_04309,978.109
OUT_04310,154.901
OUT_04311,101.778
OUT_04312,928.134
OUT_04313,117.301
OUT_04314,113.09
OUT_04315,93.816
OUT_04316,104.875
OUT_04317,345.448
OUT_04318,289.956
OUT_04319,152.72
OUT_04320,965.474
OUT_04321,101.583
OUT_04322,984.978
OUT_04323,108.971
OUT_04324,307.773
OUT_04325,126.893
OUT_04326,318.876
OUT_04327,94.512
OUT_04328,975.734
OUT_04329,85.777
OUT_04330,326.892
OUT_04331,236.895
OUT_04332,133.722
OUT_04333,352.886
OUT_04334,351.041
OUT_04335,931.744
OUT_04336,93.311
OUT_04337,117.148
OUT_04338,123.254
OUT_04339,122.046
OUT_04340,107.532
OUT_04341,92.322
OUT_04342,937.03
OUT_04343,117.108
OUT_04344,137.024
OUT_04345,103.824
OUT_04346,120.531
OUT_04347,904.573
OUT_04348,102.771
OUT_04349,951.731
OUT_04350,349.512
OUT_04351,785.505
OUT_04352,349.344
OUT_04353,271.917
OUT_04354,96.461
OUT_04355,178.291
OUT_04356,989.508
OUT_04357,935.612
OUT_04358,306.638
OUT_04359,1977.286
OUT_04360,266.379
OUT_04361,311.033
OUT_04362,115.697
OUT_04363,98.181
OUT_04364,102.865
OUT_04365,107.677
OUT_04366,121.272
OUT_04367,137.336
OUT_04368,2036.003
OUT_04369,323.586
OUT_04370,377.126
OUT_04371,119.014
OUT_04372,83.835
OUT_04373,305.12
OUT_04374,98.901
OUT_04375,98.264
OUT_04376,131.377
OUT_04377,99.234
OUT_04378,129.601
OUT_04379,123.733
OUT_04380,109.918
OUT_04381,129.098
OUT_04382,935.0
OUT_04383,141.064
OUT_04384,134.884
OUT_04385,1034.422
OUT_04386,115.906
OUT_04387,281.257
OUT_04388,256.342
OUT_04389,156.706
OUT_04390,309.233
OUT_04391,225.73
OUT_04392,353.566
OUT_04393,1976.073
OUT_04394,147.452
OUT_04395,85.365
OUT_04396,125.705
OUT_04397,83.448
OUT_04398,71.691
OUT_04399,1220.732
OUT_04400,930.024
OUT_04401,105.465
OUT_04402,848.651
OUT_04403,128.739
OUT_04404,1014.415
OUT_04405,809.092
OUT_04406,95.301
OUT_04407,274.385
OUT_04408,132.763
OUT_04409,2020.453
OUT_04410,136.557
OUT_04411,117.674
OUT_04412,109.46
OUT_04413,967.643
OUT_04414,961.884
OUT_04415,1317.829
OUT_04416,117.419
OUT_04417,265.64
OUT_04418,236.675
OUT_04419,99.229
OUT_04420,88.438
OUT_04421,65.565
OUT_04422,925.549
OUT_04423,261.771
OUT_04424,300.455
OUT_04425,145.999
OUT_04426,132.725
OUT_04427,156.926
OUT_04428,101.5
OUT_04429,281.322
OUT_04430,314.872
OUT_04431,112.176
OUT_04432,267.273
OUT_04433,901.584
OUT_04434,242.218
OUT_04435,858.378
OUT_04436,973.269
OUT_04437,880.26
OUT_04438,889.942
OUT_04439,1011.864
OUT_04440,251.604
OUT_04441,119.778
OUT_04442,998.832
OUT_04443,135.352
OUT_04444,248.011
OUT_04445,57.798
OUT_04446,359.901
OUT_04447,131.62
OUT_04448,232.85
OUT_04449,977.684
OUT_04450,329.892
OUT_04451,284.451
OUT_04452,85.346
OUT_04453,343.374
OUT_04454,323.666
OUT_04455,88.947
OUT_04456,82.896
OUT_04457,328.456
OUT_04458,309.046
OUT_04459,104.545
OUT_04460,301.938
OUT_04461,99.615
OUT_04462,103.111
OUT_04463,83.853
OUT_04464,112.298
OUT_04465,360.987
OUT_04466,306.895
OUT_04467,359.405
OUT_04468,143.421
OUT_04469,83.753
OUT_04470,95.143
OUT_04471,991.786
OUT_04472,291.722
OUT_04473,100.025
OUT_04474,191.531
OUT_04475,68.203
OUT_04476,332.283
OUT_04477,74.84
OUT_04478,926.721
OUT_04479,235.666
OUT_04480,854.606
OUT_04481,100.148
OUT_04482,277.622
OUT_04483,136.986
OUT_04484,314.356
OUT_04485,138.391
OUT_04486,99.443
OUT_04487,812.774
OUT_04488,110.62
OUT_04489,1015.435
OUT_04490,98.262
OUT_04491,83.089
OUT_04492,959.721
OUT_04493,140.02
OUT_04494,145.228
OUT_04495,157.838
OUT_04496,86.741
OUT_04497,327.248
OUT_04498,333.161
OUT_04499,118.897
OUT_04500,2201.445
OUT_04501,108.38
OUT_04502,345.4
OUT_04503,100.685
OUT_04504,146.354
OUT_04505,104.356
OUT_04506,278.417
OUT_04507,931.468
OUT_04508,130.254
OUT_04509,896.721
OUT_04510,291.168
OUT_04511,124.148
OUT_04512,102.594
OUT_04513,117.42
OUT_04514,982.028
OUT_04515,285.416
OUT_04516,248.014
OUT_04517,367.718
OUT_04518,282.683
OUT_04519,66.934
OUT_04520,1009.496
OUT_04521,77.388
OUT_04522,70.424
OUT_04523,992.662
OUT_04524,95.727
OUT_04525,251.067
OUT_04526,973.476
OUT_04527,110.888
OUT_04528,919.491
OUT_04529,154.323
OUT_04530,120.83
OUT_04531,88.59
OUT_04532,87.154
OUT_04533,940.116
OUT_04534,167.719
OUT_04535,348.931
OUT_04536,325.782
OUT_04537,109.116
OUT_04538,118.745
OUT_04539,82.415
OUT_04540,254.816
OUT_04541,291.576
OUT_04542,119.324
OUT_04543,133.78
OUT_04544,309.753
OUT_04545,123.321
OUT_04546,98.907
OUT_04547,283.096
OUT_04548,147.957
OUT_04549,125.163
OUT_04550,104.088
OUT_04551,290.406
OUT_04552,325.604
OUT_04553,283.05
OUT_04554,102.578
OUT_04555,102.542
OUT_04556,1023.902
OUT_04557,77.639
OUT_04558,309.7
OUT_04559,88.491
OUT_04560,1023.079
OUT_04561,231.529
OUT_04562,98.473
OUT_04563,93.059
OUT_04564,94.992
OUT_04565,323.283
OUT_04566,299.833
OUT_04567,146.817
OUT_04568,996.726
OUT_04569,1968.573
OUT_04570,127.338
OUT_04571,336.127
OUT_04572,135.334
OUT_04573,303.851
OUT_04574,115.526
OUT_04575,378.729
OUT_04576,1002.307
OUT_04577,75.437
OUT_04578,89.621
OUT_04579,126.436
OUT_04580,326.773
OUT_04581,300.502
OUT_04582,117.737
OUT_04583,373.09
OUT_04584,147.205
OUT_04585,104.753
OUT_04586,302.733
OUT_04587,138.566
OUT_04588,132.346
OUT_04589,182.276
OUT_04590,295.167
OUT_04591,110.28
OUT_04592,327.259
OUT_04593,2052.754
OUT_04594,1008.758
OUT_04595,309.746
OUT_04596,104.968
OUT_04597,79.542
OUT_04598,888.602
OUT_04599,228.546
OUT_04600,87.195
OUT_04601,97.593
OUT_04602,143.27
OUT_04603,348.99
OUT_04604,101.493
OUT_04605,145.643
OUT_04606,898.017
OUT_04607,299.619
OUT_04608,112.311
OUT_04609,2019.443
OUT_04610,904.342
OUT_04611,988.923
OUT_04612,938.352
OUT_04613,936.735
OUT_04614,89.864
OUT_04615,1001.529
OUT_04616,103.77
OUT_04617,231.712
OUT_04618,298.407
OUT_04619,341.626
OUT_04620,990.491
OUT_04621,324.492
OUT_04622,129.673
OUT_04623,104.394
OUT_04624,94.847
OUT_04625,121.419
OUT_04626,1002.465
OUT_04627,307.43
OUT_04628,243.721
OUT_04629,280.248
OUT_04630,294.345
OUT_04631,115.934
OUT_04632,110.451
OUT_04633,373.933
OUT_04634,284.931
OUT_04635,95.259
OUT_04636,135.554
OUT_04637,130.872
OUT_04638,141.868
OUT_04639,109.741
OUT_04640,2059.912
OUT_04641,432.63
OUT_04642,115.362
OUT_04643,152.182
OUT_04644,1009.498
OUT_04645,97.493
OUT_04646,100.306
OUT_04647,120.191
OUT_04648,258.503
OUT_04649,141.338
OUT_04650,118.456
OUT_04651,994.93
OUT_04652,70.163
OUT_04653,98.469
OUT_04654,86.608
OUT_04655,72.995
OUT_04656,108.12
OUT_04657,110.874
OUT_04658,113.52
OUT_04659,124.006
OUT_04660,131.903
OUT_04661,236.562
OUT_04662,106.771
OUT_04663,108.34
OUT_04664,867.714
OUT_04665,100.669
OUT_04666,132.632
OUT_04667,994.126
OUT_04668,84.495
OUT_04669,291.602
OUT_04670,104.204
OUT_04671,327.807
OUT_04672,277.377
OUT_04673,129.542
OUT_04674,131.133
OUT_04675,316.378
OUT_04676,966.616
OUT_04677,169.814
OUT_04678,2074.733
OUT_04679,879.927
OUT_04680,106.365
OUT_04681,268.469
OUT_04682,143.755
OUT_04683,288.906
OUT_04684,105.908
OUT_04685,264.689
OUT_04686,300.754
OUT_04687,85.716
OUT_04688,102.833
OUT_04689,91.53
OUT_04690,103.765
OUT_04691,73.384
OUT_04692,148.821
OUT_04693,103.658
OUT_04694,907.445
OUT_04695,355.881
OUT_04696,127.673
OUT_04697,277.883
OUT_04698,131.632
OUT_04699,331.093
OUT_04700,318.2
OUT_04701,946.185
OUT_04702,346.514
OUT_04703,931.599
OUT_04704,896.374
OUT_04705,150.218
OUT_04706,872.343
OUT_04707,283.448
OUT_04708,127.121
OUT_04709,137.486
OUT_04710,318.579
OUT_04711,94.114
OUT_04712,139.924
OUT_04713,931.227
OUT_04714,877.663
OUT_04715,143.197
OUT_04716,278.894
OUT_04717,91.077
OUT_04718,902.764
OUT_04719,142.346
OUT_04720,137.716
OUT_04721,255.021
OUT_04722,138.021
OUT_04723,201.766
OUT_04724,914.112
OUT_04725,105.204
OUT_04726,283.079
OUT_04727,85.525
OUT_04728,260.984
OUT_04729,367.879
OUT_04730,165.938
OUT_04731,260.686
OUT_04732,90.913
OUT_04733,917.45
OUT_04734,933.296
OUT_04735,63.049
OUT_04736,354.133
OUT_04737,980.639
OUT_04738,93.798
OUT_04739,71.237
OUT_04740,94.794
OUT_04741,115.48
OUT_04742,992.443
OUT_04743,262.232
OUT_04744,277.812
OUT_04745,95.89
OUT_04746,836.633
OUT_04747,265.585
OUT_04748,114.851
OUT_04749,104.595
OUT_04750,94.936
OUT_04751,962.413
OUT_04752,2017.5
OUT_04753,242.342
OUT_04754,348.094
OUT_04755,334.827
OUT_04756,285.824
OUT_04757,146.336
OUT_04758,906.96
OUT_04759,88.484
OUT_04760,103.969
OUT_04761,320.309
OUT_04762,102.023
OUT_04763,117.766
OUT_04764,86.042
OUT_04765,322.255
OUT_04766,751.614
OUT_04767,135.87
OUT_04768,979.801
OUT_04769,164.811
OUT_04770,96.726
OUT_04771,116.743
OUT_04772,953.796
OUT_04773,100.232
OUT_04774,317.166
OUT_04775,124.195
OUT_04776,290.036
OUT_04777,102.725
OUT_04778,145.345
OUT_04779,344.844
OUT_04780,134.989
OUT_04781,282.791
OUT_04782,303.95
OUT_04783,255.86
OUT_04784,292.173
OUT_04785,287.296
OUT_04786,369.337
OUT_04787,123.061
OUT_04788,332.045
OUT_04789,146.836
OUT_04790,2010.952
OUT_04791,1016.85
OUT_04792,88.05
OUT_04793,114.995
OUT_04794,135.321
OUT_04795,919.484
OUT_04796,243.168
OUT_04797,104.772
OUT_04798,955.913
OUT_04799,79.948
OUT_04800,118.836
OUT_04801,84.676
OUT_04802,122.405
OUT_04803,149.138
OUT_04804,990.561
OUT_04805,110.503
OUT_04806,107.011
OUT_04807,319.021
OUT_04808,925.853
OUT_04809,107.598
OUT_04810,337.149
OUT_04811,940.353
OUT_04812,2167.641
OUT_04813,99.137
OUT_04814,939.066
OUT_04815,61.348
OUT_04816,106.729
OUT_04817,113.934
OUT_04818,300.055
OUT_04819,2203.032
OUT_04820,111.375
OUT_04821,139.539
OUT_04822,145.167
OUT_04823,363.113
OUT_04824,112.191
OUT_04825,81.402
OUT_04826,139.489
OUT_04827,82.504
OUT_04828,103.265
OUT_04829,94.06
OUT_04830,974.393
OUT_04831,109.499
OUT_04832,325.604
OUT_04833,476.965
OUT_04834,113.117
OUT_04835,2128.171
OUT_04836,297.197
OUT_04837,95.33
OUT_04838,80.306
OUT_04839,88.975
OUT_04840,122.402
OUT_04841,131.383
OUT_04842,96.75
OUT_04843,94.832
OUT_04844,986.816
OUT_04845,66.631
OUT_04846,113.723
OUT_04847,96.325
OUT_04848,239.484
OUT_04849,330.545
OUT_04850,157.382
OUT_04851,329.483
OUT_04852,242.652
OUT_04853,2099.968
OUT_04854,868.701
OUT_04855,140.998
OUT_04856,323.644
OUT_04857,820.414
OUT_04858,117.68
OUT_04859,306.192
OUT_04860,285.626
OUT_04861,289.07
OUT_04862,280.37
OUT_04863,90.015
OUT_04864,289.95
OUT_04865,344.715
OUT_04866,252.769
OUT_04867,123.197
OUT_04868,278.115
OUT_04869,1017.58
OUT_04870,106.859
OUT_04871,145.338
OUT_04872,303.445
OUT_04873,920.434
OUT_04874,104.423
OUT_04875,124.368
OUT_04876,247.397
OUT_04877,101.088
OUT_04878,103.688
OUT_04879,2048.167
OUT_04880,91.799
OUT_04881,107.161
OUT_04882,335.834
OUT_04883,116.941
OUT_04884,134.866
OUT_04885,903.157
OUT_04886,260.007
OUT_04887,802.192
OUT_04888,103.249
OUT_04889,115.715
OUT_04890,99.455
OUT_04891,275.151
OUT_04892,872.94
OUT_04893,286.177
OUT_04894,121.762
OUT_04895,105.792
OUT_04896,148.343
OUT_04897,118.22
OUT_04898,923.655
OUT_04899,323.125
OUT_04900,106.394
OUT_04901,309.73
OUT_04902,97.476
OUT_04903,291.127
OUT_04904,326.115
OUT_04905,115.472
OUT_04906,146.434
OUT_04907,139.952
OUT_04908,99.985
OUT_04909,156.067
OUT_04910,277.768
OUT_04911,120.295
OUT_04912,278.119
OUT_04913,937.397
OUT_04914,296.625
OUT_04915,100.8
OUT_04916,103.594
OUT_04917,309.07
OUT_04918,100.672
OUT_04919,1911.173
OUT_04920,315.322
OUT_04921,117.024
OUT_04922,263.248
OUT_04923,111.556
OUT_04924,902.427
OUT_04925,958.735
OUT_04926,89.186
OUT_04927,251.511
OUT_04928,213.458
OUT_04929,371.72
OUT_04930,111.972
OUT_04931,97.887
OUT_04932,242.71
OUT_04933,93.584
OUT_04934,89.668
OUT_04935,95.124
OUT_04936,283.395
OUT_04937,256.288
OUT_04938,100.649
OUT_04939,146.322
OUT_04940,89.972
OUT_04941,851.936
OUT_04942,945.004
OUT_04943,121.668
OUT_04944,963.701
OUT_04945,262.19
OUT_04946,87.643
OUT_04947,822.563
OUT_04948,76.235
OUT_04949,297.621
OUT_04950,291.019
OUT_04951,129.861
OUT_04952,340.606
OUT_04953,924.957
OUT_04954,296.592
OUT_04955,78.892
OUT_04956,99.811
OUT_04957,87.479
OUT_04958,109.444
OUT_04959,301.084
OUT_04960,166.991
OUT_04961,89.113
OUT_04962,2034.907
OUT_04963,320.399
OUT_04964,133.688
OUT_04965,88.46
OUT_04966,117.508
OUT_04967,120.994
OUT_04968,351.703
OUT_04969,287.785
OUT_04970,96.672
OUT_04971,946.783
OUT_04972,337.797
OUT_04973,1028.137
OUT_04974,238.626
OUT_04975,110.123
OUT_04976,90.173
OUT_04977,83.232
OUT_04978,304.844
OUT_04979,2054.645
OUT_04980,231.507
OUT_04981,148.995
OUT_04982,251.126
OUT_04983,831.151
OUT_04984,103.952
OUT_04985,900.554
OUT_04986,313.476
OUT_04987,131.503
OUT_04988,103.077
OUT_04989,108.8
OUT_04990,335.488
OUT_04991,68.68
OUT_04992,904.478
OUT_04993,88.77
OUT_04994,249.77
OUT_04995,103.746
OUT_04996,316.593
OUT_04997,101.07
OUT_04998,90.564
OUT_04999,301.162
OUT_05000,109.888
OUT_05001,80.274
OUT_05002,105.633
OUT_05003,120.635
OUT_05004,132.75
OUT_05005,328.828
OUT_05006,110.757
OUT_05007,1912.133
OUT_05008,99.693
OUT_05009,117.217
OUT_05010,127.908
OUT_05011,308.857
OUT_05012,84.396
OUT_05013,145.397
OUT_05014,332.525
OUT_05015,230.996
OUT_05016,261.4
OUT_05017,129.882
OUT_05018,254.558
OUT_05019,126.141
OUT_05020,139.536
OUT_05021,295.231
OUT_05022,84.956
OUT_05023,135.468
OUT_05024,286.009
OUT_05025,122.299
OUT_05026,340.887
OUT_05027,122.47
OUT_05028,121.172
OUT_05029,286.018
OUT_05030,140.786
OUT_05031,113.106
OUT_05032,131.579
OUT_05033,163.558
OUT_05034,295.744
OUT_05035,154.023
OUT_05036,136.533
OUT_05037,94.003
OUT_05038,96.028
OUT_05039,115.666
OUT_05040,97.354
OUT_05041,91.796
OUT_05042,123.508
OUT_05043,105.963
OUT_05044,312.385
OUT_05045,858.775
OUT_05046,907.252
OUT_05047,126.708
OUT_05048,127.265
OUT_05049,143.496
OUT_05050,1958.811
OUT_05051,87.406
OUT_05052,964.099
OUT_05053,124.775
OUT_05054,97.697
OUT_05055,110.598
OUT_05056,308.958
OUT_05057,284.557
OUT_05058,124.499
OUT_05059,351.846
OUT_05060,96.98
OUT_05061,109.283
OUT_05062,99.39
OUT_05063,101.637
OUT_05064,365.909
OUT_05065,285.138
OUT_05066,340.829
OUT_05067,114.721
OUT_05068,104.51
OUT_05069,109.325
OUT_05070,280.841
OUT_05071,2026.191
OUT_05072,122.587
OUT_05073,304.746
OUT_05074,79.201
OUT_05075,83.327
OUT_05076,104.259
OUT_05077,77.842
OUT_05078,308.104
OUT_05079,946.709
OUT_05080,242.769
OUT_05081,129.766
OUT_05082,233.415
OUT_05083,293.502
OUT_05084,253.374
OUT_05085,218.433
OUT_05086,118.094
OUT_05087,260.839
OUT_05088,148.786
OUT_05089,279.817
OUT_05090,303.232
OUT_05091,912.036
OUT_05092,1988.005
OUT_05093,281.689
OUT_05094,336.037
OUT_05095,2096.497
OUT_05096,89.279
OUT_05097,911.523
OUT_05098,113.831
OUT_05099,114.274
OUT_05100,140.683
OUT_05101,936.228
OUT_05102,286.765
OUT_05103,107.477
OUT_05104,903.891
OUT_05105,99.673
OUT_05106,121.152
OUT_05107,302.139
OUT_05108,120.397
OUT_05109,94.117
OUT_05110,142.048
OUT_05111,91.949
OUT_05112,311.126
OUT_05113,116.038
OUT_05114,94.92
OUT_05115,893.518
OUT_05116,283.095
OUT_05117,115.925
OUT_05118,238.436
OUT_05119,87.676
OUT_05120,2034.825
OUT_05121,94.07
OUT_05122,1010.731
OUT_05123,236.248
OUT_05124,351.806
OUT_05125,115.213
OUT_05126,104.372
OUT_05127,113.536
OUT_05128,272.752
OUT_05129,339.896
OUT_05130,902.068
OUT_05131,304.449
OUT_05132,98.224
OUT_05133,1923.073
OUT_05134,292.036
OUT_05135,241.275
OUT_05136,267.719
OUT_05137,108.592
OUT_05138,106.786
OUT_05139,100.32
OUT_05140,85.972
OUT_05141,344.118
OUT_05142,953.693
OUT_05143,246.106
OUT_05144,126.855
OUT_05145,144.735
OUT_05146,143.109
OUT_05147,293.761
OUT_05148,103.759
OUT_05149,261.564
OUT_05150,280.72
OUT_05151,98.123
OUT_05152,109.805
OUT_05153,103.22
OUT_05154,88.714
OUT_05155,362.989
OUT_05156,2076.341
OUT_05157,2023.262
OUT_05158,88.214
OUT_05159,312.193
OUT_05160,112.246
OUT_05161,853.09
OUT_05162,968.737
OUT_05163,276.684
OUT_05164,92.612
OUT_05165,98.955
OUT_05166,1006.978
OUT_05167,291.485
OUT_05168,911.883
OUT_05169,81.161
OUT_05170,1483.107
OUT_05171,94.468
OUT_05172,80.18
OUT_05173,99.688
OUT_05174,273.177
OUT_05175,815.956
OUT_05176,886.517
OUT_05177,108.716
OUT_05178,941.563
OUT_05179,105.377
OUT_05180,108.238
OUT_05181,1936.985
OUT_05182,96.785
OUT_05183,277.274
OUT_05184,120.302
OUT_05185,945.271
OUT_05186,968.523
OUT_05187,270.017
OUT_05188,1018.984
OUT_05189,132.419
OUT_05190,167.958
OUT_05191,87.706
OUT_05192,322.818
OUT_05193,119.728
OUT_05194,291.361
OUT_05195,331.949
OUT_05196,103.127
OUT_05197,903.77
OUT_05198,1933.677
OUT_05199,313.686
OUT_05200,87.082
OUT_05201,960.614
OUT_05202,101.181
OUT_05203,345.623
OUT_05204,2067.321
OUT_05205,1975.065
OUT_05206,122.366
OUT_05207,242.314
OUT_05208,127.77
OUT_05209,102.483
OUT_05210,111.163
OUT_05211,298.068
OUT_05212,108.769
OUT_05213,98.503
OUT_05214,119.16
OUT_05215,103.251
OUT_05216,896.887
OUT_05217,81.004
OUT_05218,278.745
OUT_05219,82.049
OUT_05220,263.215
OUT_05221,216.644
OUT_05222,997.399
OUT_05223,132.943
OUT_05224,83.433
OUT_05225,280.74
OUT_05226,104.957
OUT_05227,115.217
OUT_05228,97.324
OUT_05229,114.214
OUT_05230,1997.069
OUT_05231,1245.914
OUT_05232,270.218
OUT_05233,948.943
OUT_05234,321.879
OUT_05235,69.44
OUT_05236,92.678
OUT_05237,267.963
OUT_05238,105.691
OUT_05239,282.637
OUT_05240,337.671
OUT_05241,107.468
OUT_05242,82.56
OUT_05243,209.795
OUT_05244,311.466
OUT_05245,98.987
OUT_05246,94.02
OUT_05247,91.793
OUT_05248,287.926
OUT_05249,302.332
OUT_05250,2121.296
OUT_05251,79.393
OUT_05252,81.63
OUT_05253,308.806
OUT_05254,96.315
OUT_05255,917.685
OUT_05256,959.383
OUT_05257,944.991
OUT_05258,122.492
OUT_05259,903.407
OUT_05260,237.499
OUT_05261,129.967
OUT_05262,110.256
OUT_05263,98.651
OUT_05264,919.583
OUT_05265,327.836
OUT_05266,125.497
OUT_05267,310.052
OUT_05268,93.887
OUT_05269,2029.026
OUT_05270,387.584
OUT_05271,850.565
OUT_05272,965.285
OUT_05273,138.741
OUT_05274,310.204
OUT_05275,119.759
OUT_05276,127.673
OUT_05277,91.629
OUT_05278,82.022
OUT_05279,60.45
OUT_05280,2021.817
OUT_05281,345.148
OUT_05282,290.618
OUT_05283,371.351
OUT_05284,118.033
OUT_05285,117.642
OUT_05286,892.37
OUT_05287,1000.913
OUT_05288,89.19
OUT_05289,346.392
OUT_05290,255.281
OUT_05291,130.889
OUT_05292,1001.736
OUT_05293,117.793
OUT_05294,140.96
OUT_05295,297.928
OUT_05296,91.184
OUT_05297,1954.327
OUT_05298,127.986
OUT_05299,861.54
OUT_05300,288.962
OUT_05301,288.585
OUT_05302,921.294
OUT_05303,94.221
OUT_05304,168.25
OUT_05305,379.074
OUT_05306,140.545
OUT_05307,167.112
OUT_05308,101.395
OUT_05309,91.52
OUT_05310,121.132
OUT_05311,341.01
OUT_05312,84.966
OUT_05313,108.606
OUT_05314,256.146
OUT_05315,174.057
OUT_05316,292.402
OUT_05317,138.003
OUT_05318,946.248
OUT_05319,320.286
OUT_05320,302.411
OUT_05321,247.545
OUT_05322,74.714
OUT_05323,91.571
OUT_05324,295.676
OUT_05325,978.287
OUT_05326,109.554
OUT_05327,113.357
OUT_05328,339.591
OUT_05329,1010.78
OUT_05330,126.402
OUT_05331,139.314
OUT_05332,993.862
OUT_05333,994.865
OUT_05334,149.767
OUT_05335,225.397
OUT_05336,253.082
OUT_05337,304.359
OUT_05338,112.957
OUT_05339,81.088
OUT_05340,978.24
OUT_05341,81.843
OUT_05342,208.555
OUT_05343,293.185
OUT_05344,281.63
OUT_05345,91.746
OUT_05346,91.561
OUT_05347,85.154
OUT_05348,133.502
OUT_05349,906.45
OUT_05350,264.591
OUT_05351,863.162
OUT_05352,235.828
OUT_05353,95.255
OUT_05354,336.079
OUT_05355,2912.573
OUT_05356,112.673
OUT_05357,957.128
OUT_05358,855.583
OUT_05359,108.33
OUT_05360,255.806
OUT_05361,57.295
OUT_05362,261.899
OUT_05363,135.091
OUT_05364,123.897
OUT_05365,89.85
OUT_05366,2015.554
OUT_05367,300.69
OUT_05368,91.197
OUT_05369,281.007
OUT_05370,110.528
OUT_05371,96.715
OUT_05372,310.713
OUT_05373,296.338
OUT_05374,119.597
OUT_05375,954.955
OUT_05376,124.54
OUT_05377,963.31
OUT_05378,102.623
OUT_05379,346.787
OUT_05380,84.887
OUT_05381,107.542
OUT_05382,154.917
OUT_05383,129.524
OUT_05384,937.589
OUT_05385,332.779
OUT_05386,110.93
OUT_05387,2098.413
OUT_05388,126.943
OUT_05389,84.427
OUT_05390,160.581
OUT_05391,112.261
OUT_05392,290.733
OUT_05393,333.744
OUT_05394,101.58
OUT_05395,142.42
OUT_05396,390.245
OUT_05397,97.58
OUT_05398,135.826
OUT_05399,83.987
OUT_05400,128.837
OUT_05401,344.671
OUT_05402,249.195
OUT_05403,898.939
OUT_05404,342.572
OUT_05405,259.07
OUT_05406,276.671
OUT_05407,981.744
OUT_05408,146.348
OUT_05409,266.362
OUT_05410,913.579
OUT_05411,98.538
OUT_05412,904.089
OUT_05413,111.674
OUT_05414,79.319
OUT_05415,341.132
OUT_05416,360.868
OUT_05417,147.575
OUT_05418,902.357
OUT_05419,236.548
OUT_05420,125.298
OUT_05421,151.271
OUT_05422,125.299
OUT_05423,118.984
OUT_05424,374.273
OUT_05425,154.492
OUT_05426,1928.363
OUT_05427,958.486
OUT_05428,1008.78
OUT_05429,95.938
OUT_05430,2065.23
OUT_05431,291.178
OUT_05432,131.878
OUT_05433,111.191
OUT_05434,152.448
OUT_05435,343.721
OUT_05436,140.6
OUT_05437,129.026
OUT_05438,123.042
OUT_05439,290.325
OUT_05440,120.334
OUT_05441,107.406
OUT_05442,877.916
OUT_05443,325.278
OUT_05444,125.264
OUT_05445,282.026
OUT_05446,112.09
OUT_05447,292.207
OUT_05448,918.988
OUT_05449,103.723
OUT_05450,348.027
OUT_05451,370.206
OUT_05452,959.845
OUT_05453,2854.704
OUT_05454,303.797
OUT_05455,171.38
OUT_05456,339.843
OUT_05457,111.555
OUT_05458,322.928
OUT_05459,948.426
OUT_05460,135.408
OUT_05461,322.477
OUT_05462,272.477
OUT_05463,86.974
OUT_05464,121.026
OUT_05465,2003.894
OUT_05466,339.189
OUT_05467,92.643
OUT_05468,135.909
OUT_05469,92.922
OUT_05470,2590.598
OUT_05471,76.139
OUT_05472,103.769
OUT_05473,295.098
OUT_05474,111.823
OUT_05475,103.834
OUT_05476,103.131
OUT_05477,93.717
OUT_05478,922.22
OUT_05479,128.631
OUT_05480,104.48
OUT_05481,134.395
OUT_05482,1070.029
OUT_05483,829.121
OUT_05484,77.688
OUT_05485,2025.031
OUT_05486,950.324
OUT_05487,250.777
OUT_05488,264.425
OUT_05489,127.753
OUT_05490,893.989
OUT_05491,95.36
OUT_05492,302.765
OUT_05493,1022.517
OUT_05494,366.889
OUT_05495,928.404
OUT_05496,104.801
OUT_05497,905.736
OUT_05498,120.038
OUT_05499,86.165
OUT_05500,325.162
OUT_05501,935.479
OUT_05502,80.674
OUT_05503,98.596
OUT_05504,286.826
OUT_05505,372.82
OUT_05506,295.162
OUT_05507,68.823
OUT_05508,950.703
OUT_05509,320.221
OUT_05510,115.447
OUT_05511,958.368
OUT_05512,306.699
OUT_05513,109.3
OUT_05514,885.428
OUT_05515,100.302
OUT_05516,280.138
OUT_05517,130.471
OUT_05518,108.466
OUT_05519,136.594
OUT_05520,110.274
OUT_05521,117.556
OUT_05522,309.718
OUT_05523,858.396
OUT_05524,151.62
OUT_05525,324.629
OUT_05526,103.196
OUT_05527,89.711
OUT_05528,140.305
OUT_05529,141.685
OUT_05530,353.475
OUT_05531,117.161
OUT_05532,277.394
OUT_05533,134.452
OUT_05534,98.039
OUT_05535,319.059
OUT_05536,317.164
OUT_05537,780.11
OUT_05538,366.026
OUT_05539,84.551
OUT_05540,975.505
OUT_05541,151.348
OUT_05542,972.351
OUT_05543,846.732
OUT_05544,111.211
OUT_05545,334.063
OUT_05546,125.93
OUT_05547,130.117
OUT_05548,139.392
OUT_05549,106.161
OUT_05550,81.191
OUT_05551,860.983
OUT_05552,942.963
OUT_05553,308.91
OUT_05554,120.325
OUT_05555,880.93
OUT_05556,116.419
OUT_05557,106.366
OUT_05558,142.556
OUT_05559,96.62
OUT_05560,297.719
OUT_05561,166.168
OUT_05562,347.213
OUT_05563,302.525
OUT_05564,1868.764
OUT_05565,909.562
OUT_05566,71.191
OUT_05567,126.675
OUT_05568,352.148
OUT_05569,897.79
OUT_05570,90.201
OUT_05571,944.28
OUT_05572,75.778
OUT_05573,287.375
OUT_05574,115.095
OUT_05575,998.758
OUT_05576,844.848
OUT_05577,862.511
OUT_05578,2069.995
OUT_05579,949.326
OUT_05580,333.543
OUT_05581,110.37
OUT_05582,152.519
OUT_05583,128.398
OUT_05584,295.292
OUT_05585,296.825
OUT_05586,319.567
OUT_05587,233.767
OUT_05588,232.158
OUT_05589,100.477
OUT_05590,236.622
OUT_05591,281.628
OUT_05592,1972.384
OUT_05593,985.02
OUT_05594,286.216
OUT_05595,161.376
OUT_05596,122.56
OUT_05597,1984.508
OUT_05598,317.895
OUT_05599,72.774
OUT_05600,119.471
OUT_05601,142.878
OUT_05602,106.876
OUT_05603,148.786
OUT_05604,982.761
OUT_05605,120.354
OUT_05606,1963.852
OUT_05607,299.923
OUT_05608,261.177
OUT_05609,349.987
OUT_05610,161.044
OUT_05611,83.645
OUT_05612,81.204
OUT_05613,948.367
OUT_05614,104.642
OUT_05615,347.627
OUT_05616,245.309
OUT_05617,136.658
OUT_05618,282.575
OUT_05619,901.315
OUT_05620,973.706
OUT_05621,937.156
OUT_05622,145.065
OUT_05623,135.7
OUT_05624,148.268
OUT_05625,137.259
OUT_05626,1022.517
OUT_05627,101.24
OUT_05628,144.456
OUT_05629,81.898
OUT_05630,328.441
OUT_05631,149.49
OUT_05632,252.531
OUT_05633,312.252
OUT_05634,80.7
OUT_05635,124.101
OUT_05636,67.692
OUT_05637,108.905
OUT_05638,299.384
OUT_05639,1000.612
OUT_05640,1139.093
OUT_05641,130.964
OUT_05642,107.715
OUT_05643,104.794
OUT_05644,263.775
OUT_05645,327.227
OUT_05646,115.123
OUT_05647,331.674
OUT_05648,91.45
OUT_05649,89.653
OUT_05650,149.186
OUT_05651,270.131
OUT_05652,281.544
OUT_05653,113.189
OUT_05654,121.486
OUT_05655,873.065
OUT_05656,302.625
OUT_05657,1030.077
OUT_05658,932.666
OUT_05659,101.017
OUT_05660,85.511
OUT_05661,256.331
OUT_05662,96.214
OUT_05663,129.408
OUT_05664,857.263
OUT_05665,133.957
OUT_05666,131.999
OUT_05667,279.63
OUT_05668,119.528
OUT_05669,94.583
OUT_05670,366.298
OUT_05671,347.988
OUT_05672,97.041
OUT_05673,115.378
OUT_05674,164.908
OUT_05675,112.565
OUT_05676,249.145
OUT_05677,281.014
OUT_05678,73.856
OUT_05679,278.434
OUT_05680,68.178
OUT_05681,116.299
OUT_05682,850.094
OUT_05683,72.608
OUT_05684,289.286
OUT_05685,296.29
OUT_05686,123.788
OUT_05687,85.496
OUT_05688,313.095
OUT_05689,258.126
OUT_05690,239.448
OUT_05691,892.578
OUT_05692,950.926
OUT_05693,299.291
OUT_05694,2061.657
OUT_05695,136.979
OUT_05696,153.309
OUT_05697,141.814
OUT_05698,302.61
OUT_05699,2022.909
OUT_05700,164.847
OUT_05701,96.277
OUT_05702,130.164
OUT_05703,898.96
OUT_05704,108.204
OUT_05705,92.336
OUT_05706,101.956
OUT_05707,99.081
OUT_05708,140.918
OUT_05709,283.488
OUT_05710,98.909
OUT_05711,879.469
OUT_05712,112.796
OUT_05713,86.376
OUT_05714,297.642
OUT_05715,84.137
OUT_05716,1020.979
OUT_05717,113.48
OUT_05718,902.916
OUT_05719,344.334
OUT_05720,102.537
OUT_05721,86.297
OUT_05722,301.147
OUT_05723,84.243
OUT_05724,122.763
OUT_05725,91.986
OUT_05726,290.22
OUT_05727,2072.926
OUT_05728,156.367
OUT_05729,137.832
OUT_05730,90.104
OUT_05731,113.976
OUT_05732,926.844
OUT_05733,958.758
OUT_05734,113.997
OUT_05735,122.457
OUT_05736,224.227
OUT_05737,115.871
OUT_05738,93.359
OUT_05739,328.961
OUT_05740,350.992
OUT_05741,143.482
OUT_05742,322.949
OUT_05743,1962.62
OUT_05744,325.972
OUT_05745,87.709
OUT_05746,100.113
OUT_05747,124.577
OUT_05748,103.106
OUT_05749,281.728
OUT_05750,305.469
OUT_05751,123.951
OUT_05752,336.389
OUT_05753,144.9
OUT_05754,262.045
OUT_05755,91.377
OUT_05756,321.902
OUT_05757,2014.027
OUT_05758,284.344
OUT_05759,125.121
OUT_05760,115.191
OUT_05761,282.251
OUT_05762,305.304
OUT_05763,80.36
OUT_05764,302.242
OUT_05765,242.701
OUT_05766,95.295
OUT_05767,105.718
OUT_05768,130.077
OUT_05769,299.231
OUT_05770,315.135
OUT_05771,108.371
OUT_05772,282.3
OUT_05773,300.355
OUT_05774,303.041
OUT_05775,145.077
OUT_05776,2056.658
OUT_05777,887.287
OUT_05778,289.609
OUT_05779,136.893
OUT_05780,115.968
OUT_05781,126.943
OUT_05782,284.773
OUT_05783,267.722
OUT_05784,72.972
OUT_05785,114.146
OUT_05786,964.543
OUT_05787,98.795
OUT_05788,86.29
OUT_05789,98.69
OUT_05790,303.593
OUT_05791,111.523
OUT_05792,319.08
OUT_05793,118.532
OUT_05794,99.585
OUT_05795,98.078
OUT_05796,87.613
OUT_05797,267.96
OUT_05798,309.043
OUT_05799,107.068
OUT_05800,292.274
OUT_05801,258.571
OUT_05802,221.148
OUT_05803,903.683
OUT_05804,982.086
OUT_05805,146.008
OUT_05806,333.244
OUT_05807,112.115
OUT_05808,91.415
OUT_05809,345.632
OUT_05810,101.337
OUT_05811,289.903
OUT_05812,114.956
OUT_05813,850.564
OUT_05814,921.58
OUT_05815,317.294
OUT_05816,371.026
OUT_05817,118.601
OUT_05818,283.052
OUT_05819,136.977
OUT_05820,92.732
OUT_05821,92.169
OUT_05822,254.502
OUT_05823,149.845
OUT_05824,1498.585
OUT_05825,2107.866
OUT_05826,171.67
OUT_05827,104.122
OUT_05828,113.557
OUT_05829,344.63
OUT_05830,333.851
OUT_05831,326.157
OUT_05832,112.719
OUT_05833,95.953
OUT_05834,238.142
OUT_05835,97.47
OUT_05836,241.587
OUT_05837,251.628
OUT_05838,2048.425
OUT_05839,103.723
OUT_05840,110.041
OUT_05841,122.938
OUT_05842,92.652
OUT_05843,983.249
OUT_05844,109.507
OUT_05845,277.97
OUT_05846,962.857
OUT_05847,969.909
OUT_05848,126.438
OUT_05849,900.212
OUT_05850,325.183
OUT_05851,83.747
OUT_05852,957.154
OUT_05853,130.321
OUT_05854,971.176
OUT_05855,230.684
OUT_05856,358.282
OUT_05857,129.228
OUT_05858,123.932
OUT_05859,97.868
OUT_05860,140.022
OUT_05861,116.866
OUT_05862,95.019
OUT_05863,68.181
OUT_05864,93.26
OUT_05865,100.75
OUT_05866,90.103
OUT_05867,320.47
OUT_05868,348.193
OUT_05869,134.267
OUT_05870,950.447
OUT_05871,299.881
OUT_05872,117.799
OUT_05873,252.228
OUT_05874,153.175
OUT_05875,301.202
OUT_05876,84.886
OUT_05877,302.771
OUT_05878,109.326
OUT_05879,964.396
OUT_05880,128.397
OUT_05881,137.715
OUT_05882,328.612
OUT_05883,229.01
OUT_05884,352.046
OUT_05885,322.258
OUT_05886,288.499
OUT_05887,307.738
OUT_05888,115.235
OUT_05889,264.922
OUT_05890,936.213
OUT_05891,85.997
OUT_05892,960.995
OUT_05893,344.08
OUT_05894,821.333
OUT_05895,137.526
OUT_05896,126.616
OUT_05897,95.008
OUT_05898,115.819
OUT_05899,977.901
OUT_05900,309.905
OUT_05901,128.817
OUT_05902,326.814
OUT_05903,2073.762
OUT_05904,108.925
OUT_05905,104.586
OUT_05906,141.345
OUT_05907,317.097
OUT_05908,99.826
OUT_05909,897.495
OUT_05910,95.417
OUT_05911,162.154
OUT_05912,130.364
OUT_05913,116.529
OUT_05914,95.905
OUT_05915,287.464
OUT_05916,323.457
OUT_05917,108.309
OUT_05918,306.183
OUT_05919,97.826
OUT_05920,102.812
OUT_05921,98.287
OUT_05922,222.145
OUT_05923,94.526
OUT_05924,281.585
OUT_05925,289.579
OUT_05926,103.855
OUT_05927,1989.811
OUT_05928,108.572
OUT_05929,245.535
OUT_05930,91.302
OUT_05931,101.89
OUT_05932,329.066
OUT_05933,345.667
OUT_05934,82.665
OUT_05935,86.576
OUT_05936,2130.45
OUT_05937,971.089
OUT_05938,2058.835
OUT_05939,317.734
OUT_05940,1953.026
OUT_05941,158.419
OUT_05942,99.288
OUT_05943,966.732
OUT_05944,161.484
OUT_05945,130.179
OUT_05946,120.466
OUT_05947,2044.7
OUT_05948,1248.848
OUT_05949,518.71
OUT_05950,92.718
OUT_05951,108.298
OUT_05952,120.0
OUT_05953,80.813
OUT_05954,145.527
OUT_05955,115.916
OUT_05956,968.996
OUT_05957,132.034
OUT_05958,302.58
OUT_05959,103.332
OUT_05960,918.429
OUT_05961,99.317
OUT_05962,232.394
OUT_05963,126.838
OUT_05964,95.083
OUT_05965,306.511
OUT_05966,282.248
OUT_05967,112.483
OUT_05968,146.075
OUT_05969,264.502
OUT_05970,326.352
OUT_05971,356.15
OUT_05972,92.492
OUT_05973,323.348
OUT_05974,109.94
OUT_05975,339.252
OUT_05976,125.936
OUT_05977,129.613
OUT_05978,339.125
OUT_05979,382.057
OUT_05980,150.474
OUT_05981,1974.925
OUT_05982,292.571
OUT_05983,117.658
OUT_05984,893.5
OUT_05985,111.103
OUT_05986,148.534
OUT_05987,108.391
OUT_05988,278.908
OUT_05989,113.582
OUT_05990,176.51
OUT_05991,138.557
OUT_05992,844.643
OUT_05993,161.121
OUT_05994,141.151
OUT_05995,138.923
OUT_05996,101.967
OUT_05997,94.931
OUT_05998,274.674
OUT_05999,95.936
OUT_06000,103.557
OUT_06001,87.53
OUT_06002,307.177
OUT_06003,157.765
OUT_06004,136.066
OUT_06005,332.171
OUT_06006,296.911
OUT_06007,83.106
OUT_06008,256.013
OUT_06009,304.156
OUT_06010,114.29
OUT_06011,114.663
OUT_06012,696.506
OUT_06013,970.924
OUT_06014,353.132
OUT_06015,136.96
OUT_06016,980.879
OUT_06017,115.35
OUT_06018,102.111
OUT_06019,104.883
OUT_06020,306.649
OUT_06021,130.35
OUT_06022,132.581
OUT_06023,1960.332
OUT_06024,147.729
OUT_06025,238.592
OUT_06026,1007.833
OUT_06027,311.716
OUT_06028,155.34
OUT_06029,145.96
OUT_06030,2017.254
OUT_06031,69.239
OUT_06032,861.895
OUT_06033,2103.184
OUT_06034,226.585
OUT_06035,89.815
OUT_06036,83.555
OUT_06037,252.323
OUT_06038,342.156
OUT_06039,231.126
OUT_06040,229.898
OUT_06041,949.046
OUT_06042,383.611
OUT_06043,160.921
OUT_06044,2019.014
OUT_06045,88.567
OUT_06046,65.649
OUT_06047,969.269
OUT_06048,107.067
OUT_06049,1008.936
OUT_06050,908.42
OUT_06051,97.677
OUT_06052,297.477
OUT_06053,313.637
OUT_06054,148.569
OUT_06055,369.233
OUT_06056,116.72
OUT_06057,365.919
OUT_06058,163.56
OUT_06059,370.095
OUT_06060,109.354
OUT_06061,248.103
OUT_06062,911.168
OUT_06063,323.18
OUT_06064,360.202
OUT_06065,292.484
OUT_06066,113.66
OUT_06067,124.753
OUT_06068,112.829
OUT_06069,167.261
OUT_06070,96.337
OUT_06071,124.023
OUT_06072,930.91
OUT_06073,116.761
OUT_06074,106.468
OUT_06075,306.08
OUT_06076,150.933
OUT_06077,143.011
OUT_06078,118.881
OUT_06079,183.484
OUT_06080,146.591
OUT_06081,2002.625
OUT_06082,855.904
OUT_06083,1991.347
OUT_06084,103.049
OUT_06085,113.452
OUT_06086,981.385
OUT_06087,366.829
OUT_06088,890.647
OUT_06089,123.235
OUT_06090,309.333
OUT_06091,101.482
OUT_06092,80.591
OUT_06093,2366.643
OUT_06094,267.117
OUT_06095,105.173
OUT_06096,936.681
OUT_06097,1052.825
OUT_06098,115.009
OUT_06099,134.834
OUT_06100,981.304
OUT_06101,275.82
OUT_06102,301.539
OUT_06103,960.882
OUT_06104,285.77
OUT_06105,132.99
OUT_06106,244.985
OUT_06107,912.545
OUT_06108,135.465
OUT_06109,882.868
OUT_06110,86.32
OUT_06111,125.475
OUT_06112,291.72
OUT_06113,105.46
OUT_06114,270.952
OUT_06115,311.867
OUT_06116,124.924
OUT_06117,102.663
OUT_06118,156.955
OUT_06119,2021.097
OUT_06120,132.726
OUT_06121,112.556
OUT_06122,94.102
OUT_06123,234.132
OUT_06124,338.218
OUT_06125,129.92
OUT_06126,125.983
OUT_06127,245.773
OUT_06128,326.934
OUT_06129,123.391
OUT_06130,296.098
OUT_06131,147.403
OUT_06132,175.942
OUT_06133,81.65
OUT_06134,250.092
OUT_06135,818.741
OUT_06136,947.353
OUT_06137,281.389
OUT_06138,156.675
OUT_06139,94.839
OUT_06140,119.462
OUT_06141,119.753
OUT_06142,1026.839
OUT_06143,105.279
OUT_06144,392.489
OUT_06145,292.981
OUT_06146,120.149
OUT_06147,273.908
OUT_06148,315.377
OUT_06149,222.673
OUT_06150,309.806
OUT_06151,1989.245
OUT_06152,109.41
OUT_06153,89.524
OUT_06154,140.443
OUT_06155,941.946
OUT_06156,109.439
OUT_06157,949.753
OUT_06158,392.733
OUT_06159,2051.224
OUT_06160,254.719
OUT_06161,305.558
OUT_06162,327.401
OUT_06163,160.902
OUT_06164,114.832
OUT_06165,384.504
OUT_06166,101.389
OUT_06167,285.968
OUT_06168,945.015
OUT_06169,74.929
OUT_06170,900.404
OUT_06171,109.201
OUT_06172,1958.589
OUT_06173,96.018
OUT_06174,274.473
OUT_06175,138.563
OUT_06176,318.137
OUT_06177,93.708
OUT_06178,106.328
OUT_06179,111.296
OUT_06180,92.475
OUT_06181,349.053
OUT_06182,1003.088
OUT_06183,98.372
OUT_06184,69.602
OUT_06185,276.326
OUT_06186,897.226
OUT_06187,125.724
OUT_06188,127.742
OUT_06189,2022.964
OUT_06190,85.545
OUT_06191,95.149
OUT_06192,363.026
OUT_06193,296.829
OUT_06194,135.221
OUT_06195,88.472
OUT_06196,96.719
OUT_06197,315.361
OUT_06198,90.513
OUT_06199,93.283
OUT_06200,264.901
OUT_06201,111.22
OUT_06202,148.29
OUT_06203,906.364
OUT_06204,89.778
OUT_06205,1920.822
OUT_06206,264.748
OUT_06207,111.18
OUT_06208,86.422
OUT_06209,229.584
OUT_06210,2124.08
OUT_06211,95.897
OUT_06212,243.169
OUT_06213,108.475
OUT_06214,321.12
OUT_06215,1344.336
OUT_06216,98.324
OUT_06217,327.495
OUT_06218,355.521
OUT_06219,95.334
OUT_06220,110.334
OUT_06221,87.321
OUT_06222,136.532
OUT_06223,128.649
OUT_06224,345.183
OUT_06225,97.813
OUT_06226,114.625
OUT_06227,311.343
OUT_06228,977.044
OUT_06229,349.817
OUT_06230,119.742
OUT_06231,114.8
OUT_06232,913.258
OUT_06233,324.101
OUT_06234,121.829
OUT_06235,93.114
OUT_06236,216.409
OUT_06237,322.093
OUT_06238,344.463
OUT_06239,83.494
OUT_06240,100.95
OUT_06241,106.942
OUT_06242,830.323
OUT_06243,124.138
OUT_06244,304.076
OUT_06245,93.586
OUT_06246,950.973
OUT_06247,100.112
OUT_06248,112.866
OUT_06249,105.77
OUT_06250,341.342
OUT_06251,281.703
OUT_06252,893.874
OUT_06253,96.915
OUT_06254,114.457
OUT_06255,916.576
OUT_06256,120.479
OUT_06257,974.72
OUT_06258,81.686
OUT_06259,315.693
OUT_06260,114.767
OUT_06261,240.671
OUT_06262,963.416
OUT_06263,125.876
OUT_06264,1923.159
OUT_06265,84.218
OUT_06266,247.017
OUT_06267,125.044
OUT_06268,106.985
OUT_06269,101.166
OUT_06270,124.382
OUT_06271,989.174
OUT_06272,268.41
OUT_06273,102.514
OUT_06274,104.859
OUT_06275,298.962
OUT_06276,298.185
OUT_06277,301.514
OUT_06278,2081.862
OUT_06279,913.511
OUT_06280,308.434
OUT_06281,272.36
OUT_06282,107.03
OUT_06283,125.298
OUT_06284,914.193
OUT_06285,121.551
OUT_06286,95.205
OUT_06287,131.448
OUT_06288,159.57
OUT_06289,781.54
OUT_06290,132.201
OUT_06291,128.299
OUT_06292,90.712
OUT_06293,287.626
OUT_06294,102.826
OUT_06295,156.145
OUT_06296,239.661
OUT_06297,102.865
OUT_06298,73.626
OUT_06299,313.96
OUT_06300,260.699
OUT_06301,235.057
OUT_06302,120.652
OUT_06303,102.936
OUT_06304,1997.47
OUT_06305,148.069
OUT_06306,71.613
OUT_06307,156.043
OUT_06308,295.308
OUT_06309,120.002
OUT_06310,120.881
OUT_06311,255.643
OUT_06312,149.698
OUT_06313,70.889
OUT_06314,106.663
OUT_06315,952.534
OUT_06316,321.024
OUT_06317,85.178
OUT_06318,98.563
OUT_06319,311.523
OUT_06320,235.802
OUT_06321,2747.654
OUT_06322,149.877
OUT_06323,865.886
OUT_06324,150.981
OUT_06325,100.927
OUT_06326,296.482
OUT_06327,960.411
OUT_06328,235.075
OUT_06329,94.372
OUT_06330,83.583
OUT_06331,245.6
OUT_06332,923.484
OUT_06333,109.924
OUT_06334,75.667
OUT_06335,93.017
OUT_06336,821.796
OUT_06337,128.615
OUT_06338,114.297
OUT_06339,232.458
OUT_06340,990.249
OUT_06341,201.206
OUT_06342,283.187
OUT_06343,118.26
OUT_06344,85.678
OUT_06345,120.441
OUT_06346,111.573
OUT_06347,241.713
OUT_06348,279.525
OUT_06349,237.517
OUT_06350,308.255
OUT_06351,386.948
OUT_06352,336.391
OUT_06353,268.175
OUT_06354,135.073
OUT_06355,125.513
OUT_06356,2020.076
OUT_06357,99.024
OUT_06358,2012.43
OUT_06359,243.881
OUT_06360,124.031
OUT_06361,830.996
OUT_06362,113.498
OUT_06363,93.566
OUT_06364,101.853
OUT_06365,324.492
OUT_06366,91.651
OUT_06367,990.78
OUT_06368,233.243
OUT_06369,288.333
OUT_06370,895.125
OUT_06371,114.163
OUT_06372,341.813
OUT_06373,1953.778
OUT_06374,101.281
OUT_06375,920.293
OUT_06376,321.709
OUT_06377,270.652
OUT_06378,111.433
OUT_06379,313.52
OUT_06380,96.33
OUT_06381,2051.941
OUT_06382,253.443
OUT_06383,105.74
OUT_06384,131.45
OUT_06385,108.271
OUT_06386,876.689
OUT_06387,1912.481
OUT_06388,105.069
OUT_06389,92.612
OUT_06390,286.354
OUT_06391,99.181
OUT_06392,1957.148
OUT_06393,104.031
OUT_06394,130.396
OUT_06395,110.663
OUT_06396,125.058
OUT_06397,110.559
OUT_06398,101.384
OUT_06399,220.933
OUT_06400,281.377
OUT_06401,138.21
OUT_06402,893.169
OUT_06403,1025.779
OUT_06404,976.197
OUT_06405,343.359
OUT_06406,978.071
OUT_06407,143.501
OUT_06408,88.215
OUT_06409,148.883
OUT_06410,2026.068
OUT_06411,74.366
OUT_06412,101.88
OUT_06413,347.289
OUT_06414,1918.942
OUT_06415,809.742
OUT_06416,315.516
OUT_06417,2000.999
OUT_06418,131.373
OUT_06419,122.235
OUT_06420,1933.715
OUT_06421,112.98
OUT_06422,129.389
OUT_06423,111.456
OUT_06424,280.474
OUT_06425,131.707
OUT_06426,137.341
OUT_06427,905.962
OUT_06428,90.762
OUT_06429,91.345
OUT_06430,260.486
OUT_06431,323.455
OUT_06432,959.875
OUT_06433,358.204
OUT_06434,322.431
OUT_06435,91.34
OUT_06436,987.219
OUT_06437,112.288
OUT_06438,148.911
OUT_06439,2076.78
OUT_06440,359.294
OUT_06441,391.308
OUT_06442,201.721
OUT_06443,96.712
OUT_06444,116.128
OUT_06445,290.423
OUT_06446,96.373
OUT_06447,111.018
OUT_06448,96.12
OUT_06449,103.047
OUT_06450,106.244
OUT_06451,87.227
OUT_06452,109.455
OUT_06453,121.692
OUT_06454,332.415
OUT_06455,87.87
OUT_06456,101.609
OUT_06457,85.917
OUT_06458,101.564
OUT_06459,60.136
OUT_06460,321.809
OUT_06461,141.567
OUT_06462,966.892
OUT_06463,161.301
OUT_06464,122.057
OUT_06465,262.537
OUT_06466,944.999
OUT_06467,254.018
OUT_06468,100.494
OUT_06469,97.646
OUT_06470,98.338
OUT_06471,311.213
OUT_06472,959.613
OUT_06473,253.249
OUT_06474,155.862
OUT_06475,371.153
OUT_06476,294.098
OUT_06477,90.308
OUT_06478,88.577
OUT_06479,82.883
OUT_06480,314.792
OUT_06481,327.963
OUT_06482,96.417
OUT_06483,120.868
OUT_06484,116.464
OUT_06485,92.92
OUT_06486,96.352
OUT_06487,222.705
OUT_06488,124.489
OUT_06489,98.562
OUT_06490,948.597
OUT_06491,118.24
OUT_06492,323.696
OUT_06493,290.811
OUT_06494,135.968
OUT_06495,84.706
OUT_06496,298.792
OUT_06497,121.813
OUT_06498,141.261
OUT_06499,2045.184
OUT_06500,112.443
OUT_06501,982.394
OUT_06502,947.159
OUT_06503,96.345
OUT_06504,121.33
OUT_06505,100.07
OUT_06506,147.268
OUT_06507,837.826
OUT_06508,68.414
OUT_06509,279.208
OUT_06510,115.211
OUT_06511,117.165
OUT_06512,323.621
OUT_06513,90.285
OUT_06514,226.093
OUT_06515,302.557
OUT_06516,92.953
OUT_06517,148.158
OUT_06518,948.739
OUT_06519,337.424
OUT_06520,120.036
OUT_06521,86.812
OUT_06522,327.641
OUT_06523,345.011
OUT_06524,120.248
OUT_06525,101.268
OUT_06526,285.481
OUT_06527,96.698
OUT_06528,123.926
OUT_06529,912.272
OUT_06530,150.764
OUT_06531,301.245
OUT_06532,347.028
OUT_06533,124.374
OUT_06534,283.179
OUT_06535,832.545
OUT_06536,319.223
OUT_06537,114.669
OUT_06538,934.505
OUT_06539,120.733
OUT_06540,990.809
OUT_06541,94.674
OUT_06542,143.265
OUT_06543,233.073
OUT_06544,163.325
OUT_06545,919.089
OUT_06546,108.833
OUT_06547,99.993
OUT_06548,136.297
OUT_06549,81.21
OUT_06550,250.71
OUT_06551,296.247
OUT_06552,270.038
OUT_06553,334.193
OUT_06554,122.782
OUT_06555,337.973
OUT_06556,2089.677
OUT_06557,304.548
OUT_06558,292.015
OUT_06559,971.373
OUT_06560,85.987
OUT_06561,332.327
OUT_06562,119.215
OUT_06563,131.912
OUT_06564,101.832
OUT_06565,961.466
OUT_06566,100.39
OUT_06567,113.126
OUT_06568,295.529
OUT_06569,139.955
OUT_06570,83.233
OUT_06571,242.372
OUT_06572,160.359
OUT_06573,116.045
OUT_06574,897.862
OUT_06575,276.356
OUT_06576,132.571
OUT_06577,100.69
OUT_06578,147.588
OUT_06579,931.787
OUT_06580,94.721
OUT_06581,103.056
OUT_06582,106.541
OUT_06583,100.206
OUT_06584,85.217
OUT_06585,77.463
OUT_06586,254.329
OUT_06587,903.478
OUT_06588,173.987
OUT_06589,1962.864
OUT_06590,910.567
OUT_06591,135.12
OUT_06592,170.192
OUT_06593,284.594
OUT_06594,102.675
OUT_06595,137.167
OUT_06596,271.208
OUT_06597,99.004
OUT_06598,107.546
OUT_06599,991.328
OUT_06600,308.99
OUT_06601,90.253
OUT_06602,74.23
OUT_06603,264.544
OUT_06604,359.74
OUT_06605,141.435
OUT_06606,121.775
OUT_06607,141.024
OUT_06608,879.1
OUT_06609,338.695
OUT_06610,166.873
OUT_06611,91.964
OUT_06612,324.953
OUT_06613,970.072
OUT_06614,99.886
OUT_06615,932.306
OUT_06616,303.385
OUT_06617,363.831
OUT_06618,132.295
OUT_06619,150.473
OUT_06620,123.479
OUT_06621,139.164
OUT_06622,114.012
OUT_06623,82.316
OUT_06624,368.405
OUT_06625,2043.55
OUT_06626,346.011
OUT_06627,89.353
OUT_06628,253.404
OUT_06629,940.097
OUT_06630,272.393
OUT_06631,946.236
OUT_06632,135.12
OUT_06633,108.106
OUT_06634,289.937
OUT_06635,115.703
OUT_06636,143.328
OUT_06637,266.231
OUT_06638,112.735
OUT_06639,132.914
OUT_06640,88.348
OUT_06641,104.754
OUT_06642,178.151
OUT_06643,145.806
OUT_06644,110.825
OUT_06645,888.639
OUT_06646,278.593
OUT_06647,299.757
OUT_06648,861.967
OUT_06649,236.135
OUT_06650,124.118
OUT_06651,236.558
OUT_06652,149.791
OUT_06653,100.749
OUT_06654,110.256
OUT_06655,942.855
OUT_06656,110.373
OUT_06657,309.981
OUT_06658,2071.189
OUT_06659,108.417
OUT_06660,2066.653
OUT_06661,96.411
OUT_06662,368.786
OUT_06663,1922.765
OUT_06664,361.344
OUT_06665,92.637
OUT_06666,317.455
OUT_06667,94.391
OUT_06668,278.523
OUT_06669,113.711
OUT_06670,115.309
OUT_06671,118.385
OUT_06672,108.693
OUT_06673,123.46
OUT_06674,91.276
OUT_06675,125.809
OUT_06676,86.931
OUT_06677,933.021
OUT_06678,322.257
OUT_06679,294.652
OUT_06680,117.675
OUT_06681,101.889
OUT_06682,923.224
OUT_06683,100.996
OUT_06684,248.045
OUT_06685,87.677
OUT_06686,296.467
OUT_06687,113.784
OUT_06688,97.673
OUT_06689,131.423
OUT_06690,358.815
OUT_06691,102.973
OUT_06692,327.971
OUT_06693,123.739
OUT_06694,336.65
OUT_06695,393.969
OUT_06696,962.485
OUT_06697,110.226
OUT_06698,945.618
OUT_06699,1931.343
OUT_06700,114.306
OUT_06701,253.748
OUT_06702,317.132
OUT_06703,293.659
OUT_06704,331.027
OUT_06705,104.586
OUT_06706,332.006
OUT_06707,315.457
OUT_06708,87.396
OUT_06709,114.792
OUT_06710,230.814
OUT_06711,942.627
OUT_06712,83.91
OUT_06713,146.464
OUT_06714,95.563
OUT_06715,84.2
OUT_06716,104.895
OUT_06717,318.611
OUT_06718,989.276
OUT_06719,83.979
OUT_06720,1116.627
OUT_06721,258.278
OUT_06722,87.86
OUT_06723,96.272
OUT_06724,1004.985
OUT_06725,985.787
OUT_06726,258.631
OUT_06727,305.436
OUT_06728,110.17
OUT_06729,103.674
OUT_06730,101.029
OUT_06731,110.633
OUT_06732,100.967
OUT_06733,1943.452
OUT_06734,253.854
OUT_06735,114.771
OUT_06736,953.903
OUT_06737,112.996
OUT_06738,135.009
OUT_06739,278.265
OUT_06740,94.799
OUT_06741,327.988
OUT_06742,139.683
OUT_06743,118.622
OUT_06744,928.837
OUT_06745,268.063
OUT_06746,306.196
OUT_06747,879.062
OUT_06748,92.142
OUT_06749,320.07
OUT_06750,105.673
OUT_06751,257.195
OUT_06752,115.73
OUT_06753,302.506
OUT_06754,108.652
OUT_06755,97.684
OUT_06756,100.064
OUT_06757,104.339
OUT_06758,418.281
OUT_06759,122.24
OUT_06760,984.189
OUT_06761,130.941
OUT_06762,128.932
OUT_06763,931.769
OUT_06764,1022.721
OUT_06765,285.3
OUT_06766,281.173
OUT_06767,314.736
OUT_06768,121.956
OUT_06769,92.777
OUT_06770,107.184
OUT_06771,103.562
OUT_06772,122.354
OUT_06773,265.98
OUT_06774,360.756
OUT_06775,306.348
OUT_06776,127.411
OUT_06777,978.509
OUT_06778,141.352
OUT_06779,153.432
OUT_06780,107.299
OUT_06781,96.187
OUT_06782,130.179
OUT_06783,164.75
OUT_06784,316.782
OUT_06785,327.088
OUT_06786,125.775
OUT_06787,129.011
OUT_06788,81.208
OUT_06789,146.825
OUT_06790,245.643
OUT_06791,124.851
OUT_06792,256.934
OUT_06793,339.959
OUT_06794,83.694
OUT_06795,298.581
OUT_06796,104.923
OUT_06797,882.842
OUT_06798,936.672
OUT_06799,91.594
OUT_06800,254.892
OUT_06801,119.279
OUT_06802,345.871
OUT_06803,342.488
OUT_06804,136.486
OUT_06805,126.303
OUT_06806,144.478
OUT_06807,155.456
OUT_06808,312.14
OUT_06809,119.764
OUT_06810,2002.688
OUT_06811,227.408
OUT_06812,114.304
OUT_06813,122.59
OUT_06814,91.293
OUT_06815,1026.364
OUT_06816,270.022
OUT_06817,992.504
OUT_06818,1967.585
OUT_06819,279.044
OUT_06820,163.73
OUT_06821,215.052
OUT_06822,92.778
OUT_06823,328.194
OUT_06824,142.624
OUT_06825,273.97
OUT_06826,1087.073
OUT_06827,113.223
OUT_06828,76.903
OUT_06829,83.706
OUT_06830,1268.132
OUT_06831,267.562
OUT_06832,373.495
OUT_06833,268.681
OUT_06834,283.034
OUT_06835,105.64
OUT_06836,113.351
OUT_06837,218.146
OUT_06838,114.666
OUT_06839,941.61
OUT_06840,269.606
OUT_06841,337.772
OUT_06842,151.798
OUT_06843,1010.374
OUT_06844,94.04
OUT_06845,247.689
OUT_06846,84.222
OUT_06847,102.701
OUT_06848,115.216
OUT_06849,345.74
OUT_06850,125.056
OUT_06851,299.63
OUT_06852,103.715
OUT_06853,81.323
OUT_06854,141.292
OUT_06855,296.303
OUT_06856,225.745
OUT_06857,102.226
OUT_06858,91.302
OUT_06859,79.145
OUT_06860,944.681
OUT_06861,108.298
OUT_06862,157.609
OUT_06863,964.645
OUT_06864,122.386
OUT_06865,357.99
OUT_06866,318.656
OUT_06867,930.321
OUT_06868,113.181
OUT_06869,109.108
OUT_06870,119.686
OUT_06871,149.569
OUT_06872,91.493
OUT_06873,107.19
OUT_06874,88.399
OUT_06875,103.046
OUT_06876,81.064
OUT_06877,93.372
OUT_06878,124.244
OUT_06879,912.836
OUT_06880,833.561
OUT_06881,1298.99
OUT_06882,913.634
OUT_06883,132.782
OUT_06884,305.948
OUT_06885,84.15
OUT_06886,201.542
OUT_06887,70.667
OUT_06888,1065.738
OUT_06889,100.315
OUT_06890,84.886
OUT_06891,290.025
OUT_06892,81.149
OUT_06893,226.387
OUT_06894,344.285
OUT_06895,107.993
OUT_06896,137.71
OUT_06897,219.062
OUT_06898,90.441
OUT_06899,129.729
OUT_06900,101.237
OUT_06901,302.347
OUT_06902,89.682
OUT_06903,98.835
OUT_06904,278.886
OUT_06905,287.532
OUT_06906,1399.007
OUT_06907,71.111
OUT_06908,85.361
OUT_06909,113.831
OUT_06910,362.779
OUT_06911,110.86
OUT_06912,62.888
OUT_06913,109.666
OUT_06914,367.726
OUT_06915,936.805
OUT_06916,124.66
OUT_06917,135.707
OUT_06918,88.113
OUT_06919,115.387
OUT_06920,147.092
OUT_06921,91.793
OUT_06922,874.151
OUT_06923,109.767
OUT_06924,113.147
OUT_06925,150.915
OUT_06926,148.874
OUT_06927,142.9
OUT_06928,109.642
OUT_06929,116.163
OUT_06930,369.372
OUT_06931,88.574
OUT_06932,312.685
OUT_06933,242.278
OUT_06934,99.948
OUT_06935,124.6
OUT_06936,306.666
OUT_06937,133.289
OUT_06938,946.175
OUT_06939,380.926
OUT_06940,2099.843
OUT_06941,261.414
OUT_06942,378.579
OUT_06943,320.451
OUT_06944,91.214
OUT_06945,130.808
OUT_06946,216.617
OUT_06947,225.038
OUT_06948,865.13
OUT_06949,251.956
OUT_06950,94.468
OUT_06951,109.428
OUT_06952,967.989
OUT_06953,106.818
OUT_06954,156.974
OUT_06955,131.246
OUT_06956,300.075
OUT_06957,139.795
OUT_06958,144.147
OUT_06959,116.718
OUT_06960,133.418
OUT_06961,126.692
OUT_06962,91.396
OUT_06963,249.281
OUT_06964,113.016
OUT_06965,165.268
OUT_06966,83.333
OUT_06967,309.494
OUT_06968,108.684
OUT_06969,175.482
OUT_06970,83.978
OUT_06971,101.709
OUT_06972,95.057
OUT_06973,75.93
OUT_06974,311.473
OUT_06975,60.729
OUT_06976,899.824
OUT_06977,304.705
OUT_06978,149.763
OUT_06979,99.055
OUT_06980,85.846
OUT_06981,1980.5
OUT_06982,91.49
OUT_06983,99.148
OUT_06984,258.817
OUT_06985,1990.354
OUT_06986,88.613
OUT_06987,96.582
OUT_06988,309.396
OUT_06989,224.352
OUT_06990,922.276
OUT_06991,100.342
OUT_06992,93.58
OUT_06993,102.577
OUT_06994,127.157
OUT_06995,100.099
OUT_06996,905.386
OUT_06997,266.153
OUT_06998,91.952
OUT_06999,330.979
OUT_07000,1001.89
OUT_07001,351.792
OUT_07002,1057.759
OUT_07003,347.289
OUT_07004,106.763
OUT_07005,133.493
OUT_07006,84.696
OUT_07007,315.1
OUT_07008,2081.065
OUT_07009,335.23
OUT_07010,316.19
OUT_07011,114.795
OUT_07012,937.19
OUT_07013,1949.971
OUT_07014,313.492
OUT_07015,86.56
OUT_07016,1955.16
OUT_07017,124.01
OUT_07018,301.26
OUT_07019,97.613
OUT_07020,915.04
OUT_07021,329.76
OUT_07022,111.847
OUT_07023,132.262
OUT_07024,291.901
OUT_07025,128.162
OUT_07026,1852.57
OUT_07027,2001.641
OUT_07028,128.328
OUT_07029,930.199
OUT_07030,144.825
OUT_07031,889.634
OUT_07032,213.7
OUT_07033,385.943
OUT_07034,96.97
OUT_07035,103.334
OUT_07036,103.722
OUT_07037,278.39
OUT_07038,110.331
OUT_07039,99.966
OUT_07040,300.21
OUT_07041,93.518
OUT_07042,290.541
OUT_07043,139.065
OUT_07044,281.899
OUT_07045,302.034
OUT_07046,319.36
OUT_07047,128.232
OUT_07048,1032.923
OUT_07049,99.339
OUT_07050,274.444
OUT_07051,328.449
OUT_07052,124.314
OUT_07053,127.137
OUT_07054,311.646
OUT_07055,107.89
OUT_07056,1001.454
OUT_07057,895.98
OUT_07058,234.218
OUT_07059,145.05
OUT_07060,128.921
OUT_07061,947.313
OUT_07062,289.185
OUT_07063,105.019
OUT_07064,293.562
OUT_07065,971.498
OUT_07066,109.741
OUT_07067,353.817
OUT_07068,1946.131
OUT_07069,94.877
OUT_07070,290.057
OUT_07071,92.392
OUT_07072,114.175
OUT_07073,89.964
OUT_07074,131.482
OUT_07075,106.282
OUT_07076,151.993
OUT_07077,52.121
OUT_07078,257.015
OUT_07079,81.888
OUT_07080,1932.864
OUT_07081,346.423
OUT_07082,121.967
OUT_07083,147.459
OUT_07084,91.848
OUT_07085,430.018
OUT_07086,113.688
OUT_07087,84.143
OUT_07088,238.323
OUT_07089,2062.246
OUT_07090,314.35
OUT_07091,227.374
OUT_07092,137.235
OUT_07093,935.944
OUT_07094,232.881
OUT_07095,64.82
OUT_07096,254.114
OUT_07097,309.387
OUT_07098,164.581
OUT_07099,320.153
OUT_07100,135.932
OUT_07101,952.4
OUT_07102,94.547
OUT_07103,128.073
OUT_07104,99.66
OUT_07105,250.252
OUT_07106,121.9
OUT_07107,99.73
OUT_07108,933.303
OUT_07109,143.452
OUT_07110,159.243
OUT_07111,304.696
OUT_07112,273.355
OUT_07113,329.247
OUT_07114,303.397
OUT_07115,335.031
OUT_07116,111.038
OUT_07117,117.649
OUT_07118,103.554
OUT_07119,249.589
OUT_07120,301.808
OUT_07121,1030.233
OUT_07122,853.343
OUT_07123,102.478
OUT_07124,1003.264
OUT_07125,139.46
OUT_07126,319.95
OUT_07127,101.989
OUT_07128,84.415
OUT_07129,309.208
OUT_07130,125.866
OUT_07131,115.11
OUT_07132,307.487
OUT_07133,84.777
OUT_07134,122.642
OUT_07135,2064.78
OUT_07136,96.03
OUT_07137,111.677
OUT_07138,952.006
OUT_07139,105.758
OUT_07140,136.377
OUT_07141,979.796
OUT_07142,118.793
OUT_07143,140.941
OUT_07144,976.181
OUT_07145,136.516
OUT_07146,98.037
OUT_07147,995.183
OUT_07148,994.719
OUT_07149,371.629
OUT_07150,901.058
OUT_07151,117.768
OUT_07152,138.62
OUT_07153,110.47
OUT_07154,106.475
OUT_07155,312.568
OUT_07156,952.911
OUT_07157,303.833
OUT_07158,120.995
OUT_07159,130.509
OUT_07160,132.642
OUT_07161,2169.108
OUT_07162,106.735
OUT_07163,138.488
OUT_07164,95.885
OUT_07165,142.411
OUT_07166,295.787
OUT_07167,167.541
OUT_07168,80.908
OUT_07169,304.612
OUT_07170,128.387
OUT_07171,89.916
OUT_07172,97.689
OUT_07173,130.14
OUT_07174,98.23
OUT_07175,91.075
OUT_07176,130.278
OUT_07177,2237.954
OUT_07178,224.417
OUT_07179,128.005
OUT_07180,77.008
OUT_07181,342.104
OUT_07182,61.524
OUT_07183,932.225
OUT_07184,297.119
OUT_07185,147.018
OUT_07186,157.037
OUT_07187,939.623
OUT_07188,80.572
OUT_07189,113.093
OUT_07190,100.288
OUT_07191,76.263
OUT_07192,111.67
OUT_07193,329.925
OUT_07194,923.155
OUT_07195,939.618
OUT_07196,227.545
OUT_07197,123.975
OUT_07198,100.894
OUT_07199,312.099
OUT_07200,99.82
OUT_07201,336.022
OUT_07202,96.057
OUT_07203,373.117
OUT_07204,123.74
OUT_07205,94.92
OUT_07206,79.213
OUT_07207,267.864
OUT_07208,137.331
OUT_07209,405.182
OUT_07210,87.077
OUT_07211,106.278
OUT_07212,329.955
OUT_07213,103.367
OUT_07214,1301.251
OUT_07215,2036.28
OUT_07216,76.009
OUT_07217,95.398
OUT_07218,243.719
OUT_07219,977.765
OUT_07220,109.119
OUT_07221,111.702
OUT_07222,99.178
OUT_07223,140.631
OUT_07224,130.815
OUT_07225,2041.836
OUT_07226,103.181
OUT_07227,944.722
OUT_07228,133.483
OUT_07229,127.435
OUT_07230,98.176
OUT_07231,98.957
OUT_07232,261.375
OUT_07233,1978.918
OUT_07234,96.205
OUT_07235,336.788
OUT_07236,153.991
OUT_07237,86.646
OUT_07238,90.54
OUT_07239,270.647
OUT_07240,128.145
OUT_07241,124.253
OUT_07242,89.165
OUT_07243,359.019
OUT_07244,142.881
OUT_07245,352.113
OUT_07246,145.855
OUT_07247,289.734
OUT_07248,116.983
OUT_07249,122.454
OUT_07250,1917.328
OUT_07251,266.333
OUT_07252,328.832
OUT_07253,91.418
OUT_07254,128.589
OUT_07255,98.98
OUT_07256,218.903
OUT_07257,261.447
OUT_07258,969.115
OUT_07259,906.333
OUT_07260,104.34
OUT_07261,143.022
OUT_07262,311.072
OUT_07263,889.528
OUT_07264,110.88
OUT_07265,92.771
OUT_07266,971.23
OUT_07267,84.145
OUT_07268,265.714
OUT_07269,316.54
OUT_07270,117.159
OUT_07271,101.505
OUT_07272,353.319
OUT_07273,1024.09
OUT_07274,962.535
OUT_07275,109.267
OUT_07276,1993.197
OUT_07277,90.838
OUT_07278,92.019
OUT_07279,121.57
OUT_07280,317.006
OUT_07281,982.198
OUT_07282,302.718
OUT_07283,115.232
OUT_07284,266.627
OUT_07285,2311.239
OUT_07286,249.244
OUT_07287,116.81
OUT_07288,98.357
OUT_07289,930.564
OUT_07290,86.046
OUT_07291,145.534
OUT_07292,183.774
OUT_07293,141.672
OUT_07294,129.878
OUT_07295,144.195
OUT_07296,358.244
OUT_07297,109.341
OUT_07298,988.597
OUT_07299,80.317
OUT_07300,986.514
OUT_07301,84.694
OUT_07302,301.595
OUT_07303,116.435
OUT_07304,53.295
OUT_07305,929.79
OUT_07306,150.631
OUT_07307,989.282
OUT_07308,123.37
OUT_07309,122.282
OUT_07310,123.195
OUT_07311,314.401
OUT_07312,104.198
OUT_07313,116.009
OUT_07314,885.486
OUT_07315,269.003
OUT_07316,2054.244
OUT_07317,811.923
OUT_07318,287.822
OUT_07319,76.911
OUT_07320,145.535
OUT_07321,1912.635
OUT_07322,342.262
OUT_07323,89.879
OUT_07324,971.03
OUT_07325,121.227
OUT_07326,82.835
OUT_07327,946.046
OUT_07328,258.813
OUT_07329,328.425
OUT_07330,448.884
OUT_07331,870.437
OUT_07332,98.112
OUT_07333,317.917
OUT_07334,294.92
OUT_07335,948.015
OUT_07336,129.163
OUT_07337,130.401
OUT_07338,98.131
OUT_07339,105.3
OUT_07340,141.461
OUT_07341,916.136
OUT_07342,166.683
OUT_07343,375.777
OUT_07344,133.377
OUT_07345,120.128
OUT_07346,100.898
OUT_07347,309.818
OUT_07348,273.7
OUT_07349,925.296
OUT_07350,102.554
OUT_07351,228.524
OUT_07352,125.724
OUT_07353,81.055
OUT_07354,960.23
OUT_07355,80.326
OUT_07356,222.243
OUT_07357,254.266
OUT_07358,131.947
OUT_07359,100.541
OUT_07360,94.079
OUT_07361,130.092
OUT_07362,344.964
OUT_07363,122.974
OUT_07364,257.746
OUT_07365,129.286
OUT_07366,87.62
OUT_07367,940.099
OUT_07368,958.543
OUT_07369,135.358
OUT_07370,95.383
OUT_07371,235.818
OUT_07372,147.123
OUT_07373,102.445
OUT_07374,907.621
OUT_07375,114.876
OUT_07376,345.47
OUT_07377,97.269
OUT_07378,863.683
OUT_07379,159.445
OUT_07380,935.42
OUT_07381,100.354
OUT_07382,270.667
OUT_07383,253.526
OUT_07384,103.317
OUT_07385,101.147
OUT_07386,983.567
OUT_07387,111.243
OUT_07388,2123.817
OUT_07389,143.95
OUT_07390,918.741
OUT_07391,2003.325
OUT_07392,84.197
OUT_07393,877.366
OUT_07394,89.266
OUT_07395,119.802
OUT_07396,386.658
OUT_07397,129.65
OUT_07398,117.061
OUT_07399,125.69
OUT_07400,325.164
OUT_07401,118.134
OUT_07402,301.333
OUT_07403,111.919
OUT_07404,108.849
OUT_07405,88.803
OUT_07406,131.03
OUT_07407,121.483
OUT_07408,2255.275
OUT_07409,97.336
OUT_07410,237.81
OUT_07411,95.071
OUT_07412,127.167
OUT_07413,364.35
OUT_07414,270.723
OUT_07415,271.253
OUT_07416,349.516
OUT_07417,2008.045
OUT_07418,951.346
OUT_07419,116.477
OUT_07420,398.508
OUT_07421,127.855
OUT_07422,943.034
OUT_07423,361.432
OUT_07424,99.248
OUT_07425,227.435
OUT_07426,346.163
OUT_07427,95.021
OUT_07428,303.919
OUT_07429,251.336
OUT_07430,97.284
OUT_07431,109.399
OUT_07432,979.178
OUT_07433,84.766
OUT_07434,86.134
OUT_07435,130.719
OUT_07436,92.385
OUT_07437,156.606
OUT_07438,129.061
OUT_07439,54.445
OUT_07440,416.075
OUT_07441,110.909
OUT_07442,94.776
OUT_07443,934.288
OUT_07444,331.048
OUT_07445,81.363
OUT_07446,124.309
OUT_07447,336.841
OUT_07448,271.368
OUT_07449,97.607
OUT_07450,109.641
OUT_07451,923.24
OUT_07452,232.241
OUT_07453,226.572
OUT_07454,76.497
OUT_07455,265.802
OUT_07456,963.39
OUT_07457,84.475
OUT_07458,364.779
OUT_07459,118.504
OUT_07460,169.228
OUT_07461,79.923
OUT_07462,282.542
OUT_07463,298.806
OUT_07464,319.998
OUT_07465,103.284
OUT_07466,976.675
OUT_07467,312.081
OUT_07468,108.57
OUT_07469,846.841
OUT_07470,100.829
OUT_07471,244.683
OUT_07472,812.751
OUT_07473,106.907
OUT_07474,1966.167
OUT_07475,269.41
OUT_07476,91.016
OUT_07477,117.985
OUT_07478,110.092
OUT_07479,125.262
OUT_07480,937.451
OUT_07481,301.924
OUT_07482,107.879
OUT_07483,1032.991
OUT_07484,298.362
OUT_07485,243.38
OUT_07486,312.017
OUT_07487,315.966
OUT_07488,319.259
OUT_07489,265.733
OUT_07490,879.502
OUT_07491,349.538
OUT_07492,2119.081
OUT_07493,273.704
OUT_07494,272.823
OUT_07495,329.53
OUT_07496,87.102
OUT_07497,247.17
OUT_07498,359.368
OUT_07499,331.557
OUT_07500,75.582
OUT_07501,264.414
OUT_07502,154.776
OUT_07503,362.353
OUT_07504,1988.216
OUT_07505,880.146
OUT_07506,90.089
OUT_07507,83.202
OUT_07508,97.358
OUT_07509,145.051
OUT_07510,125.643
OUT_07511,111.72
OUT_07512,320.757
OUT_07513,288.378
OUT_07514,96.508
OUT_07515,1051.652
OUT_07516,102.732
OUT_07517,104.991
OUT_07518,97.717
OUT_07519,2149.374
OUT_07520,308.179
OUT_07521,100.16
OUT_07522,334.479
OUT_07523,136.58
OUT_07524,314.931
OUT_07525,121.692
OUT_07526,116.782
OUT_07527,142.0
OUT_07528,90.595
OUT_07529,115.802
OUT_07530,318.067
OUT_07531,150.306
OUT_07532,300.28
OUT_07533,319.135
OUT_07534,98.607
OUT_07535,298.061
OUT_07536,849.104
OUT_07537,105.672
OUT_07538,151.482
OUT_07539,333.636
OUT_07540,100.547
OUT_07541,84.101
OUT_07542,113.163
OUT_07543,152.307
OUT_07544,78.902
OUT_07545,315.402
OUT_07546,2112.431
OUT_07547,351.69
OUT_07548,102.494
OUT_07549,92.433
OUT_07550,122.204
OUT_07551,132.289
OUT_07552,291.776
OUT_07553,2011.456
OUT_07554,86.822
OUT_07555,93.763
OUT_07556,130.781
OUT_07557,939.729
OUT_07558,87.607
OUT_07559,88.43
OUT_07560,111.945
OUT_07561,264.449
OUT_07562,80.329
OUT_07563,292.528
OUT_07564,116.867
OUT_07565,129.493
OUT_07566,105.471
OUT_07567,109.037
OUT_07568,140.547
OUT_07569,86.128
OUT_07570,148.77
OUT_07571,344.284
OUT_07572,170.765
OUT_07573,107.202
OUT_07574,880.747
OUT_07575,121.094
OUT_07576,286.807
OUT_07577,129.821
OUT_07578,857.981
OUT_07579,97.004
OUT_07580,150.723
OUT_07581,969.665
OUT_07582,110.271
OUT_07583,154.547
OUT_07584,105.511
OUT_07585,101.215
OUT_07586,307.839
OUT_07587,881.299
OUT_07588,192.494
OUT_07589,111.924
OUT_07590,917.304
OUT_07591,995.918
OUT_07592,100.476
OUT_07593,326.652
OUT_07594,100.555
OUT_07595,83.767
OUT_07596,90.146
OUT_07597,119.754
OUT_07598,367.154
OUT_07599,116.909
OUT_07600,982.424
OUT_07601,113.46
OUT_07602,109.93
OUT_07603,123.399
OUT_07604,2093.052
OUT_07605,1025.497
OUT_07606,111.19
OUT_07607,96.154
OUT_07608,97.817
OUT_07609,339.806
OUT_07610,103.812
OUT_07611,343.921
OUT_07612,158.06
OUT_07613,162.668
OUT_07614,87.227
OUT_07615,263.647
OUT_07616,113.576
OUT_07617,929.017
OUT_07618,92.69
OUT_07619,248.312
OUT_07620,340.81
OUT_07621,316.419
OUT_07622,313.669
OUT_07623,124.325
OUT_07624,103.986
OUT_07625,916.734
OUT_07626,107.478
OUT_07627,870.619
OUT_07628,75.939
OUT_07629,958.74
OUT_07630,89.287
OUT_07631,160.506
OUT_07632,108.951
OUT_07633,1283.819
OUT_07634,118.894
OUT_07635,900.458
OUT_07636,996.788
OUT_07637,77.872
OUT_07638,308.705
OUT_07639,2110.235
OUT_07640,83.259
OUT_07641,234.675
OUT_07642,161.168
OUT_07643,354.373
OUT_07644,159.075
OUT_07645,148.246
OUT_07646,297.862
OUT_07647,161.734
OUT_07648,126.251
OUT_07649,250.699
OUT_07650,329.921
OUT_07651,86.418
OUT_07652,102.939
OUT_07653,98.636
OUT_07654,274.472
OUT_07655,1972.904
OUT_07656,112.993
OUT_07657,104.413
OUT_07658,2019.726
OUT_07659,302.55
OUT_07660,97.883
OUT_07661,278.17
OUT_07662,253.915
OUT_07663,101.908
OUT_07664,278.82
OUT_07665,122.712
OUT_07666,138.602
OUT_07667,306.32
OUT_07668,110.477
OUT_07669,79.291
OUT_07670,116.262
OUT_07671,1034.838
OUT_07672,92.709
OUT_07673,109.596
OUT_07674,891.071
OUT_07675,121.013
OUT_07676,162.437
OUT_07677,867.032
OUT_07678,812.46
OUT_07679,963.984
OUT_07680,113.925
OUT_07681,296.638
OUT_07682,952.909
OUT_07683,95.044
OUT_07684,350.649
OUT_07685,1032.303
OUT_07686,106.411
OUT_07687,2012.541
OUT_07688,1981.762
OUT_07689,206.536
OUT_07690,84.621
OUT_07691,123.157
OUT_07692,87.244
OUT_07693,355.151
OUT_07694,134.736
OUT_07695,119.109
OUT_07696,104.202
OUT_07697,137.653
OUT_07698,138.303
OUT_07699,119.503
OUT_07700,107.11
OUT_07701,78.932
OUT_07702,996.703
OUT_07703,1970.253
OUT_07704,915.505
OUT_07705,325.614
OUT_07706,242.492
OUT_07707,100.01
OUT_07708,279.497
OUT_07709,272.966
OUT_07710,133.977
OUT_07711,123.657
OUT_07712,333.288
OUT_07713,488.289
OUT_07714,200.434
OUT_07715,325.847
OUT_07716,167.912
OUT_07717,102.39
OUT_07718,262.501
OUT_07719,90.574
OUT_07720,1973.404
OUT_07721,321.504
OUT_07722,867.173
OUT_07723,97.823
OUT_07724,263.377
OUT_07725,303.643
OUT_07726,125.469
OUT_07727,146.928
OUT_07728,109.144
OUT_07729,115.982
OUT_07730,306.175
OUT_07731,138.655
OUT_07732,284.36
OUT_07733,68.725
OUT_07734,988.612
OUT_07735,121.975
OUT_07736,2046.583
OUT_07737,116.27
OUT_07738,119.406
OUT_07739,360.675
OUT_07740,241.762
OUT_07741,122.453
OUT_07742,869.264
OUT_07743,107.825
OUT_07744,122.781
OUT_07745,106.596
OUT_07746,1000.648
OUT_07747,317.953
OUT_07748,121.317
OUT_07749,245.971
OUT_07750,304.917
OUT_07751,158.139
OUT_07752,112.58
OUT_07753,288.592
OUT_07754,214.148
OUT_07755,340.127
OUT_07756,114.344
OUT_07757,94.29
OUT_07758,87.832
OUT_07759,130.821
OUT_07760,293.976
OUT_07761,117.512
OUT_07762,1927.16
OUT_07763,324.062
OUT_07764,111.411
OUT_07765,2036.772
OUT_07766,95.286
OUT_07767,150.419
OUT_07768,111.635
OUT_07769,915.334
OUT_07770,128.02
OUT_07771,302.427
OUT_07772,937.282
OUT_07773,284.119
OUT_07774,251.957
OUT_07775,957.541
OUT_07776,98.984
OUT_07777,107.612
OUT_07778,86.857
OUT_07779,133.728
OUT_07780,138.147
OUT_07781,366.002
OUT_07782,271.078
OUT_07783,129.676
OUT_07784,235.579
OUT_07785,348.709
OUT_07786,964.484
OUT_07787,971.73
OUT_07788,90.302
OUT_07789,105.06
OUT_07790,349.181
OUT_07791,1508.849
OUT_07792,977.756
OUT_07793,921.141
OUT_07794,85.761
OUT_07795,1014.788
OUT_07796,2045.112
OUT_07797,165.376
OUT_07798,331.23
OUT_07799,101.793
OUT_07800,89.535
OUT_07801,1001.208
OUT_07802,118.388
OUT_07803,139.906
OUT_07804,132.221
OUT_07805,117.285
OUT_07806,329.777
OUT_07807,112.309
OUT_07808,89.198
OUT_07809,294.791
OUT_07810,1852.116
OUT_07811,121.82
OUT_07812,119.332
OUT_07813,98.768
OUT_07814,109.508
OUT_07815,2077.342
OUT_07816,144.863
OUT_07817,1023.16
OUT_07818,114.832
OUT_07819,243.468
OUT_07820,133.561
OUT_07821,100.392
OUT_07822,89.509
OUT_07823,907.08
OUT_07824,90.485
OUT_07825,304.623
OUT_07826,94.451
OUT_07827,305.8
OUT_07828,108.164
OUT_07829,75.498
OUT_07830,949.132
OUT_07831,319.796
OUT_07832,950.872
OUT_07833,232.069
OUT_07834,321.591
OUT_07835,111.805
OUT_07836,304.319
OUT_07837,2030.964
OUT_07838,325.417
OUT_07839,92.723
OUT_07840,318.085
OUT_07841,103.233
OUT_07842,126.145
OUT_07843,99.78
OUT_07844,101.331
OUT_07845,930.168
OUT_07846,260.976
OUT_07847,305.141
OUT_07848,102.908
OUT_07849,93.318
OUT_07850,71.616
OUT_07851,123.443
OUT_07852,167.808
OUT_07853,96.94
OUT_07854,83.902
OUT_07855,315.043
OUT_07856,297.83
OUT_07857,252.079
OUT_07858,970.755
OUT_07859,947.424
OUT_07860,352.333
OUT_07861,270.254
OUT_07862,111.938
OUT_07863,253.654
OUT_07864,325.873
OUT_07865,108.272
OUT_07866,152.378
OUT_07867,924.861
OUT_07868,100.797
OUT_07869,299.207
OUT_07870,257.015
OUT_07871,151.285
OUT_07872,120.593
OUT_07873,96.232
OUT_07874,121.034
OUT_07875,970.655
OUT_07876,2016.035
OUT_07877,2077.972
OUT_07878,116.905
OUT_07879,880.606
OUT_07880,2038.611
OUT_07881,98.245
OUT_07882,83.371
OUT_07883,949.003
OUT_07884,333.907
OUT_07885,97.698
OUT_07886,311.196
OUT_07887,121.36
OUT_07888,301.095
OUT_07889,122.955
OUT_07890,92.493
OUT_07891,130.719
OUT_07892,149.076
OUT_07893,1040.696
OUT_07894,135.024
OUT_07895,134.062
OUT_07896,2012.505
OUT_07897,867.096
OUT_07898,271.794
OUT_07899,377.176
OUT_07900,140.922
OUT_07901,904.919
OUT_07902,128.491
OUT_07903,105.501
OUT_07904,90.174
OUT_07905,96.811
OUT_07906,119.925
OUT_07907,99.331
OUT_07908,945.322
OUT_07909,255.927
OUT_07910,289.91
OUT_07911,883.059
OUT_07912,104.249
OUT_07913,129.936
OUT_07914,115.195
OUT_07915,259.078
OUT_07916,2064.961
OUT_07917,135.278
OUT_07918,162.619
OUT_07919,114.428
OUT_07920,324.566
OUT_07921,120.377
OUT_07922,99.285
OUT_07923,2029.48
OUT_07924,892.002
OUT_07925,1914.914
OUT_07926,135.453
OUT_07927,114.843
OUT_07928,125.357
OUT_07929,91.952
OUT_07930,891.612
OUT_07931,111.096
OUT_07932,276.803
OUT_07933,101.303
OUT_07934,140.73
OUT_07935,954.648
OUT_07936,93.312
OUT_07937,170.576
OUT_07938,937.64
OUT_07939,273.898
OUT_07940,137.682
OUT_07941,299.199
OUT_07942,134.515
OUT_07943,254.077
OUT_07944,107.233
OUT_07945,258.439
OUT_07946,138.995
OUT_07947,242.213
OUT_07948,234.162
OUT_07949,1065.437
OUT_07950,141.067
OUT_07951,121.611
OUT_07952,89.56
OUT_07953,94.126
OUT_07954,309.978
OUT_07955,313.102
OUT_07956,234.066
OUT_07957,308.956
OUT_07958,106.779
OUT_07959,147.095
OUT_07960,92.664
OUT_07961,129.542
OUT_07962,230.941
OUT_07963,83.895
OUT_07964,86.874
OUT_07965,300.162
OUT_07966,296.938
OUT_07967,868.754
OUT_07968,140.093
OUT_07969,316.242
OUT_07970,795.064
OUT_07971,903.293
OUT_07972,297.96
OUT_07973,145.699
OUT_07974,312.202
OUT_07975,144.097
OUT_07976,158.381
OUT_07977,98.77
OUT_07978,292.954
OUT_07979,82.514
OUT_07980,2026.715
OUT_07981,113.752
OUT_07982,109.604
OUT_07983,138.368
OUT_07984,83.1
OUT_07985,922.765
OUT_07986,126.792
OUT_07987,151.202
OUT_07988,141.817
OUT_07989,157.5
OUT_07990,134.606
OUT_07991,918.952
OUT_07992,128.017
OUT_07993,974.786
OUT_07994,76.56
OUT_07995,101.229
OUT_07996,102.649
OUT_07997,400.803
OUT_07998,86.306
OUT_07999,157.611
OUT_08000,98.707
OUT_08001,941.665
OUT_08002,237.787
OUT_08003,101.481
OUT_08004,157.516
OUT_08005,96.953
OUT_08006,97.016
OUT_08007,126.314
OUT_08008,297.339
OUT_08009,113.38
OUT_08010,202.61
OUT_08011,152.534
OUT_08012,101.396
OUT_08013,235.576
OUT_08014,240.751
OUT_08015,939.294
OUT_08016,104.728
OUT_08017,99.001
OUT_08018,107.646
OUT_08019,245.556
OUT_08020,156.525
OUT_08021,70.791
OUT_08022,308.94
OUT_08023,269.93
OUT_08024,107.262
OUT_08025,908.879
OUT_08026,310.349
OUT_08027,144.975
OUT_08028,95.034
OUT_08029,963.414
OUT_08030,843.963
OUT_08031,107.197
OUT_08032,2040.614
OUT_08033,1911.698
OUT_08034,118.82
OUT_08035,276.549
OUT_08036,137.465
OUT_08037,995.083
OUT_08038,330.012
OUT_08039,978.917
OUT_08040,111.22
OUT_08041,904.486
OUT_08042,316.142
OUT_08043,139.208
OUT_08044,130.329
OUT_08045,1990.963
OUT_08046,100.141
OUT_08047,2102.594
OUT_08048,158.701
OUT_08049,127.639
OUT_08050,939.221
OUT_08051,152.143
OUT_08052,324.213
OUT_08053,141.383
OUT_08054,126.701
OUT_08055,918.089
OUT_08056,120.651
OUT_08057,310.37
OUT_08058,259.4
OUT_08059,879.137
OUT_08060,76.012
OUT_08061,136.393
OUT_08062,951.682
OUT_08063,317.72
OUT_08064,109.727
OUT_08065,262.941
OUT_08066,977.218
OUT_08067,1262.044
OUT_08068,84.571
OUT_08069,301.839
OUT_08070,330.874
OUT_08071,94.627
OUT_08072,267.561
OUT_08073,113.383
OUT_08074,103.935
OUT_08075,198.795
OUT_08076,287.748
OUT_08077,136.88
OUT_08078,263.862
OUT_08079,1958.489
OUT_08080,302.466
OUT_08081,112.162
OUT_08082,214.177
OUT_08083,928.127
OUT_08084,88.16
OUT_08085,97.031
OUT_08086,73.298
OUT_08087,97.758
OUT_08088,261.655
OUT_08089,128.915
OUT_08090,2000.534
OUT_08091,330.087
OUT_08092,129.879
OUT_08093,250.459
OUT_08094,98.284
OUT_08095,109.02
OUT_08096,143.958
OUT_08097,986.937
OUT_08098,271.911
OUT_08099,830.073
OUT_08100,1992.489
OUT_08101,120.126
OUT_08102,407.443
OUT_08103,104.378
OUT_08104,99.04
OUT_08105,281.882
OUT_08106,138.757
OUT_08107,229.244
OUT_08108,110.001
OUT_08109,2046.918
OUT_08110,94.419
OUT_08111,255.536
OUT_08112,923.857
OUT_08113,94.726
OUT_08114,923.181
OUT_08115,107.282
OUT_08116,294.59
OUT_08117,142.863
OUT_08118,925.003
OUT_08119,116.656
OUT_08120,859.405
OUT_08121,91.118
OUT_08122,84.239
OUT_08123,248.984
OUT_08124,92.514
OUT_08125,340.822
OUT_08126,889.866
OUT_08127,865.351
OUT_08128,1033.612
OUT_08129,885.67
OUT_08130,89.081
OUT_08131,900.985
OUT_08132,101.527
OUT_08133,100.803
OUT_08134,275.685
OUT_08135,353.73
OUT_08136,81.344
OUT_08137,245.136
OUT_08138,927.311
OUT_08139,245.789
OUT_08140,963.222
OUT_08141,96.297
OUT_08142,130.182
OUT_08143,307.246
OUT_08144,127.897
OUT_08145,904.971
OUT_08146,131.797
OUT_08147,99.46
OUT_08148,294.179
OUT_08149,72.699
OUT_08150,154.918
OUT_08151,256.056
OUT_08152,80.051
OUT_08153,259.671
OUT_08154,244.574
OUT_08155,116.157
OUT_08156,131.716
OUT_08157,119.984
OUT_08158,1041.892
OUT_08159,1954.861
OUT_08160,920.041
OUT_08161,110.028
OUT_08162,136.872
OUT_08163,94.404
OUT_08164,140.183
OUT_08165,309.122
OUT_08166,154.633
OUT_08167,326.691
OUT_08168,73.428
OUT_08169,118.556
OUT_08170,124.664
OUT_08171,140.185
OUT_08172,315.533
OUT_08173,250.025
OUT_08174,153.049
OUT_08175,949.44
OUT_08176,93.153
OUT_08177,1232.846
OUT_08178,306.227
OUT_08179,951.182
OUT_08180,121.818
OUT_08181,252.881
OUT_08182,261.769
OUT_08183,144.175
OUT_08184,152.397
OUT_08185,114.772
OUT_08186,890.134
OUT_08187,931.564
OUT_08188,322.026
OUT_08189,92.467
OUT_08190,310.969
OUT_08191,95.411
OUT_08192,241.238
OUT_08193,96.285
OUT_08194,106.545
OUT_08195,988.469
OUT_08196,221.607
OUT_08197,97.829
OUT_08198,261.977
OUT_08199,331.869
OUT_08200,87.916
OUT_08201,2073.489
OUT_08202,130.806
OUT_08203,128.622
OUT_08204,173.681
OUT_08205,80.608
OUT_08206,940.493
OUT_08207,106.069
OUT_08208,245.972
OUT_08209,297.668
OUT_08210,84.818
OUT_08211,164.437
OUT_08212,123.161
OUT_08213,117.501
OUT_08214,75.855
OUT_08215,332.958
OUT_08216,831.305
OUT_08217,988.126
OUT_08218,2142.946
OUT_08219,250.416
OUT_08220,137.531
OUT_08221,918.79
OUT_08222,1075.127
OUT_08223,115.698
OUT_08224,136.069
OUT_08225,969.811
OUT_08226,1964.355
OUT_08227,927.848
OUT_08228,1008.397
OUT_08229,154.69
OUT_08230,309.199
OUT_08231,1961.744
OUT_08232,96.417
OUT_08233,928.082
OUT_08234,1047.561
OUT_08235,103.567
OUT_08236,158.213
OUT_08237,932.312
OUT_08238,321.842
OUT_08239,254.88
OUT_08240,123.285
OUT_08241,947.063
OUT_08242,113.199
OUT_08243,968.919
OUT_08244,77.847
OUT_08245,99.644
OUT_08246,101.681
OUT_08247,327.124
OUT_08248,115.613
OUT_08249,135.747
OUT_08250,115.523
OUT_08251,302.076
OUT_08252,122.094
OUT_08253,114.586
OUT_08254,330.411
OUT_08255,282.315
OUT_08256,133.775
OUT_08257,315.768
OUT_08258,313.522
OUT_08259,241.515
OUT_08260,885.657
OUT_08261,971.092
OUT_08262,274.925
OUT_08263,109.049
OUT_08264,315.237
OUT_08265,115.823
OUT_08266,61.095
OUT_08267,294.491
OUT_08268,155.813
OUT_08269,115.415
OUT_08270,276.066
OUT_08271,1003.158
OUT_08272,336.668
OUT_08273,976.41
OUT_08274,111.291
OUT_08275,918.346
OUT_08276,103.756
OUT_08277,214.291
OUT_08278,2056.817
OUT_08279,320.742
OUT_08280,944.7
OUT_08281,903.445
OUT_08282,124.048
OUT_08283,92.215
OUT_08284,134.692
OUT_08285,137.47
OUT_08286,291.62
OUT_08287,312.84
OUT_08288,289.346
OUT_08289,142.311
OUT_08290,135.649
OUT_08291,117.097
OUT_08292,997.541
OUT_08293,81.225
OUT_08294,281.891
OUT_08295,105.477
OUT_08296,2093.942
OUT_08297,114.791
OUT_08298,2034.028
OUT_08299,92.967
OUT_08300,324.915
OUT_08301,193.537
OUT_08302,109.617
OUT_08303,302.067
OUT_08304,2631.176
OUT_08305,985.699
OUT_08306,123.526
OUT_08307,1158.27
OUT_08308,339.568
OUT_08309,322.024
OUT_08310,305.065
OUT_08311,102.637
OUT_08312,138.446
OUT_08313,924.809
OUT_08314,107.843
OUT_08315,115.754
OUT_08316,122.011
OUT_08317,141.891
OUT_08318,101.107
OUT_08319,287.24
OUT_08320,302.717
OUT_08321,289.052
OUT_08322,131.491
OUT_08323,260.975
OUT_08324,105.977
OUT_08325,288.121
OUT_08326,310.453
OUT_08327,922.478
OUT_08328,324.776
OUT_08329,309.668
OUT_08330,915.543
OUT_08331,926.13
OUT_08332,887.687
OUT_08333,88.434
OUT_08334,159.648
OUT_08335,256.694
OUT_08336,142.654
OUT_08337,96.052
OUT_08338,315.308
OUT_08339,151.056
OUT_08340,337.225
OUT_08341,104.688
OUT_08342,347.865
OUT_08343,147.444
OUT_08344,115.838
OUT_08345,88.033
OUT_08346,261.958
OUT_08347,915.487
OUT_08348,1091.375
OUT_08349,70.704
OUT_08350,90.603
OUT_08351,215.027
OUT_08352,142.363
OUT_08353,93.617
OUT_08354,135.778
OUT_08355,952.141
OUT_08356,350.003
OUT_08357,254.333
OUT_08358,302.039
OUT_08359,119.421
OUT_08360,1027.108
OUT_08361,337.383
OUT_08362,911.08
OUT_08363,112.247
OUT_08364,113.823
OUT_08365,84.454
OUT_08366,135.848
OUT_08367,72.285
OUT_08368,82.283
OUT_08369,104.582
OUT_08370,109.124
OUT_08371,294.507
OUT_08372,126.258
OUT_08373,85.063
OUT_08374,147.311
OUT_08375,113.693
OUT_08376,109.368
OUT_08377,261.836
OUT_08378,272.963
OUT_08379,107.016
OUT_08380,314.665
OUT_08381,106.586
OUT_08382,907.863
OUT_08383,88.976
OUT_08384,108.293
OUT_08385,131.867
OUT_08386,266.436
OUT_08387,357.703
OUT_08388,273.375
OUT_08389,114.42
OUT_08390,262.508
OUT_08391,94.899
OUT_08392,108.202
OUT_08393,76.783
OUT_08394,81.431
OUT_08395,104.832
OUT_08396,325.112
OUT_08397,75.207
OUT_08398,234.668
OUT_08399,104.119
OUT_08400,977.908
OUT_08401,123.93
OUT_08402,2014.089
OUT_08403,143.256
OUT_08404,99.511
OUT_08405,126.688
OUT_08406,333.885
OUT_08407,141.47
OUT_08408,869.418
OUT_08409,88.433
OUT_08410,122.035
OUT_08411,358.192
OUT_08412,78.761
OUT_08413,254.048
OUT_08414,310.203
OUT_08415,96.183
OUT_08416,90.362
OUT_08417,92.822
OUT_08418,125.797
OUT_08419,138.806
OUT_08420,142.193
OUT_08421,220.692
OUT_08422,240.017
OUT_08423,96.338
OUT_08424,110.163
OUT_08425,117.055
OUT_08426,137.755
OUT_08427,951.878
OUT_08428,138.186
OUT_08429,164.569
OUT_08430,133.65
OUT_08431,116.137
OUT_08432,2057.378
OUT_08433,120.307
OUT_08434,83.51
OUT_08435,100.855
OUT_08436,322.729
OUT_08437,1013.363
OUT_08438,922.913
OUT_08439,147.69
OUT_08440,140.599
OUT_08441,80.932
OUT_08442,2048.519
OUT_08443,305.188
OUT_08444,250.148
OUT_08445,112.361
OUT_08446,290.373
OUT_08447,97.58
OUT_08448,347.435
OUT_08449,932.462
OUT_08450,106.625
OUT_08451,284.339
OUT_08452,2045.433
OUT_08453,131.102
OUT_08454,101.705
OUT_08455,937.208
OUT_08456,108.638
OUT_08457,999.765
OUT_08458,970.929
OUT_08459,237.412
OUT_08460,82.375
OUT_08461,307.941
OUT_08462,96.663
OUT_08463,342.423
OUT_08464,814.052
OUT_08465,291.85
OUT_08466,337.629
OUT_08467,120.322
OUT_08468,293.693
OUT_08469,286.658
OUT_08470,318.358
OUT_08471,100.475
OUT_08472,309.849
OUT_08473,337.734
OUT_08474,978.58
OUT_08475,93.771
OUT_08476,150.672
OUT_08477,970.532
OUT_08478,129.341
OUT_08479,244.89
OUT_08480,199.472
OUT_08481,100.671
OUT_08482,304.173
OUT_08483,106.311
OUT_08484,2150.382
OUT_08485,2001.958
OUT_08486,111.524
OUT_08487,113.315
OUT_08488,104.755
OUT_08489,971.123
OUT_08490,295.994
OUT_08491,291.672
OUT_08492,365.598
OUT_08493,889.694
OUT_08494,143.246
OUT_08495,100.205
OUT_08496,962.531
OUT_08497,123.976
OUT_08498,101.807
OUT_08499,122.662
OUT_08500,96.714
OUT_08501,151.569
OUT_08502,813.177
OUT_08503,107.079
OUT_08504,318.831
OUT_08505,166.824
OUT_08506,876.301
OUT_08507,135.374
OUT_08508,321.431
OUT_08509,103.654
OUT_08510,146.788
OUT_08511,62.291
OUT_08512,947.388
OUT_08513,152.223
OUT_08514,151.62
OUT_08515,340.792
OUT_08516,105.001
OUT_08517,940.934
OUT_08518,289.683
OUT_08519,102.951
OUT_08520,127.617
OUT_08521,111.818
OUT_08522,88.39
OUT_08523,324.658
OUT_08524,349.588
OUT_08525,297.818
OUT_08526,2012.8
OUT_08527,137.186
OUT_08528,76.013
OUT_08529,98.333
OUT_08530,393.176
OUT_08531,106.567
OUT_08532,281.918
OUT_08533,127.807
OUT_08534,97.879
OUT_08535,97.865
OUT_08536,112.931
OUT_08537,832.612
OUT_08538,109.106
OUT_08539,323.769
OUT_08540,955.742
OUT_08541,384.408
OUT_08542,110.041
OUT_08543,255.528
OUT_08544,886.429
OUT_08545,123.447
OUT_08546,114.349
OUT_08547,136.003
OUT_08548,99.894
OUT_08549,1999.922
OUT_08550,868.096
OUT_08551,130.756
OUT_08552,975.645
OUT_08553,342.898
OUT_08554,79.641
OUT_08555,941.242
OUT_08556,317.183
OUT_08557,101.566
OUT_08558,122.863
OUT_08559,711.974
OUT_08560,248.735
OUT_08561,248.718
OUT_08562,109.324
OUT_08563,319.058
OUT_08564,865.519
OUT_08565,962.032
OUT_08566,306.037
OUT_08567,118.506
OUT_08568,907.669
OUT_08569,109.474
OUT_08570,106.168
OUT_08571,175.228
OUT_08572,88.493
OUT_08573,305.168
OUT_08574,266.34
OUT_08575,228.872
OUT_08576,97.603
OUT_08577,281.518
OUT_08578,318.089
OUT_08579,110.841
OUT_08580,111.738
OUT_08581,339.863
OUT_08582,314.048
OUT_08583,1987.927
OUT_08584,114.899
OUT_08585,109.777
OUT_08586,159.927
OUT_08587,141.521
OUT_08588,293.097
OUT_08589,116.51
OUT_08590,249.849
OUT_08591,164.977
OUT_08592,332.276
OUT_08593,101.627
OUT_08594,104.889
OUT_08595,337.719
OUT_08596,298.652
OUT_08597,51.387
OUT_08598,90.171
OUT_08599,116.177
OUT_08600,88.497
OUT_08601,131.059
OUT_08602,352.961
OUT_08603,834.821
OUT_08604,89.188
OUT_08605,113.996
OUT_08606,897.429
OUT_08607,107.539
OUT_08608,296.072
OUT_08609,99.352
OUT_08610,94.116
OUT_08611,271.262
OUT_08612,121.051
OUT_08613,318.377
OUT_08614,2029.197
OUT_08615,109.939
OUT_08616,130.913
OUT_08617,116.543
OUT_08618,262.353
OUT_08619,1204.75
OUT_08620,126.836
OUT_08621,145.563
OUT_08622,100.43
OUT_08623,267.635
OUT_08624,114.299
OUT_08625,1879.278
OUT_08626,229.946
OUT_08627,125.894
OUT_08628,107.231
OUT_08629,128.064
OUT_08630,993.628
OUT_08631,1014.47
OUT_08632,92.241
OUT_08633,136.42
OUT_08634,140.322
OUT_08635,87.085
OUT_08636,2001.845
OUT_08637,132.0
OUT_08638,339.536
OUT_08639,123.321
OUT_08640,267.714
OUT_08641,299.385
OUT_08642,1039.093
OUT_08643,311.112
OUT_08644,124.95
OUT_08645,87.011
OUT_08646,138.755
OUT_08647,1077.668
OUT_08648,261.814
OUT_08649,106.768
OUT_08650,236.297
OUT_08651,2179.163
OUT_08652,969.474
OUT_08653,981.272
OUT_08654,112.644
OUT_08655,331.443
OUT_08656,255.221
OUT_08657,346.057
OUT_08658,949.893
OUT_08659,102.462
OUT_08660,2147.258
OUT_08661,107.471
OUT_08662,101.532
OUT_08663,98.493
OUT_08664,76.239
OUT_08665,1009.219
OUT_08666,1996.531
OUT_08667,132.197
OUT_08668,146.757
OUT_08669,140.655
OUT_08670,980.444
OUT_08671,115.527
OUT_08672,105.56
OUT_08673,985.949
OUT_08674,321.122
OUT_08675,106.246
OUT_08676,2326.271
OUT_08677,77.19
OUT_08678,130.93
OUT_08679,284.56
OUT_08680,336.888
OUT_08681,113.186
OUT_08682,925.228
OUT_08683,115.177
OUT_08684,114.94
OUT_08685,119.968
OUT_08686,309.312
OUT_08687,133.555
OUT_08688,101.244
OUT_08689,89.39
OUT_08690,99.472
OUT_08691,280.762
OUT_08692,259.102
OUT_08693,322.706
OUT_08694,338.668
OUT_08695,927.635
OUT_08696,121.791
OUT_08697,99.757
OUT_08698,337.456
OUT_08699,339.882
OUT_08700,373.984
OUT_08701,295.227
OUT_08702,264.662
OUT_08703,104.983
OUT_08704,982.093
OUT_08705,290.177
OUT_08706,143.216
OUT_08707,96.579
OUT_08708,901.586
OUT_08709,126.829
OUT_08710,102.294
OUT_08711,130.085
OUT_08712,107.7
OUT_08713,109.253
OUT_08714,250.357
OUT_08715,92.029
OUT_08716,2087.318
OUT_08717,302.827
OUT_08718,113.031
OUT_08719,308.546
OUT_08720,104.162
OUT_08721,886.507
OUT_08722,259.771
OUT_08723,336.825
OUT_08724,98.303
OUT_08725,83.951
OUT_08726,102.604
OUT_08727,117.299
OUT_08728,345.884
OUT_08729,168.868
OUT_08730,118.736
OUT_08731,87.884
OUT_08732,137.271
OUT_08733,146.297
OUT_08734,188.687
OUT_08735,359.513
OUT_08736,870.649
OUT_08737,114.933
OUT_08738,289.657
OUT_08739,1931.267
OUT_08740,109.496
OUT_08741,86.31
OUT_08742,83.812
OUT_08743,106.167
OUT_08744,123.661
OUT_08745,296.143
OUT_08746,132.106
OUT_08747,121.334
OUT_08748,103.481
OUT_08749,357.731
OUT_08750,276.038
OUT_08751,258.768
OUT_08752,129.866
OUT_08753,938.13
OUT_08754,108.885
OUT_08755,61.229
OUT_08756,943.271
OUT_08757,88.957
OUT_08758,106.484
OUT_08759,975.443
OUT_08760,108.664
OUT_08761,941.329
OUT_08762,111.616
OUT_08763,297.734
OUT_08764,863.839
OUT_08765,116.581
OUT_08766,127.269
OUT_08767,911.151
OUT_08768,106.42
OUT_08769,105.24
OUT_08770,309.778
OUT_08771,244.828
OUT_08772,240.636
OUT_08773,104.877
OUT_08774,80.509
OUT_08775,329.679
OUT_08776,1001.856
OUT_08777,127.305
OUT_08778,102.146
OUT_08779,112.21
OUT_08780,1003.013
OUT_08781,319.118
OUT_08782,324.449
OUT_08783,972.038
OUT_08784,231.705
OUT_08785,1020.384
OUT_08786,98.334
OUT_08787,220.071
OUT_08788,98.937
OUT_08789,981.755
OUT_08790,113.684
OUT_08791,295.159
OUT_08792,80.437
OUT_08793,117.347
OUT_08794,277.085
OUT_08795,121.019
OUT_08796,180.974
OUT_08797,104.711
OUT_08798,101.416
OUT_08799,132.009
OUT_08800,139.554
OUT_08801,338.847
OUT_08802,120.541
OUT_08803,297.629
OUT_08804,142.688
OUT_08805,2017.387
OUT_08806,84.947
OUT_08807,295.978
OUT_08808,294.361
OUT_08809,88.861
OUT_08810,99.155
OUT_08811,123.899
OUT_08812,130.741
OUT_08813,99.232
OUT_08814,120.414
OUT_08815,960.412
OUT_08816,90.794
OUT_08817,257.978
OUT_08818,349.816
OUT_08819,263.821
OUT_08820,93.54
OUT_08821,242.398
OUT_08822,320.948
OUT_08823,279.902
OUT_08824,117.825
OUT_08825,125.113
OUT_08826,988.897
OUT_08827,2130.006
OUT_08828,116.259
OUT_08829,87.917
OUT_08830,105.842
OUT_08831,1981.326
OUT_08832,128.621
OUT_08833,97.704
OUT_08834,137.859
OUT_08835,2049.181
OUT_08836,99.809
OUT_08837,262.767
OUT_08838,299.134
OUT_08839,127.084
OUT_08840,982.929
OUT_08841,1233.783
OUT_08842,133.185
OUT_08843,956.18
OUT_08844,332.116
OUT_08845,239.996
OUT_08846,370.288
OUT_08847,281.6
OUT_08848,300.634
OUT_08849,360.955
OUT_08850,938.409
OUT_08851,117.903
OUT_08852,129.101
OUT_08853,1011.801
OUT_08854,103.414
OUT_08855,922.05
OUT_08856,122.262
OUT_08857,257.186
OUT_08858,300.596
OUT_08859,89.575
OUT_08860,827.251
OUT_08861,105.157
OUT_08862,129.966
OUT_08863,86.21
OUT_08864,228.096
OUT_08865,296.592
OUT_08866,100.548
OUT_08867,72.538
OUT_08868,116.675
OUT_08869,303.17
OUT_08870,138.12
OUT_08871,1363.62
OUT_08872,2034.639
OUT_08873,141.573
OUT_08874,161.88
OUT_08875,333.274
OUT_08876,129.241
OUT_08877,932.598
OUT_08878,338.681
OUT_08879,274.326
OUT_08880,121.774
OUT_08881,106.979
OUT_08882,112.362
OUT_08883,1056.039
OUT_08884,887.793
OUT_08885,118.317
OUT_08886,915.703
OUT_08887,261.149
OUT_08888,66.858
OUT_08889,108.775
OUT_08890,138.086
OUT_08891,945.596
OUT_08892,303.749
OUT_08893,324.165
OUT_08894,146.047
OUT_08895,947.625
OUT_08896,106.451
OUT_08897,305.158
OUT_08898,1051.234
OUT_08899,309.032
OUT_08900,118.44
OUT_08901,146.585
OUT_08902,338.538
OUT_08903,88.946
OUT_08904,141.672
OUT_08905,105.271
OUT_08906,312.261
OUT_08907,300.327
OUT_08908,148.151
OUT_08909,104.776
OUT_08910,942.692
OUT_08911,97.63
OUT_08912,224.447
OUT_08913,902.758
OUT_08914,999.893
OUT_08915,124.475
OUT_08916,120.311
OUT_08917,86.224
OUT_08918,293.269
OUT_08919,143.248
OUT_08920,127.152
OUT_08921,1173.431
OUT_08922,313.316
OUT_08923,153.366
OUT_08924,320.132
OUT_08925,1055.831
OUT_08926,165.381
OUT_08927,260.763
OUT_08928,935.511
OUT_08929,2009.802
OUT_08930,129.154
OUT_08931,86.315
OUT_08932,95.612
OUT_08933,300.745
OUT_08934,264.15
OUT_08935,312.123
OUT_08936,86.831
OUT_08937,170.341
OUT_08938,1015.221
OUT_08939,88.722
OUT_08940,86.622
OUT_08941,115.997
OUT_08942,121.988
OUT_08943,118.746
OUT_08944,749.247
OUT_08945,118.48
OUT_08946,936.774
OUT_08947,909.915
OUT_08948,123.294
OUT_08949,227.481
OUT_08950,294.912
OUT_08951,109.46
OUT_08952,100.799
OUT_08953,78.049
OUT_08954,127.214
OUT_08955,76.145
OUT_08956,138.912
OUT_08957,104.126
OUT_08958,950.335
OUT_08959,323.841
OUT_08960,78.511
OUT_08961,111.756
OUT_08962,105.704
OUT_08963,75.215
OUT_08964,918.79
OUT_08965,1000.564
OUT_08966,288.221
OUT_08967,112.835
OUT_08968,340.1
OUT_08969,961.505
OUT_08970,371.166
OUT_08971,145.897
OUT_08972,92.598
OUT_08973,173.644
OUT_08974,299.137
OUT_08975,101.756
OUT_08976,134.559
OUT_08977,103.943
OUT_08978,861.715
OUT_08979,947.392
OUT_08980,114.171
OUT_08981,90.454
OUT_08982,150.592
OUT_08983,260.403
OUT_08984,116.223
OUT_08985,105.897
OUT_08986,867.937
OUT_08987,241.811
OUT_08988,99.049
OUT_08989,110.381
OUT_08990,102.912
OUT_08991,289.108
OUT_08992,885.471
OUT_08993,68.451
OUT_08994,315.069
OUT_08995,2107.511
OUT_08996,89.392
OUT_08997,348.274
OUT_08998,308.558
OUT_08999,299.467
OUT_09000,86.177
OUT_09001,134.773
OUT_09002,143.745
OUT_09003,92.645
OUT_09004,104.882
OUT_09005,91.42
OUT_09006,2048.183
OUT_09007,2092.123
OUT_09008,135.23
OUT_09009,115.077
OUT_09010,969.095
OUT_09011,994.475
OUT_09012,1946.615
OUT_09013,141.086
OUT_09014,916.849
OUT_09015,2187.703
OUT_09016,152.791
OUT_09017,134.417
OUT_09018,149.354
OUT_09019,100.061
OUT_09020,116.277
OUT_09021,113.499
OUT_09022,358.085
OUT_09023,111.886
OUT_09024,2200.419
OUT_09025,324.174
OUT_09026,125.212
OUT_09027,133.683
OUT_09028,319.173
OUT_09029,142.401
OUT_09030,106.124
OUT_09031,97.274
OUT_09032,290.501
OUT_09033,114.723
OUT_09034,356.856
OUT_09035,351.365
OUT_09036,2247.65
OUT_09037,105.021
OUT_09038,302.819
OUT_09039,1025.22
OUT_09040,129.721
OUT_09041,310.551
OUT_09042,973.44
OUT_09043,983.233
OUT_09044,355.853
OUT_09045,305.726
OUT_09046,81.357
OUT_09047,931.53
OUT_09048,949.442
OUT_09049,93.881
OUT_09050,942.584
OUT_09051,952.744
OUT_09052,114.158
OUT_09053,408.655
OUT_09054,346.548
OUT_09055,189.491
OUT_09056,334.096
OUT_09057,301.715
OUT_09058,947.344
OUT_09059,136.973
OUT_09060,108.435
OUT_09061,139.793
OUT_09062,119.013
OUT_09063,141.676
OUT_09064,949.868
OUT_09065,294.251
OUT_09066,137.547
OUT_09067,139.11
OUT_09068,954.65
OUT_09069,359.887
OUT_09070,1023.945
OUT_09071,1072.778
OUT_09072,2021.028
OUT_09073,355.894
OUT_09074,948.521
OUT_09075,123.493
OUT_09076,331.055
OUT_09077,125.381
OUT_09078,355.778
OUT_09079,334.115
OUT_09080,106.832
OUT_09081,960.509
OUT_09082,149.452
OUT_09083,263.283
OUT_09084,134.472
OUT_09085,131.684
OUT_09086,89.61
OUT_09087,99.877
OUT_09088,134.917
OUT_09089,982.148
OUT_09090,317.142
OUT_09091,323.533
OUT_09092,91.703
OUT_09093,967.844
OUT_09094,318.278
OUT_09095,326.983
OUT_09096,326.117
OUT_09097,1018.658
OUT_09098,124.959
OUT_09099,305.019
OUT_09100,273.603
OUT_09101,285.03
OUT_09102,303.224
OUT_09103,109.722
OUT_09104,964.806
OUT_09105,144.485
OUT_09106,264.35
OUT_09107,95.475
OUT_09108,360.474
OUT_09109,109.759
OUT_09110,884.636
OUT_09111,2037.808
OUT_09112,376.347
OUT_09113,166.422
OUT_09114,291.317
OUT_09115,132.685
OUT_09116,168.111
OUT_09117,287.994
OUT_09118,167.985
OUT_09119,244.807
OUT_09120,916.627
OUT_09121,121.023
OUT_09122,964.652
OUT_09123,326.242
OUT_09124,109.926
OUT_09125,91.164
OUT_09126,144.053
OUT_09127,125.798
OUT_09128,326.556
OUT_09129,119.61
OUT_09130,108.26
OUT_09131,299.674
OUT_09132,120.149
OUT_09133,97.613
OUT_09134,1303.471
OUT_09135,113.288
OUT_09136,137.201
OUT_09137,96.717
OUT_09138,145.223
OUT_09139,297.595
OUT_09140,118.104
OUT_09141,118.129
OUT_09142,390.844
OUT_09143,310.353
OUT_09144,140.671
OUT_09145,148.295
OUT_09146,314.367
OUT_09147,108.974
OUT_09148,116.545
OUT_09149,83.312
OUT_09150,122.641
OUT_09151,976.291
OUT_09152,84.46
OUT_09153,97.209
OUT_09154,344.036
OUT_09155,88.015
OUT_09156,157.041
OUT_09157,197.686
OUT_09158,316.342
OUT_09159,260.431
OUT_09160,135.37
OUT_09161,131.197
OUT_09162,138.484
OUT_09163,109.768
OUT_09164,330.414
OUT_09165,301.843
OUT_09166,150.56
OUT_09167,293.285
OUT_09168,143.089
OUT_09169,124.153
OUT_09170,896.122
OUT_09171,100.776
OUT_09172,341.132
OUT_09173,93.272
OUT_09174,342.113
OUT_09175,332.54
OUT_09176,80.54
OUT_09177,130.215
OUT_09178,137.824
OUT_09179,135.139
OUT_09180,266.985
OUT_09181,285.05
OUT_09182,328.545
OUT_09183,938.207
OUT_09184,107.629
OUT_09185,992.159
OUT_09186,1023.17
OUT_09187,354.932
OUT_09188,340.879
OUT_09189,94.084
OUT_09190,313.109
OUT_09191,888.972
OUT_09192,343.604
OUT_09193,83.09
OUT_09194,125.95
OUT_09195,112.066
OUT_09196,82.128
OUT_09197,304.988
OUT_09198,949.368
OUT_09199,125.341
OUT_09200,915.125
OUT_09201,298.538
OUT_09202,159.616
OUT_09203,100.498
OUT_09204,295.078
OUT_09205,122.424
OUT_09206,95.6
OUT_09207,959.52
OUT_09208,116.047
OUT_09209,110.888
OUT_09210,341.39
OUT_09211,382.481
OUT_09212,133.731
OUT_09213,317.069
OUT_09214,1989.038
OUT_09215,1247.362
OUT_09216,2015.101
OUT_09217,946.624
OUT_09218,101.965
OUT_09219,230.092
OUT_09220,281.34
OUT_09221,2014.319
OUT_09222,107.1
OUT_09223,149.661
OUT_09224,273.044
OUT_09225,85.219
OUT_09226,115.336
OUT_09227,78.976
OUT_09228,119.966
OUT_09229,326.704
OUT_09230,116.536
OUT_09231,104.102
OUT_09232,976.688
OUT_09233,971.295
OUT_09234,100.422
OUT_09235,104.435
OUT_09236,998.058
OUT_09237,137.466
OUT_09238,307.696
OUT_09239,114.552
OUT_09240,98.248
OUT_09241,302.755
OUT_09242,123.723
OUT_09243,927.171
OUT_09244,262.781
OUT_09245,117.884
OUT_09246,149.247
OUT_09247,154.861
OUT_09248,128.092
OUT_09249,109.591
OUT_09250,308.337
OUT_09251,95.713
OUT_09252,110.266
OUT_09253,316.127
OUT_09254,97.015
OUT_09255,300.878
OUT_09256,250.029
OUT_09257,2058.37
OUT_09258,138.132
OUT_09259,969.654
OUT_09260,133.727
OUT_09261,97.26
OUT_09262,927.273
OUT_09263,930.397
OUT_09264,101.069
OUT_09265,929.707
OUT_09266,114.251
OUT_09267,369.57
OUT_09268,102.15
OUT_09269,167.786
OUT_09270,104.994
OUT_09271,284.246
OUT_09272,264.824
OUT_09273,134.086
OUT_09274,2095.927
OUT_09275,2881.758
OUT_09276,103.299
OUT_09277,289.637
OUT_09278,148.332
OUT_09279,134.584
OUT_09280,100.286
OUT_09281,144.838
OUT_09282,124.359
OUT_09283,324.281
OUT_09284,309.293
OUT_09285,82.89
OUT_09286,324.617
OUT_09287,121.548
OUT_09288,957.19
OUT_09289,147.445
OUT_09290,129.512
OUT_09291,299.184
OUT_09292,66.18
OUT_09293,295.897
OUT_09294,330.564
OUT_09295,143.99
OUT_09296,106.315
OUT_09297,877.367
OUT_09298,121.966
OUT_09299,113.374
OUT_09300,92.798
OUT_09301,318.487
OUT_09302,290.25
OUT_09303,2015.522
OUT_09304,966.357
OUT_09305,138.044
OUT_09306,94.614
OUT_09307,1028.904
OUT_09308,136.399
OUT_09309,122.929
OUT_09310,2060.023
OUT_09311,138.638
OUT_09312,100.851
OUT_09313,137.819
OUT_09314,342.29
OUT_09315,258.194
OUT_09316,339.749
OUT_09317,988.466
OUT_09318,963.469
OUT_09319,328.842
OUT_09320,996.376
OUT_09321,108.959
OUT_09322,150.664
OUT_09323,1989.652
OUT_09324,266.323
OUT_09325,113.812
OUT_09326,135.772
OUT_09327,128.901
OUT_09328,113.491
OUT_09329,101.747
OUT_09330,122.894
OUT_09331,312.19
OUT_09332,998.723
OUT_09333,97.799
OUT_09334,133.046
OUT_09335,120.587
OUT_09336,987.339
OUT_09337,113.825
OUT_09338,135.01
OUT_09339,108.823
OUT_09340,878.506
OUT_09341,184.904
OUT_09342,948.735
OUT_09343,354.868
OUT_09344,155.646
OUT_09345,134.757
OUT_09346,91.48
OUT_09347,378.641
OUT_09348,118.025
OUT_09349,281.66
OUT_09350,106.709
OUT_09351,254.31
OUT_09352,98.159
OUT_09353,106.232
OUT_09354,905.206
OUT_09355,269.384
OUT_09356,117.162
OUT_09357,961.897
OUT_09358,130.469
OUT_09359,104.861
OUT_09360,116.893
OUT_09361,124.558
OUT_09362,149.493
OUT_09363,109.938
OUT_09364,123.1
OUT_09365,973.975
OUT_09366,142.836
OUT_09367,147.495
OUT_09368,119.271
OUT_09369,1960.739
OUT_09370,277.77
OUT_09371,144.177
OUT_09372,318.036
OUT_09373,255.546
OUT_09374,145.621
OUT_09375,138.993
OUT_09376,166.221
OUT_09377,878.743
OUT_09378,126.659
OUT_09379,251.346
OUT_09380,317.961
OUT_09381,153.336
OUT_09382,274.388
OUT_09383,339.515
OUT_09384,79.531
OUT_09385,341.438
OUT_09386,326.935
OUT_09387,143.785
OUT_09388,283.219
OUT_09389,92.192
OUT_09390,2025.809
OUT_09391,312.661
OUT_09392,97.217
OUT_09393,94.972
OUT_09394,336.865
OUT_09395,150.854
OUT_09396,558.949
OUT_09397,308.295
OUT_09398,302.449
OUT_09399,334.802
OUT_09400,1401.406
OUT_09401,351.72
OUT_09402,111.947
OUT_09403,165.586
OUT_09404,287.21
OUT_09405,349.609
OUT_09406,119.64
OUT_09407,997.029
OUT_09408,133.079
OUT_09409,145.206
OUT_09410,950.081
OUT_09411,370.82
OUT_09412,103.665
OUT_09413,120.458
OUT_09414,303.635
OUT_09415,103.607
OUT_09416,170.807
OUT_09417,302.527
OUT_09418,324.094
OUT_09419,102.311
OUT_09420,112.803
OUT_09421,200.013
OUT_09422,1963.454
OUT_09423,227.084
OUT_09424,410.478
OUT_09425,271.666
OUT_09426,107.376
OUT_09427,330.948
OUT_09428,156.273
OUT_09429,298.119
OUT_09430,375.614
OUT_09431,144.515
OUT_09432,127.363
OUT_09433,102.452
OUT_09434,120.397
OUT_09435,88.446
OUT_09436,366.198
OUT_09437,135.847
OUT_09438,118.647
OUT_09439,204.555
OUT_09440,113.676
OUT_09441,110.757
OUT_09442,317.357
OUT_09443,102.996
OUT_09444,107.065
OUT_09445,2025.362
OUT_09446,264.116
OUT_09447,307.927
OUT_09448,975.878
OUT_09449,163.108
OUT_09450,900.971
OUT_09451,110.138
OUT_09452,242.512
OUT_09453,129.611
OUT_09454,109.517
OUT_09455,340.553
OUT_09456,110.108
OUT_09457,121.697
OUT_09458,337.052
OUT_09459,96.074
OUT_09460,144.109
OUT_09461,270.917
OUT_09462,97.724
OUT_09463,955.612
OUT_09464,146.364
OUT_09465,132.011
OUT_09466,313.73
OUT_09467,133.671
OUT_09468,129.626
OUT_09469,896.494
OUT_09470,302.331
OUT_09471,363.979
OUT_09472,155.164
OUT_09473,134.043
OUT_09474,142.608
OUT_09475,104.198
OUT_09476,888.374
OUT_09477,886.626
OUT_09478,75.248
OUT_09479,431.288
OUT_09480,302.586
OUT_09481,314.544
OUT_09482,1978.0
OUT_09483,109.29
OUT_09484,793.568
OUT_09485,144.863
OUT_09486,150.344
OUT_09487,959.865
OUT_09488,115.512
OUT_09489,119.654
OUT_09490,88.012
OUT_09491,922.558
OUT_09492,301.459
OUT_09493,89.515
OUT_09494,101.916
OUT_09495,275.466
OUT_09496,139.613
OUT_09497,107.505
OUT_09498,280.959
OUT_09499,86.798
OUT_09500,158.809
OUT_09501,2895.887
OUT_09502,118.65
OUT_09503,97.436
OUT_09504,129.859
OUT_09505,307.377
OUT_09506,110.258
OUT_09507,342.771
OUT_09508,313.696
OUT_09509,993.556
OUT_09510,311.814
OUT_09511,150.048
OUT_09512,89.848
OUT_09513,101.058
OUT_09514,131.995
OUT_09515,1411.607
OUT_09516,134.903
OUT_09517,147.163
OUT_09518,287.47
OUT_09519,830.551
OUT_09520,263.703
OUT_09521,135.846
OUT_09522,135.284
OUT_09523,1949.978
OUT_09524,323.47
OUT_09525,340.927
OUT_09526,90.53
OUT_09527,104.631
OUT_09528,126.113
OUT_09529,324.824
OUT_09530,154.967
OUT_09531,140.653
OUT_09532,135.229
OUT_09533,2009.94
OUT_09534,124.163
OUT_09535,146.667
OUT_09536,103.645
OUT_09537,291.496
OUT_09538,157.077
OUT_09539,132.956
OUT_09540,910.053
OUT_09541,287.308
OUT_09542,285.081
OUT_09543,368.597
OUT_09544,77.158
OUT_09545,320.159
OUT_09546,132.313
OUT_09547,295.415
OUT_09548,964.026
OUT_09549,89.377
OUT_09550,270.885
OUT_09551,334.268
OUT_09552,925.261
OUT_09553,293.129
OUT_09554,116.425
OUT_09555,117.729
OUT_09556,99.245
OUT_09557,96.252
OUT_09558,106.055
OUT_09559,332.218
OUT_09560,102.655
OUT_09561,205.526
OUT_09562,116.153
OUT_09563,162.557
OUT_09564,107.989
OUT_09565,110.846
OUT_09566,136.209
OUT_09567,343.068
OUT_09568,924.182
OUT_09569,380.179
OUT_09570,961.013
OUT_09571,154.955
OUT_09572,244.549
OUT_09573,329.187
OUT_09574,130.418
OUT_09575,85.664
OUT_09576,1008.667
OUT_09577,83.023
OUT_09578,290.519
OUT_09579,883.809
OUT_09580,126.899
OUT_09581,1019.719
OUT_09582,2009.967
OUT_09583,946.78
OUT_09584,122.269
OUT_09585,1011.063
OUT_09586,2036.323
OUT_09587,89.91
OUT_09588,276.443
OUT_09589,294.856
OUT_09590,314.994
OUT_09591,324.596
OUT_09592,2044.581
OUT_09593,122.47
OUT_09594,251.665
OUT_09595,337.418
OUT_09596,129.065
OUT_09597,317.956
OUT_09598,154.333
OUT_09599,105.553
OUT_09600,993.787
OUT_09601,139.03
OUT_09602,103.236
OUT_09603,1143.002
OUT_09604,165.014
OUT_09605,335.054
OUT_09606,373.729
OUT_09607,890.118
OUT_09608,2067.608
OUT_09609,130.901
OUT_09610,280.154
OUT_09611,114.204
OUT_09612,114.361
OUT_09613,124.99
OUT_09614,1157.997
OUT_09615,267.092
OUT_09616,86.518
OUT_09617,97.854
OUT_09618,326.131
OUT_09619,136.681
OUT_09620,322.936
OUT_09621,96.494
OUT_09622,347.365
OUT_09623,126.105
OUT_09624,115.605
OUT_09625,120.673
OUT_09626,337.087
OUT_09627,284.937
OUT_09628,161.846
OUT_09629,281.804
OUT_09630,105.977
OUT_09631,376.18
OUT_09632,121.013
OUT_09633,287.471
OUT_09634,1928.887
OUT_09635,280.42
OUT_09636,984.972
OUT_09637,1076.682
OUT_09638,94.023
OUT_09639,158.839
OUT_09640,124.829
OUT_09641,101.9
OUT_09642,98.332
OUT_09643,348.262
OUT_09644,127.11
OUT_09645,107.345
OUT_09646,111.8
OUT_09647,277.58
OUT_09648,879.333
OUT_09649,282.062
OUT_09650,106.024
OUT_09651,81.735
OUT_09652,131.192
OUT_09653,265.831
OUT_09654,323.92
OUT_09655,79.003
OUT_09656,961.907
OUT_09657,128.923
OUT_09658,109.259
OUT_09659,106.5
OUT_09660,316.65
OUT_09661,284.358
OUT_09662,127.621
OUT_09663,128.198
OUT_09664,134.07
OUT_09665,266.278
OUT_09666,95.775
OUT_09667,326.076
OUT_09668,293.958
OUT_09669,107.681
OUT_09670,317.569
OUT_09671,295.808
OUT_09672,121.079
OUT_09673,315.9
OUT_09674,135.919
OUT_09675,112.865
OUT_09676,311.853
OUT_09677,117.195
OUT_09678,107.598
OUT_09679,182.608
OUT_09680,346.214
OUT_09681,81.901
OUT_09682,948.169
OUT_09683,345.414
OUT_09684,140.191
OUT_09685,139.361
OUT_09686,111.435
OUT_09687,135.532
OUT_09688,376.245
OUT_09689,131.589
OUT_09690,154.614
OUT_09691,113.604
OUT_09692,124.075
OUT_09693,347.97
OUT_09694,915.733
OUT_09695,305.764
OUT_09696,150.641
OUT_09697,350.255
OUT_09698,273.863
OUT_09699,168.387
OUT_09700,93.499
OUT_09701,151.0
OUT_09702,106.823
OUT_09703,116.937
OUT_09704,157.868
OUT_09705,259.983
OUT_09706,85.967
OUT_09707,2158.249
OUT_09708,105.816
OUT_09709,147.745
OUT_09710,2019.688
OUT_09711,315.538
OUT_09712,329.765
OUT_09713,139.121
OUT_09714,113.252
OUT_09715,1969.779
OUT_09716,985.15
OUT_09717,1014.495
OUT_09718,980.161
OUT_09719,894.773
OUT_09720,92.57
OUT_09721,286.717
OUT_09722,120.807
OUT_09723,327.665
OUT_09724,103.501
OUT_09725,113.018
OUT_09726,111.384
OUT_09727,1995.355
OUT_09728,162.019
OUT_09729,119.502
OUT_09730,143.979
OUT_09731,2160.051
OUT_09732,106.959
OUT_09733,82.437
OUT_09734,121.12
OUT_09735,133.103
OUT_09736,275.881
OUT_09737,97.378
OUT_09738,96.095
OUT_09739,144.292
OUT_09740,103.733
OUT_09741,107.15
OUT_09742,312.271
OUT_09743,148.706
OUT_09744,160.236
OUT_09745,133.475
OUT_09746,138.887
OUT_09747,106.374
OUT_09748,917.84
OUT_09749,130.07
OUT_09750,2056.367
OUT_09751,140.902
OUT_09752,122.415
OUT_09753,154.612
OUT_09754,353.937
OUT_09755,831.754
OUT_09756,289.214
OUT_09757,152.012
OUT_09758,340.167
OUT_09759,150.796
OUT_09760,120.673
OUT_09761,126.883
OUT_09762,942.427
OUT_09763,1283.293
OUT_09764,330.303
OUT_09765,116.036
OUT_09766,259.582
OUT_09767,153.584
OUT_09768,958.878
OUT_09769,117.55
OUT_09770,236.35
OUT_09771,149.973
OUT_09772,910.906
OUT_09773,293.67
OUT_09774,981.091
OUT_09775,87.879
OUT_09776,147.864
OUT_09777,277.712
OUT_09778,1979.627
OUT_09779,357.951
OUT_09780,2030.865
OUT_09781,126.267
OUT_09782,282.126
OUT_09783,978.383
OUT_09784,345.582
OUT_09785,88.769
OUT_09786,316.405
OUT_09787,994.482
OUT_09788,929.668
OUT_09789,107.908
OUT_09790,145.039
OUT_09791,121.668
OUT_09792,908.04
OUT_09793,136.984
OUT_09794,147.208
OUT_09795,968.369
OUT_09796,112.139
OUT_09797,155.338
OUT_09798,343.918
OUT_09799,292.424
OUT_09800,101.996
OUT_09801,104.095
OUT_09802,335.49
OUT_09803,140.741
OUT_09804,112.306
OUT_09805,126.242
OUT_09806,792.359
OUT_09807,324.628
OUT_09808,974.744
OUT_09809,130.909
OUT_09810,128.068
OUT_09811,889.921
OUT_09812,1949.753
OUT_09813,896.422
OUT_09814,123.09
OUT_09815,335.838
OUT_09816,130.902
OUT_09817,1953.011
OUT_09818,86.638
OUT_09819,142.548
OUT_09820,114.397
OUT_09821,108.635
OUT_09822,103.272
OUT_09823,334.052
OUT_09824,123.023
OUT_09825,105.198
OUT_09826,147.357
OUT_09827,290.936
OUT_09828,324.105
OUT_09829,941.288
OUT_09830,303.694
OUT_09831,148.812
OUT_09832,108.576
OUT_09833,98.41
OUT_09834,105.485
OUT_09835,275.633
OUT_09836,154.533
OUT_09837,2158.112
OUT_09838,111.758
OUT_09839,138.227
OUT_09840,920.57
OUT_09841,105.058
OUT_09842,132.755
OUT_09843,101.784
OUT_09844,122.23
OUT_09845,135.629
OUT_09846,111.918
OUT_09847,341.552
OUT_09848,339.834
OUT_09849,148.164
OUT_09850,116.224
OUT_09851,283.191
OUT_09852,302.801
OUT_09853,111.163
OUT_09854,130.108
OUT_09855,110.107
OUT_09856,139.495
OUT_09857,330.532
OUT_09858,147.535
OUT_09859,949.115
OUT_09860,113.466
OUT_09861,908.025
OUT_09862,371.199
OUT_09863,270.832
OUT_09864,147.153
OUT_09865,153.89
OUT_09866,105.86
OUT_09867,371.058
OUT_09868,960.295
OUT_09869,82.341
OUT_09870,250.918
OUT_09871,351.639
OUT_09872,129.533
OUT_09873,100.694
OUT_09874,948.179
OUT_09875,108.658
OUT_09876,303.963
OUT_09877,1010.624
OUT_09878,106.563
OUT_09879,147.336
OUT_09880,108.687
OUT_09881,320.301
OUT_09882,361.939
OUT_09883,253.384
OUT_09884,93.369
OUT_09885,160.327
OUT_09886,118.03
OUT_09887,306.775
OUT_09888,122.239
OUT_09889,103.438
OUT_09890,281.62
OUT_09891,128.319
OUT_09892,77.545
OUT_09893,302.3
OUT_09894,137.387
OUT_09895,118.399
OUT_09896,295.714
OUT_09897,144.958
OUT_09898,114.789
OUT_09899,127.681
OUT_09900,350.776
OUT_09901,75.431
OUT_09902,160.836
OUT_09903,2122.211
OUT_09904,88.126
OUT_09905,115.916
OUT_09906,153.459
OUT_09907,302.822
OUT_09908,245.776
OUT_09909,100.305
OUT_09910,104.221
OUT_09911,876.019
OUT_09912,992.643
OUT_09913,363.043
OUT_09914,938.657
OUT_09915,275.443
OUT_09916,330.681
OUT_09917,257.033
OUT_09918,161.663
OUT_09919,141.92
OUT_09920,176.837
OUT_09921,107.287
OUT_09922,1981.526
OUT_09923,99.121
OUT_09924,323.053
OUT_09925,328.665
OUT_09926,107.649
OUT_09927,344.627
OUT_09928,115.514
OUT_09929,291.319
OUT_09930,307.572
OUT_09931,146.961
OUT_09932,339.692
OUT_09933,1978.814
OUT_09934,948.075
OUT_09935,947.919
OUT_09936,135.378
OUT_09937,965.863
OUT_09938,96.354
OUT_09939,279.918
OUT_09940,98.756
OUT_09941,143.639
OUT_09942,98.297
OUT_09943,301.626
OUT_09944,106.726
OUT_09945,62.852
OUT_09946,995.727
OUT_09947,273.583
OUT_09948,110.496
OUT_09949,134.391
OUT_09950,119.052
OUT_09951,156.502
OUT_09952,941.858
OUT_09953,306.849
OUT_09954,108.996
OUT_09955,117.303
OUT_09956,320.782
OUT_09957,268.492
OUT_09958,106.297
OUT_09959,316.214
OUT_09960,123.623
OUT_09961,984.662
OUT_09962,110.447
OUT_09963,941.927
OUT_09964,315.952
OUT_09965,91.208
OUT_09966,969.718
OUT_09967,93.747
OUT_09968,318.831
OUT_09969,167.451
OUT_09970,121.655
OUT_09971,132.927
OUT_09972,349.018
OUT_09973,114.263
OUT_09974,141.922
OUT_09975,139.042
OUT_09976,81.452
OUT_09977,979.493
OUT_09978,263.1
OUT_09979,903.407
OUT_09980,94.511
OUT_09981,106.783
OUT_09982,2038.351
OUT_09983,136.199
OUT_09984,319.395
OUT_09985,365.549
OUT_09986,267.503
OUT_09987,923.596
OUT_09988,315.85
OUT_09989,957.502
OUT_09990,264.839
OUT_09991,102.434
OUT_09992,122.919
OUT_09993,140.256
OUT_09994,136.964
OUT_09995,113.071
OUT_09996,271.254
OUT_09997,295.311
OUT_09998,362.22
OUT_09999,146.082
OUT_10000,315.046
OUT_10001,112.462
OUT_10002,328.972
OUT_10003,290.316
OUT_10004,100.249
OUT_10005,160.217
OUT_10006,871.174
OUT_10007,2081.537
OUT_10008,159.619
OUT_10009,294.871
OUT_10010,104.253
OUT_10011,993.665
OUT_10012,110.858
OUT_10013,153.703
OUT_10014,117.983
OUT_10015,200.024
OUT_10016,145.036
OUT_10017,330.249
OUT_10018,144.321
OUT_10019,303.843
OUT_10020,87.423
OUT_10021,291.226
OUT_10022,282.155
OUT_10023,2994.568
OUT_10024,157.663
OUT_10025,288.12
OUT_10026,322.379
OUT_10027,116.277
OUT_10028,163.723
OUT_10029,134.899
OUT_10030,248.919
OUT_10031,95.195
OUT_10032,131.903
OUT_10033,126.867
OUT_10034,954.406
OUT_10035,122.671
OUT_10036,334.843
OUT_10037,313.564
OUT_10038,344.664
OUT_10039,131.95
OUT_10040,350.037
OUT_10041,991.025
OUT_10042,917.915
OUT_10043,275.64
OUT_10044,111.006
OUT_10045,122.146
OUT_10046,344.828
OUT_10047,132.495
OUT_10048,965.044
OUT_10049,109.766
OUT_10050,112.725
OUT_10051,2136.627
OUT_10052,126.275
OUT_10053,125.197
OUT_10054,116.808
OUT_10055,997.344
OUT_10056,92.47
OUT_10057,329.575
OUT_10058,948.594
OUT_10059,87.547
OUT_10060,914.962
OUT_10061,152.263
OUT_10062,129.045
OUT_10063,435.373
OUT_10064,356.136
OUT_10065,142.591
OUT_10066,125.822
OUT_10067,345.423
OUT_10068,329.945
OUT_10069,275.393
OUT_10070,117.516
OUT_10071,126.138
OUT_10072,107.616
OUT_10073,105.192
OUT_10074,346.88
OUT_10075,76.944
OUT_10076,968.853
OUT_10077,79.439
OUT_10078,304.503
OUT_10079,111.291
OUT_10080,105.377
OUT_10081,117.354
OUT_10082,321.668
OUT_10083,312.37
OUT_10084,92.053
OUT_10085,146.79
OUT_10086,285.585
OUT_10087,113.816
OUT_10088,963.869
OUT_10089,332.675
OUT_10090,882.952
OUT_10091,303.205
OUT_10092,145.483
OUT_10093,142.807
OUT_10094,152.289
OUT_10095,271.032
OUT_10096,899.703
OUT_10097,146.859
OUT_10098,104.022
OUT_10099,99.533
OUT_10100,151.974
OUT_10101,294.437
OUT_10102,109.708
OUT_10103,239.855
OUT_10104,1028.589
OUT_10105,1992.564
OUT_10106,137.012
OUT_10107,963.084
OUT_10108,962.749
OUT_10109,118.084
OUT_10110,271.304
OUT_10111,296.612
OUT_10112,133.016
OUT_10113,93.786
OUT_10114,406.076
OUT_10115,133.561
OUT_10116,1929.851
OUT_10117,150.199
OUT_10118,102.536
OUT_10119,277.193
OUT_10120,310.702
OUT_10121,380.404
OUT_10122,106.877
OUT_10123,251.765
OUT_10124,1061.318
OUT_10125,115.767
OUT_10126,117.896
OUT_10127,274.938
OUT_10128,334.204
OUT_10129,192.32
OUT_10130,977.586
OUT_10131,1983.132
OUT_10132,311.693
OUT_10133,354.847
OUT_10134,1007.796
OUT_10135,147.756
OUT_10136,132.695
OUT_10137,99.496
OUT_10138,111.766
OUT_10139,294.421
OUT_10140,951.294
OUT_10141,284.349
OUT_10142,2097.069
OUT_10143,93.7
OUT_10144,319.107
OUT_10145,303.023
OUT_10146,288.686
OUT_10147,113.941
OUT_10148,294.354
OUT_10149,312.394
OUT_10150,96.346
OUT_10151,89.623
OUT_10152,86.353
OUT_10153,288.393
OUT_10154,313.34
OUT_10155,297.585
OUT_10156,124.689
OUT_10157,853.379
OUT_10158,144.487
OUT_10159,1000.588
OUT_10160,334.646
OUT_10161,244.161
OUT_10162,104.326
OUT_10163,347.411
OUT_10164,916.149
OUT_10165,900.595
OUT_10166,114.8
OUT_10167,997.785
OUT_10168,959.45
OUT_10169,108.779
OUT_10170,111.615
OUT_10171,301.149
OUT_10172,111.439
OUT_10173,261.826
OUT_10174,2098.932
OUT_10175,239.313
OUT_10176,133.678
OUT_10177,356.35
OUT_10178,863.253
OUT_10179,147.208
OUT_10180,306.278
OUT_10181,1028.041
OUT_10182,393.892
OUT_10183,870.098
OUT_10184,894.762
OUT_10185,1236.789
OUT_10186,108.932
OUT_10187,319.883
OUT_10188,334.222
OUT_10189,127.317
OUT_10190,855.426
OUT_10191,86.122
OUT_10192,319.692
OUT_10193,971.423
OUT_10194,138.496
OUT_10195,320.06
OUT_10196,1390.168
OUT_10197,134.674
OUT_10198,127.276
OUT_10199,477.014
OUT_10200,113.033
OUT_10201,132.418
OUT_10202,302.458
OUT_10203,97.916
OUT_10204,266.926
OUT_10205,103.634
OUT_10206,887.028
OUT_10207,305.586
OUT_10208,1012.63
OUT_10209,292.988
OUT_10210,307.537
OUT_10211,263.596
OUT_10212,349.898
OUT_10213,1951.599
OUT_10214,322.649
OUT_10215,2071.899
OUT_10216,138.467
OUT_10217,347.632
OUT_10218,964.257
OUT_10219,99.628
OUT_10220,154.368
OUT_10221,112.644
OUT_10222,340.711
OUT_10223,123.575
OUT_10224,109.244
OUT_10225,146.012
OUT_10226,313.796
OUT_10227,905.915
OUT_10228,102.055
OUT_10229,1017.612
OUT_10230,102.712
OUT_10231,961.081
OUT_10232,133.985
OUT_10233,303.432
OUT_10234,304.524
OUT_10235,969.56
OUT_10236,140.81
OUT_10237,314.834
OUT_10238,331.078
OUT_10239,336.022
OUT_10240,92.034
OUT_10241,120.883
OUT_10242,309.739
OUT_10243,990.928
OUT_10244,2186.584
OUT_10245,111.648
OUT_10246,273.003
OUT_10247,323.475
OUT_10248,1049.926
OUT_10249,277.336
OUT_10250,1305.504
OUT_10251,115.42
OUT_10252,145.278
OUT_10253,303.363
OUT_10254,970.377
OUT_10255,88.321
OUT_10256,297.42
OUT_10257,96.407
OUT_10258,87.73
OUT_10259,960.924
OUT_10260,970.705
OUT_10261,145.716
OUT_10262,939.706
OUT_10263,324.955
OUT_10264,109.52
OUT_10265,342.791
OUT_10266,251.272
OUT_10267,341.201
OUT_10268,902.892
OUT_10269,147.888
OUT_10270,102.062
OUT_10271,95.103
OUT_10272,90.696
OUT_10273,101.517
OUT_10274,966.722
OUT_10275,306.08
OUT_10276,123.981
OUT_10277,78.253
OUT_10278,108.664
OUT_10279,294.897
OUT_10280,110.993
OUT_10281,139.281
OUT_10282,980.622
OUT_10283,1014.958
OUT_10284,275.385
OUT_10285,98.899
OUT_10286,344.369
OUT_10287,115.754
OUT_10288,355.103
OUT_10289,103.045
OUT_10290,138.014
OUT_10291,928.152
OUT_10292,265.024
OUT_10293,159.403
OUT_10294,2075.99
OUT_10295,65.869
OUT_10296,319.241
OUT_10297,333.105
OUT_10298,276.725
OUT_10299,2021.307
OUT_10300,105.761
OUT_10301,299.921
OUT_10302,994.52
OUT_10303,934.589
OUT_10304,388.693
OUT_10305,132.878
OUT_10306,153.282
OUT_10307,106.991
OUT_10308,1082.299
OUT_10309,103.785
OUT_10310,961.086
OUT_10311,311.573
OUT_10312,360.84
OUT_10313,135.264
OUT_10314,345.364
OUT_10315,135.679
OUT_10316,1046.335
OUT_10317,358.368
OUT_10318,350.308
OUT_10319,311.08
OUT_10320,110.67
OUT_10321,124.21
OUT_10322,87.117
OUT_10323,226.137
OUT_10324,78.082
OUT_10325,307.04
OUT_10326,127.726
OUT_10327,875.736
OUT_10328,341.536
OUT_10329,145.466
OUT_10330,128.13
OUT_10331,149.415
OUT_10332,95.845
OUT_10333,75.643
OUT_10334,1033.986
OUT_10335,924.698
OUT_10336,313.09
OUT_10337,123.799
OUT_10338,97.118
OUT_10339,124.109
OUT_10340,364.474
OUT_10341,128.926
OUT_10342,238.019
OUT_10343,2053.272
OUT_10344,89.097
OUT_10345,308.162
OUT_10346,918.799
OUT_10347,145.957
OUT_10348,92.272
OUT_10349,1034.496
OUT_10350,907.418
OUT_10351,142.66
OUT_10352,974.146
OUT_10353,97.054
OUT_10354,109.93
OUT_10355,986.301
OUT_10356,144.861
OUT_10357,115.831
OUT_10358,307.085
OUT_10359,137.81
OUT_10360,324.041
OUT_10361,392.694
OUT_10362,360.36
OUT_10363,234.607
OUT_10364,346.117
OUT_10365,373.445
OUT_10366,335.605
OUT_10367,110.091
OUT_10368,138.745
OUT_10369,165.032
OUT_10370,330.365
OUT_10371,96.797
OUT_10372,994.681
OUT_10373,156.967
OUT_10374,970.237
OUT_10375,969.429
OUT_10376,116.291
OUT_10377,130.376
OUT_10378,77.556
OUT_10379,103.168
OUT_10380,329.425
OUT_10381,995.772
OUT_10382,955.197
OUT_10383,132.942
OUT_10384,123.49
OUT_10385,289.888
OUT_10386,121.708
OUT_10387,301.695
OUT_10388,284.104
OUT_10389,152.763
OUT_10390,355.396
OUT_10391,2109.683
OUT_10392,108.498
OUT_10393,147.944
OUT_10394,260.037
OUT_10395,141.567
OUT_10396,949.44
OUT_10397,2056.522
OUT_10398,171.766
OUT_10399,971.503
OUT_10400,293.984
OUT_10401,345.451
OUT_10402,303.416
OUT_10403,336.345
OUT_10404,143.301
OUT_10405,102.014
OUT_10406,142.201
OUT_10407,931.389
OUT_10408,145.388
OUT_10409,140.37
OUT_10410,170.246
OUT_10411,138.851
OUT_10412,947.934
OUT_10413,121.461
OUT_10414,124.253
OUT_10415,294.582
OUT_10416,112.388
OUT_10417,120.061
OUT_10418,288.041
OUT_10419,159.621
OUT_10420,122.804
OUT_10421,131.899
OUT_10422,83.584
OUT_10423,980.812
OUT_10424,224.797
OUT_10425,144.027
OUT_10426,100.891
OUT_10427,138.288
OUT_10428,900.029
OUT_10429,250.665
OUT_10430,160.269
OUT_10431,938.868
OUT_10432,1418.712
OUT_10433,1008.349
OUT_10434,917.138
OUT_10435,107.257
OUT_10436,131.85
OUT_10437,144.593
OUT_10438,952.67
OUT_10439,91.956
OUT_10440,408.67
OUT_10441,284.168
OUT_10442,125.684
OUT_10443,114.604
OUT_10444,348.062
OUT_10445,336.49
OUT_10446,367.42
OUT_10447,313.793
OUT_10448,962.051
OUT_10449,301.366
OUT_10450,327.235
OUT_10451,144.855
OUT_10452,108.159
OUT_10453,134.144
OUT_10454,96.727
OUT_10455,91.807
OUT_10456,999.332
OUT_10457,977.502
OUT_10458,330.184
OUT_10459,954.053
OUT_10460,298.058
OUT_10461,159.464
OUT_10462,151.161
OUT_10463,98.691
OUT_10464,150.678
OUT_10465,115.115
OUT_10466,105.263
OUT_10467,326.492
OUT_10468,310.309
OUT_10469,321.911
OUT_10470,146.748
OUT_10471,133.12
OUT_10472,321.33
OUT_10473,351.416
OUT_10474,137.241
OUT_10475,77.634
OUT_10476,303.274
OUT_10477,105.419
OUT_10478,131.65
OUT_10479,1187.087
OUT_10480,95.838
OUT_10481,92.28
OUT_10482,929.812
OUT_10483,312.315
OUT_10484,279.333
OUT_10485,119.343
OUT_10486,146.366
OUT_10487,124.289
OUT_10488,106.695
OUT_10489,943.425
OUT_10490,355.972
OUT_10491,99.501
OUT_10492,115.007
OUT_10493,1026.266
OUT_10494,1005.641
OUT_10495,147.116
OUT_10496,328.475
OUT_10497,99.123
OUT_10498,339.093
OUT_10499,137.67
OUT_10500,91.943
OUT_10501,977.837
OUT_10502,109.986
OUT_10503,977.911
OUT_10504,2573.828
OUT_10505,939.893
OUT_10506,127.121
OUT_10507,2129.227
OUT_10508,2046.333
OUT_10509,323.917
OUT_10510,950.468
OUT_10511,103.528
OUT_10512,144.296
OUT_10513,121.962
OUT_10514,312.27
OUT_10515,89.105
OUT_10516,778.674
OUT_10517,109.456
OUT_10518,122.334
OUT_10519,123.121
OUT_10520,982.85
OUT_10521,1064.753
OUT_10522,956.77
OUT_10523,116.698
OUT_10524,346.505
OUT_10525,298.371
OUT_10526,110.68
OUT_10527,135.873
OUT_10528,347.423
OUT_10529,323.164
OUT_10530,940.216
OUT_10531,83.422
OUT_10532,116.025
OUT_10533,980.805
OUT_10534,92.383
OUT_10535,355.664
OUT_10536,90.552
OUT_10537,314.932
OUT_10538,108.03
OUT_10539,120.774
OUT_10540,185.425
OUT_10541,1009.561
OUT_10542,282.558
OUT_10543,309.643
OUT_10544,256.906
OUT_10545,2045.975
OUT_10546,123.307
OUT_10547,291.485
OUT_10548,84.413
OUT_10549,274.998
OUT_10550,961.497
OUT_10551,100.191
OUT_10552,112.856
OUT_10553,246.488
OUT_10554,325.32
OUT_10555,111.743
OUT_10556,92.375
OUT_10557,331.976
OUT_10558,113.522
OUT_10559,116.191
OUT_10560,125.58
OUT_10561,116.518
OUT_10562,110.465
OUT_10563,101.334
OUT_10564,1018.639
OUT_10565,357.395
OUT_10566,335.744
OUT_10567,328.824
OUT_10568,126.446
OUT_10569,997.592
OUT_10570,275.961
OUT_10571,245.179
OUT_10572,246.518
OUT_10573,165.587
OUT_10574,287.572
OUT_10575,123.054
OUT_10576,298.89
OUT_10577,143.907
OUT_10578,157.648
OUT_10579,256.414
OUT_10580,327.184
OUT_10581,319.039
OUT_10582,82.202
OUT_10583,1013.122
OUT_10584,84.788
OUT_10585,129.408
OUT_10586,349.771
OUT_10587,358.34
OUT_10588,133.402
OUT_10589,345.574
OUT_10590,129.553
OUT_10591,122.72
OUT_10592,313.426
OUT_10593,951.418
OUT_10594,338.56
OUT_10595,146.556
OUT_10596,125.518
OUT_10597,367.206
OUT_10598,962.588
OUT_10599,136.667
OUT_10600,905.522
OUT_10601,358.382
OUT_10602,113.625
OUT_10603,143.869
OUT_10604,323.134
OUT_10605,109.779
OUT_10606,134.723
OUT_10607,153.195
OUT_10608,259.437
OUT_10609,122.459
OUT_10610,337.557
OUT_10611,303.016
OUT_10612,127.483
OUT_10613,299.281
OUT_10614,315.367
OUT_10615,112.158
OUT_10616,370.604
OUT_10617,927.965
OUT_10618,176.024
OUT_10619,104.647
OUT_10620,105.791
OUT_10621,335.038
OUT_10622,310.856
OUT_10623,105.787
OUT_10624,322.194
OUT_10625,111.013
OUT_10626,310.727
OUT_10627,184.527
OUT_10628,118.023
OUT_10629,129.058
OUT_10630,927.196
OUT_10631,91.523
OUT_10632,999.644
OUT_10633,896.041
OUT_10634,115.601
OUT_10635,126.096
OUT_10636,952.853
OUT_10637,128.507
OUT_10638,113.659
OUT_10639,245.92
OUT_10640,164.742
OUT_10641,296.611
OUT_10642,2060.95
OUT_10643,109.425
OUT_10644,1030.579
OUT_10645,355.678
OUT_10646,115.954
OUT_10647,120.408
OUT_10648,297.222
OUT_10649,88.341
OUT_10650,146.309
OUT_10651,89.683
OUT_10652,267.264
OUT_10653,2062.373
OUT_10654,168.696
OUT_10655,83.611
OUT_10656,146.341
OUT_10657,2207.985
OUT_10658,122.058
OUT_10659,272.513
OUT_10660,2279.779
OUT_10661,85.679
OUT_10662,109.789
OUT_10663,292.72
OUT_10664,320.843
OUT_10665,289.416
OUT_10666,291.163
OUT_10667,357.622
OUT_10668,98.237
OUT_10669,2008.662
OUT_10670,970.015
OUT_10671,274.78
OUT_10672,332.245
OUT_10673,103.709
OUT_10674,292.542
OUT_10675,105.396
OUT_10676,360.729
OUT_10677,149.355
OUT_10678,125.323
OUT_10679,317.45
OUT_10680,92.771
OUT_10681,122.318
OUT_10682,180.364
OUT_10683,901.303
OUT_10684,91.842
OUT_10685,269.528
OUT_10686,281.604
OUT_10687,129.806
OUT_10688,309.406
OUT_10689,374.192
OUT_10690,108.724
OUT_10691,357.985
OUT_10692,322.159
OUT_10693,157.796
OUT_10694,278.728
OUT_10695,167.401
OUT_10696,958.047
OUT_10697,79.665
OUT_10698,98.24
OUT_10699,2006.345
OUT_10700,141.511
OUT_10701,131.382
OUT_10702,112.854
OUT_10703,143.629
OUT_10704,180.155
OUT_10705,1986.545
OUT_10706,128.519
OUT_10707,102.171
OUT_10708,2043.187
OUT_10709,294.134
OUT_10710,1974.632
OUT_10711,940.998
OUT_10712,132.445
OUT_10713,142.273
OUT_10714,349.692
OUT_10715,318.9
OUT_10716,365.836
OUT_10717,920.491
OUT_10718,120.406
OUT_10719,2084.955
OUT_10720,333.897
OUT_10721,268.57
OUT_10722,353.656
OUT_10723,294.171
OUT_10724,129.299
OUT_10725,153.161
OUT_10726,101.196
OUT_10727,260.048
OUT_10728,2152.412
OUT_10729,136.928
OUT_10730,1992.556
OUT_10731,142.712
OUT_10732,150.379
OUT_10733,151.076
OUT_10734,366.232
OUT_10735,321.629
OUT_10736,118.566
OUT_10737,336.344
OUT_10738,122.835
OUT_10739,109.067
OUT_10740,100.672
OUT_10741,80.693
OUT_10742,161.036
OUT_10743,144.382
OUT_10744,125.751
OUT_10745,131.289
OUT_10746,110.165
OUT_10747,968.687
OUT_10748,132.358
OUT_10749,159.973
OUT_10750,150.879
OUT_10751,109.194
OUT_10752,289.103
OUT_10753,135.993
OUT_10754,111.966
OUT_10755,139.605
OUT_10756,116.952
OUT_10757,104.88
OUT_10758,2036.14
OUT_10759,144.599
OUT_10760,1002.878
OUT_10761,322.977
OUT_10762,245.068
OUT_10763,358.446
OUT_10764,342.378
OUT_10765,126.069
OUT_10766,85.892
OUT_10767,101.075
OUT_10768,298.771
OUT_10769,101.709
OUT_10770,968.933
OUT_10771,98.301
OUT_10772,151.524
OUT_10773,293.413
OUT_10774,119.735
OUT_10775,265.401
OUT_10776,932.755
OUT_10777,150.858
OUT_10778,132.097
OUT_10779,939.707
OUT_10780,369.557
OUT_10781,2085.404
OUT_10782,303.15
OUT_10783,369.954
OUT_10784,102.33
OUT_10785,82.888
OUT_10786,136.721
OUT_10787,114.4
OUT_10788,912.301
OUT_10789,86.049
OUT_10790,340.4
OUT_10791,143.519
OUT_10792,288.918
OUT_10793,942.397
OUT_10794,2038.72
OUT_10795,134.833
OUT_10796,307.954
OUT_10797,148.4
OUT_10798,1985.28
OUT_10799,135.114
OUT_10800,137.419
OUT_10801,961.295
OUT_10802,115.809
OUT_10803,999.026
OUT_10804,2100.479
OUT_10805,889.792
OUT_10806,163.221
OUT_10807,133.685
OUT_10808,102.908
OUT_10809,86.682
OUT_10810,307.103
OUT_10811,131.009
OUT_10812,155.606
OUT_10813,97.372
OUT_10814,145.16
OUT_10815,314.007
OUT_10816,357.08
OUT_10817,306.182
OUT_10818,2023.187
OUT_10819,310.839
OUT_10820,91.651
OUT_10821,354.927
OUT_10822,111.242
OUT_10823,157.61
OUT_10824,141.569
OUT_10825,271.031
OUT_10826,1042.728
OUT_10827,920.776
OUT_10828,2113.27
OUT_10829,119.88
OUT_10830,104.072
OUT_10831,107.478
OUT_10832,119.588
OUT_10833,329.268
OUT_10834,2054.27
OUT_10835,111.634
OUT_10836,115.599
OUT_10837,84.696
OUT_10838,259.817
OUT_10839,307.016
OUT_10840,152.878
OUT_10841,991.215
OUT_10842,373.256
OUT_10843,111.406
OUT_10844,320.507
OUT_10845,900.496
OUT_10846,108.494
OUT_10847,126.888
OUT_10848,99.107
OUT_10849,1979.639
OUT_10850,135.924
OUT_10851,82.294
OUT_10852,288.745
OUT_10853,113.268
OUT_10854,976.264
OUT_10855,103.675
OUT_10856,151.085
OUT_10857,272.512
OUT_10858,93.536
OUT_10859,1014.699
OUT_10860,126.468
OUT_10861,351.241
OUT_10862,106.458
OUT_10863,121.505
OUT_10864,246.523
OUT_10865,352.048
OUT_10866,104.881
OUT_10867,341.115
OUT_10868,131.713
OUT_10869,135.896
OUT_10870,120.471
OUT_10871,306.054
OUT_10872,934.897
OUT_10873,129.672
OUT_10874,97.861
OUT_10875,936.042
OUT_10876,961.565
OUT_10877,356.297
OUT_10878,128.294
OUT_10879,314.362
OUT_10880,309.392
OUT_10881,94.486
OUT_10882,980.592
OUT_10883,1156.55
OUT_10884,135.31
OUT_10885,116.622
OUT_10886,92.355
OUT_10887,997.821
OUT_10888,81.939
OUT_10889,114.004
OUT_10890,337.629
OUT_10891,912.117
OUT_10892,77.095
OUT_10893,97.302
OUT_10894,951.411
OUT_10895,130.963
OUT_10896,128.23
OUT_10897,141.983
OUT_10898,110.131
OUT_10899,120.752
OUT_10900,96.999
OUT_10901,118.856
OUT_10902,827.456
OUT_10903,952.042
OUT_10904,136.159
OUT_10905,144.418
OUT_10906,106.896
OUT_10907,106.824
OUT_10908,98.653
OUT_10909,125.87
OUT_10910,845.305
OUT_10911,132.781
OUT_10912,141.743
OUT_10913,379.263
OUT_10914,1018.466
OUT_10915,123.771
OUT_10916,343.7
OUT_10917,352.207
OUT_10918,149.068
OUT_10919,141.167
OUT_10920,98.351
OUT_10921,1055.69
OUT_10922,320.404
OUT_10923,988.695
OUT_10924,986.497
OUT_10925,1920.446
OUT_10926,140.383
OUT_10927,127.692
OUT_10928,101.689
OUT_10929,983.605
OUT_10930,915.292
OUT_10931,145.152
OUT_10932,1039.916
OUT_10933,333.651
OUT_10934,160.725
OUT_10935,1028.812
OUT_10936,141.616
OUT_10937,103.49
OUT_10938,979.212
OUT_10939,216.813
OUT_10940,964.702
OUT_10941,1022.506
OUT_10942,102.421
OUT_10943,816.103
OUT_10944,140.967
OUT_10945,88.946
OUT_10946,82.182
OUT_10947,159.419
OUT_10948,86.995
OUT_10949,86.957
OUT_10950,130.239
OUT_10951,155.749
OUT_10952,922.426
OUT_10953,286.455
OUT_10954,1975.165
OUT_10955,90.665
OUT_10956,128.073
OUT_10957,1052.542
OUT_10958,148.666
OUT_10959,1022.298
OUT_10960,262.352
OUT_10961,147.22
OUT_10962,2100.305
OUT_10963,1919.957
OUT_10964,1988.742
OUT_10965,110.433
OUT_10966,1970.854
OUT_10967,865.262
OUT_10968,977.572
OUT_10969,97.777
OUT_10970,308.892
OUT_10971,129.798
OUT_10972,130.891
OUT_10973,111.381
OUT_10974,344.206
OUT_10975,344.314
OUT_10976,157.032
OUT_10977,108.022
OUT_10978,136.841
OUT_10979,88.369
OUT_10980,937.099
OUT_10981,137.392
OUT_10982,348.738
OUT_10983,299.401
OUT_10984,98.761
OUT_10985,298.205
OUT_10986,114.589
OUT_10987,348.577
OUT_10988,309.441
OUT_10989,987.263
OUT_10990,918.519
OUT_10991,157.8
OUT_10992,145.083
OUT_10993,930.407
OUT_10994,160.243
OUT_10995,114.768
OUT_10996,1875.456
OUT_10997,2014.942
OUT_10998,124.994
OUT_10999,930.412
OUT_11000,92.041
OUT_11001,361.531
OUT_11002,151.384
OUT_11003,2103.027
OUT_11004,113.608
OUT_11005,337.236
OUT_11006,324.438
OUT_11007,105.736
OUT_11008,924.754
OUT_11009,323.303
OUT_11010,382.371
OUT_11011,169.937
OUT_11012,115.276
OUT_11013,299.175
OUT_11014,94.842
OUT_11015,971.812
OUT_11016,105.718
OUT_11017,968.513
OUT_11018,137.041
OUT_11019,87.699
OUT_11020,115.932
OUT_11021,1020.372
OUT_11022,126.459
OUT_11023,155.204
OUT_11024,130.234
OUT_11025,377.583
OUT_11026,110.782
OUT_11027,287.946
OUT_11028,325.897
OUT_11029,1942.393
OUT_11030,115.247
OUT_11031,145.396
OUT_11032,128.064
OUT_11033,316.052
OUT_11034,314.949
OUT_11035,124.649
OUT_11036,278.926
OUT_11037,123.976
OUT_11038,258.503
OUT_11039,890.682
OUT_11040,144.925
OUT_11041,93.329
OUT_11042,302.863
OUT_11043,986.613
OUT_11044,171.006
OUT_11045,348.267
OUT_11046,261.836
OUT_11047,123.804
OUT_11048,307.734
OUT_11049,297.273
OUT_11050,284.679
OUT_11051,374.315
OUT_11052,941.203
OUT_11053,133.884
OUT_11054,330.842
OUT_11055,365.042
OUT_11056,2034.78
OUT_11057,254.416
OUT_11058,118.823
OUT_11059,105.823
OUT_11060,325.644
OUT_11061,166.561
OUT_11062,135.465
OUT_11063,946.306
OUT_11064,321.917
OUT_11065,109.116
OUT_11066,134.703
OUT_11067,110.24
OUT_11068,969.711
OUT_11069,948.065
OUT_11070,318.451
OUT_11071,128.951
OUT_11072,87.057
OUT_11073,140.488
OUT_11074,116.299
OUT_11075,156.386
OUT_11076,330.187
OUT_11077,962.768
OUT_11078,114.411
OUT_11079,145.781
OUT_11080,136.586
OUT_11081,310.192
OUT_11082,143.96
OUT_11083,335.889
OUT_11084,303.659
OUT_11085,143.622
OUT_11086,147.43
OUT_11087,110.791
OUT_11088,114.467
OUT_11089,338.548
OUT_11090,919.39
OUT_11091,125.024
OUT_11092,323.755
OUT_11093,121.758
OUT_11094,2080.732
OUT_11095,120.937
OUT_11096,103.535
OUT_11097,285.724
OUT_11098,975.152
OUT_11099,102.426
OUT_11100,114.524
OUT_11101,1412.421
OUT_11102,103.791
OUT_11103,136.097
OUT_11104,109.476
OUT_11105,905.237
OUT_11106,906.705
OUT_11107,337.015
OUT_11108,2140.14
OUT_11109,264.0
OUT_11110,317.937
OUT_11111,120.701
OUT_11112,965.66
OUT_11113,322.602
OUT_11114,302.461
OUT_11115,89.917
OUT_11116,156.977
OUT_11117,350.081
OUT_11118,101.103
OUT_11119,406.064
OUT_11120,935.559
OUT_11121,96.747
OUT_11122,126.172
OUT_11123,946.108
OUT_11124,1001.919
OUT_11125,265.295
OUT_11126,140.572
OUT_11127,109.754
OUT_11128,2171.627
OUT_11129,133.576
OUT_11130,116.364
OUT_11131,1004.006
OUT_11132,339.674
OUT_11133,323.359
OUT_11134,104.829
OUT_11135,146.727
OUT_11136,122.531
OUT_11137,110.132
OUT_11138,365.519
OUT_11139,304.985
OUT_11140,974.364
OUT_11141,296.753
OUT_11142,122.215
OUT_11143,1960.216
OUT_11144,99.008
OUT_11145,312.393
OUT_11146,128.413
OUT_11147,163.112
OUT_11148,134.31
OUT_11149,108.774
OUT_11150,941.483
OUT_11151,307.969
OUT_11152,923.075
OUT_11153,376.968
OUT_11154,97.108
OUT_11155,166.588
OUT_11156,103.062
OUT_11157,309.38
OUT_11158,350.666
OUT_11159,131.568
OUT_11160,321.881
OUT_11161,110.406
OUT_11162,136.214
OUT_11163,317.517
OUT_11164,114.71
OUT_11165,2006.878
OUT_11166,127.047
OUT_11167,347.305
OUT_11168,1961.624
OUT_11169,134.556
OUT_11170,118.771
OUT_11171,117.823
OUT_11172,290.784
OUT_11173,172.936
OUT_11174,82.53
OUT_11175,261.761
OUT_11176,296.498
OUT_11177,1007.526
OUT_11178,105.798
OUT_11179,213.584
OUT_11180,119.157
OUT_11181,125.539
OUT_11182,920.267
OUT_11183,325.146
OUT_11184,142.002
OUT_11185,97.329
OUT_11186,251.274
OUT_11187,937.199
OUT_11188,126.758
OUT_11189,300.78
OUT_11190,118.2
OUT_11191,104.22
OUT_11192,443.134
OUT_11193,116.537
OUT_11194,96.897
OUT_11195,326.764
OUT_11196,96.373
OUT_11197,294.75
OUT_11198,295.118
OUT_11199,846.46
OUT_11200,115.986
OUT_11201,343.943
OUT_11202,94.082
OUT_11203,98.382
OUT_11204,2036.023
OUT_11205,105.578
OUT_11206,122.237
OUT_11207,120.509
OUT_11208,891.087
OUT_11209,82.201
OUT_11210,141.66
OUT_11211,117.129
OUT_11212,363.99
OUT_11213,318.298
OUT_11214,2191.262
OUT_11215,123.636
OUT_11216,142.233
OUT_11217,2067.795
OUT_11218,293.262
OUT_11219,973.106
OUT_11220,109.694
OUT_11221,79.984
OUT_11222,1992.725
OUT_11223,127.433
OUT_11224,141.595
OUT_11225,1984.212
OUT_11226,141.454
OUT_11227,99.674
OUT_11228,111.947
OUT_11229,322.319
OUT_11230,86.283
OUT_11231,331.947
OUT_11232,2039.2
OUT_11233,929.824
OUT_11234,115.392
OUT_11235,92.386
OUT_11236,265.611
OUT_11237,91.789
OUT_11238,118.666
OUT_11239,974.983
OUT_11240,355.302
OUT_11241,88.382
OUT_11242,130.807
OUT_11243,144.847
OUT_11244,134.054
OUT_11245,314.008
OUT_11246,117.487
OUT_11247,118.929
OUT_11248,79.943
OUT_11249,333.802
OUT_11250,324.363
OUT_11251,2045.819
OUT_11252,136.604
OUT_11253,998.489
OUT_11254,355.896
OUT_11255,340.224
OUT_11256,237.847
OUT_11257,108.463
OUT_11258,123.352
OUT_11259,161.453
OUT_11260,904.648
OUT_11261,1913.903
OUT_11262,144.488
OUT_11263,103.568
OUT_11264,127.018
OUT_11265,945.898
OUT_11266,125.626
OUT_11267,139.023
OUT_11268,311.36
OUT_11269,2010.382
OUT_11270,108.222
OUT_11271,150.974
OUT_11272,108.179
OUT_11273,342.971
OUT_11274,96.254
OUT_11275,133.185
OUT_11276,379.062
OUT_11277,166.984
OUT_11278,114.936
OUT_11279,127.423
OUT_11280,997.971
OUT_11281,151.198
OUT_11282,156.937
OUT_11283,149.648
OUT_11284,154.353
OUT_11285,161.459
OUT_11286,324.851
OUT_11287,92.815
OUT_11288,948.613
OUT_11289,89.434
OUT_11290,286.023
OUT_11291,1260.62
OUT_11292,110.948
OUT_11293,292.967
OUT_11294,132.843
OUT_11295,116.871
OUT_11296,944.934
OUT_11297,280.114
OUT_11298,343.022
OUT_11299,153.62
OUT_11300,113.432
OUT_11301,119.861
OUT_11302,114.347
OUT_11303,970.182
OUT_11304,99.711
OUT_11305,2152.762
OUT_11306,249.915
OUT_11307,1980.636
OUT_11308,259.883
OUT_11309,940.275
OUT_11310,320.688
OUT_11311,171.056
OUT_11312,104.44
OUT_11313,123.31
OUT_11314,915.724
OUT_11315,398.033
OUT_11316,2117.043
OUT_11317,1027.696
OUT_11318,979.591
OUT_11319,112.773
OUT_11320,74.398
OUT_11321,223.335
OUT_11322,997.092
OUT_11323,287.135
OUT_11324,134.676
OUT_11325,156.708
OUT_11326,336.019
OUT_11327,130.801
OUT_11328,949.329
OUT_11329,95.674
OUT_11330,965.126
OUT_11331,313.586
OUT_11332,146.124
OUT_11333,344.908
OUT_11334,140.28
OUT_11335,91.703
OUT_11336,343.156
OUT_11337,309.076
OUT_11338,342.299
OUT_11339,128.387
OUT_11340,352.826
OUT_11341,126.737
OUT_11342,350.97
OUT_11343,124.547
OUT_11344,89.823
OUT_11345,107.959
OUT_11346,264.392
OUT_11347,325.681
OUT_11348,97.422
OUT_11349,121.836
OUT_11350,313.971
OUT_11351,99.413
OUT_11352,292.751
OUT_11353,133.977
OUT_11354,976.939
OUT_11355,116.244
OUT_11356,138.653
OUT_11357,291.433
OUT_11358,142.846
OUT_11359,2006.844
OUT_11360,251.034
OUT_11361,257.716
OUT_11362,338.309
OUT_11363,97.053
OUT_11364,133.062
OUT_11365,349.701
OUT_11366,121.92
OUT_11367,155.316
OUT_11368,2041.198
OUT_11369,118.59
OUT_11370,121.566
OUT_11371,302.626
OUT_11372,909.257
OUT_11373,325.967
OUT_11374,120.284
OUT_11375,317.558
OUT_11376,250.269
OUT_11377,107.6
OUT_11378,352.259
OUT_11379,115.069
OUT_11380,134.701
OUT_11381,308.43
OUT_11382,118.126
OUT_11383,318.501
OUT_11384,264.922
OUT_11385,312.365
OUT_11386,358.864
OUT_11387,143.529
OUT_11388,346.134
OUT_11389,117.787
OUT_11390,88.855
OUT_11391,100.771
OUT_11392,1010.91
OUT_11393,96.258
OUT_11394,1036.863
OUT_11395,488.361
OUT_11396,322.863
OUT_11397,1207.473
OUT_11398,273.895
OUT_11399,108.618
OUT_11400,131.196
OUT_11401,363.261
OUT_11402,134.155
OUT_11403,2100.154
OUT_11404,147.089
OUT_11405,157.786
OUT_11406,1011.24
OUT_11407,131.246
OUT_11408,132.395
OUT_11409,263.754
OUT_11410,314.697
OUT_11411,106.229
OUT_11412,66.397
OUT_11413,987.04
OUT_11414,126.871
OUT_11415,127.653
OUT_11416,934.723
OUT_11417,148.403
OUT_11418,99.42
OUT_11419,112.009
OUT_11420,339.526
OUT_11421,915.014
OUT_11422,339.491
OUT_11423,327.223
OUT_11424,281.043
OUT_11425,120.395
OUT_11426,2099.484
OUT_11427,363.082
OUT_11428,301.459
OUT_11429,123.419
OUT_11430,89.861
OUT_11431,278.915
OUT_11432,310.627
OUT_11433,140.635
OUT_11434,898.579
OUT_11435,116.557
OUT_11436,152.476
OUT_11437,943.065
OUT_11438,902.068
OUT_11439,345.055
OUT_11440,88.229
OUT_11441,141.273
OUT_11442,83.514
OUT_11443,143.14
OUT_11444,84.997
OUT_11445,115.067
OUT_11446,314.811
OUT_11447,894.529
OUT_11448,87.971
OUT_11449,317.109
OUT_11450,87.714
OUT_11451,129.998
OUT_11452,150.985
OUT_11453,260.836
OUT_11454,360.993
OUT_11455,306.686
OUT_11456,155.924
OUT_11457,346.78
OUT_11458,2026.978
OUT_11459,117.243
OUT_11460,2130.136
OUT_11461,156.835
OUT_11462,128.967
OUT_11463,94.032
OUT_11464,314.089
OUT_11465,2008.362
OUT_11466,130.711
OUT_11467,125.803
OUT_11468,298.939
OUT_11469,150.828
OUT_11470,90.103
OUT_11471,311.66
OUT_11472,142.586
OUT_11473,302.083
OUT_11474,79.895
OUT_11475,956.877
OUT_11476,105.622
OUT_11477,87.492
OUT_11478,132.312
OUT_11479,238.867
OUT_11480,130.712
OUT_11481,113.523
OUT_11482,238.744
OUT_11483,273.91
OUT_11484,310.496
OUT_11485,111.223
OUT_11486,338.841
OUT_11487,313.882
OUT_11488,292.913
OUT_11489,360.732
OUT_11490,343.315
OUT_11491,294.888
OUT_11492,291.315
OUT_11493,327.673
OUT_11494,98.056
OUT_11495,375.116
OUT_11496,99.57
OUT_11497,2080.241
OUT_11498,87.192
OUT_11499,153.914
OUT_11500,988.892
OUT_11501,81.13
OUT_11502,831.587
OUT_11503,294.283
OUT_11504,975.469
OUT_11505,129.632
OUT_11506,366.496
OUT_11507,72.75
OUT_11508,288.037
OUT_11509,94.272
OUT_11510,317.807
OUT_11511,329.1
OUT_11512,930.336
OUT_11513,235.404
OUT_11514,90.881
OUT_11515,950.383
OUT_11516,119.216
OUT_11517,323.37
OUT_11518,143.88
OUT_11519,53.919
OUT_11520,264.758
OUT_11521,110.564
OUT_11522,329.779
OUT_11523,2075.27
OUT_11524,111.977
OUT_11525,143.206
OUT_11526,121.671
OUT_11527,123.929
OUT_11528,115.061
OUT_11529,111.44
OUT_11530,127.324
OUT_11531,229.134
OUT_11532,951.074
OUT_11533,127.43
OUT_11534,993.08
OUT_11535,306.645
OUT_11536,312.145
OUT_11537,94.526
OUT_11538,131.293
OUT_11539,353.065
OUT_11540,974.364
OUT_11541,313.012
OUT_11542,92.871
OUT_11543,102.382
OUT_11544,116.235
OUT_11545,938.135
OUT_11546,121.473
OUT_11547,886.816
OUT_11548,136.389
OUT_11549,363.063
OUT_11550,162.862
OUT_11551,105.741
OUT_11552,126.932
OUT_11553,121.61
OUT_11554,153.417
OUT_11555,134.654
OUT_11556,121.514
OUT_11557,305.595
OUT_11558,113.713
OUT_11559,959.325
OUT_11560,310.535
OUT_11561,106.06
OUT_11562,130.559
OUT_11563,1069.565
OUT_11564,96.223
OUT_11565,286.764
OUT_11566,131.267
OUT_11567,1012.497
OUT_11568,117.736
OUT_11569,997.352
OUT_11570,101.461
OUT_11571,343.912
OUT_11572,120.091
OUT_11573,285.601
OUT_11574,317.948
OUT_11575,107.467
OUT_11576,313.032
OUT_11577,125.341
OUT_11578,313.089
OUT_11579,138.401
OUT_11580,97.957
OUT_11581,115.424
OUT_11582,146.977
OUT_11583,303.015
OUT_11584,949.532
OUT_11585,326.077
OUT_11586,155.541
OUT_11587,288.902
OUT_11588,1967.726
OUT_11589,323.139
OUT_11590,1981.443
OUT_11591,101.488
OUT_11592,98.661
OUT_11593,154.756
OUT_11594,104.281
OUT_11595,67.349
OUT_11596,118.459
OUT_11597,108.513
OUT_11598,326.243
OUT_11599,838.804
OUT_11600,83.984
OUT_11601,2028.426
OUT_11602,118.436
OUT_11603,131.739
OUT_11604,100.485
OUT_11605,2048.718
OUT_11606,283.338
OUT_11607,345.39
OUT_11608,101.404
OUT_11609,142.437
OUT_11610,89.941
OUT_11611,989.816
OUT_11612,115.703
OUT_11613,973.165
OUT_11614,105.36
OUT_11615,268.835
OUT_11616,324.182
OUT_11617,305.233
OUT_11618,301.432
OUT_11619,2075.64
OUT_11620,127.36
OUT_11621,117.071
OUT_11622,1011.356
OUT_11623,131.74
OUT_11624,119.099
OUT_11625,106.675
OUT_11626,90.167
OUT_11627,154.013
OUT_11628,303.741
OUT_11629,97.803
OUT_11630,881.929
OUT_11631,322.601
OUT_11632,424.433
OUT_11633,894.61
OUT_11634,85.17
OUT_11635,137.969
OUT_11636,1978.771
OUT_11637,889.073
OUT_11638,128.588
OUT_11639,132.115
OUT_11640,340.704
OUT_11641,154.207
OUT_11642,950.155
OUT_11643,1982.36
OUT_11644,2138.353
OUT_11645,134.019
OUT_11646,942.936
OUT_11647,135.409
OUT_11648,302.395
OUT_11649,155.127
OUT_11650,143.944
OUT_11651,100.26
OUT_11652,931.109
OUT_11653,114.202
OUT_11654,135.476
OUT_11655,99.69
OUT_11656,101.946
OUT_11657,100.828
OUT_11658,120.392
OUT_11659,93.56
OUT_11660,125.465
OUT_11661,112.015
OUT_11662,918.16
OUT_11663,95.221
OUT_11664,135.42
OUT_11665,2117.747
OUT_11666,981.473
OUT_11667,272.85
OUT_11668,309.865
OUT_11669,126.538
OUT_11670,99.975
OUT_11671,120.634
OUT_11672,996.741
OUT_11673,249.47
OUT_11674,997.733
OUT_11675,166.335
OUT_11676,318.222
OUT_11677,106.533
OUT_11678,95.893
OUT_11679,94.676
OUT_11680,1072.015
OUT_11681,263.336
OUT_11682,101.305
OUT_11683,995.192
OUT_11684,86.632
OUT_11685,100.005
OUT_11686,912.68
OUT_11687,135.268
OUT_11688,1038.773
OUT_11689,273.276
OUT_11690,142.899
OUT_11691,161.011
OUT_11692,959.337
OUT_11693,321.331
OUT_11694,107.708
OUT_11695,140.113
OUT_11696,955.26
OUT_11697,2020.059
OUT_11698,129.53
OUT_11699,320.699
OUT_11700,134.532
OUT_11701,134.94
OUT_11702,320.443
OUT_11703,111.911
OUT_11704,953.005
OUT_11705,115.901
OUT_11706,116.054
OUT_11707,294.95
OUT_11708,110.179
OUT_11709,133.804
OUT_11710,115.909
OUT_11711,291.86
OUT_11712,143.945
OUT_11713,303.976
OUT_11714,91.501
OUT_11715,360.058
OUT_11716,337.697
OUT_11717,953.783
OUT_11718,330.304
OUT_11719,289.852
OUT_11720,2000.052
OUT_11721,324.854
OUT_11722,96.145
OUT_11723,109.418
OUT_11724,126.024
OUT_11725,133.938
OUT_11726,128.352
OUT_11727,325.053
OUT_11728,105.094
OUT_11729,146.953
OUT_11730,137.065
OUT_11731,118.95
OUT_11732,160.902
OUT_11733,953.334
OUT_11734,119.53
OUT_11735,114.926
OUT_11736,119.307
OUT_11737,117.216
OUT_11738,125.772
OUT_11739,77.722
OUT_11740,150.997
OUT_11741,114.944
OUT_11742,306.607
OUT_11743,325.969
OUT_11744,98.939
OUT_11745,123.19
OUT_11746,942.567
OUT_11747,272.458
OUT_11748,131.673
OUT_11749,345.543
OUT_11750,299.064
OUT_11751,86.57
OUT_11752,139.077
OUT_11753,257.958
OUT_11754,102.843
OUT_11755,930.058
OUT_11756,138.969
OUT_11757,1005.175
OUT_11758,93.697
OUT_11759,99.234
OUT_11760,94.029
OUT_11761,323.663
OUT_11762,896.602
OUT_11763,305.2
OUT_11764,314.776
OUT_11765,105.124
OUT_11766,128.045
OUT_11767,1996.523
OUT_11768,135.113
OUT_11769,918.895
OUT_11770,2069.695
OUT_11771,316.428
OUT_11772,332.333
OUT_11773,125.929
OUT_11774,74.005
OUT_11775,328.814
OUT_11776,121.423
OUT_11777,150.166
OUT_11778,146.206
OUT_11779,105.72
OUT_11780,941.072
OUT_11781,86.316
OUT_11782,117.543
OUT_11783,327.183
OUT_11784,362.661
OUT_11785,100.267
OUT_11786,142.995
OUT_11787,104.92
OUT_11788,2056.099
OUT_11789,997.256
OUT_11790,278.196
OUT_11791,965.095
OUT_11792,348.388
OUT_11793,139.681
OUT_11794,113.975
OUT_11795,132.821
OUT_11796,318.279
OUT_11797,1021.155
OUT_11798,316.087
OUT_11799,275.623
OUT_11800,268.488
OUT_11801,208.208
OUT_11802,122.129
OUT_11803,107.304
OUT_11804,2081.078
OUT_11805,144.863
OUT_11806,98.589
OUT_11807,276.786
OUT_11808,298.919
OUT_11809,155.704
OUT_11810,93.537
OUT_11811,146.22
OUT_11812,138.196
OUT_11813,330.414
OUT_11814,255.396
OUT_11815,100.24
OUT_11816,915.739
OUT_11817,295.181
OUT_11818,97.329
OUT_11819,931.897
OUT_11820,1002.524
OUT_11821,111.085
OUT_11822,143.801
OUT_11823,930.536
OUT_11824,378.943
OUT_11825,313.322
OUT_11826,141.143
OUT_11827,125.902
OUT_11828,143.198
OUT_11829,133.131
OUT_11830,93.07
OUT_11831,131.648
OUT_11832,87.61
OUT_11833,336.11
OUT_11834,314.913
OUT_11835,114.635
OUT_11836,106.751
OUT_11837,330.667
OUT_11838,282.893
OUT_11839,119.085
OUT_11840,127.919
OUT_11841,105.099
OUT_11842,316.676
OUT_11843,2090.636
OUT_11844,138.107
OUT_11845,933.564
OUT_11846,129.294
OUT_11847,258.595
OUT_11848,956.794
OUT_11849,108.111
OUT_11850,113.133
OUT_11851,123.411
OUT_11852,971.172
OUT_11853,2034.851
OUT_11854,118.497
OUT_11855,297.168
OUT_11856,263.029
OUT_11857,993.198
OUT_11858,313.353
OUT_11859,946.199
OUT_11860,97.186
OUT_11861,303.383
OUT_11862,256.83
OUT_11863,110.371
OUT_11864,127.448
OUT_11865,155.584
OUT_11866,297.049
OUT_11867,121.967
OUT_11868,982.711
OUT_11869,108.749
OUT_11870,328.737
OUT_11871,111.005
OUT_11872,328.758
OUT_11873,108.878
OUT_11874,102.708
OUT_11875,341.489
OUT_11876,290.15
OUT_11877,134.873
OUT_11878,104.595
OUT_11879,290.986
OUT_11880,154.683
OUT_11881,355.705
OUT_11882,279.991
OUT_11883,963.905
OUT_11884,144.117
OUT_11885,284.102
OUT_11886,311.073
OUT_11887,114.845
OUT_11888,136.378
OUT_11889,296.119
OUT_11890,103.506
OUT_11891,152.488
OUT_11892,147.066
OUT_11893,118.657
OUT_11894,904.404
OUT_11895,120.992
OUT_11896,85.49
OUT_11897,946.864
OUT_11898,990.21
OUT_11899,160.848
OUT_11900,882.034
OUT_11901,147.252
OUT_11902,100.193
OUT_11903,136.415
OUT_11904,159.843
OUT_11905,134.627
OUT_11906,103.398
OUT_11907,136.546
OUT_11908,150.453
OUT_11909,967.69
OUT_11910,325.784
OUT_11911,973.345
OUT_11912,301.012
OUT_11913,167.241
OUT_11914,294.498
OUT_11915,146.475
OUT_11916,102.537
OUT_11917,111.66
OUT_11918,96.91
OUT_11919,116.24
OUT_11920,935.38
OUT_11921,139.6
OUT_11922,984.943
OUT_11923,94.958
OUT_11924,142.037
OUT_11925,80.046
OUT_11926,120.662
OUT_11927,137.842
OUT_11928,147.169
OUT_11929,997.12
OUT_11930,126.367
OUT_11931,92.334
OUT_11932,117.5
OUT_11933,138.794
OUT_11934,323.734
OUT_11935,111.757
OUT_11936,100.645
OUT_11937,88.56
OUT_11938,116.248
OUT_11939,308.826
OUT_11940,337.343
OUT_11941,156.763
OUT_11942,360.356
OUT_11943,936.404
OUT_11944,937.64
OUT_11945,165.644
OUT_11946,89.909
OUT_11947,341.527
OUT_11948,71.245
OUT_11949,2846.442
OUT_11950,2069.568
OUT_11951,958.111
OUT_11952,93.354
OUT_11953,117.256
OUT_11954,228.277
OUT_11955,145.896
OUT_11956,137.088
OUT_11957,116.806
OUT_11958,966.988
OUT_11959,112.14
OUT_11960,879.601
OUT_11961,982.35
OUT_11962,324.493
OUT_11963,1018.917
OUT_11964,159.012
OUT_11965,257.753
OUT_11966,108.258
OUT_11967,130.215
OUT_11968,946.593
OUT_11969,968.754
OUT_11970,956.4
OUT_11971,104.504
OUT_11972,280.86
OUT_11973,133.228
OUT_11974,149.304
OUT_11975,248.397
OUT_11976,910.124
OUT_11977,163.702
OUT_11978,302.962
OUT_11979,127.395
OUT_11980,94.681
OUT_11981,2041.172
OUT_11982,161.366
OUT_11983,332.886
OUT_11984,110.554
OUT_11985,144.878
OUT_11986,279.908
OUT_11987,277.392
OUT_11988,329.27
OUT_11989,413.604
OUT_11990,100.182
OUT_11991,277.665
OUT_11992,338.249
OUT_11993,280.351
OUT_11994,101.404
OUT_11995,309.372
OUT_11996,280.698
OUT_11997,118.564
OUT_11998,359.215
OUT_11999,121.726
OUT_12000,324.997
OUT_12001,131.888
OUT_12002,407.09
OUT_12003,310.307
OUT_12004,2050.287
OUT_12005,112.208
OUT_12006,303.218
OUT_12007,345.746
OUT_12008,924.187
OUT_12009,95.967
OUT_12010,165.752
OUT_12011,146.317
OUT_12012,1044.028
OUT_12013,298.086
OUT_12014,121.304
OUT_12015,1936.598
OUT_12016,85.569
OUT_12017,136.817
OUT_12018,108.967
OUT_12019,136.074
OUT_12020,130.107
OUT_12021,248.896
OUT_12022,383.358
OUT_12023,86.246
OUT_12024,102.976
OUT_12025,106.163
OUT_12026,2002.674
OUT_12027,106.508
OUT_12028,355.088
OUT_12029,117.372
OUT_12030,1000.806
OUT_12031,162.332
OUT_12032,324.032
OUT_12033,320.96
OUT_12034,127.107
OUT_12035,358.912
OUT_12036,921.659
OUT_12037,139.712
OUT_12038,108.8
OUT_12039,121.226
OUT_12040,160.689
OUT_12041,370.73
OUT_12042,311.759
OUT_12043,242.849
OUT_12044,116.632
OUT_12045,312.102
OUT_12046,165.746
OUT_12047,124.767
OUT_12048,134.027
OUT_12049,971.501
OUT_12050,153.899
OUT_12051,112.339
OUT_12052,129.297
OUT_12053,80.633
OUT_12054,304.746
OUT_12055,1023.391
OUT_12056,116.01
OUT_12057,101.246
OUT_12058,975.714
OUT_12059,65.191
OUT_12060,2081.187
OUT_12061,128.004
OUT_12062,345.68
OUT_12063,268.76
OUT_12064,251.903
OUT_12065,115.285
OUT_12066,101.898
OUT_12067,102.459
OUT_12068,123.283
OUT_12069,110.617
OUT_12070,364.141
OUT_12071,960.678
OUT_12072,102.482
OUT_12073,128.754
OUT_12074,919.671
OUT_12075,91.257
OUT_12076,131.107
OUT_12077,122.745
OUT_12078,150.636
OUT_12079,90.784
OUT_12080,116.599
OUT_12081,993.204
OUT_12082,317.839
OUT_12083,936.882
OUT_12084,268.975
OUT_12085,147.257
OUT_12086,104.318
OUT_12087,143.237
OUT_12088,153.787
OUT_12089,109.8
OUT_12090,281.339
OUT_12091,934.214
OUT_12092,72.513
OUT_12093,123.96
OUT_12094,95.193
OUT_12095,241.473
OUT_12096,332.5
OUT_12097,146.68
OUT_12098,301.904
OUT_12099,96.656
OUT_12100,120.694
OUT_12101,121.523
OUT_12102,114.853
OUT_12103,142.761
OUT_12104,171.766
OUT_12105,138.617
OUT_12106,140.918
OUT_12107,113.393
OUT_12108,2093.55
OUT_12109,322.267
OUT_12110,343.428
OUT_12111,139.847
OUT_12112,144.511
OUT_12113,877.07
OUT_12114,114.722
OUT_12115,985.405
OUT_12116,334.985
OUT_12117,99.024
OUT_12118,309.433
OUT_12119,109.982
OUT_12120,494.62
OUT_12121,353.422
OUT_12122,110.974
OUT_12123,322.797
OUT_12124,309.59
OUT_12125,297.458
OUT_12126,129.352
OUT_12127,167.611
OUT_12128,341.153
OUT_12129,102.362
OUT_12130,117.956
OUT_12131,2072.495
OUT_12132,122.215
OUT_12133,109.38
OUT_12134,356.636
OUT_12135,98.529
OUT_12136,260.778
OUT_12137,307.065
OUT_12138,1003.327
OUT_12139,970.534
OUT_12140,107.793
OUT_12141,2083.777
OUT_12142,1961.984
OUT_12143,101.027
OUT_12144,152.395
OUT_12145,968.911
OUT_12146,121.382
OUT_12147,94.611
OUT_12148,865.118
OUT_12149,131.244
OUT_12150,137.86
OUT_12151,74.264
OUT_12152,997.215
OUT_12153,319.542
OUT_12154,261.496
OUT_12155,90.51
OUT_12156,157.333
OUT_12157,309.699
OUT_12158,159.255
OUT_12159,2579.076
OUT_12160,351.978
OUT_12161,112.161
OUT_12162,2034.394
OUT_12163,107.941
OUT_12164,104.159
OUT_12165,129.384
OUT_12166,83.848
OUT_12167,61.75
OUT_12168,98.026
OUT_12169,102.136
OUT_12170,313.881
OUT_12171,113.521
OUT_12172,331.239
OUT_12173,278.157
OUT_12174,249.881
OUT_12175,94.559
OUT_12176,247.108
OUT_12177,98.526
OUT_12178,103.607
OUT_12179,121.26
OUT_12180,91.24
OUT_12181,117.854
OUT_12182,297.61
OUT_12183,139.879
OUT_12184,345.79
OUT_12185,367.537
OUT_12186,140.687
OUT_12187,349.546
OUT_12188,138.94
OUT_12189,324.639
OUT_12190,104.502
OUT_12191,118.704
OUT_12192,126.499
OUT_12193,123.224
OUT_12194,345.456
OUT_12195,96.992
OUT_12196,142.803
OUT_12197,396.582
OUT_12198,299.097
OUT_12199,128.696
OUT_12200,948.512
OUT_12201,141.449
OUT_12202,133.289
OUT_12203,915.208
OUT_12204,114.705
OUT_12205,2110.375
OUT_12206,2038.916
OUT_12207,284.218
OUT_12208,311.205
OUT_12209,121.877
OUT_12210,84.258
OUT_12211,156.023
OUT_12212,91.26
OUT_12213,104.939
OUT_12214,337.557
OUT_12215,1055.607
OUT_12216,307.046
OUT_12217,95.296
OUT_12218,151.651
OUT_12219,152.291
OUT_12220,931.977
OUT_12221,123.265
OUT_12222,95.26
OUT_12223,301.194
OUT_12224,1009.651
OUT_12225,140.391
OUT_12226,145.213
OUT_12227,89.762
OUT_12228,146.171
OUT_12229,124.363
OUT_12230,137.479
OUT_12231,143.156
OUT_12232,142.28
OUT_12233,155.741
OUT_12234,95.56
OUT_12235,334.225
OUT_12236,100.951
OUT_12237,944.268
OUT_12238,108.494
OUT_12239,309.287
OUT_12240,92.115
OUT_12241,91.115
OUT_12242,1004.714
OUT_12243,121.171
OUT_12244,322.358
OUT_12245,80.289
OUT_12246,92.504
OUT_12247,119.387
OUT_12248,332.449
OUT_12249,2014.228
OUT_12250,1044.913
OUT_12251,75.236
OUT_12252,107.592
OUT_12253,240.588
OUT_12254,136.653
OUT_12255,921.755
OUT_12256,872.372
OUT_12257,128.028
OUT_12258,1994.176
OUT_12259,346.742
OUT_12260,98.618
OUT_12261,153.473
OUT_12262,364.357
OUT_12263,2052.964
OUT_12264,1946.398
OUT_12265,300.333
OUT_12266,150.16
OUT_12267,341.006
OUT_12268,2081.181
OUT_12269,105.283
OUT_12270,354.329
OUT_12271,116.434
OUT_12272,305.588
OUT_12273,257.036
OUT_12274,125.677
OUT_12275,326.247
OUT_12276,126.797
OUT_12277,2015.302
OUT_12278,110.057
OUT_12279,313.8
OUT_12280,289.153
OUT_12281,308.72
OUT_12282,315.199
OUT_12283,1435.82
OUT_12284,91.898
OUT_12285,319.522
OUT_12286,161.64
OUT_12287,98.266
OUT_12288,92.405
OUT_12289,135.666
OUT_12290,111.899
OUT_12291,934.901
OUT_12292,307.965
OUT_12293,155.749
OUT_12294,515.649
OUT_12295,1350.707
OUT_12296,136.35
OUT_12297,287.966
OUT_12298,302.401
OUT_12299,98.778
OUT_12300,133.22
OUT_12301,872.754
OUT_12302,131.365
OUT_12303,104.117
OUT_12304,113.999
OUT_12305,107.09
OUT_12306,2016.819
OUT_12307,123.999
OUT_12308,223.673
OUT_12309,136.614
OUT_12310,349.339
OUT_12311,347.411
OUT_12312,321.428
OUT_12313,121.833
OUT_12314,302.912
OUT_12315,139.869
OUT_12316,130.594
OUT_12317,121.269
OUT_12318,89.002
OUT_12319,118.147
OUT_12320,121.44
OUT_12321,111.18
OUT_12322,142.473
OUT_12323,137.196
OUT_12324,268.494
OUT_12325,291.137
OUT_12326,92.823
OUT_12327,959.226
OUT_12328,264.65
OUT_12329,142.787
OUT_12330,113.133
OUT_12331,941.217
OUT_12332,248.516
OUT_12333,343.452
OUT_12334,1931.053
OUT_12335,341.745
OUT_12336,97.654
OUT_12337,134.829
OUT_12338,409.525
OUT_12339,150.311
OUT_12340,326.749
OUT_12341,98.863
OUT_12342,116.855
OUT_12343,1001.762
OUT_12344,269.481
OUT_12345,2058.782
OUT_12346,965.719
OUT_12347,327.823
OUT_12348,2630.279
OUT_12349,344.619
OUT_12350,120.813
OUT_12351,127.468
OUT_12352,100.971
OUT_12353,91.797
OUT_12354,112.361
OUT_12355,345.219
OUT_12356,163.715
OUT_12357,80.113
OUT_12358,101.36
OUT_12359,113.479
OUT_12360,996.871
OUT_12361,102.714
OUT_12362,63.012
OUT_12363,107.344
OUT_12364,110.928
OUT_12365,164.196
OUT_12366,142.295
OUT_12367,312.472
OUT_12368,1986.175
OUT_12369,846.643
OUT_12370,326.568
OUT_12371,1005.505
OUT_12372,2014.175
OUT_12373,250.849
OUT_12374,323.887
OUT_12375,315.22
OUT_12376,901.811
OUT_12377,103.912
OUT_12378,309.365
OUT_12379,98.766
OUT_12380,139.97
OUT_12381,906.67
OUT_12382,71.79
OUT_12383,83.719
OUT_12384,873.388
OUT_12385,140.356
OUT_12386,104.63
OUT_12387,334.283
OUT_12388,923.765
OUT_12389,323.751
OUT_12390,136.632
OUT_12391,290.162
OUT_12392,152.35
OUT_12393,318.071
OUT_12394,944.452
OUT_12395,93.586
OUT_12396,866.054
OUT_12397,99.12
OUT_12398,1954.197
OUT_12399,368.696
OUT_12400,2016.019
OUT_12401,1043.734
OUT_12402,358.058
OUT_12403,116.925
OUT_12404,102.517
OUT_12405,113.231
OUT_12406,288.811
OUT_12407,108.365
OUT_12408,132.621
OUT_12409,318.464
OUT_12410,370.245
OUT_12411,77.688
OUT_12412,287.226
OUT_12413,334.824
OUT_12414,1020.541
OUT_12415,275.672
OUT_12416,339.355
OUT_12417,944.562
OUT_12418,282.411
OUT_12419,135.007
OUT_12420,321.461
OUT_12421,351.506
OUT_12422,159.213
OUT_12423,322.463
OUT_12424,908.939
OUT_12425,2027.145
OUT_12426,108.251
OUT_12427,116.451
OUT_12428,109.127
OUT_12429,293.202
OUT_12430,282.498
OUT_12431,150.741
OUT_12432,139.065
OUT_12433,120.357
OUT_12434,269.09
OUT_12435,338.32
OUT_12436,961.899
OUT_12437,92.799
OUT_12438,113.175
OUT_12439,133.497
OUT_12440,948.68
OUT_12441,111.268
OUT_12442,363.958
OUT_12443,165.477
OUT_12444,886.707
OUT_12445,2179.963
OUT_12446,358.666
OUT_12447,114.122
OUT_12448,294.143
OUT_12449,127.233
OUT_12450,230.442
OUT_12451,127.389
OUT_12452,137.757
OUT_12453,84.759
OUT_12454,153.92
OUT_12455,105.038
OUT_12456,896.671
OUT_12457,140.092
OUT_12458,130.167
OUT_12459,337.61
OUT_12460,941.126
OUT_12461,102.963
OUT_12462,156.645
OUT_12463,1067.064
OUT_12464,308.731
OUT_12465,93.817
OUT_12466,156.992
OUT_12467,115.785
OUT_12468,165.765
OUT_12469,995.831
OUT_12470,338.623
OUT_12471,105.61
OUT_12472,123.684
OUT_12473,344.669
OUT_12474,97.644
OUT_12475,93.082
OUT_12476,343.982
OUT_12477,122.673
OUT_12478,85.466
OUT_12479,335.716
OUT_12480,1340.231
OUT_12481,86.574
OUT_12482,978.663
OUT_12483,883.774
OUT_12484,1997.64
OUT_12485,982.62
OUT_12486,139.276
OUT_12487,79.975
OUT_12488,905.604
OUT_12489,137.305
OUT_12490,120.808
OUT_12491,91.983
OUT_12492,2020.169
OUT_12493,145.557
OUT_12494,2028.657
OUT_12495,320.344
OUT_12496,405.533
OUT_12497,87.57
OUT_12498,256.223
OUT_12499,146.404
OUT_12500,113.427
OUT_12501,309.325
OUT_12502,970.871
OUT_12503,248.973
OUT_12504,98.228
OUT_12505,177.344
OUT_12506,133.703
OUT_12507,1006.15
OUT_12508,266.66
OUT_12509,942.69
OUT_12510,150.82
OUT_12511,122.908
OUT_12512,295.644
OUT_12513,369.841
OUT_12514,1977.021
OUT_12515,270.189
OUT_12516,154.228
OUT_12517,135.563
OUT_12518,974.81
OUT_12519,116.178
OUT_12520,103.311
OUT_12521,140.33
OUT_12522,946.155
OUT_12523,343.097
OUT_12524,109.961
OUT_12525,106.756
OUT_12526,177.404
OUT_12527,109.741
OUT_12528,98.334
OUT_12529,940.983
OUT_12530,950.043
OUT_12531,999.475
OUT_12532,99.765
OUT_12533,98.942
OUT_12534,135.526
OUT_12535,150.331
OUT_12536,958.187
OUT_12537,137.778
OUT_12538,322.523
OUT_12539,112.505
OUT_12540,119.977
OUT_12541,87.751
OUT_12542,330.72
OUT_12543,145.004
OUT_12544,357.398
OUT_12545,97.79
OUT_12546,89.998
OUT_12547,121.206
OUT_12548,143.205
OUT_12549,172.853
OUT_12550,118.578
OUT_12551,139.905
OUT_12552,964.007
OUT_12553,289.811
OUT_12554,140.586
OUT_12555,93.141
OUT_12556,95.508
OUT_12557,125.738
OUT_12558,104.329
OUT_12559,116.885
OUT_12560,131.314
OUT_12561,2137.399
OUT_12562,953.962
OUT_12563,944.593
OUT_12564,323.728
OUT_12565,143.19
OUT_12566,117.895
OUT_12567,169.672
OUT_12568,119.992
OUT_12569,908.326
OUT_12570,339.684
OUT_12571,105.77
OUT_12572,939.748
OUT_12573,148.082
OUT_12574,92.224
OUT_12575,314.045
OUT_12576,121.235
OUT_12577,80.511
OUT_12578,275.324
OUT_12579,318.702
OUT_12580,961.092
OUT_12581,972.747
OUT_12582,984.022
OUT_12583,137.992
OUT_12584,120.847
OUT_12585,129.755
OUT_12586,128.813
OUT_12587,953.824
OUT_12588,2884.929
OUT_12589,127.563
OUT_12590,84.708
OUT_12591,320.08
OUT_12592,2023.08
OUT_12593,309.663
OUT_12594,1006.195
OUT_12595,393.291
OUT_12596,925.23
OUT_12597,128.432
OUT_12598,1037.935
OUT_12599,136.949
OUT_12600,340.502
OUT_12601,133.044
OUT_12602,121.364
OUT_12603,1002.367
OUT_12604,388.771
OUT_12605,366.605
OUT_12606,302.961
OUT_12607,318.028
OUT_12608,141.377
OUT_12609,160.515
OUT_12610,144.896
OUT_12611,312.517
OUT_12612,142.214
OUT_12613,121.889
OUT_12614,153.612
OUT_12615,346.449
OUT_12616,155.869
OUT_12617,85.266
OUT_12618,245.969
OUT_12619,176.389
OUT_12620,137.579
OUT_12621,874.077
OUT_12622,117.166
OUT_12623,1005.459
OUT_12624,2105.708
OUT_12625,2111.205
OUT_12626,156.01
OUT_12627,94.765
OUT_12628,311.398
OUT_12629,952.654
OUT_12630,319.662
OUT_12631,111.557
OUT_12632,976.182
OUT_12633,98.692
OUT_12634,106.373
OUT_12635,316.389
OUT_12636,132.88
OUT_12637,121.778
OUT_12638,1999.527
OUT_12639,97.537
OUT_12640,121.519
OUT_12641,981.656
OUT_12642,1945.482
OUT_12643,295.534
OUT_12644,359.553
OUT_12645,125.592
OUT_12646,146.454
OUT_12647,160.192
OUT_12648,102.141
OUT_12649,130.116
OUT_12650,122.539
OUT_12651,77.884
OUT_12652,296.732
OUT_12653,339.948
OUT_12654,1030.01
OUT_12655,101.505
OUT_12656,124.905
OUT_12657,172.976
OUT_12658,1995.237
OUT_12659,145.445
OUT_12660,292.982
OUT_12661,118.23
OUT_12662,132.01
OUT_12663,130.907
OUT_12664,279.88
OUT_12665,160.989
OUT_12666,950.726
OUT_12667,111.026
OUT_12668,338.35
OUT_12669,110.765
OUT_12670,338.321
OUT_12671,146.579
OUT_12672,928.699
OUT_12673,166.678
OUT_12674,152.878
OUT_12675,2061.992
OUT_12676,95.358
OUT_12677,351.024
OUT_12678,284.913
OUT_12679,148.324
OUT_12680,110.891
OUT_12681,112.683
OUT_12682,961.263
OUT_12683,1997.67
OUT_12684,120.282
OUT_12685,116.574
OUT_12686,147.501
OUT_12687,94.609
OUT_12688,105.205
OUT_12689,345.178
OUT_12690,361.929
OUT_12691,1994.423
OUT_12692,302.721
OUT_12693,320.162
OUT_12694,147.877
OUT_12695,90.372
OUT_12696,123.466
OUT_12697,1048.074
OUT_12698,245.012
OUT_12699,97.428
OUT_12700,105.475
OUT_12701,140.192
OUT_12702,1029.634
OUT_12703,108.605
OUT_12704,990.25
OUT_12705,928.285
OUT_12706,359.972
OUT_12707,295.768
OUT_12708,134.01
OUT_12709,291.543
OUT_12710,98.393
OUT_12711,79.15
OUT_12712,281.504
OUT_12713,150.883
OUT_12714,326.189
OUT_12715,91.796
OUT_12716,323.838
OUT_12717,298.391
OUT_12718,96.491
OUT_12719,323.453
OUT_12720,147.948
OUT_12721,111.832
OUT_12722,368.764
OUT_12723,107.818
OUT_12724,122.864
OUT_12725,84.455
OUT_12726,92.476
OUT_12727,127.597
OUT_12728,2057.229
OUT_12729,378.466
OUT_12730,984.468
OUT_12731,306.545
OUT_12732,117.011
OUT_12733,142.484
OUT_12734,937.144
OUT_12735,319.606
OUT_12736,108.277
OUT_12737,112.997
OUT_12738,118.358
OUT_12739,122.596
OUT_12740,939.975
OUT_12741,131.937
OUT_12742,2079.08
OUT_12743,352.206
OUT_12744,338.69
OUT_12745,1083.985
OUT_12746,130.316
OUT_12747,112.268
OUT_12748,156.595
OUT_12749,155.485
OUT_12750,219.179
OUT_12751,137.338
OUT_12752,106.858
OUT_12753,340.804
OUT_12754,953.887
OUT_12755,336.357
OUT_12756,146.177
OUT_12757,88.894
OUT_12758,104.06
OUT_12759,130.479
OUT_12760,105.886
OUT_12761,93.727
OUT_12762,139.4
OUT_12763,288.707
OUT_12764,100.627
OUT_12765,96.887
OUT_12766,159.731
OUT_12767,99.656
OUT_12768,115.573
OUT_12769,1005.94
OUT_12770,123.021
OUT_12771,125.057
OUT_12772,98.839
OUT_12773,102.368
OUT_12774,149.556
OUT_12775,137.608
OUT_12776,118.45
OUT_12777,359.707
OUT_12778,89.144
OUT_12779,106.663
OUT_12780,91.453
OUT_12781,165.746
OUT_12782,297.886
OUT_12783,945.368
OUT_12784,338.595
OUT_12785,303.832
OUT_12786,116.917
OUT_12787,143.23
OUT_12788,287.385
OUT_12789,361.914
OUT_12790,355.405
OUT_12791,115.188
OUT_12792,319.285
OUT_12793,386.152
OUT_12794,121.516
OUT_12795,81.19
OUT_12796,164.396
OUT_12797,137.953
OUT_12798,120.547
OUT_12799,106.335
OUT_12800,139.019
OUT_12801,311.361
OUT_12802,103.682
OUT_12803,108.735
OUT_12804,960.95
OUT_12805,125.112
OUT_12806,302.28
OUT_12807,968.36
OUT_12808,131.586
OUT_12809,236.24
OUT_12810,347.147
OUT_12811,294.979
OUT_12812,125.046
OUT_12813,347.892
OUT_12814,340.782
OUT_12815,989.364
OUT_12816,356.08
OUT_12817,354.798
OUT_12818,128.316
OUT_12819,104.255
OUT_12820,826.361
OUT_12821,314.442
OUT_12822,118.869
OUT_12823,70.009
OUT_12824,107.237
OUT_12825,114.159
OUT_12826,142.168
OUT_12827,91.664
OUT_12828,109.739
OUT_12829,116.709
OUT_12830,138.066
OUT_12831,110.936
OUT_12832,445.726
OUT_12833,299.251
OUT_12834,2030.48
OUT_12835,133.84
OUT_12836,313.985
OUT_12837,135.191
OUT_12838,81.888
OUT_12839,102.438
OUT_12840,120.992
OUT_12841,131.861
OUT_12842,807.807
OUT_12843,351.198
OUT_12844,328.387
OUT_12845,323.884
OUT_12846,97.038
OUT_12847,103.528
OUT_12848,2088.286
OUT_12849,301.349
OUT_12850,136.702
OUT_12851,281.384
OUT_12852,124.888
OUT_12853,136.987
OUT_12854,141.025
OUT_12855,1999.099
OUT_12856,113.893
OUT_12857,913.601
OUT_12858,126.786
OUT_12859,114.179
OUT_12860,144.739
OUT_12861,324.981
OUT_12862,362.003
OUT_12863,978.198
OUT_12864,138.614
OUT_12865,2687.813
OUT_12866,117.476
OUT_12867,315.93
OUT_12868,123.98
OUT_12869,75.611
OUT_12870,157.29
OUT_12871,140.429
OUT_12872,136.363
OUT_12873,2052.933
OUT_12874,2108.786
OUT_12875,974.379
OUT_12876,216.624
OUT_12877,131.144
OUT_12878,117.285
OUT_12879,311.529
OUT_12880,124.743
OUT_12881,319.533
OUT_12882,2120.173
OUT_12883,372.536
OUT_12884,121.101
OUT_12885,264.425
OUT_12886,287.997
OUT_12887,129.224
OUT_12888,136.609
OUT_12889,295.003
OUT_12890,2047.399
OUT_12891,285.167
OUT_12892,297.726
OUT_12893,107.802
OUT_12894,164.029
OUT_12895,82.448
OUT_12896,340.584
OUT_12897,147.08
OUT_12898,109.257
OUT_12899,104.368
OUT_12900,1127.596
OUT_12901,92.258
OUT_12902,87.926
OUT_12903,145.804
OUT_12904,288.29
OUT_12905,1026.112
OUT_12906,1048.757
OUT_12907,952.735
OUT_12908,121.974
OUT_12909,285.928
OUT_12910,123.872
OUT_12911,932.645
OUT_12912,111.364
OUT_12913,299.881
OUT_12914,100.596
OUT_12915,335.595
OUT_12916,163.71
OUT_12917,98.626
OUT_12918,302.991
OUT_12919,103.978
OUT_12920,131.723
OUT_12921,274.486
OUT_12922,92.632
OUT_12923,904.16
OUT_12924,322.453
OUT_12925,359.427
OUT_12926,830.646
OUT_12927,142.626
OUT_12928,108.98
OUT_12929,103.164
OUT_12930,345.774
OUT_12931,130.872
OUT_12932,2029.977
OUT_12933,303.682
OUT_12934,488.471
OUT_12935,893.42
OUT_12936,143.182
OUT_12937,145.482
OUT_12938,110.716
OUT_12939,1981.019
OUT_12940,86.713
OUT_12941,991.25
OUT_12942,327.415
OUT_12943,149.445
OUT_12944,310.918
OUT_12945,333.541
OUT_12946,259.447
OUT_12947,171.176
OUT_12948,94.009
OUT_12949,909.683
OUT_12950,300.313
OUT_12951,329.637
OUT_12952,105.426
OUT_12953,934.454
OUT_12954,141.918
OUT_12955,70.872
OUT_12956,116.778
OUT_12957,118.651
OUT_12958,344.24
OUT_12959,127.294
OUT_12960,304.37
OUT_12961,956.649
OUT_12962,95.726
OUT_12963,366.213
OUT_12964,119.615
OUT_12965,1041.079
OUT_12966,124.537
OUT_12967,107.913
OUT_12968,129.906
OUT_12969,2088.092
OUT_12970,302.036
OUT_12971,1056.035
OUT_12972,322.496
OUT_12973,100.962
OUT_12974,2042.507
OUT_12975,104.132
OUT_12976,993.007
OUT_12977,898.65
OUT_12978,2041.536
OUT_12979,336.096
OUT_12980,101.783
OUT_12981,126.437
OUT_12982,350.109
OUT_12983,131.35
OUT_12984,120.329
OUT_12985,885.041
OUT_12986,953.287
OUT_12987,2986.193
OUT_12988,140.017
OUT_12989,163.095
OUT_12990,321.546
OUT_12991,994.944
OUT_12992,284.15
OUT_12993,978.201
OUT_12994,314.232
OUT_12995,94.13
OUT_12996,305.672
OUT_12997,270.134
OUT_12998,122.33
OUT_12999,95.307
OUT_13000,292.279
OUT_13001,107.587
OUT_13002,96.697
OUT_13003,96.512
OUT_13004,297.141
OUT_13005,133.689
OUT_13006,99.599
OUT_13007,93.991
OUT_13008,2004.831
OUT_13009,71.011
OUT_13010,874.205
OUT_13011,123.864
OUT_13012,128.196
OUT_13013,111.612
OUT_13014,143.104
OUT_13015,321.222
OUT_13016,99.153
OUT_13017,1003.551
OUT_13018,262.226
OUT_13019,991.42
OUT_13020,288.005
OUT_13021,111.153
OUT_13022,90.289
OUT_13023,2098.154
OUT_13024,145.551
OUT_13025,103.087
OUT_13026,897.735
OUT_13027,228.662
OUT_13028,122.223
OUT_13029,298.707
OUT_13030,85.815
OUT_13031,86.794
OUT_13032,1009.883
OUT_13033,108.209
OUT_13034,110.077
OUT_13035,1949.162
OUT_13036,251.77
OUT_13037,105.15
OUT_13038,105.347
OUT_13039,327.396
OUT_13040,104.891
OUT_13041,101.926
OUT_13042,98.263
OUT_13043,99.209
OUT_13044,293.177
OUT_13045,103.879
OUT_13046,116.0
OUT_13047,119.753
OUT_13048,105.163
OUT_13049,138.067
OUT_13050,122.133
OUT_13051,113.951
OUT_13052,927.169
OUT_13053,284.674
OUT_13054,94.328
OUT_13055,1897.366
OUT_13056,232.277
OUT_13057,963.799
OUT_13058,114.016
OUT_13059,78.94
OUT_13060,109.457
OUT_13061,84.582
OUT_13062,80.842
OUT_13063,947.329
OUT_13064,109.872
OUT_13065,113.618
OUT_13066,269.461
OUT_13067,110.582
OUT_13068,152.466
OUT_13069,81.37
OUT_13070,104.905
OUT_13071,116.924
OUT_13072,938.309
OUT_13073,92.282
OUT_13074,100.294
OUT_13075,310.368
OUT_13076,329.486
OUT_13077,145.398
OUT_13078,106.772
OUT_13079,113.902
OUT_13080,97.141
OUT_13081,109.761
OUT_13082,153.529
OUT_13083,116.439
OUT_13084,135.289
OUT_13085,108.282
OUT_13086,95.982
OUT_13087,116.395
OUT_13088,920.156
OUT_13089,125.92
OUT_13090,87.158
OUT_13091,329.432
OUT_13092,315.768
OUT_13093,332.789
OUT_13094,143.551
OUT_13095,234.841
OUT_13096,367.756
OUT_13097,879.9
OUT_13098,133.838
OUT_13099,153.138
OUT_13100,96.318
OUT_13101,281.616
OUT_13102,76.514
OUT_13103,107.095
OUT_13104,307.452
OUT_13105,927.899
OUT_13106,89.516
OUT_13107,100.125
OUT_13108,101.382
OUT_13109,283.778
OUT_13110,110.656
OUT_13111,265.226
OUT_13112,136.717
OUT_13113,2061.979
OUT_13114,107.129
OUT_13115,126.542
OUT_13116,338.681
OUT_13117,117.44
OUT_13118,2113.285
OUT_13119,261.219
OUT_13120,335.589
OUT_13121,96.176
OUT_13122,100.4
OUT_13123,89.434
OUT_13124,73.105
OUT_13125,277.05
OUT_13126,107.518
OUT_13127,93.124
OUT_13128,930.378
OUT_13129,273.719
OUT_13130,308.44
OUT_13131,109.87
OUT_13132,102.817
OUT_13133,85.609
OUT_13134,102.949
OUT_13135,885.895
OUT_13136,96.909
OUT_13137,105.426
OUT_13138,92.502
OUT_13139,183.47
OUT_13140,1907.02
OUT_13141,294.805
OUT_13142,138.038
OUT_13143,158.569
OUT_13144,948.467
OUT_13145,92.085
OUT_13146,102.113
OUT_13147,118.647
OUT_13148,372.929
OUT_13149,950.551
OUT_13150,233.398
OUT_13151,341.849
OUT_13152,299.351
OUT_13153,302.856
OUT_13154,94.17
OUT_13155,104.956
OUT_13156,122.499
OUT_13157,317.449
OUT_13158,926.413
OUT_13159,112.6
OUT_13160,119.457
OUT_13161,95.133
OUT_13162,133.743
OUT_13163,91.547
OUT_13164,121.902
OUT_13165,347.767
OUT_13166,121.067
OUT_13167,472.407
OUT_13168,929.579
OUT_13169,98.802
OUT_13170,274.937
OUT_13171,298.326
OUT_13172,241.919
OUT_13173,896.948
OUT_13174,99.802
OUT_13175,95.063
OUT_13176,78.242
OUT_13177,304.872
OUT_13178,94.623
OUT_13179,103.351
OUT_13180,284.407
OUT_13181,84.159
OUT_13182,116.378
OUT_13183,115.101
OUT_13184,346.17
OUT_13185,291.091
OUT_13186,267.77
OUT_13187,109.536
OUT_13188,293.614
OUT_13189,306.42
OUT_13190,118.145
OUT_13191,95.863
OUT_13192,86.139
OUT_13193,103.701
OUT_13194,373.512
OUT_13195,128.862
OUT_13196,92.882
OUT_13197,127.815
OUT_13198,296.832
OUT_13199,88.231
OUT_13200,83.414
OUT_13201,490.45
OUT_13202,115.383
OUT_13203,310.787
OUT_13204,94.302
OUT_13205,123.999
OUT_13206,927.311
OUT_13207,148.125
OUT_13208,141.495
OUT_13209,98.937
OUT_13210,236.979
OUT_13211,127.591
OUT_13212,90.166
OUT_13213,253.847
OUT_13214,104.318
OUT_13215,112.714
OUT_13216,119.231
OUT_13217,74.914
OUT_13218,124.33
OUT_13219,124.436
OUT_13220,962.127
OUT_13221,113.662
OUT_13222,138.245
OUT_13223,312.278
OUT_13224,121.044
OUT_13225,139.886
OUT_13226,100.897
OUT_13227,329.107
OUT_13228,984.063
OUT_13229,110.452
OUT_13230,2064.943
OUT_13231,907.688
OUT_13232,2020.275
OUT_13233,143.689
OUT_13234,2787.728
OUT_13235,127.418
OUT_13236,114.782
OUT_13237,1936.687
OUT_13238,941.704
OUT_13239,151.359
OUT_13240,1971.994
OUT_13241,357.465
OUT_13242,132.56
OUT_13243,291.033
OUT_13244,112.702
OUT_13245,88.039
OUT_13246,250.811
OUT_13247,125.706
OUT_13248,109.29
OUT_13249,100.258
OUT_13250,134.779
OUT_13251,113.666
OUT_13252,972.492
OUT_13253,108.372
OUT_13254,2531.649
OUT_13255,97.751
OUT_13256,947.475
OUT_13257,91.886
OUT_13258,341.433
OUT_13259,101.377
OUT_13260,114.424
OUT_13261,153.698
OUT_13262,98.207
OUT_13263,75.642
OUT_13264,287.503
OUT_13265,90.462
OUT_13266,2111.05
OUT_13267,124.143
OUT_13268,134.151
OUT_13269,970.493
OUT_13270,959.036
OUT_13271,1032.042
OUT_13272,925.534
OUT_13273,124.026
OUT_13274,108.023
OUT_13275,100.628
OUT_13276,147.774
OUT_13277,382.451
OUT_13278,123.168
OUT_13279,281.204
OUT_13280,254.503
OUT_13281,1000.094
OUT_13282,88.021
OUT_13283,88.922
OUT_13284,1108.923
OUT_13285,961.258
OUT_13286,343.98
OUT_13287,118.917
OUT_13288,902.926
OUT_13289,1036.218
OUT_13290,92.245
OUT_13291,105.687
OUT_13292,309.97
OUT_13293,308.219
OUT_13294,281.266
OUT_13295,77.544
OUT_13296,2150.63
OUT_13297,267.268
OUT_13298,308.944
OUT_13299,95.053
OUT_13300,111.125
OUT_13301,115.412
OUT_13302,288.745
OUT_13303,297.142
OUT_13304,96.596
OUT_13305,95.346
OUT_13306,134.641
OUT_13307,89.702
OUT_13308,90.397
OUT_13309,276.512
OUT_13310,135.288
OUT_13311,299.344
OUT_13312,91.616
OUT_13313,125.402
OUT_13314,2125.904
OUT_13315,116.947
OUT_13316,110.391
OUT_13317,86.698
OUT_13318,849.754
OUT_13319,987.004
OUT_13320,963.274
OUT_13321,112.28
OUT_13322,81.899
OUT_13323,108.367
OUT_13324,260.099
OUT_13325,84.891
OUT_13326,122.208
OUT_13327,119.502
OUT_13328,119.772
OUT_13329,120.491
OUT_13330,96.511
OUT_13331,104.004
OUT_13332,124.007
OUT_13333,2045.578
OUT_13334,339.09
OUT_13335,2177.568
OUT_13336,135.341
OUT_13337,82.105
OUT_13338,899.33
OUT_13339,1008.693
OUT_13340,129.147
OUT_13341,135.386
OUT_13342,118.304
OUT_13343,947.351
OUT_13344,104.817
OUT_13345,157.802
OUT_13346,159.133
OUT_13347,1916.203
OUT_13348,100.013
OUT_13349,103.592
OUT_13350,901.027
OUT_13351,299.692
OUT_13352,303.374
OUT_13353,361.97
OUT_13354,145.795
OUT_13355,271.661
OUT_13356,85.673
OUT_13357,97.708
OUT_13358,104.802
OUT_13359,161.035
OUT_13360,256.2
OUT_13361,105.346
OUT_13362,84.775
OUT_13363,97.503
OUT_13364,360.448
OUT_13365,114.15
OUT_13366,248.78
OUT_13367,98.805
OUT_13368,291.527
OUT_13369,340.176
OUT_13370,1070.712
OUT_13371,95.156
OUT_13372,122.351
OUT_13373,123.476
OUT_13374,86.115
OUT_13375,78.403
OUT_13376,364.106
OUT_13377,321.443
OUT_13378,117.359
OUT_13379,2013.703
OUT_13380,282.087
OUT_13381,120.587
OUT_13382,144.605
OUT_13383,114.108
OUT_13384,290.796
OUT_13385,319.172
OUT_13386,90.323
OUT_13387,286.751
OUT_13388,229.255
OUT_13389,251.508
OUT_13390,936.957
OUT_13391,322.44
OUT_13392,920.77
OUT_13393,82.463
OUT_13394,135.68
OUT_13395,951.516
OUT_13396,106.067
OUT_13397,116.24
OUT_13398,113.256
OUT_13399,127.022
OUT_13400,95.789
OUT_13401,218.399
OUT_13402,337.012
OUT_13403,2003.195
OUT_13404,124.356
OUT_13405,330.016
OUT_13406,137.681
OUT_13407,87.626
OUT_13408,114.431
OUT_13409,230.412
OUT_13410,1020.113
OUT_13411,119.9
OUT_13412,1992.229
OUT_13413,304.143
OUT_13414,960.974
OUT_13415,95.302
OUT_13416,285.117
OUT_13417,1023.338
OUT_13418,176.843
OUT_13419,103.151
OUT_13420,78.847
OUT_13421,154.159
OUT_13422,110.139
OUT_13423,124.842
OUT_13424,145.964
OUT_13425,90.823
OUT_13426,96.838
OUT_13427,115.084
OUT_13428,113.47
OUT_13429,102.954
OUT_13430,827.271
OUT_13431,103.408
OUT_13432,95.975
OUT_13433,121.81
OUT_13434,153.256
OUT_13435,107.189
OUT_13436,128.675
OUT_13437,163.973
OUT_13438,99.68
OUT_13439,118.207
OUT_13440,956.693
OUT_13441,101.231
OUT_13442,960.895
OUT_13443,324.083
OUT_13444,96.266
OUT_13445,136.882
OUT_13446,927.7
OUT_13447,324.173
OUT_13448,910.733
OUT_13449,102.415
OUT_13450,267.108
OUT_13451,89.649
OUT_13452,123.939
OUT_13453,998.198
OUT_13454,148.969
OUT_13455,307.416
OUT_13456,150.298
OUT_13457,268.286
OUT_13458,906.028
OUT_13459,131.305
OUT_13460,128.233
OUT_13461,104.887
OUT_13462,281.54
OUT_13463,137.98
OUT_13464,315.508
OUT_13465,138.68
OUT_13466,99.755
OUT_13467,142.729
OUT_13468,1012.176
OUT_13469,932.795
OUT_13470,290.907
OUT_13471,121.597
OUT_13472,291.17
OUT_13473,223.867
OUT_13474,127.437
OUT_13475,121.03
OUT_13476,266.437
OUT_13477,974.117
OUT_13478,267.886
OUT_13479,58.027
OUT_13480,148.542
OUT_13481,2035.791
OUT_13482,270.872
OUT_13483,74.832
OUT_13484,327.2
OUT_13485,887.214
OUT_13486,117.676
OUT_13487,100.892
OUT_13488,270.186
OUT_13489,283.316
OUT_13490,354.929
OUT_13491,104.191
OUT_13492,117.95
OUT_13493,105.395
OUT_13494,112.966
OUT_13495,118.743
OUT_13496,936.897
OUT_13497,143.849
OUT_13498,288.031
OUT_13499,339.188
OUT_13500,251.214
OUT_13501,290.899
OUT_13502,121.135
OUT_13503,160.127
OUT_13504,1003.14
OUT_13505,902.011
OUT_13506,984.184
OUT_13507,353.592
OUT_13508,166.029
OUT_13509,332.77
OUT_13510,145.085
OUT_13511,127.426
OUT_13512,120.053
OUT_13513,125.46
OUT_13514,1968.605
OUT_13515,287.49
OUT_13516,928.742
OUT_13517,262.851
OUT_13518,84.725
OUT_13519,116.182
OUT_13520,840.2
OUT_13521,133.02
OUT_13522,913.025
OUT_13523,153.14
OUT_13524,255.855
OUT_13525,140.272
OUT_13526,1019.049
OUT_13527,929.2
OUT_13528,151.816
OUT_13529,97.023
OUT_13530,954.843
OUT_13531,324.73
OUT_13532,104.565
OUT_13533,271.168
OUT_13534,1920.954
OUT_13535,101.599
OUT_13536,1018.568
OUT_13537,120.568
OUT_13538,101.532
OUT_13539,319.924
OUT_13540,2070.505
OUT_13541,101.979
OUT_13542,112.545
OUT_13543,300.103
OUT_13544,250.353
OUT_13545,217.525
OUT_13546,261.129
OUT_13547,287.5
OUT_13548,133.547
OUT_13549,353.045
OUT_13550,105.359
OUT_13551,301.118
OUT_13552,159.279
OUT_13553,121.906
OUT_13554,361.154
OUT_13555,110.902
OUT_13556,952.4
OUT_13557,115.119
OUT_13558,124.954
OUT_13559,104.895
OUT_13560,2865.382
OUT_13561,141.086
OUT_13562,831.79
OUT_13563,937.746
OUT_13564,137.598
OUT_13565,116.976
OUT_13566,118.391
OUT_13567,99.551
OUT_13568,346.308
OUT_13569,87.322
OUT_13570,155.191
OUT_13571,145.464
OUT_13572,107.577
OUT_13573,119.984
OUT_13574,946.848
OUT_13575,997.021
OUT_13576,96.758
OUT_13577,109.312
OUT_13578,127.546
OUT_13579,946.151
OUT_13580,286.024
OUT_13581,117.452
OUT_13582,270.031
OUT_13583,94.509
OUT_13584,129.603
OUT_13585,141.253
OUT_13586,85.16
OUT_13587,166.761
OUT_13588,121.41
OUT_13589,120.289
OUT_13590,285.278
OUT_13591,77.503
OUT_13592,347.878
OUT_13593,112.076
OUT_13594,116.455
OUT_13595,934.029
OUT_13596,891.126
OUT_13597,102.628
OUT_13598,132.218
OUT_13599,2207.922
OUT_13600,154.488
OUT_13601,111.544
OUT_13602,313.966
OUT_13603,837.176
OUT_13604,101.056
OUT_13605,316.592
OUT_13606,118.087
OUT_13607,284.851
OUT_13608,296.686
OUT_13609,129.458
OUT_13610,131.267
OUT_13611,920.016
OUT_13612,110.788
OUT_13613,2183.394
OUT_13614,337.507
OUT_13615,100.331
OUT_13616,97.764
OUT_13617,368.895
OUT_13618,2067.874
OUT_13619,268.268
OUT_13620,1024.088
OUT_13621,105.999
OUT_13622,382.498
OUT_13623,365.084
OUT_13624,245.8
OUT_13625,311.436
OUT_13626,331.399
OUT_13627,319.158
OUT_13628,97.809
OUT_13629,104.554
OUT_13630,100.193
OUT_13631,305.077
OUT_13632,134.694
OUT_13633,287.87
OUT_13634,960.521
OUT_13635,93.567
OUT_13636,119.392
OUT_13637,88.11
OUT_13638,273.748
OUT_13639,2002.087
OUT_13640,353.23
OUT_13641,319.963
OUT_13642,932.131
OUT_13643,130.565
OUT_13644,997.66
OUT_13645,891.248
OUT_13646,93.0
OUT_13647,2015.103
OUT_13648,2042.625
OUT_13649,951.994
OUT_13650,89.365
OUT_13651,344.897
OUT_13652,138.324
OUT_13653,156.858
OUT_13654,250.228
OUT_13655,86.2
OUT_13656,136.689
OUT_13657,253.973
OUT_13658,108.535
OUT_13659,110.86
OUT_13660,249.667
OUT_13661,101.733
OUT_13662,302.791
OUT_13663,269.3
OUT_13664,895.34
OUT_13665,1997.429
OUT_13666,127.185
OUT_13667,99.209
OUT_13668,281.46
OUT_13669,111.083
OUT_13670,858.862
OUT_13671,232.941
OUT_13672,312.243
OUT_13673,97.667
OUT_13674,102.921
OUT_13675,156.159
OUT_13676,112.71
OUT_13677,929.54
OUT_13678,980.938
OUT_13679,85.851
OUT_13680,120.379
OUT_13681,145.776
OUT_13682,90.572
OUT_13683,348.502
OUT_13684,293.08
OUT_13685,97.221
OUT_13686,82.564
OUT_13687,372.817
OUT_13688,112.078
OUT_13689,135.738
OUT_13690,152.464
OUT_13691,273.745
OUT_13692,134.015
OUT_13693,276.741
OUT_13694,2095.9
OUT_13695,119.199
OUT_13696,286.77
OUT_13697,298.295
OUT_13698,96.187
OUT_13699,333.667
OUT_13700,104.764
OUT_13701,98.255
OUT_13702,372.117
OUT_13703,96.659
OUT_13704,103.753
OUT_13705,144.384
OUT_13706,88.319
OUT_13707,92.51
OUT_13708,91.165
OUT_13709,104.419
OUT_13710,110.081
OUT_13711,126.782
OUT_13712,155.038
OUT_13713,119.825
OUT_13714,89.244
OUT_13715,957.033
OUT_13716,989.216
OUT_13717,303.741
OUT_13718,885.939
OUT_13719,332.399
OUT_13720,94.186
OUT_13721,275.598
OUT_13722,324.298
OUT_13723,350.19
OUT_13724,109.317
OUT_13725,125.174
OUT_13726,298.015
OUT_13727,132.482
OUT_13728,113.989
OUT_13729,107.587
OUT_13730,119.049
OUT_13731,75.193
OUT_13732,255.864
OUT_13733,151.134
OUT_13734,974.807
OUT_13735,77.407
OUT_13736,885.509
OUT_13737,959.576
OUT_13738,143.561
OUT_13739,113.376
OUT_13740,92.699
OUT_13741,93.516
OUT_13742,914.535
OUT_13743,112.631
OUT_13744,124.724
OUT_13745,94.607
OUT_13746,99.169
OUT_13747,256.249
OUT_13748,92.411
OUT_13749,115.445
OUT_13750,395.135
OUT_13751,126.471
OUT_13752,249.161
OUT_13753,2884.642
OUT_13754,98.337
OUT_13755,337.968
OUT_13756,133.199
OUT_13757,866.933
OUT_13758,932.219
OUT_13759,160.23
OUT_13760,314.787
OUT_13761,962.584
OUT_13762,970.912
OUT_13763,903.755
OUT_13764,94.391
OUT_13765,80.744
OUT_13766,92.214
OUT_13767,236.59
OUT_13768,247.879
OUT_13769,146.406
OUT_13770,92.548
OUT_13771,131.754
OUT_13772,96.111
OUT_13773,242.495
OUT_13774,112.916
OUT_13775,120.291
OUT_13776,312.302
OUT_13777,271.512
OUT_13778,112.515
OUT_13779,106.965
OUT_13780,893.11
OUT_13781,94.583
OUT_13782,118.458
OUT_13783,109.441
OUT_13784,123.02
OUT_13785,121.931
OUT_13786,325.292
OUT_13787,101.024
OUT_13788,83.019
OUT_13789,239.816
OUT_13790,327.525
OUT_13791,950.064
OUT_13792,78.754
OUT_13793,245.139
OUT_13794,142.497
OUT_13795,140.346
OUT_13796,243.957
OUT_13797,94.403
OUT_13798,83.025
OUT_13799,136.631
OUT_13800,913.989
OUT_13801,1985.672
OUT_13802,927.154
OUT_13803,97.062
OUT_13804,107.063
OUT_13805,119.702
OUT_13806,332.466
OUT_13807,296.251
OUT_13808,2182.866
OUT_13809,90.012
OUT_13810,114.554
OUT_13811,338.068
OUT_13812,940.996
OUT_13813,2122.714
OUT_13814,131.248
OUT_13815,921.589
OUT_13816,117.144
OUT_13817,215.513
OUT_13818,302.562
OUT_13819,336.465
OUT_13820,85.219
OUT_13821,932.287
OUT_13822,95.341
OUT_13823,284.516
OUT_13824,130.162
OUT_13825,109.059
OUT_13826,272.886
OUT_13827,231.347
OUT_13828,1996.996
OUT_13829,296.212
OUT_13830,133.584
OUT_13831,292.507
OUT_13832,169.226
OUT_13833,326.657
OUT_13834,314.314
OUT_13835,237.462
OUT_13836,81.9
OUT_13837,90.302
OUT_13838,90.618
OUT_13839,316.088
OUT_13840,306.239
OUT_13841,153.498
OUT_13842,121.92
OUT_13843,352.532
OUT_13844,182.576
OUT_13845,95.873
OUT_13846,107.995
OUT_13847,293.569
OUT_13848,116.883
OUT_13849,92.332
OUT_13850,128.82
OUT_13851,931.547
OUT_13852,138.378
OUT_13853,129.753
OUT_13854,121.972
OUT_13855,115.887
OUT_13856,131.758
OUT_13857,987.438
OUT_13858,901.832
OUT_13859,130.916
OUT_13860,87.539
OUT_13861,126.422
OUT_13862,147.417
OUT_13863,125.285
OUT_13864,129.402
OUT_13865,109.159
OUT_13866,116.043
OUT_13867,126.032
OUT_13868,111.098
OUT_13869,147.261
OUT_13870,78.418
OUT_13871,297.788
OUT_13872,110.611
OUT_13873,284.864
OUT_13874,90.371
OUT_13875,888.636
OUT_13876,326.186
OUT_13877,890.468
OUT_13878,248.65
OUT_13879,288.726
OUT_13880,2000.275
OUT_13881,255.605
OUT_13882,141.981
OUT_13883,1968.75
OUT_13884,930.281
OUT_13885,86.714
OUT_13886,92.086
OUT_13887,93.975
OUT_13888,157.405
OUT_13889,134.579
OUT_13890,127.052
OUT_13891,283.55
OUT_13892,111.025
OUT_13893,109.461
OUT_13894,348.145
OUT_13895,120.779
OUT_13896,362.178
OUT_13897,297.471
OUT_13898,79.643
OUT_13899,160.282
OUT_13900,253.347
OUT_13901,71.469
OUT_13902,294.198
OUT_13903,107.337
OUT_13904,862.134
OUT_13905,1991.776
OUT_13906,133.146
OUT_13907,319.445
OUT_13908,2055.772
OUT_13909,148.348
OUT_13910,120.187
OUT_13911,105.326
OUT_13912,883.281
OUT_13913,299.154
OUT_13914,366.826
OUT_13915,319.386
OUT_13916,294.097
OUT_13917,320.457
OUT_13918,243.881
OUT_13919,296.055
OUT_13920,138.372
OUT_13921,1963.709
OUT_13922,118.914
OUT_13923,158.133
OUT_13924,237.855
OUT_13925,866.234
OUT_13926,310.878
OUT_13927,138.265
OUT_13928,101.694
OUT_13929,81.506
OUT_13930,110.634
OUT_13931,338.637
OUT_13932,392.291
OUT_13933,368.543
OUT_13934,114.093
OUT_13935,241.86
OUT_13936,126.191
OUT_13937,988.85
OUT_13938,278.372
OUT_13939,103.074
OUT_13940,315.336
OUT_13941,100.666
OUT_13942,124.425
OUT_13943,937.039
OUT_13944,919.015
OUT_13945,90.177
OUT_13946,341.375
OUT_13947,363.59
OUT_13948,144.731
OUT_13949,96.213
OUT_13950,915.885
OUT_13951,355.232
OUT_13952,113.263
OUT_13953,275.901
OUT_13954,2046.161
OUT_13955,132.744
OUT_13956,914.99
OUT_13957,105.952
OUT_13958,308.184
OUT_13959,311.25
OUT_13960,102.381
OUT_13961,320.648
OUT_13962,99.133
OUT_13963,1055.644
OUT_13964,114.392
OUT_13965,364.523
OUT_13966,134.595
OUT_13967,89.421
OUT_13968,151.016
OUT_13969,303.091
OUT_13970,1026.409
OUT_13971,100.895
OUT_13972,1117.699
OUT_13973,288.643
OUT_13974,127.928
OUT_13975,821.871
OUT_13976,104.474
OUT_13977,940.285
OUT_13978,132.807
OUT_13979,268.152
OUT_13980,261.124
OUT_13981,2829.256
OUT_13982,2175.484
OUT_13983,123.124
OUT_13984,119.734
OUT_13985,154.837
OUT_13986,1974.983
OUT_13987,109.299
OUT_13988,303.526
OUT_13989,118.297
OUT_13990,136.311
OUT_13991,236.732
OUT_13992,987.956
OUT_13993,89.242
OUT_13994,256.838
OUT_13995,110.628
OUT_13996,2014.147
OUT_13997,87.892
OUT_13998,2040.186
OUT_13999,80.706
OUT_14000,105.802
OUT_14001,98.313
OUT_14002,140.478
OUT_14003,93.829
OUT_14004,154.856
OUT_14005,284.706
OUT_14006,93.289
OUT_14007,309.443
OUT_14008,283.138
OUT_14009,284.461
OUT_14010,94.896
OUT_14011,287.626
OUT_14012,111.534
OUT_14013,99.151
OUT_14014,1012.283
OUT_14015,919.315
OUT_14016,182.38
OUT_14017,312.498
OUT_14018,215.292
OUT_14019,232.439
OUT_14020,97.336
OUT_14021,256.594
OUT_14022,151.818
OUT_14023,2066.447
OUT_14024,942.728
OUT_14025,1008.566
OUT_14026,81.128
OUT_14027,113.657
OUT_14028,105.824
OUT_14029,991.351
OUT_14030,883.68
OUT_14031,245.187
OUT_14032,869.215
OUT_14033,915.321
OUT_14034,2045.299
OUT_14035,103.351
OUT_14036,916.594
OUT_14037,897.308
OUT_14038,115.841
OUT_14039,360.862
OUT_14040,325.428
OUT_14041,101.104
OUT_14042,153.52
OUT_14043,137.295
OUT_14044,167.125
OUT_14045,227.139
OUT_14046,89.275
OUT_14047,336.946
OUT_14048,113.402
OUT_14049,116.737
OUT_14050,2058.649
OUT_14051,268.367
OUT_14052,128.892
OUT_14053,96.978
OUT_14054,106.121
OUT_14055,82.512
OUT_14056,247.145
OUT_14057,923.75
OUT_14058,313.311
OUT_14059,143.506
OUT_14060,301.76
OUT_14061,233.942
OUT_14062,932.765
OUT_14063,1972.829
OUT_14064,91.74
OUT_14065,838.741
OUT_14066,79.675
OUT_14067,104.318
OUT_14068,314.082
OUT_14069,100.167
OUT_14070,265.86
OUT_14071,129.327
OUT_14072,268.54
OUT_14073,85.781
OUT_14074,778.386
OUT_14075,141.689
OUT_14076,925.049
OUT_14077,122.235
OUT_14078,308.277
OUT_14079,106.55
OUT_14080,264.272
OUT_14081,108.205
OUT_14082,889.397
OUT_14083,119.897
OUT_14084,97.418
OUT_14085,279.816
OUT_14086,895.24
OUT_14087,92.293
OUT_14088,323.8
OUT_14089,988.177
OUT_14090,980.125
OUT_14091,124.274
OUT_14092,109.459
OUT_14093,2029.37
OUT_14094,158.663
OUT_14095,353.594
OUT_14096,94.996
OUT_14097,90.391
OUT_14098,333.919
OUT_14099,316.136
OUT_14100,121.288
OUT_14101,107.774
OUT_14102,288.998
OUT_14103,99.95
OUT_14104,124.561
OUT_14105,87.797
OUT_14106,333.396
OUT_14107,128.721
OUT_14108,109.185
OUT_14109,931.79
OUT_14110,297.952
OUT_14111,896.572
OUT_14112,140.937
OUT_14113,99.457
OUT_14114,913.554
OUT_14115,141.376
OUT_14116,102.81
OUT_14117,287.177
OUT_14118,2088.606
OUT_14119,270.729
OUT_14120,135.825
OUT_14121,148.184
OUT_14122,118.728
OUT_14123,104.272
OUT_14124,97.456
OUT_14125,89.031
OUT_14126,295.649
OUT_14127,908.066
OUT_14128,94.816
OUT_14129,140.144
OUT_14130,72.99
OUT_14131,847.526
OUT_14132,366.007
OUT_14133,912.053
OUT_14134,119.279
OUT_14135,319.999
OUT_14136,115.061
OUT_14137,96.657
OUT_14138,100.455
OUT_14139,1974.917
OUT_14140,94.953
OUT_14141,124.337
OUT_14142,218.5
OUT_14143,107.55
OUT_14144,354.779
OUT_14145,258.628
OUT_14146,295.291
OUT_14147,329.45
OUT_14148,108.238
OUT_14149,122.892
OUT_14150,153.579
OUT_14151,85.546
OUT_14152,305.019
OUT_14153,97.174
OUT_14154,235.007
OUT_14155,111.358
OUT_14156,317.782
OUT_14157,119.084
OUT_14158,163.906
OUT_14159,250.286
OUT_14160,99.839
OUT_14161,106.409
OUT_14162,314.242
OUT_14163,100.282
OUT_14164,335.461
OUT_14165,271.56
OUT_14166,269.612
OUT_14167,96.035
OUT_14168,161.921
OUT_14169,271.234
OUT_14170,274.774
OUT_14171,117.784
OUT_14172,344.344
OUT_14173,316.609
OUT_14174,122.503
OUT_14175,898.812
OUT_14176,143.656
OUT_14177,111.478
OUT_14178,128.945
OUT_14179,253.619
OUT_14180,129.308
OUT_14181,137.034
OUT_14182,343.108
OUT_14183,143.753
OUT_14184,92.157
OUT_14185,129.888
OUT_14186,937.104
OUT_14187,126.1
OUT_14188,100.92
OUT_14189,229.869
OUT_14190,70.506
OUT_14191,977.189
OUT_14192,895.59
OUT_14193,123.511
OUT_14194,85.57
OUT_14195,919.086
OUT_14196,91.989
OUT_14197,840.978
OUT_14198,129.646
OUT_14199,115.722
OUT_14200,1977.141
OUT_14201,126.159
OUT_14202,92.808
OUT_14203,286.02
OUT_14204,122.37
OUT_14205,102.498
OUT_14206,107.995
OUT_14207,240.544
OUT_14208,2043.229
OUT_14209,285.821
OUT_14210,352.679
OUT_14211,153.623
OUT_14212,322.707
OUT_14213,108.441
OUT_14214,162.776
OUT_14215,317.107
OUT_14216,95.066
OUT_14217,1931.178
OUT_14218,91.206
OUT_14219,133.888
OUT_14220,93.483
OUT_14221,259.118
OUT_14222,2103.982
OUT_14223,86.655
OUT_14224,141.91
OUT_14225,885.791
OUT_14226,877.061
OUT_14227,87.945
OUT_14228,353.637
OUT_14229,387.703
OUT_14230,108.058
OUT_14231,1130.639
OUT_14232,93.711
OUT_14233,299.507
OUT_14234,102.537
OUT_14235,88.461
OUT_14236,288.493
OUT_14237,285.788
OUT_14238,302.193
OUT_14239,126.134
OUT_14240,1973.366
OUT_14241,954.176
OUT_14242,853.288
OUT_14243,291.699
OUT_14244,112.413
OUT_14245,90.601
OUT_14246,95.889
OUT_14247,260.518
OUT_14248,230.109
OUT_14249,371.599
OUT_14250,105.196
OUT_14251,953.351
OUT_14252,337.256
OUT_14253,243.05
OUT_14254,133.87
OUT_14255,91.347
OUT_14256,103.184
OUT_14257,307.148
OUT_14258,266.572
OUT_14259,114.185
OUT_14260,342.713
OUT_14261,92.35
OUT_14262,857.642
OUT_14263,313.769
OUT_14264,112.987
OUT_14265,272.704
OUT_14266,295.468
OUT_14267,244.933
OUT_14268,315.601
OUT_14269,326.338
OUT_14270,94.596
OUT_14271,253.813
OUT_14272,328.703
OUT_14273,324.65
OUT_14274,2059.944
OUT_14275,308.41
OUT_14276,148.911
OUT_14277,294.358
OUT_14278,134.744
OUT_14279,121.4
OUT_14280,936.51
OUT_14281,1858.524
OUT_14282,937.278
OUT_14283,350.272
OUT_14284,92.545
OUT_14285,94.641
OUT_14286,104.837
OUT_14287,362.772
OUT_14288,79.727
OUT_14289,125.759
OUT_14290,316.199
OUT_14291,317.501
OUT_14292,970.169
OUT_14293,104.776
OUT_14294,2045.835
OUT_14295,102.988
OUT_14296,141.36
OUT_14297,956.067
OUT_14298,255.958
OUT_14299,252.982
OUT_14300,850.166
OUT_14301,66.101
OUT_14302,107.52
OUT_14303,239.166
OUT_14304,98.455
OUT_14305,965.071
OUT_14306,115.31
OUT_14307,109.235
OUT_14308,90.608
OUT_14309,109.028
OUT_14310,328.671
OUT_14311,91.827
OUT_14312,120.35
OUT_14313,97.887
OUT_14314,364.279
OUT_14315,114.355
OUT_14316,337.345
OUT_14317,100.967
OUT_14318,954.179
OUT_14319,287.672
OUT_14320,103.651
OUT_14321,139.275
OUT_14322,333.698
OUT_14323,892.695
OUT_14324,129.991
OUT_14325,119.749
OUT_14326,370.571
OUT_14327,111.24
OUT_14328,869.584
OUT_14329,95.035
OUT_14330,87.651
OUT_14331,128.414
OUT_14332,323.758
OUT_14333,97.103
OUT_14334,917.29
OUT_14335,130.901
OUT_14336,924.389
OUT_14337,1957.149
OUT_14338,315.108
OUT_14339,128.913
OUT_14340,347.352
OUT_14341,316.103
OUT_14342,245.762
OUT_14343,295.456
OUT_14344,85.6
OUT_14345,114.462
OUT_14346,977.433
OUT_14347,92.318
OUT_14348,158.111
OUT_14349,359.115
OUT_14350,1060.499
OUT_14351,952.53
OUT_14352,902.123
OUT_14353,116.647
OUT_14354,75.75
OUT_14355,926.717
OUT_14356,490.449
OUT_14357,982.984
OUT_14358,105.32
OUT_14359,916.285
OUT_14360,85.22
OUT_14361,928.071
OUT_14362,143.32
OUT_14363,272.645
OUT_14364,1097.94
OUT_14365,351.307
OUT_14366,86.911
OUT_14367,1939.855
OUT_14368,284.454
OUT_14369,110.156
OUT_14370,359.422
OUT_14371,120.545
OUT_14372,106.079
OUT_14373,1026.512
OUT_14374,899.106
OUT_14375,287.186
OUT_14376,973.64
OUT_14377,126.622
OUT_14378,98.232
OUT_14379,321.646
OUT_14380,351.288
OUT_14381,359.444
OUT_14382,103.975
OUT_14383,305.557
OUT_14384,852.611
OUT_14385,148.656
OUT_14386,219.45
OUT_14387,144.167
OUT_14388,265.343
OUT_14389,293.956
OUT_14390,347.063
OUT_14391,964.365
OUT_14392,154.145
OUT_14393,316.626
OUT_14394,102.151
OUT_14395,127.348
OUT_14396,337.567
OUT_14397,86.903
OUT_14398,281.7
OUT_14399,151.825
OUT_14400,76.242
OUT_14401,89.063
OUT_14402,125.16
OUT_14403,123.569
OUT_14404,82.951
OUT_14405,118.307
OUT_14406,92.724
OUT_14407,100.812
OUT_14408,287.953
OUT_14409,103.137
OUT_14410,171.925
OUT_14411,89.663
OUT_14412,104.564
OUT_14413,144.232
OUT_14414,350.47
OUT_14415,1010.994
OUT_14416,88.654
OUT_14417,116.184
OUT_14418,108.634
OUT_14419,80.113
OUT_14420,127.479
OUT_14421,183.201
OUT_14422,131.394
OUT_14423,731.176
OUT_14424,189.331
OUT_14425,164.464
OUT_14426,114.139
OUT_14427,89.475
OUT_14428,92.543
OUT_14429,892.671
OUT_14430,310.459
OUT_14431,110.179
OUT_14432,103.909
OUT_14433,1047.92
OUT_14434,144.527
OUT_14435,277.049
OUT_14436,1967.104
OUT_14437,89.998
OUT_14438,975.533
OUT_14439,128.741
OUT_14440,324.568
OUT_14441,955.061
OUT_14442,973.463
OUT_14443,133.287
OUT_14444,328.7
OUT_14445,118.764
OUT_14446,121.422
OUT_14447,98.49
OUT_14448,93.788
OUT_14449,93.132
OUT_14450,885.037
OUT_14451,344.738
OUT_14452,152.117
OUT_14453,2139.74
OUT_14454,252.774
OUT_14455,128.651
OUT_14456,141.391
OUT_14457,328.351
OUT_14458,337.303
OUT_14459,334.41
OUT_14460,138.747
OUT_14461,259.143
OUT_14462,258.17
OUT_14463,220.957
OUT_14464,128.17
OUT_14465,107.075
OUT_14466,142.541
OUT_14467,992.899
OUT_14468,2110.983
OUT_14469,336.081
OUT_14470,295.335
OUT_14471,273.072
OUT_14472,319.621
OUT_14473,128.984
OUT_14474,101.945
OUT_14475,117.772
OUT_14476,864.947
OUT_14477,148.06
OUT_14478,120.259
OUT_14479,351.842
OUT_14480,137.178
OUT_14481,108.799
OUT_14482,949.256
OUT_14483,332.887
OUT_14484,93.895
OUT_14485,959.666
OUT_14486,152.047
OUT_14487,109.907
OUT_14488,287.184
OUT_14489,98.2
OUT_14490,240.27
OUT_14491,95.835
OUT_14492,119.871
OUT_14493,1908.775
OUT_14494,284.331
OUT_14495,284.616
OUT_14496,107.789
OUT_14497,88.169
OUT_14498,94.659
OUT_14499,106.683
OUT_14500,162.602
OUT_14501,131.81
OUT_14502,873.313
OUT_14503,123.071
OUT_14504,98.112
OUT_14505,971.814
OUT_14506,150.399
OUT_14507,134.02
OUT_14508,2008.029
OUT_14509,158.311
OUT_14510,297.691
OUT_14511,104.747
OUT_14512,122.903
OUT_14513,945.756
OUT_14514,2104.631
OUT_14515,281.568
OUT_14516,277.568
OUT_14517,97.581
OUT_14518,280.093
OUT_14519,1004.912
OUT_14520,308.951
OUT_14521,294.645
OUT_14522,285.798
OUT_14523,123.577
OUT_14524,856.987
OUT_14525,2051.591
OUT_14526,904.964
OUT_14527,69.808
OUT_14528,102.891
OUT_14529,306.1
OUT_14530,251.481
OUT_14531,315.29
OUT_14532,106.713
OUT_14533,99.403
OUT_14534,94.154
OUT_14535,333.088
OUT_14536,963.149
OUT_14537,313.422
OUT_14538,334.717
OUT_14539,111.702
OUT_14540,275.084
OUT_14541,126.534
OUT_14542,148.559
OUT_14543,136.134
OUT_14544,106.364
OUT_14545,93.834
OUT_14546,126.614
OUT_14547,2024.802
OUT_14548,110.055
OUT_14549,104.665
OUT_14550,127.859
OUT_14551,1990.228
OUT_14552,128.711
OUT_14553,897.881
OUT_14554,101.643
OUT_14555,317.946
OUT_14556,917.71
OUT_14557,360.536
OUT_14558,874.679
OUT_14559,88.055
OUT_14560,137.588
OUT_14561,302.715
OUT_14562,106.418
OUT_14563,105.837
OUT_14564,293.024
OUT_14565,142.005
OUT_14566,969.053
OUT_14567,104.287
OUT_14568,379.203
OUT_14569,96.168
OUT_14570,88.506
OUT_14571,343.993
OUT_14572,247.555
OUT_14573,291.633
OUT_14574,101.735
OUT_14575,164.33
OUT_14576,324.249
OUT_14577,1004.465
OUT_14578,122.108
OUT_14579,134.595
OUT_14580,114.106
OUT_14581,147.039
OUT_14582,118.71
OUT_14583,133.925
OUT_14584,939.695
OUT_14585,136.44
OUT_14586,2172.594
OUT_14587,102.592
OUT_14588,814.742
OUT_14589,317.097
OUT_14590,368.518
OUT_14591,140.935
OUT_14592,100.337
OUT_14593,116.149
OUT_14594,306.627
OUT_14595,211.598
OUT_14596,120.235
OUT_14597,76.416
OUT_14598,133.643
OUT_14599,101.795
OUT_14600,969.52
OUT_14601,865.419
OUT_14602,2136.085
OUT_14603,305.589
OUT_14604,96.31
OUT_14605,114.875
OUT_14606,346.279
OUT_14607,264.771
OUT_14608,1067.575
OUT_14609,111.851
OUT_14610,139.648
OUT_14611,367.304
OUT_14612,970.538
OUT_14613,287.147
OUT_14614,292.286
OUT_14615,2175.883
OUT_14616,122.371
OUT_14617,84.951
OUT_14618,121.513
OUT_14619,938.102
OUT_14620,118.01
OUT_14621,114.906
OUT_14622,300.307
OUT_14623,273.818
OUT_14624,96.623
OUT_14625,95.411
OUT_14626,328.934
OUT_14627,117.417
OUT_14628,357.056
OUT_14629,261.737
OUT_14630,2026.466
OUT_14631,891.984
OUT_14632,84.706
OUT_14633,150.652
OUT_14634,92.291
OUT_14635,931.963
OUT_14636,297.468
OUT_14637,138.53
OUT_14638,238.229
OUT_14639,287.751
OUT_14640,106.943
OUT_14641,285.242
OUT_14642,132.145
OUT_14643,92.94
OUT_14644,273.226
OUT_14645,851.672
OUT_14646,119.859
OUT_14647,97.885
OUT_14648,138.581
OUT_14649,291.161
OUT_14650,84.999
OUT_14651,311.471
OUT_14652,144.738
OUT_14653,121.112
OUT_14654,97.4
OUT_14655,79.906
OUT_14656,130.819
OUT_14657,101.68
OUT_14658,76.353
OUT_14659,145.585
OUT_14660,88.002
OUT_14661,93.458
OUT_14662,883.49
OUT_14663,1993.357
OUT_14664,985.283
OUT_14665,96.893
OUT_14666,93.06
OUT_14667,112.668
OUT_14668,94.124
OUT_14669,93.713
OUT_14670,323.88
OUT_14671,1942.219
OUT_14672,972.976
OUT_14673,333.302
OUT_14674,240.209
OUT_14675,91.366
OUT_14676,141.977
OUT_14677,117.226
OUT_14678,100.207
OUT_14679,297.193
OUT_14680,229.63
OUT_14681,993.117
OUT_14682,133.79
OUT_14683,990.374
OUT_14684,158.05
OUT_14685,289.84
OUT_14686,221.716
OUT_14687,334.462
OUT_14688,275.173
OUT_14689,129.813
OUT_14690,324.947
OUT_14691,98.127
OUT_14692,103.134
OUT_14693,288.981
OUT_14694,989.844
OUT_14695,137.657
OUT_14696,100.482
OUT_14697,106.245
OUT_14698,868.886
OUT_14699,940.697
OUT_14700,126.691
OUT_14701,108.447
OUT_14702,110.405
OUT_14703,87.921
OUT_14704,112.244
OUT_14705,323.946
OUT_14706,92.294
OUT_14707,105.911
OUT_14708,904.782
OUT_14709,950.124
OUT_14710,246.227
OUT_14711,105.813
OUT_14712,1087.22
OUT_14713,126.646
OUT_14714,296.262
OUT_14715,99.205
OUT_14716,134.965
OUT_14717,111.624
OUT_14718,147.668
OUT_14719,269.271
OUT_14720,1917.355
OUT_14721,295.096
OUT_14722,271.705
OUT_14723,362.009
OUT_14724,242.074
OUT_14725,897.935
OUT_14726,235.939
OUT_14727,126.064
OUT_14728,305.486
OUT_14729,109.651
OUT_14730,328.891
OUT_14731,125.665
OUT_14732,67.939
OUT_14733,143.323
OUT_14734,72.283
OUT_14735,315.275
OUT_14736,355.873
OUT_14737,102.751
OUT_14738,278.08
OUT_14739,305.485
OUT_14740,99.351
OUT_14741,908.819
OUT_14742,100.267
OUT_14743,998.784
OUT_14744,101.947
OUT_14745,243.946
OUT_14746,133.65
OUT_14747,149.617
OUT_14748,91.406
OUT_14749,774.531
OUT_14750,292.095
OUT_14751,333.657
OUT_14752,916.829
OUT_14753,263.355
OUT_14754,898.117
OUT_14755,228.218
OUT_14756,255.185
OUT_14757,922.981
OUT_14758,259.535
OUT_14759,380.932
OUT_14760,982.888
OUT_14761,151.305
OUT_14762,315.151
OUT_14763,96.328
OUT_14764,105.454
OUT_14765,285.329
OUT_14766,324.716
OUT_14767,931.94
OUT_14768,310.022
OUT_14769,119.227
OUT_14770,318.915
OUT_14771,2056.989
OUT_14772,113.141
OUT_14773,927.83
OUT_14774,947.438
OUT_14775,96.076
OUT_14776,99.166
OUT_14777,357.977
OUT_14778,905.688
OUT_14779,152.871
OUT_14780,159.121
OUT_14781,118.864
OUT_14782,979.852
OUT_14783,303.246
OUT_14784,86.646
OUT_14785,102.18
OUT_14786,90.128
OUT_14787,950.757
OUT_14788,107.225
OUT_14789,131.405
OUT_14790,114.094
OUT_14791,275.569
OUT_14792,115.696
OUT_14793,146.987
OUT_14794,103.022
OUT_14795,115.699
OUT_14796,124.543
OUT_14797,104.746
OUT_14798,336.678
OUT_14799,965.254
OUT_14800,946.52
OUT_14801,120.266
OUT_14802,347.018
OUT_14803,231.767
OUT_14804,153.033
OUT_14805,103.286
OUT_14806,133.778
OUT_14807,66.829
OUT_14808,117.281
OUT_14809,2013.954
OUT_14810,315.111
OUT_14811,247.367
OUT_14812,102.764
OUT_14813,83.429
OUT_14814,200.676
OUT_14815,132.327
OUT_14816,83.805
OUT_14817,132.752
OUT_14818,910.44
OUT_14819,101.104
OUT_14820,957.673
OUT_14821,111.242
OUT_14822,2087.725
OUT_14823,932.082
OUT_14824,81.737
OUT_14825,344.541
OUT_14826,71.316
OUT_14827,67.184
OUT_14828,112.398
OUT_14829,91.279
OUT_14830,2061.982
OUT_14831,125.299
OUT_14832,93.999
OUT_14833,2085.283
OUT_14834,1016.651
OUT_14835,78.821
OUT_14836,325.211
OUT_14837,96.778
OUT_14838,145.535
OUT_14839,316.282
OUT_14840,106.925
OUT_14841,94.196
OUT_14842,377.657
OUT_14843,304.024
OUT_14844,95.013
OUT_14845,130.902
OUT_14846,926.024
OUT_14847,328.605
OUT_14848,136.44
OUT_14849,100.811
OUT_14850,91.831
OUT_14851,93.117
OUT_14852,223.11
OUT_14853,319.436
OUT_14854,94.737
OUT_14855,134.297
OUT_14856,1015.271
OUT_14857,279.27
OUT_14858,365.773
OUT_14859,944.598
OUT_14860,66.631
OUT_14861,119.415
OUT_14862,297.126
OUT_14863,318.193
OUT_14864,950.619
OUT_14865,229.07
OUT_14866,114.463
OUT_14867,107.697
OUT_14868,926.144
OUT_14869,948.96
OUT_14870,339.895
OUT_14871,266.515
OUT_14872,1967.167
OUT_14873,143.92
OUT_14874,2032.774
OUT_14875,2086.509
OUT_14876,881.796
OUT_14877,105.558
OUT_14878,399.194
OUT_14879,118.743
OUT_14880,113.653
OUT_14881,901.852
OUT_14882,876.99
OUT_14883,333.811
OUT_14884,907.911
OUT_14885,792.299
OUT_14886,127.764
OUT_14887,291.518
OUT_14888,142.461
OUT_14889,254.279
OUT_14890,116.454
OUT_14891,104.857
OUT_14892,99.338
OUT_14893,134.735
OUT_14894,222.198
OUT_14895,88.97
OUT_14896,86.176
OUT_14897,295.022
OUT_14898,130.421
OUT_14899,127.415
OUT_14900,110.535
OUT_14901,348.154
OUT_14902,228.569
OUT_14903,159.595
OUT_14904,389.088
OUT_14905,299.907
OUT_14906,112.527
OUT_14907,151.054
OUT_14908,271.082
OUT_14909,97.339
OUT_14910,147.168
OUT_14911,1032.553
OUT_14912,106.537
OUT_14913,326.329
OUT_14914,985.357
OUT_14915,124.26
OUT_14916,291.035
OUT_14917,111.579
OUT_14918,112.607
OUT_14919,82.89
OUT_14920,84.936
OUT_14921,125.424
OUT_14922,2040.138
OUT_14923,374.374
OUT_14924,335.409
OUT_14925,246.419
OUT_14926,258.083
OUT_14927,296.207
OUT_14928,910.909
OUT_14929,329.457
OUT_14930,960.199
OUT_14931,97.526
OUT_14932,117.536
OUT_14933,122.017
OUT_14934,291.152
OUT_14935,328.668
OUT_14936,300.633
OUT_14937,916.62
OUT_14938,290.455
OUT_14939,133.925
OUT_14940,863.951
OUT_14941,848.128
OUT_14942,138.667
OUT_14943,119.74
OUT_14944,110.5
OUT_14945,125.751
OUT_14946,924.005
OUT_14947,978.711
OUT_14948,137.3
OUT_14949,122.587
OUT_14950,114.652
OUT_14951,128.238
OUT_14952,132.162
OUT_14953,348.193
OUT_14954,278.274
OUT_14955,139.216
OUT_14956,298.557
OUT_14957,105.039
OUT_14958,886.494
OUT_14959,1967.807
OUT_14960,268.033
OUT_14961,84.657
OUT_14962,240.684
OUT_14963,312.11
OUT_14964,85.823
OUT_14965,262.258
OUT_14966,113.01
OUT_14967,295.76
OUT_14968,350.534
OUT_14969,119.557
OUT_14970,139.169
OUT_14971,319.099
OUT_14972,273.158
OUT_14973,130.902
OUT_14974,947.573
OUT_14975,110.515
OUT_14976,269.142
OUT_14977,366.23
OUT_14978,102.627
OUT_14979,105.62
OUT_14980,142.844
OUT_14981,1259.025
OUT_14982,326.015
OUT_14983,321.591
OUT_14984,136.491
OUT_14985,91.378
OUT_14986,988.474
OUT_14987,271.294
OUT_14988,224.256
OUT_14989,285.639
OUT_14990,224.107
OUT_14991,886.338
OUT_14992,889.905
OUT_14993,987.823
OUT_14994,968.997
OUT_14995,133.061
OUT_14996,109.655
OUT_14997,99.565
OUT_14998,253.349
OUT_14999,102.642
OUT_15000,110.241
OUT_15001,340.317
OUT_15002,114.993
OUT_15003,144.17
OUT_15004,314.741
OUT_15005,2394.894
OUT_15006,241.181
OUT_15007,2014.753
OUT_15008,327.798
OUT_15009,103.373
OUT_15010,145.458
OUT_15011,128.188
OUT_15012,255.474
OUT_15013,299.635
OUT_15014,129.483
OUT_15015,97.619
OUT_15016,131.946
OUT_15017,115.699
OUT_15018,67.134
OUT_15019,299.866
OUT_15020,928.376
OUT_15021,135.865
OUT_15022,248.059
OUT_15023,109.894
OUT_15024,258.278
OUT_15025,999.133
OUT_15026,140.228
OUT_15027,293.271
OUT_15028,356.067
OUT_15029,111.521
OUT_15030,111.353
OUT_15031,111.341
OUT_15032,146.787
OUT_15033,343.005
OUT_15034,86.476
OUT_15035,331.752
OUT_15036,113.874
OUT_15037,106.568
OUT_15038,297.048
OUT_15039,326.819
OUT_15040,112.831
OUT_15041,810.381
OUT_15042,1001.01
OUT_15043,247.451
OUT_15044,97.058
OUT_15045,153.334
OUT_15046,1042.362
OUT_15047,2047.903
OUT_15048,90.204
OUT_15049,936.403
OUT_15050,111.632
OUT_15051,974.358
OUT_15052,930.578
OUT_15053,934.404
OUT_15054,263.266
OUT_15055,2031.296
OUT_15056,110.152
OUT_15057,1976.721
OUT_15058,111.235
OUT_15059,110.953
OUT_15060,115.644
OUT_15061,928.312
OUT_15062,272.607
OUT_15063,940.243
OUT_15064,92.426
OUT_15065,947.714
OUT_15066,126.012
OUT_15067,249.449
OUT_15068,97.159
OUT_15069,94.041
OUT_15070,300.301
OUT_15071,177.59
OUT_15072,262.937
OUT_15073,91.873
OUT_15074,109.016
OUT_15075,172.481
OUT_15076,958.336
OUT_15077,133.541
OUT_15078,975.344
OUT_15079,94.141
OUT_15080,103.372
OUT_15081,924.975
OUT_15082,980.945
OUT_15083,930.199
OUT_15084,113.773
OUT_15085,382.756
OUT_15086,71.027
OUT_15087,103.706
OUT_15088,86.975
OUT_15089,1938.068
OUT_15090,89.112
OUT_15091,896.086
OUT_15092,239.545
OUT_15093,982.857
OUT_15094,123.641
OUT_15095,140.075
OUT_15096,383.053
OUT_15097,110.021
OUT_15098,970.757
OUT_15099,99.724
OUT_15100,332.977
OUT_15101,240.921
OUT_15102,182.003
OUT_15103,910.375
OUT_15104,316.266
OUT_15105,135.065
OUT_15106,107.776
OUT_15107,82.969
OUT_15108,790.43
OUT_15109,100.071
OUT_15110,108.885
OUT_15111,359.606
OUT_15112,120.951
OUT_15113,150.407
OUT_15114,1012.059
OUT_15115,277.817
OUT_15116,251.135
OUT_15117,123.746
OUT_15118,112.583
OUT_15119,147.051
OUT_15120,79.15
OUT_15121,114.519
OUT_15122,857.153
OUT_15123,84.344
OUT_15124,131.378
OUT_15125,909.249
OUT_15126,127.688
OUT_15127,129.545
OUT_15128,79.038
OUT_15129,322.113
OUT_15130,135.438
OUT_15131,112.309
OUT_15132,985.322
OUT_15133,147.456
OUT_15134,319.905
OUT_15135,962.6
OUT_15136,118.546
OUT_15137,77.184
OUT_15138,119.279
OUT_15139,300.737
OUT_15140,108.977
OUT_15141,101.495
OUT_15142,104.315
OUT_15143,107.576
OUT_15144,156.961
OUT_15145,1964.195
OUT_15146,285.631
OUT_15147,936.049
OUT_15148,260.527
OUT_15149,237.157
OUT_15150,104.065
OUT_15151,98.918
OUT_15152,106.81
OUT_15153,356.245
OUT_15154,1020.906
OUT_15155,266.611
OUT_15156,985.171
OUT_15157,140.175
OUT_15158,977.103
OUT_15159,1088.038
OUT_15160,2029.517
OUT_15161,292.115
OUT_15162,92.458
OUT_15163,964.258
OUT_15164,106.342
OUT_15165,297.596
OUT_15166,323.471
OUT_15167,252.107
OUT_15168,853.263
OUT_15169,89.853
OUT_15170,272.881
OUT_15171,119.686
OUT_15172,98.256
OUT_15173,266.504
OUT_15174,77.392
OUT_15175,117.11
OUT_15176,260.594
OUT_15177,310.137
OUT_15178,111.016
OUT_15179,1952.111
OUT_15180,125.215
OUT_15181,296.735
OUT_15182,79.703
OUT_15183,866.711
OUT_15184,987.184
OUT_15185,992.955
OUT_15186,134.672
OUT_15187,234.619
OUT_15188,96.904
OUT_15189,276.481
OUT_15190,112.316
OUT_15191,107.474
OUT_15192,99.707
OUT_15193,326.898
OUT_15194,281.195
OUT_15195,105.342
OUT_15196,257.687
OUT_15197,88.548
OUT_15198,952.381
OUT_15199,231.891
OUT_15200,269.238
OUT_15201,105.819
OUT_15202,840.585
OUT_15203,410.888
OUT_15204,333.166
OUT_15205,131.976
OUT_15206,157.052
OUT_15207,101.282
OUT_15208,978.399
OUT_15209,96.824
OUT_15210,74.209
OUT_15211,125.821
OUT_15212,891.893
OUT_15213,129.194
OUT_15214,321.057
OUT_15215,301.889
OUT_15216,265.929
OUT_15217,127.291
OUT_15218,292.493
OUT_15219,276.643
OUT_15220,359.772
OUT_15221,134.223
OUT_15222,857.212
OUT_15223,140.479
OUT_15224,265.5
OUT_15225,127.338
OUT_15226,145.626
OUT_15227,104.101
OUT_15228,946.203
OUT_15229,94.096
OUT_15230,90.454
OUT_15231,363.542
OUT_15232,2104.628
OUT_15233,303.919
OUT_15234,117.826
OUT_15235,2159.631
OUT_15236,806.93
OUT_15237,123.849
OUT_15238,2068.826
OUT_15239,100.645
OUT_15240,294.53
OUT_15241,76.562
OUT_15242,134.176
OUT_15243,267.935
OUT_15244,97.015
OUT_15245,116.491
OUT_15246,1003.237
OUT_15247,166.915
OUT_15248,95.126
OUT_15249,907.097
OUT_15250,946.087
OUT_15251,245.07
OUT_15252,1886.146
OUT_15253,317.505
OUT_15254,89.398
OUT_15255,950.252
OUT_15256,971.266
OUT_15257,124.538
OUT_15258,83.218
OUT_15259,935.823
OUT_15260,1018.684
OUT_15261,106.037
OUT_15262,131.484
OUT_15263,267.623
OUT_15264,335.373
OUT_15265,106.456
OUT_15266,2074.12
OUT_15267,891.385
OUT_15268,149.49
OUT_15269,124.828
OUT_15270,119.687
OUT_15271,124.707
OUT_15272,912.298
OUT_15273,238.595
OUT_15274,211.842
OUT_15275,100.5
OUT_15276,120.96
OUT_15277,364.08
OUT_15278,100.453
OUT_15279,107.48
OUT_15280,332.479
OUT_15281,113.918
OUT_15282,358.676
OUT_15283,2010.401
OUT_15284,129.42
OUT_15285,2189.488
OUT_15286,111.983
OUT_15287,346.607
OUT_15288,115.884
OUT_15289,287.16
OUT_15290,241.235
OUT_15291,792.116
OUT_15292,70.961
OUT_15293,90.882
OUT_15294,2134.95
OUT_15295,105.132
OUT_15296,111.806
OUT_15297,135.442
OUT_15298,303.268
OUT_15299,945.907
OUT_15300,269.881
OUT_15301,284.178
OUT_15302,106.076
OUT_15303,409.205
OUT_15304,273.691
OUT_15305,147.161
OUT_15306,150.654
OUT_15307,143.98
OUT_15308,268.505
OUT_15309,103.556
OUT_15310,231.118
OUT_15311,283.58
OUT_15312,116.843
OUT_15313,302.033
OUT_15314,99.448
OUT_15315,1991.734
OUT_15316,939.197
OUT_15317,971.602
OUT_15318,323.741
OUT_15319,342.199
OUT_15320,324.885
OUT_15321,86.911
OUT_15322,905.813
OUT_15323,353.874
OUT_15324,231.065
OUT_15325,104.762
OUT_15326,87.781
OUT_15327,1313.631
OUT_15328,132.483
OUT_15329,1039.869
OUT_15330,111.796
OUT_15331,239.849
OUT_15332,129.269
OUT_15333,911.492
OUT_15334,261.919
OUT_15335,939.123
OUT_15336,126.262
OUT_15337,834.461
OUT_15338,109.778
OUT_15339,101.469
OUT_15340,965.477
OUT_15341,379.036
OUT_15342,1979.471
OUT_15343,284.556
OUT_15344,886.721
OUT_15345,94.366
OUT_15346,374.809
OUT_15347,143.79
OUT_15348,82.403
OUT_15349,283.255
OUT_15350,91.137
OUT_15351,233.505
OUT_15352,302.305
OUT_15353,1992.351
OUT_15354,97.137
OUT_15355,127.733
OUT_15356,1849.399
OUT_15357,109.959
OUT_15358,989.751
OUT_15359,95.007
OUT_15360,123.178
OUT_15361,304.849
OUT_15362,341.624
OUT_15363,326.122
OUT_15364,246.696
OUT_15365,97.136
OUT_15366,103.126
OUT_15367,151.396
OUT_15368,96.132
OUT_15369,315.662
OUT_15370,269.012
OUT_15371,92.581
OUT_15372,2004.42
OUT_15373,215.678
OUT_15374,119.519
OUT_15375,289.095
OUT_15376,825.109
OUT_15377,368.889
OUT_15378,129.508
OUT_15379,381.494
OUT_15380,109.031
OUT_15381,317.984
OUT_15382,279.13
OUT_15383,88.8
OUT_15384,116.11
OUT_15385,113.338
OUT_15386,118.369
OUT_15387,301.908
OUT_15388,164.755
OUT_15389,87.58
OUT_15390,979.286
OUT_15391,354.586
OUT_15392,303.096
OUT_15393,139.175
OUT_15394,146.41
OUT_15395,84.622
OUT_15396,108.986
OUT_15397,995.779
OUT_15398,946.072
OUT_15399,1037.782
OUT_15400,1014.861
OUT_15401,98.317
OUT_15402,269.95
OUT_15403,144.328
OUT_15404,87.644
OUT_15405,127.515
OUT_15406,108.171
OUT_15407,270.561
OUT_15408,119.994
OUT_15409,324.175
OUT_15410,366.377
OUT_15411,330.86
OUT_15412,868.193
OUT_15413,151.721
OUT_15414,114.034
OUT_15415,1952.702
OUT_15416,298.877
OUT_15417,901.31
OUT_15418,903.363
OUT_15419,324.425
OUT_15420,261.139
OUT_15421,71.104
OUT_15422,91.189
OUT_15423,308.256
OUT_15424,995.934
OUT_15425,354.286
OUT_15426,77.966
OUT_15427,119.573
OUT_15428,2055.103
OUT_15429,284.654
OUT_15430,100.04
OUT_15431,335.895
OUT_15432,86.49
OUT_15433,168.724
OUT_15434,96.821
OUT_15435,920.512
OUT_15436,97.382
OUT_15437,290.902
OUT_15438,306.146
OUT_15439,323.675
OUT_15440,166.817
OUT_15441,140.053
OUT_15442,1003.752
OUT_15443,144.386
OUT_15444,315.75
OUT_15445,146.879
OUT_15446,222.959
OUT_15447,330.569
OUT_15448,95.678
OUT_15449,949.915
OUT_15450,413.076
OUT_15451,1452.232
OUT_15452,291.848
OUT_15453,105.151
OUT_15454,222.315
OUT_15455,921.356
OUT_15456,109.668
OUT_15457,110.011
OUT_15458,1018.1
OUT_15459,172.617
OUT_15460,330.198
OUT_15461,987.231
OUT_15462,886.198
OUT_15463,269.192
OUT_15464,347.445
OUT_15465,121.926
OUT_15466,863.495
OUT_15467,335.514
OUT_15468,2774.405
OUT_15469,348.429
OUT_15470,911.036
OUT_15471,141.466
OUT_15472,930.616
OUT_15473,104.938
OUT_15474,298.302
OUT_15475,117.672
OUT_15476,90.192
OUT_15477,334.021
OUT_15478,117.544
OUT_15479,106.745
OUT_15480,941.663
OUT_15481,1025.929
OUT_15482,127.631
OUT_15483,318.598
OUT_15484,263.739
OUT_15485,285.707
OUT_15486,128.279
OUT_15487,1196.139
OUT_15488,113.407
OUT_15489,989.75
OUT_15490,106.949
OUT_15491,103.294
OUT_15492,99.458
OUT_15493,946.224
OUT_15494,323.799
OUT_15495,145.673
OUT_15496,2274.551
OUT_15497,919.674
OUT_15498,961.711
OUT_15499,137.804
OUT_15500,94.595
OUT_15501,151.054
OUT_15502,997.193
OUT_15503,123.978
OUT_15504,1010.433
OUT_15505,239.785
OUT_15506,1052.955
OUT_15507,225.229
OUT_15508,99.691
OUT_15509,854.606
OUT_15510,116.19
OUT_15511,2121.715
OUT_15512,947.01
OUT_15513,1992.891
OUT_15514,1915.025
OUT_15515,99.058
OUT_15516,311.48
OUT_15517,937.683
OUT_15518,285.191
OUT_15519,278.349
OUT_15520,130.512
OUT_15521,1064.935
OUT_15522,874.314
OUT_15523,213.24
OUT_15524,296.115
OUT_15525,105.458
OUT_15526,286.141
OUT_15527,375.908
OUT_15528,1015.43
OUT_15529,93.925
OUT_15530,106.769
OUT_15531,96.742
OUT_15532,995.44
OUT_15533,107.166
OUT_15534,1995.128
OUT_15535,255.816
OUT_15536,101.281
OUT_15537,377.848
OUT_15538,998.211
OUT_15539,100.961
OUT_15540,94.788
OUT_15541,109.992
OUT_15542,112.467
OUT_15543,907.578
OUT_15544,123.145
OUT_15545,297.216
OUT_15546,112.488
OUT_15547,317.812
OUT_15548,989.886
OUT_15549,204.701
OUT_15550,64.153
OUT_15551,326.754
OUT_15552,2045.957
OUT_15553,101.114
OUT_15554,86.163
OUT_15555,101.687
OUT_15556,99.466
OUT_15557,97.345
OUT_15558,106.259
OUT_15559,77.712
OUT_15560,298.093
OUT_15561,98.868
OUT_15562,2121.169
OUT_15563,103.483
OUT_15564,77.764
OUT_15565,918.821
OUT_15566,109.934
OUT_15567,112.804
OUT_15568,119.354
OUT_15569,110.657
OUT_15570,85.363
OUT_15571,134.858
OUT_15572,113.427
OUT_15573,98.817
OUT_15574,242.643
OUT_15575,111.601
OUT_15576,137.243
OUT_15577,150.985
OUT_15578,930.756
OUT_15579,305.14
OUT_15580,267.266
OUT_15581,265.076
OUT_15582,266.913
OUT_15583,2091.258
OUT_15584,862.889
OUT_15585,142.798
OUT_15586,272.884
OUT_15587,229.489
OUT_15588,115.423
OUT_15589,111.776
OUT_15590,137.285
OUT_15591,106.444
OUT_15592,2094.792
OUT_15593,872.086
OUT_15594,88.943
OUT_15595,379.181
OUT_15596,1046.116
OUT_15597,106.723
OUT_15598,2038.599
OUT_15599,110.807
OUT_15600,243.339
OUT_15601,937.86
OUT_15602,137.658
OUT_15603,352.82
OUT_15604,349.008
OUT_15605,71.179
OUT_15606,367.176
OUT_15607,997.466
OUT_15608,370.189
OUT_15609,281.379
OUT_15610,102.825
OUT_15611,99.065
OUT_15612,86.912
OUT_15613,1936.006
OUT_15614,103.066
OUT_15615,341.626
OUT_15616,89.112
OUT_15617,145.649
OUT_15618,109.537
OUT_15619,316.194
OUT_15620,124.979
OUT_15621,324.642
OUT_15622,116.027
OUT_15623,251.821
OUT_15624,888.644
OUT_15625,352.855
OUT_15626,962.432
OUT_15627,2061.825
OUT_15628,1994.555
OUT_15629,980.424
OUT_15630,125.618
OUT_15631,115.289
OUT_15632,137.723
OUT_15633,127.242
OUT_15634,342.703
OUT_15635,115.936
OUT_15636,102.997
OUT_15637,2238.522
OUT_15638,261.374
OUT_15639,89.065
OUT_15640,144.131
OUT_15641,101.847
OUT_15642,97.753
OUT_15643,111.486
OUT_15644,121.981
OUT_15645,99.679
OUT_15646,296.089
OUT_15647,89.814
OUT_15648,281.407
OUT_15649,317.061
OUT_15650,1969.653
OUT_15651,289.6
OUT_15652,108.683
OUT_15653,139.46
OUT_15654,118.763
OUT_15655,79.944
OUT_15656,107.746
OUT_15657,94.77
OUT_15658,118.271
OUT_15659,320.565
OUT_15660,133.781
OUT_15661,96.125
OUT_15662,318.983
OUT_15663,105.791
OUT_15664,962.421
OUT_15665,2015.774
OUT_15666,260.94
OUT_15667,946.233
OUT_15668,246.738
OUT_15669,922.042
OUT_15670,241.533
OUT_15671,118.239
OUT_15672,324.483
OUT_15673,988.504
OUT_15674,839.701
OUT_15675,292.913
OUT_15676,105.926
OUT_15677,271.67
OUT_15678,347.91
OUT_15679,89.756
OUT_15680,940.704
OUT_15681,87.294
OUT_15682,125.603
OUT_15683,102.435
OUT_15684,106.197
OUT_15685,245.865
OUT_15686,131.228
OUT_15687,100.645
OUT_15688,1999.88
OUT_15689,141.834
OUT_15690,339.745
OUT_15691,265.297
OUT_15692,100.607
OUT_15693,962.248
OUT_15694,302.822
OUT_15695,102.185
OUT_15696,338.183
OUT_15697,2073.237
OUT_15698,129.982
OUT_15699,100.109
OUT_15700,318.371
OUT_15701,264.48
OUT_15702,934.793
OUT_15703,101.68
OUT_15704,122.278
OUT_15705,124.876
OUT_15706,307.232
OUT_15707,861.403
OUT_15708,904.876
OUT_15709,169.407
OUT_15710,128.33
OUT_15711,127.637
OUT_15712,287.819
OUT_15713,154.132
OUT_15714,86.376
OUT_15715,103.876
OUT_15716,307.55
OUT_15717,2057.046
OUT_15718,128.058
OUT_15719,1015.124
OUT_15720,89.979
OUT_15721,100.104
OUT_15722,336.277
OUT_15723,99.21
OUT_15724,937.622
OUT_15725,116.664
OUT_15726,153.92
OUT_15727,375.206
OUT_15728,1966.547
OUT_15729,921.92
OUT_15730,235.113
OUT_15731,972.803
OUT_15732,144.719
OUT_15733,835.393
OUT_15734,118.593
OUT_15735,111.449
OUT_15736,216.911
OUT_15737,264.021
OUT_15738,309.248
OUT_15739,933.714
OUT_15740,253.875
OUT_15741,151.069
OUT_15742,118.645
OUT_15743,143.922
OUT_15744,103.47
OUT_15745,1014.208
OUT_15746,1006.947
OUT_15747,118.155
OUT_15748,908.081
OUT_15749,89.403
OUT_15750,983.41
OUT_15751,895.159
OUT_15752,111.418
OUT_15753,108.675
OUT_15754,367.923
OUT_15755,909.106
OUT_15756,877.556
OUT_15757,344.182
OUT_15758,291.238
OUT_15759,141.829
OUT_15760,337.023
OUT_15761,90.355
OUT_15762,304.885
OUT_15763,284.153
OUT_15764,322.891
OUT_15765,95.301
OUT_15766,111.493
OUT_15767,96.588
OUT_15768,129.262
OUT_15769,234.197
OUT_15770,102.852
OUT_15771,113.494
OUT_15772,272.02
OUT_15773,364.33
OUT_15774,365.59
OUT_15775,138.741
OUT_15776,167.595
OUT_15777,275.751
OUT_15778,269.611
OUT_15779,298.697
OUT_15780,1111.464
OUT_15781,278.728
OUT_15782,1965.271
OUT_15783,317.442
OUT_15784,109.627
OUT_15785,63.487
OUT_15786,111.235
OUT_15787,1039.685
OUT_15788,322.279
OUT_15789,134.221
OUT_15790,2007.704
OUT_15791,129.678
OUT_15792,294.306
OUT_15793,2104.239
OUT_15794,274.763
OUT_15795,317.232
OUT_15796,120.851
OUT_15797,961.473
OUT_15798,314.138
OUT_15799,989.457
OUT_15800,920.906
OUT_15801,944.433
OUT_15802,2024.125
OUT_15803,83.039
OUT_15804,142.849
OUT_15805,108.471
OUT_15806,104.516
OUT_15807,111.524
OUT_15808,350.459
OUT_15809,366.998
OUT_15810,131.33
OUT_15811,81.973
OUT_15812,247.351
OUT_15813,154.964
OUT_15814,1003.68
OUT_15815,94.681
OUT_15816,99.178
OUT_15817,128.493
OUT_15818,138.174
OUT_15819,95.807
OUT_15820,132.577
OUT_15821,114.476
OUT_15822,85.291
OUT_15823,116.282
OUT_15824,89.376
OUT_15825,897.316
OUT_15826,295.565
OUT_15827,122.548
OUT_15828,869.782
OUT_15829,269.9
OUT_15830,304.54
OUT_15831,107.837
OUT_15832,303.277
OUT_15833,109.211
OUT_15834,889.131
OUT_15835,100.944
OUT_15836,90.167
OUT_15837,2196.214
OUT_15838,915.718
OUT_15839,835.265
OUT_15840,960.199
OUT_15841,334.606
OUT_15842,96.859
OUT_15843,292.171
OUT_15844,111.671
OUT_15845,798.225
OUT_15846,221.416
OUT_15847,1989.264
OUT_15848,848.412
OUT_15849,987.672
OUT_15850,111.249
OUT_15851,114.267
OUT_15852,973.416
OUT_15853,2034.132
OUT_15854,242.9
OUT_15855,106.624
OUT_15856,122.055
OUT_15857,140.522
OUT_15858,118.761
OUT_15859,214.763
OUT_15860,93.652
OUT_15861,1996.488
OUT_15862,921.551
OUT_15863,96.895
OUT_15864,154.452
OUT_15865,294.787
OUT_15866,290.632
OUT_15867,293.376
OUT_15868,109.828
OUT_15869,332.929
OUT_15870,101.032
OUT_15871,2035.447
OUT_15872,239.066
OUT_15873,108.645
OUT_15874,1443.547
OUT_15875,113.625
OUT_15876,105.179
OUT_15877,1964.036
OUT_15878,325.681
OUT_15879,85.649
OUT_15880,353.833
OUT_15881,100.555
OUT_15882,827.252
OUT_15883,123.417
OUT_15884,111.925
OUT_15885,149.132
OUT_15886,959.802
OUT_15887,125.516
OUT_15888,99.092
OUT_15889,87.299
OUT_15890,2030.402
OUT_15891,119.965
OUT_15892,85.488
OUT_15893,98.164
OUT_15894,159.008
OUT_15895,1000.111
OUT_15896,144.073
OUT_15897,121.997
OUT_15898,108.277
OUT_15899,983.064
OUT_15900,291.57
OUT_15901,339.738
OUT_15902,123.677
OUT_15903,134.358
OUT_15904,101.257
OUT_15905,278.137
OUT_15906,1938.504
OUT_15907,106.571
OUT_15908,322.114
OUT_15909,241.443
OUT_15910,99.207
OUT_15911,336.294
OUT_15912,918.438
OUT_15913,105.053
OUT_15914,128.181
OUT_15915,113.415
OUT_15916,123.515
OUT_15917,121.391
OUT_15918,107.589
OUT_15919,969.294
OUT_15920,260.853
OUT_15921,955.975
OUT_15922,892.15
OUT_15923,95.062
OUT_15924,239.141
OUT_15925,105.729
OUT_15926,903.651
OUT_15927,99.922
OUT_15928,156.26
OUT_15929,323.376
OUT_15930,978.792
OUT_15931,872.153
OUT_15932,96.545
OUT_15933,104.709
OUT_15934,1020.203
OUT_15935,288.567
OUT_15936,85.573
OUT_15937,104.749
OUT_15938,140.135
OUT_15939,132.987
OUT_15940,107.517
OUT_15941,145.103
OUT_15942,910.703
OUT_15943,118.165
OUT_15944,139.395
OUT_15945,331.939
OUT_15946,124.125
OUT_15947,95.598
OUT_15948,125.345
OUT_15949,133.606
OUT_15950,98.278
OUT_15951,1944.257
OUT_15952,884.935
OUT_15953,273.091
OUT_15954,265.772
OUT_15955,1017.387
OUT_15956,90.911
OUT_15957,95.475
OUT_15958,869.504
OUT_15959,357.813
OUT_15960,93.279
OUT_15961,248.138
OUT_15962,239.222
OUT_15963,101.293
OUT_15964,97.781
OUT_15965,92.516
OUT_15966,305.054
OUT_15967,90.879
OUT_15968,1076.463
OUT_15969,144.068
OUT_15970,104.964
OUT_15971,2050.87
OUT_15972,261.42
OUT_15973,326.12
OUT_15974,337.592
OUT_15975,238.339
OUT_15976,124.388
OUT_15977,91.254
OUT_15978,306.777
OUT_15979,979.144
OUT_15980,118.503
OUT_15981,84.428
OUT_15982,80.229
OUT_15983,124.799
OUT_15984,135.553
OUT_15985,963.202
OUT_15986,330.41
OUT_15987,128.786
OUT_15988,109.339
OUT_15989,827.546
OUT_15990,289.899
OUT_15991,108.348
OUT_15992,85.036
OUT_15993,329.393
OUT_15994,300.77
OUT_15995,114.805
OUT_15996,971.625
OUT_15997,136.046
OUT_15998,284.498
OUT_15999,125.515
OUT_16000,886.55
OUT_16001,304.305
OUT_16002,148.292
OUT_16003,317.48
OUT_16004,897.776
OUT_16005,146.196
OUT_16006,341.839
OUT_16007,108.488
OUT_16008,415.561
OUT_16009,107.466
OUT_16010,135.663
OUT_16011,109.127
OUT_16012,75.225
OUT_16013,138.637
OUT_16014,90.225
OUT_16015,102.298
OUT_16016,1056.84
OUT_16017,118.744
OUT_16018,132.291
OUT_16019,259.899
OUT_16020,314.11
OUT_16021,99.615
OUT_16022,101.411
OUT_16023,367.009
OUT_16024,110.502
OUT_16025,289.606
OUT_16026,228.044
OUT_16027,100.621
OUT_16028,108.305
OUT_16029,287.361
OUT_16030,90.728
OUT_16031,301.942
OUT_16032,125.122
OUT_16033,135.219
OUT_16034,989.859
OUT_16035,305.686
OUT_16036,260.907
OUT_16037,143.374
OUT_16038,115.653
OUT_16039,113.561
OUT_16040,105.195
OUT_16041,2038.405
OUT_16042,326.357
OUT_16043,973.7
OUT_16044,112.409
OUT_16045,319.159
OUT_16046,354.527
OUT_16047,106.993
OUT_16048,322.998
OUT_16049,915.357
OUT_16050,81.5
OUT_16051,97.252
OUT_16052,159.438
OUT_16053,103.313
OUT_16054,266.684
OUT_16055,1000.539
OUT_16056,126.217
OUT_16057,109.704
OUT_16058,356.238
OUT_16059,104.321
OUT_16060,120.543
OUT_16061,95.32
OUT_16062,279.012
OUT_16063,296.931
OUT_16064,957.645
OUT_16065,146.707
OUT_16066,93.102
OUT_16067,135.021
OUT_16068,90.538
OUT_16069,270.584
OUT_16070,95.823
OUT_16071,2106.055
OUT_16072,103.721
OUT_16073,156.861
OUT_16074,136.974
OUT_16075,2017.892
OUT_16076,108.705
OUT_16077,315.523
OUT_16078,349.316
OUT_16079,311.403
OUT_16080,128.098
OUT_16081,121.857
OUT_16082,320.468
OUT_16083,966.542
OUT_16084,247.095
OUT_16085,2092.474
OUT_16086,901.179
OUT_16087,327.889
OUT_16088,981.413
OUT_16089,113.163
OUT_16090,151.223
OUT_16091,96.376
OUT_16092,123.34
OUT_16093,297.293
OUT_16094,2122.753
OUT_16095,151.528
OUT_16096,129.71
OUT_16097,933.186
OUT_16098,77.803
OUT_16099,303.796
OUT_16100,93.825
OUT_16101,89.941
OUT_16102,253.266
OUT_16103,236.506
OUT_16104,317.363
OUT_16105,281.62
OUT_16106,345.913
OUT_16107,268.321
OUT_16108,1830.916
OUT_16109,100.643
OUT_16110,156.207
OUT_16111,116.664
OUT_16112,328.977
OUT_16113,986.672
OUT_16114,992.106
OUT_16115,86.915
OUT_16116,962.688
OUT_16117,73.511
OUT_16118,95.821
OUT_16119,136.221
OUT_16120,96.748
OUT_16121,110.63
OUT_16122,90.723
OUT_16123,948.979
OUT_16124,233.653
OUT_16125,153.307
OUT_16126,312.004
OUT_16127,95.192
OUT_16128,358.74
OUT_16129,156.929
OUT_16130,258.0
OUT_16131,93.5
OUT_16132,128.689
OUT_16133,101.21
OUT_16134,105.239
OUT_16135,882.286
OUT_16136,862.947
OUT_16137,126.65
OUT_16138,102.368
OUT_16139,138.74
OUT_16140,301.936
OUT_16141,130.514
OUT_16142,939.08
OUT_16143,936.599
OUT_16144,932.956
OUT_16145,166.23
OUT_16146,999.359
OUT_16147,244.741
OUT_16148,86.906
OUT_16149,86.869
OUT_16150,977.819
OUT_16151,98.144
OUT_16152,115.364
OUT_16153,989.099
OUT_16154,349.755
OUT_16155,156.485
OUT_16156,287.809
OUT_16157,118.33
OUT_16158,291.455
OUT_16159,147.997
OUT_16160,92.507
OUT_16161,295.643
OUT_16162,332.03
OUT_16163,117.463
OUT_16164,1189.092
OUT_16165,85.227
OUT_16166,111.605
OUT_16167,118.999
OUT_16168,75.791
OUT_16169,1986.26
OUT_16170,990.104
OUT_16171,239.403
OUT_16172,842.255
OUT_16173,339.562
OUT_16174,66.65
OUT_16175,134.128
OUT_16176,928.047
OUT_16177,232.285
OUT_16178,95.223
OUT_16179,320.902
OUT_16180,2091.534
OUT_16181,237.79
OUT_16182,105.466
OUT_16183,1933.925
OUT_16184,938.799
OUT_16185,883.468
OUT_16186,158.238
OUT_16187,142.909
OUT_16188,129.983
OUT_16189,330.512
OUT_16190,998.25
OUT_16191,128.364
OUT_16192,285.351
OUT_16193,364.372
OUT_16194,1006.462
OUT_16195,1993.668
OUT_16196,253.224
OUT_16197,103.443
OUT_16198,111.253
OUT_16199,2091.759
OUT_16200,147.145
OUT_16201,992.934
OUT_16202,106.066
OUT_16203,101.659
OUT_16204,339.216
OUT_16205,110.555
OUT_16206,103.727
OUT_16207,288.034
OUT_16208,120.273
OUT_16209,856.015
OUT_16210,115.396
OUT_16211,96.028
OUT_16212,110.6
OUT_16213,139.96
OUT_16214,143.809
OUT_16215,849.115
OUT_16216,885.746
OUT_16217,315.724
OUT_16218,103.784
OUT_16219,931.068
OUT_16220,130.928
OUT_16221,80.441
OUT_16222,119.708
OUT_16223,1981.449
OUT_16224,156.854
OUT_16225,245.181
OUT_16226,145.53
OUT_16227,121.912
OUT_16228,2074.176
OUT_16229,2057.511
OUT_16230,335.823
OUT_16231,89.731
OUT_16232,125.981
OUT_16233,109.102
OUT_16234,366.21
OUT_16235,310.902
OUT_16236,117.331
OUT_16237,323.251
OUT_16238,2080.548
OUT_16239,161.783
OUT_16240,240.956
OUT_16241,143.239
OUT_16242,244.962
OUT_16243,887.964
OUT_16244,916.916
OUT_16245,915.806
OUT_16246,131.093
OUT_16247,111.335
OUT_16248,320.436
OUT_16249,109.086
OUT_16250,145.588
OUT_16251,97.244
OUT_16252,936.702
OUT_16253,121.168
OUT_16254,866.731
OUT_16255,909.947
OUT_16256,264.325
OUT_16257,114.991
OUT_16258,955.879
OUT_16259,103.988
OUT_16260,146.882
OUT_16261,276.211
OUT_16262,101.454
OUT_16263,122.16
OUT_16264,103.474
OUT_16265,111.429
OUT_16266,114.932
OUT_16267,94.149
OUT_16268,76.771
OUT_16269,314.004
OUT_16270,75.275
OUT_16271,913.202
OUT_16272,279.585
OUT_16273,894.464
OUT_16274,132.538
OUT_16275,951.156
OUT_16276,130.455
OUT_16277,101.652
OUT_16278,271.653
OUT_16279,327.527
OUT_16280,108.08
OUT_16281,147.242
OUT_16282,121.196
OUT_16283,266.741
OUT_16284,948.066
OUT_16285,88.855
OUT_16286,88.642
OUT_16287,304.807
OUT_16288,288.513
OUT_16289,105.411
OUT_16290,154.762
OUT_16291,108.199
OUT_16292,336.906
OUT_16293,363.73
OUT_16294,113.664
OUT_16295,113.722
OUT_16296,319.426
OUT_16297,346.892
OUT_16298,146.096
OUT_16299,350.387
OUT_16300,1041.825
OUT_16301,118.35
OUT_16302,874.26
OUT_16303,1975.587
OUT_16304,1921.415
OUT_16305,100.254
OUT_16306,112.78
OUT_16307,116.813
OUT_16308,108.281
OUT_16309,329.437
OUT_16310,317.213
OUT_16311,943.464
OUT_16312,156.737
OUT_16313,71.693
OUT_16314,1856.936
OUT_16315,948.692
OUT_16316,107.735
OUT_16317,975.269
OUT_16318,989.692
OUT_16319,93.771
OUT_16320,123.267
OUT_16321,286.194
OUT_16322,958.115
OUT_16323,339.513
OUT_16324,139.96
OUT_16325,88.458
OUT_16326,888.567
OUT_16327,237.997
OUT_16328,995.766
OUT_16329,1944.751
OUT_16330,995.57
OUT_16331,2141.946
OUT_16332,90.198
OUT_16333,145.131
OUT_16334,968.134
OUT_16335,218.539
OUT_16336,2109.367
OUT_16337,136.325
OUT_16338,125.7
OUT_16339,95.148
OUT_16340,117.203
OUT_16341,341.561
OUT_16342,96.047
OUT_16343,937.316
OUT_16344,147.409
OUT_16345,106.737
OUT_16346,85.52
OUT_16347,150.527
OUT_16348,391.286
OUT_16349,858.937
OUT_16350,101.731
OUT_16351,978.223
OUT_16352,133.786
OUT_16353,156.068
OUT_16354,153.607
OUT_16355,102.097
OUT_16356,96.048
OUT_16357,102.864
OUT_16358,140.57
OUT_16359,338.27
OUT_16360,103.149
OUT_16361,94.606
OUT_16362,923.626
OUT_16363,117.372
OUT_16364,999.694
OUT_16365,118.933
OUT_16366,113.561
OUT_16367,276.136
OUT_16368,85.43
OUT_16369,91.723
OUT_16370,247.232
OUT_16371,94.256
OUT_16372,112.979
OUT_16373,100.255
OUT_16374,106.907
OUT_16375,346.134
OUT_16376,144.402
OUT_16377,112.287
OUT_16378,120.026
OUT_16379,102.48
OUT_16380,112.937
OUT_16381,108.044
OUT_16382,956.944
OUT_16383,999.43
OUT_16384,304.694
OUT_16385,98.827
OUT_16386,127.808
OUT_16387,318.556
OUT_16388,2040.908
OUT_16389,1032.593
OUT_16390,328.919
OUT_16391,103.868
OUT_16392,127.469
OUT_16393,117.064
OUT_16394,896.382
OUT_16395,108.243
OUT_16396,162.116
OUT_16397,972.893
OUT_16398,280.636
OUT_16399,85.865
OUT_16400,116.448
OUT_16401,110.599
OUT_16402,330.302
OUT_16403,986.421
OUT_16404,297.211
OUT_16405,94.882
OUT_16406,129.402
OUT_16407,288.449
OUT_16408,102.777
OUT_16409,295.633
OUT_16410,81.784
OUT_16411,335.96
OUT_16412,101.858
OUT_16413,880.375
OUT_16414,919.825
OUT_16415,89.411
OUT_16416,117.849
OUT_16417,1187.065
OUT_16418,105.859
OUT_16419,237.388
OUT_16420,122.414
OUT_16421,285.687
OUT_16422,97.738
OUT_16423,308.24
OUT_16424,897.281
OUT_16425,239.676
OUT_16426,1048.808
OUT_16427,133.437
OUT_16428,141.967
OUT_16429,359.436
OUT_16430,84.592
OUT_16431,122.885
OUT_16432,133.241
OUT_16433,229.345
OUT_16434,158.359
OUT_16435,991.369
OUT_16436,331.396
OUT_16437,2027.965
OUT_16438,121.755
OUT_16439,389.99
OUT_16440,139.561
OUT_16441,2054.887
OUT_16442,95.48
OUT_16443,97.465
OUT_16444,281.828
OUT_16445,152.603
OUT_16446,79.422
OUT_16447,130.397
OUT_16448,273.894
OUT_16449,343.157
OUT_16450,88.608
OUT_16451,895.125
OUT_16452,279.974
OUT_16453,115.556
OUT_16454,257.423
OUT_16455,316.874
OUT_16456,107.503
OUT_16457,279.932
OUT_16458,98.446
OUT_16459,932.877
OUT_16460,2041.29
OUT_16461,253.735
OUT_16462,92.415
OUT_16463,279.199
OUT_16464,151.932
OUT_16465,261.509
OUT_16466,96.953
OUT_16467,898.45
OUT_16468,304.827
OUT_16469,106.126
OUT_16470,894.43
OUT_16471,91.922
OUT_16472,115.041
OUT_16473,124.152
OUT_16474,117.868
OUT_16475,128.328
OUT_16476,149.323
OUT_16477,296.177
OUT_16478,324.33
OUT_16479,262.088
OUT_16480,342.139
OUT_16481,92.296
OUT_16482,90.97
OUT_16483,282.523
OUT_16484,292.929
OUT_16485,158.301
OUT_16486,96.492
OUT_16487,258.22
OUT_16488,2078.441
OUT_16489,244.22
OUT_16490,131.431
OUT_16491,132.847
OUT_16492,2085.355
OUT_16493,84.987
OUT_16494,286.537
OUT_16495,140.73
OUT_16496,245.85
OUT_16497,1128.271
OUT_16498,109.879
OUT_16499,288.899
OUT_16500,95.968
OUT_16501,245.539
OUT_16502,911.5
OUT_16503,100.587
OUT_16504,93.007
OUT_16505,112.405
OUT_16506,96.23
OUT_16507,93.304
OUT_16508,99.819
OUT_16509,150.501
OUT_16510,95.129
OUT_16511,902.884
OUT_16512,109.452
OUT_16513,238.328
OUT_16514,324.114
OUT_16515,334.744
OUT_16516,240.094
OUT_16517,259.564
OUT_16518,96.073
OUT_16519,111.428
OUT_16520,2071.415
OUT_16521,327.732
OUT_16522,112.001
OUT_16523,94.36
OUT_16524,252.772
OUT_16525,282.237
OUT_16526,103.635
OUT_16527,141.21
OUT_16528,113.954
OUT_16529,309.563
OUT_16530,999.147
OUT_16531,980.62
OUT_16532,96.855
OUT_16533,317.886
OUT_16534,104.953
OUT_16535,94.113
OUT_16536,905.75
OUT_16537,341.424
OUT_16538,2234.589
OUT_16539,324.267
OUT_16540,930.677
OUT_16541,149.282
OUT_16542,287.857
OUT_16543,322.001
OUT_16544,363.356
OUT_16545,134.616
OUT_16546,157.924
OUT_16547,122.221
OUT_16548,2030.41
OUT_16549,89.54
OUT_16550,103.09
OUT_16551,232.348
OUT_16552,123.449
OUT_16553,328.291
OUT_16554,97.256
OUT_16555,157.021
OUT_16556,112.581
OUT_16557,170.243
OUT_16558,326.304
OUT_16559,354.752
OUT_16560,91.38
OUT_16561,163.743
OUT_16562,118.328
OUT_16563,124.735
OUT_16564,94.012
OUT_16565,127.424
OUT_16566,138.492
OUT_16567,131.792
OUT_16568,138.323
OUT_16569,313.707
OUT_16570,1985.587
OUT_16571,92.124
OUT_16572,117.641
OUT_16573,1986.896
OUT_16574,113.656
OUT_16575,152.908
OUT_16576,825.01
OUT_16577,143.391
OUT_16578,274.676
OUT_16579,298.402
OUT_16580,93.889
OUT_16581,108.4
OUT_16582,118.01
OUT_16583,902.58
OUT_16584,159.561
OUT_16585,96.217
OUT_16586,845.788
OUT_16587,119.945
OUT_16588,241.457
OUT_16589,92.001
OUT_16590,920.945
OUT_16591,82.646
OUT_16592,310.806
OUT_16593,1030.186
OUT_16594,120.898
OUT_16595,102.318
OUT_16596,2027.191
OUT_16597,1997.488
OUT_16598,964.769
OUT_16599,93.867
OUT_16600,84.57
OUT_16601,227.804
OUT_16602,901.035
OUT_16603,117.919
OUT_16604,109.964
OUT_16605,2079.515
OUT_16606,134.893
OUT_16607,320.681
OUT_16608,140.94
OUT_16609,275.059
OUT_16610,133.1
OUT_16611,92.481
OUT_16612,260.466
OUT_16613,143.732
OUT_16614,136.297
OUT_16615,154.058
OUT_16616,293.404
OUT_16617,270.975
OUT_16618,118.219
OUT_16619,270.554
OUT_16620,296.508
OUT_16621,102.209
OUT_16622,245.859
OUT_16623,968.131
OUT_16624,98.529
OUT_16625,139.355
OUT_16626,102.974
OUT_16627,90.59
OUT_16628,109.442
OUT_16629,103.436
OUT_16630,155.642
OUT_16631,287.612
OUT_16632,294.869
OUT_16633,967.712
OUT_16634,139.345
OUT_16635,105.46
OUT_16636,130.087
OUT_16637,133.706
OUT_16638,119.115
OUT_16639,1982.767
OUT_16640,299.017
OUT_16641,949.064
OUT_16642,317.364
OUT_16643,270.359
OUT_16644,233.705
OUT_16645,302.056
OUT_16646,285.096
OUT_16647,334.834
OUT_16648,160.977
OUT_16649,914.877
OUT_16650,122.316
OUT_16651,143.015
OUT_16652,389.705
OUT_16653,100.806
OUT_16654,954.147
OUT_16655,119.719
OUT_16656,1004.194
OUT_16657,894.137
OUT_16658,85.496
OUT_16659,953.407
OUT_16660,100.403
OUT_16661,147.197
OUT_16662,280.882
OUT_16663,81.167
OUT_16664,110.455
OUT_16665,350.31
OUT_16666,104.15
OUT_16667,93.55
OUT_16668,99.06
OUT_16669,131.032
OUT_16670,766.732
OUT_16671,121.926
OUT_16672,150.468
OUT_16673,232.285
OUT_16674,106.392
OUT_16675,881.204
OUT_16676,981.951
OUT_16677,90.525
OUT_16678,100.445
OUT_16679,77.937
OUT_16680,383.189
OUT_16681,89.93
OUT_16682,114.387
OUT_16683,118.006
OUT_16684,94.223
OUT_16685,305.426
OUT_16686,120.17
OUT_16687,960.434
OUT_16688,1914.066
OUT_16689,105.011
OUT_16690,782.32
OUT_16691,92.276
OUT_16692,273.13
OUT_16693,104.849
OUT_16694,346.865
OUT_16695,108.304
OUT_16696,99.979
OUT_16697,79.395
OUT_16698,321.365
OUT_16699,124.395
OUT_16700,89.553
OUT_16701,69.791
OUT_16702,310.641
OUT_16703,905.278
OUT_16704,105.524
OUT_16705,300.806
OUT_16706,137.715
OUT_16707,945.962
OUT_16708,83.475
OUT_16709,105.464
OUT_16710,103.898
OUT_16711,919.475
OUT_16712,998.091
OUT_16713,111.772
OUT_16714,124.277
OUT_16715,145.891
OUT_16716,301.26
OUT_16717,309.997
OUT_16718,114.74
OUT_16719,294.449
OUT_16720,119.966
OUT_16721,354.135
OUT_16722,181.268
OUT_16723,131.451
OUT_16724,899.395
OUT_16725,304.231
OUT_16726,359.237
OUT_16727,118.777
OUT_16728,1007.594
OUT_16729,89.688
OUT_16730,101.124
OUT_16731,260.762
OUT_16732,318.396
OUT_16733,99.921
OUT_16734,163.079
OUT_16735,109.68
OUT_16736,134.628
OUT_16737,259.498
OUT_16738,938.841
OUT_16739,350.691
OUT_16740,342.536
OUT_16741,936.598
OUT_16742,1016.349
OUT_16743,119.17
OUT_16744,91.637
OUT_16745,306.389
OUT_16746,290.379
OUT_16747,225.099
OUT_16748,102.718
OUT_16749,862.755
OUT_16750,98.371
OUT_16751,115.943
OUT_16752,86.891
OUT_16753,915.647
OUT_16754,108.639
OUT_16755,111.279
OUT_16756,139.161
OUT_16757,312.885
OUT_16758,112.617
OUT_16759,91.995
OUT_16760,344.907
OUT_16761,175.018
OUT_16762,352.691
OUT_16763,133.879
OUT_16764,147.57
OUT_16765,99.706
OUT_16766,225.684
OUT_16767,59.541
OUT_16768,310.694
OUT_16769,965.661
OUT_16770,268.266
OUT_16771,126.944
OUT_16772,147.655
OUT_16773,50.513
OUT_16774,122.924
OUT_16775,940.23
OUT_16776,246.392
OUT_16777,227.655
OUT_16778,411.302
OUT_16779,110.432
OUT_16780,72.62
OUT_16781,102.511
OUT_16782,114.207
OUT_16783,321.358
OUT_16784,298.582
OUT_16785,950.112
OUT_16786,920.185
OUT_16787,855.48
OUT_16788,138.16
OUT_16789,120.688
OUT_16790,317.167
OUT_16791,835.13
OUT_16792,100.992
OUT_16793,292.62
OUT_16794,243.413
OUT_16795,89.993
OUT_16796,329.596
OUT_16797,111.11
OUT_16798,148.196
OUT_16799,112.184
OUT_16800,134.908
OUT_16801,128.182
OUT_16802,144.34
OUT_16803,96.878
OUT_16804,937.928
OUT_16805,104.48
OUT_16806,1015.165
OUT_16807,329.768
OUT_16808,923.796
OUT_16809,2106.298
OUT_16810,253.573
OUT_16811,109.028
OUT_16812,975.084
OUT_16813,969.826
OUT_16814,126.009
OUT_16815,919.258
OUT_16816,120.06
OUT_16817,302.744
OUT_16818,313.909
OUT_16819,155.63
OUT_16820,969.626
OUT_16821,338.071
OUT_16822,84.506
OUT_16823,131.074
OUT_16824,319.767
OUT_16825,158.316
OUT_16826,149.933
OUT_16827,1997.859
OUT_16828,251.091
OUT_16829,94.806
OUT_16830,997.196
OUT_16831,101.584
OUT_16832,938.756
OUT_16833,320.119
OUT_16834,287.461
OUT_16835,125.115
OUT_16836,139.574
OUT_16837,78.51
OUT_16838,967.515
OUT_16839,290.338
OUT_16840,920.311
OUT_16841,910.524
OUT_16842,105.814
OUT_16843,106.885
OUT_16844,221.943
OUT_16845,78.243
OUT_16846,143.922
OUT_16847,89.09
OUT_16848,2054.747
OUT_16849,95.239
OUT_16850,113.635
OUT_16851,965.127
OUT_16852,231.284
OUT_16853,138.88
OUT_16854,100.111
OUT_16855,260.045
OUT_16856,328.695
OUT_16857,293.622
OUT_16858,977.675
OUT_16859,132.778
OUT_16860,205.25
OUT_16861,316.077
OUT_16862,83.21
OUT_16863,1056.385
OUT_16864,1992.65
OUT_16865,140.184
OUT_16866,300.589
OUT_16867,131.733
OUT_16868,924.668
OUT_16869,111.022
OUT_16870,261.693
OUT_16871,129.873
OUT_16872,934.355
OUT_16873,273.947
OUT_16874,346.126
OUT_16875,255.039
OUT_16876,908.232
OUT_16877,126.158
OUT_16878,135.329
OUT_16879,147.732
OUT_16880,951.786
OUT_16881,87.457
OUT_16882,244.486
OUT_16883,94.885
OUT_16884,967.134
OUT_16885,125.754
OUT_16886,93.435
OUT_16887,163.808
OUT_16888,280.186
OUT_16889,307.525
OUT_16890,99.236
OUT_16891,968.004
OUT_16892,94.725
OUT_16893,274.466
OUT_16894,285.827
OUT_16895,97.595
OUT_16896,103.049
OUT_16897,121.001
OUT_16898,109.989
OUT_16899,926.448
OUT_16900,881.283
OUT_16901,125.813
OUT_16902,259.535
OUT_16903,146.837
OUT_16904,84.497
OUT_16905,295.004
OUT_16906,123.159
OUT_16907,94.401
OUT_16908,949.639
OUT_16909,835.198
OUT_16910,107.108
OUT_16911,136.45
OUT_16912,114.408
OUT_16913,232.837
OUT_16914,167.324
OUT_16915,118.857
OUT_16916,100.729
OUT_16917,129.142
OUT_16918,93.227
OUT_16919,140.289
OUT_16920,252.846
OUT_16921,238.903
OUT_16922,104.125
OUT_16923,277.544
OUT_16924,902.192
OUT_16925,939.336
OUT_16926,99.51
OUT_16927,320.873
OUT_16928,245.293
OUT_16929,125.258
OUT_16930,319.564
OUT_16931,88.338
OUT_16932,368.633
OUT_16933,88.805
OUT_16934,358.97
OUT_16935,2647.15
OUT_16936,262.867
OUT_16937,967.892
OUT_16938,118.174
OUT_16939,102.129
OUT_16940,104.693
OUT_16941,149.988
OUT_16942,314.399
OUT_16943,117.141
OUT_16944,317.98
OUT_16945,130.305
OUT_16946,2105.285
OUT_16947,95.801
OUT_16948,140.175
OUT_16949,113.435
OUT_16950,163.778
OUT_16951,87.438
OUT_16952,150.99
OUT_16953,91.119
OUT_16954,90.839
OUT_16955,136.625
OUT_16956,125.343
OUT_16957,106.217
OUT_16958,929.037
OUT_16959,2065.099
OUT_16960,130.647
OUT_16961,304.897
OUT_16962,123.616
OUT_16963,99.999
OUT_16964,96.725
OUT_16965,251.034
OUT_16966,103.901
OUT_16967,339.981
OUT_16968,275.837
OUT_16969,261.24
OUT_16970,300.887
OUT_16971,917.075
OUT_16972,129.341
OUT_16973,96.444
OUT_16974,294.938
OUT_16975,299.945
OUT_16976,104.879
OUT_16977,1005.848
OUT_16978,108.549
OUT_16979,104.564
OUT_16980,128.288
OUT_16981,113.97
OUT_16982,108.679
OUT_16983,344.354
OUT_16984,124.134
OUT_16985,314.452
OUT_16986,2023.272
OUT_16987,283.91
OUT_16988,311.667
OUT_16989,338.981
OUT_16990,1970.969
OUT_16991,336.139
OUT_16992,119.038
OUT_16993,91.423
OUT_16994,293.078
OUT_16995,107.693
OUT_16996,299.859
OUT_16997,220.883
OUT_16998,122.752
OUT_16999,316.889
OUT_17000,91.779
OUT_17001,104.23
OUT_17002,302.763
OUT_17003,107.098
OUT_17004,297.348
OUT_17005,346.041
OUT_17006,309.182
OUT_17007,315.957
OUT_17008,943.036
OUT_17009,2010.343
OUT_17010,1990.87
OUT_17011,117.152
OUT_17012,101.597
OUT_17013,127.611
OUT_17014,2019.241
OUT_17015,361.623
OUT_17016,142.134
OUT_17017,132.469
OUT_17018,99.745
OUT_17019,345.918
OUT_17020,140.554
OUT_17021,944.516
OUT_17022,140.736
OUT_17023,128.289
OUT_17024,89.422
OUT_17025,1055.483
OUT_17026,104.104
OUT_17027,103.139
OUT_17028,957.694
OUT_17029,108.222
OUT_17030,145.521
OUT_17031,85.639
OUT_17032,118.208
OUT_17033,115.148
OUT_17034,265.341
OUT_17035,122.252
OUT_17036,139.228
OUT_17037,332.839
OUT_17038,102.759
OUT_17039,358.482
OUT_17040,108.78
OUT_17041,319.517
OUT_17042,94.216
OUT_17043,106.137
OUT_17044,1016.248
OUT_17045,166.505
OUT_17046,68.798
OUT_17047,954.007
OUT_17048,107.844
OUT_17049,2008.988
OUT_17050,274.246
OUT_17051,118.551
OUT_17052,147.735
OUT_17053,328.508
OUT_17054,281.721
OUT_17055,131.442
OUT_17056,336.77
OUT_17057,302.285
OUT_17058,1003.245
OUT_17059,323.328
OUT_17060,150.413
OUT_17061,310.953
OUT_17062,135.916
OUT_17063,107.68
OUT_17064,298.839
OUT_17065,125.413
OUT_17066,997.208
OUT_17067,2009.765
OUT_17068,280.808
OUT_17069,234.896
OUT_17070,330.897
OUT_17071,2009.178
OUT_17072,162.108
OUT_17073,335.518
OUT_17074,293.891
OUT_17075,121.898
OUT_17076,91.002
OUT_17077,100.298
OUT_17078,1056.827
OUT_17079,110.003
OUT_17080,277.16
OUT_17081,122.662
OUT_17082,2037.723
OUT_17083,118.822
OUT_17084,116.914
OUT_17085,974.156
OUT_17086,125.525
OUT_17087,1264.238
OUT_17088,1019.28
OUT_17089,120.945
OUT_17090,85.882
OUT_17091,126.4
OUT_17092,960.948
OUT_17093,123.134
OUT_17094,126.439
OUT_17095,276.078
OUT_17096,101.042
OUT_17097,87.49
OUT_17098,312.875
OUT_17099,408.234
OUT_17100,331.412
OUT_17101,937.385
OUT_17102,331.044
OUT_17103,136.742
OUT_17104,301.486
OUT_17105,78.667
OUT_17106,95.166
OUT_17107,345.897
OUT_17108,126.343
OUT_17109,118.742
OUT_17110,1026.095
OUT_17111,369.257
OUT_17112,106.304
OUT_17113,148.348
OUT_17114,153.964
OUT_17115,175.951
OUT_17116,132.76
OUT_17117,115.374
OUT_17118,110.386
OUT_17119,348.729
OUT_17120,131.033
OUT_17121,945.914
OUT_17122,252.969
OUT_17123,945.024
OUT_17124,911.785
OUT_17125,349.716
OUT_17126,118.77
OUT_17127,110.981
OUT_17128,131.369
OUT_17129,913.546
OUT_17130,90.118
OUT_17131,1940.422
OUT_17132,124.905
OUT_17133,95.6
OUT_17134,153.639
OUT_17135,299.422
OUT_17136,353.17
OUT_17137,328.434
OUT_17138,152.03
OUT_17139,129.413
OUT_17140,271.825
OUT_17141,341.415
OUT_17142,365.495
OUT_17143,328.611
OUT_17144,281.901
OUT_17145,96.894
OUT_17146,116.601
OUT_17147,142.093
OUT_17148,323.622
OUT_17149,301.669
OUT_17150,133.694
OUT_17151,93.589
OUT_17152,370.835
OUT_17153,2025.966
OUT_17154,117.661
OUT_17155,136.921
OUT_17156,140.974
OUT_17157,342.756
OUT_17158,303.298
OUT_17159,317.631
OUT_17160,877.695
OUT_17161,354.694
OUT_17162,1080.821
OUT_17163,99.536
OUT_17164,115.02
OUT_17165,132.555
OUT_17166,122.709
OUT_17167,1348.724
OUT_17168,77.093
OUT_17169,143.842
OUT_17170,123.396
OUT_17171,148.973
OUT_17172,958.524
OUT_17173,304.526
OUT_17174,90.939
OUT_17175,2062.501
OUT_17176,101.094
OUT_17177,308.759
OUT_17178,983.085
OUT_17179,254.898
OUT_17180,142.308
OUT_17181,110.976
OUT_17182,112.635
OUT_17183,918.637
OUT_17184,131.953
OUT_17185,125.996
OUT_17186,411.064
OUT_17187,2133.174
OUT_17188,145.404
OUT_17189,346.277
OUT_17190,125.609
OUT_17191,142.363
OUT_17192,905.307
OUT_17193,262.049
OUT_17194,343.535
OUT_17195,137.413
OUT_17196,116.283
OUT_17197,112.028
OUT_17198,391.104
OUT_17199,131.092
OUT_17200,395.163
OUT_17201,350.375
OUT_17202,320.294
OUT_17203,117.784
OUT_17204,290.621
OUT_17205,76.811
OUT_17206,349.19
OUT_17207,981.944
OUT_17208,949.317
OUT_17209,114.604
OUT_17210,157.638
OUT_17211,141.641
OUT_17212,149.646
OUT_17213,146.811
OUT_17214,373.768
OUT_17215,350.956
OUT_17216,2089.174
OUT_17217,129.152
OUT_17218,125.236
OUT_17219,126.004
OUT_17220,125.416
OUT_17221,98.924
OUT_17222,312.135
OUT_17223,125.955
OUT_17224,280.892
OUT_17225,344.33
OUT_17226,141.623
OUT_17227,69.936
OUT_17228,144.063
OUT_17229,119.632
OUT_17230,83.762
OUT_17231,1022.169
OUT_17232,891.938
OUT_17233,329.181
OUT_17234,470.235
OUT_17235,149.791
OUT_17236,133.954
OUT_17237,136.617
OUT_17238,100.448
OUT_17239,331.979
OUT_17240,327.618
OUT_17241,494.329
OUT_17242,297.307
OUT_17243,72.224
OUT_17244,152.123
OUT_17245,382.461
OUT_17246,353.879
OUT_17247,313.88
OUT_17248,313.994
OUT_17249,99.681
OUT_17250,348.506
OUT_17251,156.967
OUT_17252,148.131
OUT_17253,265.75
OUT_17254,130.543
OUT_17255,162.328
OUT_17256,99.655
OUT_17257,346.213
OUT_17258,120.461
OUT_17259,324.792
OUT_17260,312.432
OUT_17261,83.285
OUT_17262,143.535
OUT_17263,1091.739
OUT_17264,120.19
OUT_17265,136.798
OUT_17266,103.283
OUT_17267,206.287
OUT_17268,118.33
OUT_17269,347.468
OUT_17270,984.926
OUT_17271,92.761
OUT_17272,351.712
OUT_17273,308.077
OUT_17274,148.678
OUT_17275,344.308
OUT_17276,305.592
OUT_17277,306.104
OUT_17278,110.739
OUT_17279,86.6
OUT_17280,2025.534
OUT_17281,129.059
OUT_17282,329.457
OUT_17283,154.36
OUT_17284,128.742
OUT_17285,304.158
OUT_17286,130.836
OUT_17287,107.153
OUT_17288,100.276
OUT_17289,315.392
OUT_17290,92.981
OUT_17291,140.379
OUT_17292,157.773
OUT_17293,369.843
OUT_17294,143.328
OUT_17295,120.22
OUT_17296,152.483
OUT_17297,115.322
OUT_17298,119.279
OUT_17299,92.685
OUT_17300,121.96
OUT_17301,989.961
OUT_17302,299.412
OUT_17303,345.0
OUT_17304,957.035
OUT_17305,351.405
OUT_17306,92.839
OUT_17307,336.917
OUT_17308,285.71
OUT_17309,153.344
OUT_17310,142.452
OUT_17311,107.288
OUT_17312,990.809
OUT_17313,120.853
OUT_17314,919.837
OUT_17315,870.722
OUT_17316,89.878
OUT_17317,336.372
OUT_17318,976.095
OUT_17319,138.765
OUT_17320,324.471
OUT_17321,968.018
OUT_17322,354.443
OUT_17323,293.229
OUT_17324,1002.161
OUT_17325,459.009
OUT_17326,2100.669
OUT_17327,121.726
OUT_17328,339.575
OUT_17329,975.989
OUT_17330,126.237
OUT_17331,96.734
OUT_17332,121.724
OUT_17333,160.714
OUT_17334,905.853
OUT_17335,138.548
OUT_17336,131.579
OUT_17337,109.042
OUT_17338,289.826
OUT_17339,315.781
OUT_17340,129.204
OUT_17341,87.279
OUT_17342,329.075
OUT_17343,434.998
OUT_17344,106.178
OUT_17345,962.124
OUT_17346,139.6
OUT_17347,126.434
OUT_17348,1036.41
OUT_17349,106.771
OUT_17350,919.597
OUT_17351,126.119
OUT_17352,111.107
OUT_17353,116.067
OUT_17354,918.874
OUT_17355,81.031
OUT_17356,140.363
OUT_17357,147.916
OUT_17358,116.846
OUT_17359,93.842
OUT_17360,143.487
OUT_17361,116.516
OUT_17362,352.777
OUT_17363,163.619
OUT_17364,338.515
OUT_17365,105.088
OUT_17366,994.013
OUT_17367,155.069
OUT_17368,119.284
OUT_17369,133.266
OUT_17370,172.557
OUT_17371,2084.309
OUT_17372,906.029
OUT_17373,351.79
OUT_17374,1001.662
OUT_17375,120.183
OUT_17376,136.872
OUT_17377,89.242
OUT_17378,1015.34
OUT_17379,97.806
OUT_17380,111.603
OUT_17381,118.292
OUT_17382,98.768
OUT_17383,172.254
OUT_17384,83.821
OUT_17385,320.662
OUT_17386,317.595
OUT_17387,141.227
OUT_17388,138.885
OUT_17389,2079.25
OUT_17390,100.33
OUT_17391,122.007
OUT_17392,929.835
OUT_17393,100.943
OUT_17394,268.706
OUT_17395,98.265
OUT_17396,387.454
OUT_17397,316.875
OUT_17398,142.576
OUT_17399,126.366
OUT_17400,311.868
OUT_17401,136.577
OUT_17402,314.683
OUT_17403,314.084
OUT_17404,347.976
OUT_17405,947.41
OUT_17406,79.027
OUT_17407,135.876
OUT_17408,1064.164
OUT_17409,107.684
OUT_17410,126.375
OUT_17411,150.075
OUT_17412,119.573
OUT_17413,349.161
OUT_17414,342.68
OUT_17415,308.545
OUT_17416,965.608
OUT_17417,80.87
OUT_17418,363.871
OUT_17419,331.797
OUT_17420,336.556
OUT_17421,156.772
OUT_17422,992.154
OUT_17423,998.554
OUT_17424,1959.818
OUT_17425,2152.548
OUT_17426,132.586
OUT_17427,175.544
OUT_17428,124.882
OUT_17429,136.773
OUT_17430,915.297
OUT_17431,149.532
OUT_17432,318.265
OUT_17433,966.906
OUT_17434,113.425
OUT_17435,1008.438
OUT_17436,938.727
OUT_17437,2067.874
OUT_17438,139.969
OUT_17439,103.566
OUT_17440,1002.543
OUT_17441,231.883
OUT_17442,96.504
OUT_17443,307.689
OUT_17444,99.303
OUT_17445,110.577
OUT_17446,273.024
OUT_17447,909.595
OUT_17448,160.018
OUT_17449,159.389
OUT_17450,323.492
OUT_17451,317.732
OUT_17452,218.438
OUT_17453,335.267
OUT_17454,142.38
OUT_17455,165.155
OUT_17456,129.531
OUT_17457,967.026
OUT_17458,128.382
OUT_17459,957.822
OUT_17460,328.381
OUT_17461,121.099
OUT_17462,102.501
OUT_17463,262.154
OUT_17464,339.523
OUT_17465,151.838
OUT_17466,138.174
OUT_17467,139.822
OUT_17468,347.353
OUT_17469,157.657
OUT_17470,160.335
OUT_17471,319.357
OUT_17472,157.024
OUT_17473,339.429
OUT_17474,1029.489
OUT_17475,165.564
OUT_17476,300.673
OUT_17477,952.055
OUT_17478,985.734
OUT_17479,148.327
OUT_17480,117.669
OUT_17481,111.558
OUT_17482,147.491
OUT_17483,316.701
OUT_17484,349.082
OUT_17485,157.238
OUT_17486,145.639
OUT_17487,124.254
OUT_17488,127.746
OUT_17489,167.315
OUT_17490,152.207
OUT_17491,266.483
OUT_17492,947.014
OUT_17493,105.207
OUT_17494,931.174
OUT_17495,1318.618
OUT_17496,137.586
OUT_17497,84.306
OUT_17498,131.333
OUT_17499,112.091
OUT_17500,495.065
OUT_17501,298.136
OUT_17502,341.189
OUT_17503,103.434
OUT_17504,80.246
OUT_17505,161.19
OUT_17506,834.321
OUT_17507,90.43
OUT_17508,909.74
OUT_17509,78.731
OUT_17510,108.228
OUT_17511,136.142
OUT_17512,137.981
OUT_17513,103.737
OUT_17514,104.496
OUT_17515,105.434
OUT_17516,320.611
OUT_17517,124.256
OUT_17518,106.74
OUT_17519,380.312
OUT_17520,266.118
OUT_17521,294.663
OUT_17522,1007.013
OUT_17523,137.329
OUT_17524,953.39
OUT_17525,144.916
OUT_17526,330.921
OUT_17527,313.632
OUT_17528,295.562
OUT_17529,121.51
OUT_17530,964.92
OUT_17531,156.769
OUT_17532,966.409
OUT_17533,97.425
OUT_17534,153.696
OUT_17535,328.469
OUT_17536,122.478
OUT_17537,105.958
OUT_17538,356.7
OUT_17539,144.122
OUT_17540,1008.912
OUT_17541,112.997
OUT_17542,294.982
OUT_17543,116.795
OUT_17544,158.821
OUT_17545,133.642
OUT_17546,152.04
OUT_17547,72.549
OUT_17548,145.135
OUT_17549,2080.236
OUT_17550,262.917
OUT_17551,104.311
OUT_17552,148.724
OUT_17553,149.991
OUT_17554,295.839
OUT_17555,110.037
OUT_17556,307.288
OUT_17557,110.719
OUT_17558,111.02
OUT_17559,333.572
OUT_17560,121.949
OUT_17561,108.31
OUT_17562,140.133
OUT_17563,145.186
OUT_17564,126.456
OUT_17565,97.691
OUT_17566,366.541
OUT_17567,315.682
OUT_17568,326.929
OUT_17569,166.466
OUT_17570,160.262
OUT_17571,106.729
OUT_17572,334.436
OUT_17573,126.558
OUT_17574,1032.69
OUT_17575,100.449
OUT_17576,127.79
OUT_17577,333.019
OUT_17578,139.517
OUT_17579,225.13
OUT_17580,116.088
OUT_17581,995.836
OUT_17582,108.078
OUT_17583,355.885
OUT_17584,1039.454
OUT_17585,1007.903
OUT_17586,127.766
OUT_17587,290.132
OUT_17588,106.558
OUT_17589,316.68
OUT_17590,138.996
OUT_17591,111.738
OUT_17592,81.896
OUT_17593,130.208
OUT_17594,130.996
OUT_17595,129.677
OUT_17596,950.968
OUT_17597,151.665
OUT_17598,2110.201
OUT_17599,141.139
OUT_17600,146.291
OUT_17601,1031.67
OUT_17602,961.665
OUT_17603,347.183
OUT_17604,978.84
OUT_17605,284.156
OUT_17606,2064.826
OUT_17607,955.076
OUT_17608,106.339
OUT_17609,131.131
OUT_17610,824.219
OUT_17611,158.711
OUT_17612,131.076
OUT_17613,290.255
OUT_17614,307.325
OUT_17615,314.292
OUT_17616,86.077
OUT_17617,157.15
OUT_17618,1965.329
OUT_17619,349.621
OUT_17620,114.586
OUT_17621,950.303
OUT_17622,985.485
OUT_17623,131.901
OUT_17624,301.157
OUT_17625,359.415
OUT_17626,107.656
OUT_17627,129.259
OUT_17628,100.233
OUT_17629,974.417
OUT_17630,307.405
OUT_17631,85.009
OUT_17632,282.251
OUT_17633,134.489
OUT_17634,121.618
OUT_17635,155.622
OUT_17636,967.812
OUT_17637,79.726
OUT_17638,101.79
OUT_17639,134.384
OUT_17640,220.488
OUT_17641,116.376
OUT_17642,115.748
OUT_17643,84.922
OUT_17644,123.883
OUT_17645,307.34
OUT_17646,923.589
OUT_17647,115.75
OUT_17648,80.05
OUT_17649,108.287
OUT_17650,156.589
OUT_17651,1029.637
OUT_17652,2009.225
OUT_17653,342.404
OUT_17654,315.491
OUT_17655,134.683
OUT_17656,929.736
OUT_17657,125.091
OUT_17658,109.224
OUT_17659,351.077
OUT_17660,953.544
OUT_17661,981.895
OUT_17662,979.668
OUT_17663,156.129
OUT_17664,912.211
OUT_17665,131.529
OUT_17666,134.633
OUT_17667,941.467
OUT_17668,996.817
OUT_17669,138.731
OUT_17670,129.244
OUT_17671,298.537
OUT_17672,156.387
OUT_17673,1033.751
OUT_17674,145.972
OUT_17675,292.445
OUT_17676,348.116
OUT_17677,961.432
OUT_17678,190.868
OUT_17679,315.082
OUT_17680,154.965
OUT_17681,100.524
OUT_17682,155.552
OUT_17683,331.626
OUT_17684,110.728
OUT_17685,271.96
OUT_17686,136.047
OUT_17687,2197.023
OUT_17688,365.354
OUT_17689,146.027
OUT_17690,86.922
OUT_17691,117.755
OUT_17692,160.862
OUT_17693,125.081
OUT_17694,1489.528
OUT_17695,102.915
OUT_17696,399.064
OUT_17697,217.687
OUT_17698,2202.235
OUT_17699,288.152
OUT_17700,111.564
OUT_17701,121.953
OUT_17702,114.381
OUT_17703,285.83
OUT_17704,126.602
OUT_17705,144.094
OUT_17706,77.515
OUT_17707,1007.123
OUT_17708,114.707
OUT_17709,365.432
OUT_17710,109.806
OUT_17711,135.452
OUT_17712,126.776
OUT_17713,152.067
OUT_17714,115.196
OUT_17715,106.324
OUT_17716,105.179
OUT_17717,932.875
OUT_17718,926.002
OUT_17719,131.518
OUT_17720,388.486
OUT_17721,257.83
OUT_17722,143.998
OUT_17723,120.729
OUT_17724,120.764
OUT_17725,137.182
OUT_17726,2066.253
OUT_17727,369.216
OUT_17728,104.604
OUT_17729,291.142
OUT_17730,106.677
OUT_17731,146.653
OUT_17732,315.137
OUT_17733,150.765
OUT_17734,143.513
OUT_17735,340.113
OUT_17736,965.739
OUT_17737,956.3
OUT_17738,980.076
OUT_17739,965.693
OUT_17740,456.735
OUT_17741,333.589
OUT_17742,307.11
OUT_17743,129.661
OUT_17744,266.754
OUT_17745,91.636
OUT_17746,127.264
OUT_17747,121.554
OUT_17748,170.057
OUT_17749,137.083
OUT_17750,142.588
OUT_17751,109.825
OUT_17752,1022.074
OUT_17753,394.55
OUT_17754,2076.252
OUT_17755,326.135
OUT_17756,320.785
OUT_17757,162.885
OUT_17758,198.333
OUT_17759,79.309
OUT_17760,147.642
OUT_17761,893.249
OUT_17762,285.635
OUT_17763,332.136
OUT_17764,322.043
OUT_17765,112.379
OUT_17766,143.5
OUT_17767,90.819
OUT_17768,152.607
OUT_17769,2038.928
OUT_17770,988.469
OUT_17771,298.805
OUT_17772,118.531
OUT_17773,128.367
OUT_17774,139.566
OUT_17775,318.417
OUT_17776,931.392
OUT_17777,311.273
OUT_17778,1062.034
OUT_17779,89.009
OUT_17780,281.177
OUT_17781,153.198
OUT_17782,343.339
OUT_17783,1214.529
OUT_17784,116.947
OUT_17785,228.426
OUT_17786,268.992
OUT_17787,132.422
OUT_17788,146.473
OUT_17789,146.31
OUT_17790,123.434
OUT_17791,975.14
OUT_17792,301.958
OUT_17793,137.861
OUT_17794,132.143
OUT_17795,132.976
OUT_17796,143.203
OUT_17797,104.438
OUT_17798,143.066
OUT_17799,110.532
OUT_17800,995.787
OUT_17801,289.135
OUT_17802,351.736
OUT_17803,152.45
OUT_17804,158.18
OUT_17805,2168.385
OUT_17806,104.055
OUT_17807,68.735
OUT_17808,268.103
OUT_17809,328.365
OUT_17810,138.926
OUT_17811,325.085
OUT_17812,104.178
OUT_17813,101.833
OUT_17814,119.955
OUT_17815,993.459
OUT_17816,159.507
OUT_17817,128.247
OUT_17818,937.699
OUT_17819,121.0
OUT_17820,938.513
OUT_17821,130.132
OUT_17822,92.145
OUT_17823,140.664
OUT_17824,339.178
OUT_17825,128.318
OUT_17826,344.702
OUT_17827,981.428
OUT_17828,135.816
OUT_17829,105.247
OUT_17830,941.262
OUT_17831,1012.636
OUT_17832,135.485
OUT_17833,144.833
OUT_17834,262.26
OUT_17835,339.339
OUT_17836,2113.217
OUT_17837,149.461
OUT_17838,926.175
OUT_17839,928.121
OUT_17840,89.885
OUT_17841,138.666
OUT_17842,114.688
OUT_17843,2032.599
OUT_17844,294.239
OUT_17845,1009.321
OUT_17846,312.169
OUT_17847,309.907
OUT_17848,166.299
OUT_17849,297.828
OUT_17850,155.203
OUT_17851,311.643
OUT_17852,317.986
OUT_17853,333.767
OUT_17854,2117.771
OUT_17855,980.231
OUT_17856,955.13
OUT_17857,123.751
OUT_17858,322.189
OUT_17859,279.151
OUT_17860,93.803
OUT_17861,114.44
OUT_17862,133.151
OUT_17863,130.984
OUT_17864,121.41
OUT_17865,122.318
OUT_17866,128.293
OUT_17867,333.869
OUT_17868,144.213
OUT_17869,314.166
OUT_17870,133.841
OUT_17871,313.979
OUT_17872,142.309
OUT_17873,157.985
OUT_17874,155.196
OUT_17875,361.521
OUT_17876,314.073
OUT_17877,76.601
OUT_17878,307.683
OUT_17879,138.906
OUT_17880,1971.532
OUT_17881,153.844
OUT_17882,304.002
OUT_17883,349.009
OUT_17884,952.288
OUT_17885,162.684
OUT_17886,335.866
OUT_17887,143.355
OUT_17888,102.731
OUT_17889,327.005
OUT_17890,122.31
OUT_17891,959.552
OUT_17892,113.918
OUT_17893,161.155
OUT_17894,77.591
OUT_17895,134.554
OUT_17896,142.14
OUT_17897,104.788
OUT_17898,63.993
OUT_17899,339.097
OUT_17900,133.475
OUT_17901,115.667
OUT_17902,923.962
OUT_17903,121.717
OUT_17904,138.943
OUT_17905,91.427
OUT_17906,1026.189
OUT_17907,342.549
OUT_17908,107.256
OUT_17909,88.967
OUT_17910,2108.188
OUT_17911,119.76
OUT_17912,295.403
OUT_17913,96.644
OUT_17914,113.695
OUT_17915,126.812
OUT_17916,90.107
OUT_17917,123.944
OUT_17918,941.614
OUT_17919,106.005
OUT_17920,127.119
OUT_17921,91.697
OUT_17922,154.714
OUT_17923,2103.443
OUT_17924,143.47
OUT_17925,73.368
OUT_17926,304.862
OUT_17927,325.526
OUT_17928,133.936
OUT_17929,105.71
OUT_17930,139.914
OUT_17931,132.806
OUT_17932,144.061
OUT_17933,869.474
OUT_17934,347.686
OUT_17935,373.584
OUT_17936,981.972
OUT_17937,318.105
OUT_17938,104.676
OUT_17939,126.268
OUT_17940,120.403
OUT_17941,114.136
OUT_17942,169.137
OUT_17943,136.368
OUT_17944,1051.405
OUT_17945,101.258
OUT_17946,119.428
OUT_17947,955.722
OUT_17948,128.226
OUT_17949,132.917
OUT_17950,135.343
OUT_17951,122.473
OUT_17952,108.235
OUT_17953,100.231
OUT_17954,132.632
OUT_17955,1070.726
OUT_17956,292.616
OUT_17957,345.862
OUT_17958,130.347
OUT_17959,134.784
OUT_17960,129.896
OUT_17961,114.073
OUT_17962,146.415
OUT_17963,333.385
OUT_17964,278.863
OUT_17965,104.824
OUT_17966,168.22
OUT_17967,963.941
OUT_17968,127.299
OUT_17969,116.703
OUT_17970,106.01
OUT_17971,94.917
OUT_17972,366.913
OUT_17973,980.418
OUT_17974,156.882
OUT_17975,1027.043
OUT_17976,143.536
OUT_17977,90.772
OUT_17978,137.726
OUT_17979,858.16
OUT_17980,130.167
OUT_17981,111.409
OUT_17982,135.184
OUT_17983,2046.068
OUT_17984,79.903
OUT_17985,57.669
OUT_17986,943.801
OUT_17987,1035.448
OUT_17988,945.578
OUT_17989,1931.062
OUT_17990,142.211
OUT_17991,268.146
OUT_17992,123.96
OUT_17993,121.944
OUT_17994,340.15
OUT_17995,1006.876
OUT_17996,119.001
OUT_17997,124.224
OUT_17998,107.373
OUT_17999,141.054
OUT_18000,124.996
OUT_18001,131.504
OUT_18002,120.355
OUT_18003,102.649
OUT_18004,339.079
OUT_18005,103.545
OUT_18006,901.472
OUT_18007,126.198
OUT_18008,138.987
OUT_18009,140.054
OUT_18010,171.998
OUT_18011,929.785
OUT_18012,983.219
OUT_18013,126.09
OUT_18014,145.897
OUT_18015,321.712
OUT_18016,115.858
OUT_18017,1036.226
OUT_18018,881.296
OUT_18019,123.331
OUT_18020,368.27
OUT_18021,119.362
OUT_18022,2049.475
OUT_18023,2063.448
OUT_18024,111.298
OUT_18025,325.366
OUT_18026,330.357
OUT_18027,338.506
OUT_18028,335.541
OUT_18029,2010.01
OUT_18030,106.789
OUT_18031,325.827
OUT_18032,106.546
OUT_18033,299.044
OUT_18034,289.166
OUT_18035,989.614
OUT_18036,1395.048
OUT_18037,132.881
OUT_18038,154.693
OUT_18039,89.381
OUT_18040,335.947
OUT_18041,140.52
OUT_18042,135.694
OUT_18043,147.868
OUT_18044,314.327
OUT_18045,344.97
OUT_18046,287.893
OUT_18047,132.709
OUT_18048,117.027
OUT_18049,115.035
OUT_18050,1000.331
OUT_18051,252.775
OUT_18052,123.635
OUT_18053,313.472
OUT_18054,108.301
OUT_18055,2044.173
OUT_18056,92.586
OUT_18057,176.183
OUT_18058,480.836
OUT_18059,91.907
OUT_18060,876.091
OUT_18061,334.893
OUT_18062,282.344
OUT_18063,125.18
OUT_18064,95.049
OUT_18065,128.493
OUT_18066,62.52
OUT_18067,330.266
OUT_18068,359.16
OUT_18069,146.735
OUT_18070,92.557
OUT_18071,2024.649
OUT_18072,950.935
OUT_18073,305.135
OUT_18074,126.805
OUT_18075,307.794
OUT_18076,125.899
OUT_18077,90.847
OUT_18078,345.622
OUT_18079,168.141
OUT_18080,69.765
OUT_18081,118.945
OUT_18082,132.858
OUT_18083,151.306
OUT_18084,113.227
OUT_18085,308.792
OUT_18086,1054.816
OUT_18087,345.041
OUT_18088,109.005
OUT_18089,118.027
OUT_18090,258.256
OUT_18091,336.456
OUT_18092,292.626
OUT_18093,273.678
OUT_18094,336.133
OUT_18095,383.132
OUT_18096,130.554
OUT_18097,119.258
OUT_18098,128.423
OUT_18099,1009.343
OUT_18100,374.397
OUT_18101,130.077
OUT_18102,367.827
OUT_18103,146.031
OUT_18104,386.19
OUT_18105,176.091
OUT_18106,356.109
OUT_18107,143.761
OUT_18108,325.181
OUT_18109,97.961
OUT_18110,895.84
OUT_18111,107.543
OUT_18112,115.235
OUT_18113,108.95
OUT_18114,135.984
OUT_18115,87.342
OUT_18116,103.1
OUT_18117,294.431
OUT_18118,93.261
OUT_18119,76.729
OUT_18120,158.969
OUT_18121,135.891
OUT_18122,143.102
OUT_18123,329.271
OUT_18124,149.612
OUT_18125,2054.537
OUT_18126,152.498
OUT_18127,113.258
OUT_18128,2088.106
OUT_18129,160.253
OUT_18130,987.048
OUT_18131,307.099
OUT_18132,132.94
OUT_18133,136.262
OUT_18134,125.231
OUT_18135,168.19
OUT_18136,271.988
OUT_18137,104.707
OUT_18138,129.524
OUT_18139,97.508
OUT_18140,157.291
OUT_18141,953.567
OUT_18142,113.099
OUT_18143,81.577
OUT_18144,344.036
OUT_18145,320.103
OUT_18146,364.571
OUT_18147,144.429
OUT_18148,103.62
OUT_18149,991.355
OUT_18150,970.533
OUT_18151,138.264
OUT_18152,301.247
OUT_18153,265.397
OUT_18154,355.481
OUT_18155,343.309
OUT_18156,364.707
OUT_18157,1000.521
OUT_18158,983.482
OUT_18159,80.178
OUT_18160,972.295
OUT_18161,104.915
OUT_18162,111.374
OUT_18163,934.929
OUT_18164,130.551
OUT_18165,110.719
OUT_18166,2066.17
OUT_18167,1014.526
OUT_18168,94.719
OUT_18169,141.281
OUT_18170,975.587
OUT_18171,83.489
OUT_18172,1059.227
OUT_18173,278.368
OUT_18174,310.665
OUT_18175,296.363
OUT_18176,128.452
OUT_18177,84.127
OUT_18178,150.83
OUT_18179,324.556
OUT_18180,130.209
OUT_18181,98.743
OUT_18182,160.059
OUT_18183,364.297
OUT_18184,145.63
OUT_18185,360.689
OUT_18186,272.548
OUT_18187,987.502
OUT_18188,118.768
OUT_18189,315.141
OUT_18190,148.061
OUT_18191,1018.093
OUT_18192,322.577
OUT_18193,125.384
OUT_18194,353.63
OUT_18195,339.448
OUT_18196,122.791
OUT_18197,152.057
OUT_18198,88.251
OUT_18199,140.779
OUT_18200,365.44
OUT_18201,164.695
OUT_18202,314.821
OUT_18203,895.989
OUT_18204,327.816
OUT_18205,108.969
OUT_18206,146.993
OUT_18207,956.212
OUT_18208,294.399
OUT_18209,1958.569
OUT_18210,1007.62
OUT_18211,288.458
OUT_18212,119.994
OUT_18213,134.709
OUT_18214,147.651
OUT_18215,276.896
OUT_18216,317.001
OUT_18217,303.809
OUT_18218,1313.436
OUT_18219,161.927
OUT_18220,940.212
OUT_18221,306.187
OUT_18222,310.16
OUT_18223,989.747
OUT_18224,314.855
OUT_18225,126.384
OUT_18226,957.496
OUT_18227,336.168
OUT_18228,147.4
OUT_18229,147.778
OUT_18230,124.961
OUT_18231,126.645
OUT_18232,92.487
OUT_18233,68.26
OUT_18234,931.123
OUT_18235,117.511
OUT_18236,127.951
OUT_18237,105.09
OUT_18238,130.551
OUT_18239,104.207
OUT_18240,880.379
OUT_18241,1980.286
OUT_18242,1014.577
OUT_18243,156.348
OUT_18244,157.024
OUT_18245,325.723
OUT_18246,325.355
OUT_18247,150.725
OUT_18248,331.815
OUT_18249,304.825
OUT_18250,161.667
OUT_18251,124.196
OUT_18252,179.467
OUT_18253,118.102
OUT_18254,938.131
OUT_18255,88.991
OUT_18256,179.16
OUT_18257,1034.662
OUT_18258,113.923
OUT_18259,123.266
OUT_18260,125.529
OUT_18261,96.053
OUT_18262,86.589
OUT_18263,922.19
OUT_18264,968.655
OUT_18265,370.31
OUT_18266,124.467
OUT_18267,988.998
OUT_18268,98.422
OUT_18269,103.493
OUT_18270,119.911
OUT_18271,112.156
OUT_18272,65.033
OUT_18273,152.016
OUT_18274,333.207
OUT_18275,942.43
OUT_18276,119.738
OUT_18277,124.094
OUT_18278,146.767
OUT_18279,2131.239
OUT_18280,88.741
OUT_18281,303.846
OUT_18282,83.824
OUT_18283,141.725
OUT_18284,120.317
OUT_18285,283.79
OUT_18286,930.844
OUT_18287,294.981
OUT_18288,132.811
OUT_18289,316.74
OUT_18290,958.607
OUT_18291,917.208
OUT_18292,91.331
OUT_18293,960.991
OUT_18294,100.434
OUT_18295,128.352
OUT_18296,975.043
OUT_18297,339.863
OUT_18298,125.68
OUT_18299,299.71
OUT_18300,320.109
OUT_18301,124.684
OUT_18302,101.388
OUT_18303,127.191
OUT_18304,126.92
OUT_18305,1027.035
OUT_18306,362.733
OUT_18307,109.837
OUT_18308,278.347
OUT_18309,364.719
OUT_18310,330.256
OUT_18311,85.433
OUT_18312,145.661
OUT_18313,327.594
OUT_18314,955.691
OUT_18315,57.079
OUT_18316,71.361
OUT_18317,296.278
OUT_18318,86.833
OUT_18319,300.212
OUT_18320,152.28
OUT_18321,947.218
OUT_18322,369.903
OUT_18323,318.35
OUT_18324,353.412
OUT_18325,107.723
OUT_18326,111.801
OUT_18327,165.832
OUT_18328,101.54
OUT_18329,135.955
OUT_18330,982.502
OUT_18331,937.021
OUT_18332,136.369
OUT_18333,135.328
OUT_18334,910.239
OUT_18335,350.372
OUT_18336,156.965
OUT_18337,911.993
OUT_18338,2020.565
OUT_18339,328.362
OUT_18340,140.132
OUT_18341,370.049
OUT_18342,359.151
OUT_18343,423.868
OUT_18344,95.9
OUT_18345,166.759
OUT_18346,289.183
OUT_18347,145.867
OUT_18348,127.728
OUT_18349,120.225
OUT_18350,117.748
OUT_18351,140.941
OUT_18352,2284.437
OUT_18353,73.227
OUT_18354,335.851
OUT_18355,51.222
OUT_18356,108.961
OUT_18357,97.001
OUT_18358,940.163
OUT_18359,106.86
OUT_18360,107.469
OUT_18361,310.091
OUT_18362,330.552
OUT_18363,289.736
OUT_18364,103.998
OUT_18365,324.766
OUT_18366,320.427
OUT_18367,138.027
OUT_18368,994.278
OUT_18369,365.885
OUT_18370,115.449
OUT_18371,151.736
OUT_18372,125.029
OUT_18373,84.585
OUT_18374,123.679
OUT_18375,75.107
OUT_18376,138.034
OUT_18377,2108.456
OUT_18378,339.701
OUT_18379,125.009
OUT_18380,493.594
OUT_18381,96.346
OUT_18382,895.512
OUT_18383,994.206
OUT_18384,104.451
OUT_18385,103.153
OUT_18386,109.702
OUT_18387,1348.341
OUT_18388,97.44
OUT_18389,89.06
OUT_18390,131.071
OUT_18391,322.087
OUT_18392,1015.913
OUT_18393,150.04
OUT_18394,334.1
OUT_18395,150.642
OUT_18396,150.105
OUT_18397,102.52
OUT_18398,973.973
OUT_18399,334.348
OUT_18400,162.386
OUT_18401,109.233
OUT_18402,97.396
OUT_18403,481.237
OUT_18404,161.278
OUT_18405,242.403
OUT_18406,128.819
OUT_18407,995.373
OUT_18408,2008.308
OUT_18409,315.639
OUT_18410,319.223
OUT_18411,256.47
OUT_18412,136.469
OUT_18413,977.516
OUT_18414,361.079
OUT_18415,102.727
OUT_18416,376.067
OUT_18417,125.815
OUT_18418,119.42
OUT_18419,127.101
OUT_18420,334.439
OUT_18421,307.482
OUT_18422,308.66
OUT_18423,127.405
OUT_18424,119.688
OUT_18425,299.25
OUT_18426,119.052
OUT_18427,346.894
OUT_18428,109.899
OUT_18429,309.738
OUT_18430,94.436
OUT_18431,343.764
OUT_18432,143.352
OUT_18433,107.109
OUT_18434,143.342
OUT_18435,156.609
OUT_18436,149.499
OUT_18437,102.57
OUT_18438,91.046
OUT_18439,367.036
OUT_18440,1506.79
OUT_18441,132.605
OUT_18442,100.34
OUT_18443,176.772
OUT_18444,293.281
OUT_18445,128.109
OUT_18446,354.243
OUT_18447,974.944
OUT_18448,87.491
OUT_18449,328.787
OUT_18450,141.099
OUT_18451,109.872
OUT_18452,2052.752
OUT_18453,115.656
OUT_18454,988.869
OUT_18455,135.059
OUT_18456,132.856
OUT_18457,128.231
OUT_18458,167.397
OUT_18459,332.164
OUT_18460,139.866
OUT_18461,304.209
OUT_18462,130.31
OUT_18463,128.663
OUT_18464,125.181
OUT_18465,111.531
OUT_18466,115.462
OUT_18467,111.634
OUT_18468,2018.648
OUT_18469,291.07
OUT_18470,105.118
OUT_18471,124.373
OUT_18472,105.02
OUT_18473,901.281
OUT_18474,118.421
OUT_18475,155.64
OUT_18476,273.424
OUT_18477,1964.351
OUT_18478,99.846
OUT_18479,2134.086
OUT_18480,113.455
OUT_18481,1038.613
OUT_18482,340.113
OUT_18483,105.411
OUT_18484,119.029
OUT_18485,357.048
OUT_18486,999.413
OUT_18487,114.098
OUT_18488,148.975
OUT_18489,153.925
OUT_18490,79.973
OUT_18491,999.867
OUT_18492,170.329
OUT_18493,133.264
OUT_18494,108.132
OUT_18495,132.747
OUT_18496,181.588
OUT_18497,341.341
OUT_18498,109.196
OUT_18499,127.602
OUT_18500,145.715
OUT_18501,2105.855
OUT_18502,989.69
OUT_18503,78.136
OUT_18504,1013.379
OUT_18505,279.373
OUT_18506,302.335
OUT_18507,913.022
OUT_18508,301.879
OUT_18509,137.565
OUT_18510,133.107
OUT_18511,2088.858
OUT_18512,126.599
OUT_18513,100.057
OUT_18514,119.091
OUT_18515,145.355
OUT_18516,122.26
OUT_18517,128.998
OUT_18518,375.309
OUT_18519,229.975
OUT_18520,164.064
OUT_18521,398.856
OUT_18522,968.933
OUT_18523,975.895
OUT_18524,361.028
OUT_18525,87.625
OUT_18526,163.014
OUT_18527,389.889
OUT_18528,130.884
OUT_18529,121.902
OUT_18530,142.773
OUT_18531,280.927
OUT_18532,961.186
OUT_18533,87.767
OUT_18534,129.222
OUT_18535,164.208
OUT_18536,109.452
OUT_18537,946.457
OUT_18538,422.504
OUT_18539,328.846
OUT_18540,98.969
OUT_18541,293.495
OUT_18542,902.707
OUT_18543,85.584
OUT_18544,112.578
OUT_18545,948.894
OUT_18546,324.17
OUT_18547,320.093
OUT_18548,362.324
OUT_18549,328.234
OUT_18550,120.68
OUT_18551,89.704
OUT_18552,139.321
OUT_18553,169.866
OUT_18554,363.873
OUT_18555,310.636
OUT_18556,934.51
OUT_18557,127.775
OUT_18558,75.093
OUT_18559,238.792
OUT_18560,141.416
OUT_18561,117.223
OUT_18562,341.571
OUT_18563,133.182
OUT_18564,102.806
OUT_18565,113.862
OUT_18566,145.282
OUT_18567,295.782
OUT_18568,106.619
OUT_18569,340.357
OUT_18570,142.119
OUT_18571,56.335
OUT_18572,994.419
OUT_18573,351.283
OUT_18574,149.401
OUT_18575,288.993
OUT_18576,363.996
OUT_18577,266.806
OUT_18578,260.337
OUT_18579,252.392
OUT_18580,137.102
OUT_18581,339.594
OUT_18582,364.338
OUT_18583,122.046
OUT_18584,280.061
OUT_18585,116.351
OUT_18586,87.259
OUT_18587,325.136
OUT_18588,68.24
OUT_18589,993.792
OUT_18590,104.57
OUT_18591,147.564
OUT_18592,132.787
OUT_18593,328.962
OUT_18594,89.625
OUT_18595,143.639
OUT_18596,126.79
OUT_18597,325.42
OUT_18598,125.135
OUT_18599,100.84
OUT_18600,147.984
OUT_18601,133.058
OUT_18602,368.481
OUT_18603,138.036
OUT_18604,979.499
OUT_18605,169.021
OUT_18606,101.884
OUT_18607,946.179
OUT_18608,282.774
OUT_18609,159.441
OUT_18610,134.415
OUT_18611,336.527
OUT_18612,144.342
OUT_18613,132.283
OUT_18614,901.983
OUT_18615,106.368
OUT_18616,123.787
OUT_18617,372.778
OUT_18618,131.982
OUT_18619,297.895
OUT_18620,117.475
OUT_18621,138.842
OUT_18622,294.072
OUT_18623,1418.333
OUT_18624,100.439
OUT_18625,133.625
OUT_18626,291.267
OUT_18627,318.989
OUT_18628,303.432
OUT_18629,128.079
OUT_18630,936.56
OUT_18631,1118.847
OUT_18632,290.552
OUT_18633,131.913
OUT_18634,112.212
OUT_18635,352.481
OUT_18636,360.602
OUT_18637,1008.082
OUT_18638,150.217
OUT_18639,122.189
OUT_18640,88.66
OUT_18641,332.89
OUT_18642,145.65
OUT_18643,121.748
OUT_18644,131.658
OUT_18645,125.075
OUT_18646,296.114
OUT_18647,354.662
OUT_18648,1050.193
OUT_18649,284.461
OUT_18650,129.58
OUT_18651,122.797
OUT_18652,344.566
OUT_18653,53.829
OUT_18654,134.755
OUT_18655,133.166
OUT_18656,136.316
OUT_18657,147.293
OUT_18658,185.8
OUT_18659,976.192
OUT_18660,1032.194
OUT_18661,130.441
OUT_18662,312.542
OUT_18663,264.243
OUT_18664,134.332
OUT_18665,132.62
OUT_18666,134.247
OUT_18667,903.157
OUT_18668,459.192
OUT_18669,327.187
OUT_18670,316.713
OUT_18671,2085.165
OUT_18672,125.351
OUT_18673,76.121
OUT_18674,933.474
OUT_18675,972.664
OUT_18676,323.692
OUT_18677,135.388
OUT_18678,289.745
OUT_18679,309.921
OUT_18680,417.065
OUT_18681,123.911
OUT_18682,2142.141
OUT_18683,112.685
OUT_18684,968.658
OUT_18685,114.664
OUT_18686,132.076
OUT_18687,156.38
OUT_18688,330.299
OUT_18689,934.022
OUT_18690,107.768
OUT_18691,116.002
OUT_18692,129.474
OUT_18693,315.916
OUT_18694,76.767
OUT_18695,90.51
OUT_18696,327.976
OUT_18697,113.152
OUT_18698,94.761
OUT_18699,95.097
OUT_18700,355.712
OUT_18701,973.165
OUT_18702,286.804
OUT_18703,333.766
OUT_18704,120.552
OUT_18705,95.882
OUT_18706,111.608
OUT_18707,951.374
OUT_18708,110.184
OUT_18709,132.111
OUT_18710,103.79
OUT_18711,115.748
OUT_18712,359.094
OUT_18713,118.414
OUT_18714,941.756
OUT_18715,975.439
OUT_18716,102.326
OUT_18717,132.689
OUT_18718,103.159
OUT_18719,336.343
OUT_18720,179.479
OUT_18721,106.059
OUT_18722,108.846
OUT_18723,166.834
OUT_18724,117.699
OUT_18725,85.763
OUT_18726,139.119
OUT_18727,371.615
OUT_18728,289.255
OUT_18729,347.626
OUT_18730,144.744
OUT_18731,120.748
OUT_18732,1020.981
OUT_18733,113.392
OUT_18734,127.941
OUT_18735,341.659
OUT_18736,343.308
OUT_18737,2145.206
OUT_18738,2174.771
OUT_18739,336.97
OUT_18740,951.764
OUT_18741,308.895
OUT_18742,74.964
OUT_18743,115.701
OUT_18744,97.813
OUT_18745,957.078
OUT_18746,71.407
OUT_18747,118.489
OUT_18748,306.352
OUT_18749,156.618
OUT_18750,93.407
OUT_18751,899.522
OUT_18752,135.894
OUT_18753,149.118
OUT_18754,946.669
OUT_18755,318.595
OUT_18756,113.391
OUT_18757,86.511
OUT_18758,123.717
OUT_18759,118.948
OUT_18760,117.461
OUT_18761,1459.627
OUT_18762,284.186
OUT_18763,109.844
OUT_18764,135.336
OUT_18765,267.589
OUT_18766,322.184
OUT_18767,983.229
OUT_18768,970.593
OUT_18769,144.74
OUT_18770,95.147
OUT_18771,134.028
OUT_18772,977.377
OUT_18773,145.445
OUT_18774,334.643
OUT_18775,326.759
OUT_18776,118.937
OUT_18777,360.165
OUT_18778,121.469
OUT_18779,326.111
OUT_18780,109.31
OUT_18781,331.937
OUT_18782,425.544
OUT_18783,138.061
OUT_18784,156.731
OUT_18785,154.766
OUT_18786,80.034
OUT_18787,108.955
OUT_18788,2017.776
OUT_18789,294.294
OUT_18790,335.862
OUT_18791,1008.304
OUT_18792,141.012
OUT_18793,2030.366
OUT_18794,127.946
OUT_18795,351.268
OUT_18796,2169.866
OUT_18797,124.91
OUT_18798,130.873
OUT_18799,358.304
OUT_18800,358.484
OUT_18801,291.248
OUT_18802,2099.301
OUT_18803,124.79
OUT_18804,101.369
OUT_18805,2032.293
OUT_18806,133.614
OUT_18807,102.629
OUT_18808,88.956
OUT_18809,97.96
OUT_18810,139.804
OUT_18811,162.719
OUT_18812,123.252
OUT_18813,103.171
OUT_18814,301.143
OUT_18815,1074.612
OUT_18816,120.43
OUT_18817,109.684
OUT_18818,96.975
OUT_18819,942.567
OUT_18820,152.446
OUT_18821,353.49
OUT_18822,133.847
OUT_18823,354.918
OUT_18824,131.784
OUT_18825,1029.941
OUT_18826,318.76
OUT_18827,2003.772
OUT_18828,110.418
OUT_18829,270.43
OUT_18830,166.238
OUT_18831,136.109
OUT_18832,384.841
OUT_18833,348.296
OUT_18834,95.658
OUT_18835,973.886
OUT_18836,104.418
OUT_18837,111.336
OUT_18838,989.675
OUT_18839,114.507
OUT_18840,309.353
OUT_18841,121.284
OUT_18842,116.484
OUT_18843,310.863
OUT_18844,2036.5
OUT_18845,132.057
OUT_18846,99.119
OUT_18847,125.575
OUT_18848,338.0
OUT_18849,152.96
OUT_18850,2033.79
OUT_18851,137.65
OUT_18852,981.539
OUT_18853,366.649
OUT_18854,92.564
OUT_18855,1319.762
OUT_18856,126.511
OUT_18857,74.734
OUT_18858,1009.559
OUT_18859,133.097
OUT_18860,324.719
OUT_18861,124.526
OUT_18862,283.905
OUT_18863,1033.63
OUT_18864,305.701
OUT_18865,138.499
OUT_18866,915.942
OUT_18867,318.016
OUT_18868,111.616
OUT_18869,119.8
OUT_18870,366.473
OUT_18871,150.095
OUT_18872,314.011
OUT_18873,322.774
OUT_18874,997.286
OUT_18875,122.868
OUT_18876,380.954
OUT_18877,2077.63
OUT_18878,124.413
OUT_18879,114.725
OUT_18880,148.071
OUT_18881,101.759
OUT_18882,288.6
OUT_18883,280.415
OUT_18884,348.667
OUT_18885,952.735
OUT_18886,162.852
OUT_18887,145.543
OUT_18888,328.586
OUT_18889,98.739
OUT_18890,327.943
OUT_18891,111.402
OUT_18892,356.766
OUT_18893,126.551
OUT_18894,306.948
OUT_18895,142.547
OUT_18896,1012.999
OUT_18897,344.971
OUT_18898,148.367
OUT_18899,70.123
OUT_18900,292.733
OUT_18901,150.147
OUT_18902,332.83
OUT_18903,919.356
OUT_18904,336.567
OUT_18905,470.835
OUT_18906,101.548
OUT_18907,146.116
OUT_18908,160.462
OUT_18909,976.633
OUT_18910,320.295
OUT_18911,985.274
OUT_18912,951.36
OUT_18913,998.894
OUT_18914,353.021
OUT_18915,315.42
OUT_18916,121.947
OUT_18917,126.862
OUT_18918,133.951
OUT_18919,963.532
OUT_18920,142.741
OUT_18921,343.851
OUT_18922,288.677
OUT_18923,76.206
OUT_18924,279.456
OUT_18925,476.074
OUT_18926,136.329
OUT_18927,144.071
OUT_18928,133.781
OUT_18929,300.331
OUT_18930,938.942
OUT_18931,136.832
OUT_18932,128.549
OUT_18933,296.879
OUT_18934,2213.455
OUT_18935,120.092
OUT_18936,109.394
OUT_18937,77.141
OUT_18938,256.923
OUT_18939,973.551
OUT_18940,100.011
OUT_18941,971.173
OUT_18942,368.814
OUT_18943,114.473
OUT_18944,240.153
OUT_18945,333.983
OUT_18946,113.494
OUT_18947,140.015
OUT_18948,321.758
OUT_18949,149.693
OUT_18950,972.349
OUT_18951,308.986
OUT_18952,311.079
OUT_18953,141.7
OUT_18954,107.662
OUT_18955,165.109
OUT_18956,982.436
OUT_18957,131.617
OUT_18958,974.454
OUT_18959,139.27
OUT_18960,173.052
OUT_18961,121.678
OUT_18962,352.624
OUT_18963,133.294
OUT_18964,159.201
OUT_18965,261.702
OUT_18966,293.634
OUT_18967,127.427
OUT_18968,329.753
OUT_18969,99.855
OUT_18970,357.03
OUT_18971,102.239
OUT_18972,257.307
OUT_18973,321.894
OUT_18974,177.473
OUT_18975,378.119
OUT_18976,133.16
OUT_18977,146.285
OUT_18978,132.132
OUT_18979,323.721
OUT_18980,118.206
OUT_18981,105.016
OUT_18982,965.876
OUT_18983,938.669
OUT_18984,130.151
OUT_18985,2895.27
OUT_18986,959.426
OUT_18987,129.369
OUT_18988,392.41
OUT_18989,114.92
OUT_18990,89.767
OUT_18991,95.761
OUT_18992,992.188
OUT_18993,145.552
OUT_18994,343.495
OUT_18995,10457.941
OUT_18996,278.714
OUT_18997,141.553
OUT_18998,1270.188
OUT_18999,93.865
OUT_19000,119.576
OUT_19001,95.615
OUT_19002,316.248
OUT_19003,137.402
OUT_19004,988.251
OUT_19005,122.523
OUT_19006,310.169
OUT_19007,152.81
OUT_19008,101.12
OUT_19009,120.763
OUT_19010,62.778
OUT_19011,96.004
OUT_19012,2157.659
OUT_19013,349.809
OUT_19014,103.495
OUT_19015,149.759
OUT_19016,134.609
OUT_19017,115.759
OUT_19018,1094.933
OUT_19019,97.804
OUT_19020,96.122
OUT_19021,100.379
OUT_19022,176.602
OUT_19023,335.627
OUT_19024,1992.728
OUT_19025,981.45
OUT_19026,364.096
OUT_19027,248.544
OUT_19028,938.514
OUT_19029,305.456
OUT_19030,2031.041
OUT_19031,112.836
OUT_19032,114.977
OUT_19033,388.945
OUT_19034,286.453
OUT_19035,119.68
OUT_19036,107.776
OUT_19037,151.578
OUT_19038,991.985
OUT_19039,2063.972
OUT_19040,2025.941
OUT_19041,357.074
OUT_19042,373.768
OUT_19043,902.646
OUT_19044,324.836
OUT_19045,918.882
OUT_19046,358.016
OUT_19047,137.364
OUT_19048,118.793
OUT_19049,925.583
OUT_19050,294.662
OUT_19051,944.838
OUT_19052,301.574
OUT_19053,122.037
OUT_19054,325.315
OUT_19055,114.786
OUT_19056,131.771
OUT_19057,137.546
OUT_19058,341.894
OUT_19059,97.847
OUT_19060,282.446
OUT_19061,264.337
OUT_19062,309.963
OUT_19063,314.527
OUT_19064,378.447
OUT_19065,117.931
OUT_19066,109.441
OUT_19067,141.336
OUT_19068,2005.318
OUT_19069,272.396
OUT_19070,129.047
OUT_19071,124.149
OUT_19072,347.081
OUT_19073,231.422
OUT_19074,129.608
OUT_19075,973.665
OUT_19076,276.471
OUT_19077,141.749
OUT_19078,159.891
OUT_19079,134.651
OUT_19080,140.777
OUT_19081,116.514
OUT_19082,95.636
OUT_19083,109.979
OUT_19084,120.684
OUT_19085,313.458
OUT_19086,75.576
OUT_19087,108.687
OUT_19088,223.597
OUT_19089,331.12
OUT_19090,360.8
OUT_19091,2059.652
OUT_19092,930.386
OUT_19093,145.482
OUT_19094,1031.034
OUT_19095,137.692
OUT_19096,92.309
OUT_19097,109.267
OUT_19098,85.824
OUT_19099,125.894
OUT_19100,315.828
OUT_19101,147.856
OUT_19102,99.885
OUT_19103,305.404
OUT_19104,284.059
OUT_19105,308.382
OUT_19106,124.357
OUT_19107,116.175
OUT_19108,105.355
OUT_19109,107.336
OUT_19110,334.796
OUT_19111,128.714
OUT_19112,123.159
OUT_19113,160.359
OUT_19114,300.671
OUT_19115,952.844
OUT_19116,331.858
OUT_19117,161.878
OUT_19118,95.506
OUT_19119,323.836
OUT_19120,374.364
OUT_19121,2069.19
OUT_19122,344.537
OUT_19123,137.415
OUT_19124,90.647
OUT_19125,952.585
OUT_19126,2029.987
OUT_19127,127.354
OUT_19128,106.006
OUT_19129,320.147
OUT_19130,265.221
OUT_19131,330.774
OUT_19132,349.977
OUT_19133,929.801
OUT_19134,380.843
OUT_19135,473.331
OUT_19136,106.839
OUT_19137,301.426
OUT_19138,99.646
OUT_19139,320.814
OUT_19140,140.48
OUT_19141,137.121
OUT_19142,947.363
OUT_19143,146.144
OUT_19144,147.733
OUT_19145,155.335
OUT_19146,319.341
OUT_19147,107.238
OUT_19148,100.886
OUT_19149,78.882
OUT_19150,102.976
OUT_19151,2050.935
OUT_19152,318.901
OUT_19153,302.856
OUT_19154,954.093
OUT_19155,116.674
OUT_19156,122.836
OUT_19157,113.12
OUT_19158,139.88
OUT_19159,964.038
OUT_19160,546.321
OUT_19161,302.419
OUT_19162,98.343
OUT_19163,337.519
OUT_19164,272.669
OUT_19165,133.117
OUT_19166,147.268
OUT_19167,291.161
OUT_19168,111.973
OUT_19169,339.749
OUT_19170,109.396
OUT_19171,116.411
OUT_19172,119.279
OUT_19173,158.384
OUT_19174,133.818
OUT_19175,145.965
OUT_19176,295.753
OUT_19177,967.212
OUT_19178,130.018
OUT_19179,119.25
OUT_19180,102.209
OUT_19181,124.447
OUT_19182,350.541
OUT_19183,117.636
OUT_19184,81.735
OUT_19185,583.822
OUT_19186,979.503
OUT_19187,2012.521
OUT_19188,115.046
OUT_19189,110.465
OUT_19190,298.938
OUT_19191,82.855
OUT_19192,134.079
OUT_19193,155.701
OUT_19194,357.858
OUT_19195,346.407
OUT_19196,301.226
OUT_19197,142.686
OUT_19198,140.423
OUT_19199,101.623
OUT_19200,125.923
OUT_19201,2042.089
OUT_19202,127.336
OUT_19203,92.469
OUT_19204,1040.203
OUT_19205,158.547
OUT_19206,331.55
OUT_19207,288.517
OUT_19208,288.123
OUT_19209,233.655
OUT_19210,294.089
OUT_19211,984.157
OUT_19212,113.507
OUT_19213,104.038
OUT_19214,928.251
OUT_19215,114.116
OUT_19216,299.368
OUT_19217,317.596
OUT_19218,121.571
OUT_19219,143.05
OUT_19220,132.288
OUT_19221,105.891
OUT_19222,133.293
OUT_19223,111.232
OUT_19224,95.605
OUT_19225,343.013
OUT_19226,156.396
OUT_19227,336.979
OUT_19228,132.97
OUT_19229,305.175
OUT_19230,919.617
OUT_19231,123.143
OUT_19232,325.131
OUT_19233,309.976
OUT_19234,145.506
OUT_19235,978.09
OUT_19236,335.944
OUT_19237,129.65
OUT_19238,95.606
OUT_19239,114.071
OUT_19240,320.333
OUT_19241,131.026
OUT_19242,127.621
OUT_19243,293.652
OUT_19244,363.818
OUT_19245,143.119
OUT_19246,268.451
OUT_19247,150.804
OUT_19248,341.14
OUT_19249,370.349
OUT_19250,130.603
OUT_19251,126.74
OUT_19252,979.914
OUT_19253,306.656
OUT_19254,57.164
OUT_19255,282.04
OUT_19256,94.482
OUT_19257,285.502
OUT_19258,2059.522
OUT_19259,72.588
OUT_19260,101.03
OUT_19261,276.577
OUT_19262,131.463
OUT_19263,306.073
OUT_19264,81.248
OUT_19265,292.788
OUT_19266,321.074
OUT_19267,97.055
OUT_19268,295.139
OUT_19269,102.967
OUT_19270,136.584
OUT_19271,321.598
OUT_19272,111.345
OUT_19273,1366.838
OUT_19274,118.71
OUT_19275,2020.363
OUT_19276,154.114
OUT_19277,126.042
OUT_19278,889.575
OUT_19279,123.132
OUT_19280,125.332
OUT_19281,120.3
OUT_19282,940.23
OUT_19283,309.255
OUT_19284,928.333
OUT_19285,342.853
OUT_19286,125.81
OUT_19287,186.269
OUT_19288,88.036
OUT_19289,319.117
OUT_19290,147.45
OUT_19291,1005.079
OUT_19292,140.475
OUT_19293,141.997
OUT_19294,331.851
OUT_19295,361.534
OUT_19296,333.227
OUT_19297,99.926
OUT_19298,973.896
OUT_19299,121.335
OUT_19300,975.851
OUT_19301,122.519
OUT_19302,113.03
OUT_19303,2064.837
OUT_19304,107.561
OUT_19305,98.393
OUT_19306,116.241
OUT_19307,2359.539
OUT_19308,914.547
OUT_19309,117.827
OUT_19310,2046.512
OUT_19311,2564.869
OUT_19312,2077.387
OUT_19313,142.975
OUT_19314,106.294
OUT_19315,77.145
OUT_19316,318.228
OUT_19317,105.174
OUT_19318,1028.063
OUT_19319,311.629
OUT_19320,998.756
OUT_19321,141.421
OUT_19322,96.734
OUT_19323,929.303
OUT_19324,340.919
OUT_19325,1040.944
OUT_19326,129.142
OUT_19327,116.483
OUT_19328,99.249
OUT_19329,145.016
OUT_19330,133.938
OUT_19331,276.948
OUT_19332,941.762
OUT_19333,1046.482
OUT_19334,113.101
OUT_19335,129.696
OUT_19336,114.203
OUT_19337,76.499
OUT_19338,113.142
OUT_19339,883.018
OUT_19340,86.829
OUT_19341,953.25
OUT_19342,943.813
OUT_19343,122.631
OUT_19344,968.573
OUT_19345,352.352
OUT_19346,127.835
OUT_19347,149.629
OUT_19348,2048.807
OUT_19349,306.543
OUT_19350,961.214
OUT_19351,107.956
OUT_19352,117.78
OUT_19353,320.707
OUT_19354,105.66
OUT_19355,998.172
OUT_19356,954.573
OUT_19357,994.673
OUT_19358,345.277
OUT_19359,122.005
OUT_19360,996.051
OUT_19361,120.288
OUT_19362,314.474
OUT_19363,341.529
OUT_19364,125.162
OUT_19365,2638.154
OUT_19366,1933.115
OUT_19367,337.69
OUT_19368,1473.767
OUT_19369,79.83
OUT_19370,110.055
OUT_19371,113.725
OUT_19372,314.146
OUT_19373,90.366
OUT_19374,120.662
OUT_19375,118.759
OUT_19376,103.915
OUT_19377,125.212
OUT_19378,100.861
OUT_19379,127.227
OUT_19380,113.38
OUT_19381,256.012
OUT_19382,1018.375
OUT_19383,313.255
OUT_19384,165.917
OUT_19385,139.047
OUT_19386,125.909
OUT_19387,129.52
OUT_19388,280.103
OUT_19389,133.91
OUT_19390,143.941
OUT_19391,121.067
OUT_19392,122.078
OUT_19393,355.454
OUT_19394,321.522
OUT_19395,158.011
OUT_19396,137.257
OUT_19397,942.244
OUT_19398,145.003
OUT_19399,140.724
OUT_19400,116.269
OUT_19401,915.685
OUT_19402,164.431
OUT_19403,308.588
OUT_19404,118.94
OUT_19405,981.89
OUT_19406,129.65
OUT_19407,964.702
OUT_19408,133.996
OUT_19409,356.333
OUT_19410,159.006
OUT_19411,119.977
OUT_19412,119.841
OUT_19413,133.155
OUT_19414,126.25
OUT_19415,264.968
OUT_19416,1008.56
OUT_19417,1004.996
OUT_19418,328.672
OUT_19419,169.175
OUT_19420,326.521
OUT_19421,158.078
OUT_19422,106.889
OUT_19423,324.139
OUT_19424,141.217
OUT_19425,283.95
OUT_19426,109.768
OUT_19427,123.105
OUT_19428,117.219
OUT_19429,90.981
OUT_19430,168.236
OUT_19431,307.451
OUT_19432,125.404
OUT_19433,136.618
OUT_19434,2061.819
OUT_19435,122.366
OUT_19436,317.695
OUT_19437,357.515
OUT_19438,94.837
OUT_19439,95.666
OUT_19440,328.708
OUT_19441,149.311
OUT_19442,89.675
OUT_19443,279.671
OUT_19444,135.001
OUT_19445,337.552
OUT_19446,124.803
OUT_19447,140.286
OUT_19448,164.902
OUT_19449,965.523
OUT_19450,124.98
OUT_19451,326.903
OUT_19452,323.268
OUT_19453,121.279
OUT_19454,132.15
OUT_19455,130.46
OUT_19456,113.369
OUT_19457,116.681
OUT_19458,379.678
OUT_19459,300.105
OUT_19460,272.448
OUT_19461,81.835
OUT_19462,1005.339
OUT_19463,1022.411
OUT_19464,187.956
OUT_19465,158.863
OUT_19466,114.967
OUT_19467,336.075
OUT_19468,148.397
OUT_19469,155.536
OUT_19470,148.898
OUT_19471,296.182
OUT_19472,326.437
OUT_19473,1096.726
OUT_19474,98.663
OUT_19475,111.315
OUT_19476,285.144
OUT_19477,121.067
OUT_19478,373.367
OUT_19479,118.175
OUT_19480,127.677
OUT_19481,327.486
OUT_19482,320.18
OUT_19483,122.555
OUT_19484,122.878
OUT_19485,133.801
OUT_19486,93.777
OUT_19487,314.232
OUT_19488,98.036
OUT_19489,118.242
OUT_19490,129.445
OUT_19491,149.224
OUT_19492,267.14
OUT_19493,976.95
OUT_19494,126.165
OUT_19495,1006.964
OUT_19496,109.404
OUT_19497,116.732
OUT_19498,133.233
OUT_19499,148.474
OUT_19500,158.508
OUT_19501,127.814
OUT_19502,1053.768
OUT_19503,174.045
OUT_19504,124.921
OUT_19505,114.121
OUT_19506,232.575
OUT_19507,109.615
OUT_19508,144.395
OUT_19509,313.121
OUT_19510,116.087
OUT_19511,346.12
OUT_19512,375.541
OUT_19513,330.474
OUT_19514,956.427
OUT_19515,122.303
OUT_19516,140.956
OUT_19517,93.517
OUT_19518,143.708
OUT_19519,916.185
OUT_19520,147.48
OUT_19521,952.274
OUT_19522,114.495
OUT_19523,102.604
OUT_19524,142.2
OUT_19525,141.365
OUT_19526,137.725
OUT_19527,157.64
OUT_19528,86.866
OUT_19529,105.221
OUT_19530,108.273
OUT_19531,314.393
OUT_19532,94.572
OUT_19533,109.377
OUT_19534,133.922
OUT_19535,956.093
OUT_19536,139.753
OUT_19537,955.007
OUT_19538,328.573
OUT_19539,320.956
OUT_19540,334.473
OUT_19541,353.363
OUT_19542,119.215
OUT_19543,113.275
OUT_19544,980.232
OUT_19545,132.637
OUT_19546,337.453
OUT_19547,273.693
OUT_19548,2147.325
OUT_19549,363.283
OUT_19550,352.47
OUT_19551,399.269
OUT_19552,1017.185
OUT_19553,136.207
OUT_19554,985.202
OUT_19555,119.377
OUT_19556,985.884
OUT_19557,91.48
OUT_19558,151.981
OUT_19559,117.617
OUT_19560,1013.062
OUT_19561,228.855
OUT_19562,318.939
OUT_19563,121.618
OUT_19564,162.718
OUT_19565,350.608
OUT_19566,152.024
OUT_19567,138.623
OUT_19568,328.239
OUT_19569,111.962
OUT_19570,942.296
OUT_19571,402.366
OUT_19572,242.145
OUT_19573,112.385
OUT_19574,2081.637
OUT_19575,105.246
OUT_19576,377.68
OUT_19577,276.414
OUT_19578,127.868
OUT_19579,98.504
OUT_19580,79.468
OUT_19581,124.605
OUT_19582,125.922
OUT_19583,277.653
OUT_19584,366.854
OUT_19585,303.876
OUT_19586,103.901
OUT_19587,1019.963
OUT_19588,2335.057
OUT_19589,341.392
OUT_19590,297.295
OUT_19591,124.267
OUT_19592,279.029
OUT_19593,300.462
OUT_19594,291.244
OUT_19595,2683.824
OUT_19596,119.834
OUT_19597,314.298
OUT_19598,105.249
OUT_19599,1003.065
OUT_19600,351.268
OUT_19601,117.949
OUT_19602,959.531
OUT_19603,155.11
OUT_19604,123.253
OUT_19605,967.024
OUT_19606,127.747
OUT_19607,84.623
OUT_19608,148.774
OUT_19609,129.878
OUT_19610,141.669
OUT_19611,506.362
OUT_19612,115.528
OUT_19613,921.699
OUT_19614,952.381
OUT_19615,919.81
OUT_19616,142.475
OUT_19617,298.5
OUT_19618,93.589
OUT_19619,128.72
OUT_19620,156.198
OUT_19621,123.127
OUT_19622,84.926
OUT_19623,309.605
OUT_19624,126.715
OUT_19625,978.237
OUT_19626,147.015
OUT_19627,306.751
OUT_19628,979.484
OUT_19629,328.89
OUT_19630,114.948
OUT_19631,118.902
OUT_19632,350.332
OUT_19633,288.323
OUT_19634,2231.722
OUT_19635,136.733
OUT_19636,918.823
OUT_19637,2096.458
OUT_19638,110.018
OUT_19639,143.826
OUT_19640,88.368
OUT_19641,908.595
OUT_19642,297.41
OUT_19643,306.149
OUT_19644,906.005
OUT_19645,92.924
OUT_19646,2093.135
OUT_19647,125.815
OUT_19648,2116.933
OUT_19649,133.974
OUT_19650,140.887
OUT_19651,102.564
OUT_19652,982.427
OUT_19653,394.829
OUT_19654,331.517
OUT_19655,109.241
OUT_19656,279.382
OUT_19657,280.881
OUT_19658,160.418
OUT_19659,127.308
OUT_19660,959.514
OUT_19661,1032.739
OUT_19662,113.936
OUT_19663,133.476
OUT_19664,114.531
OUT_19665,289.22
OUT_19666,971.215
OUT_19667,119.323
OUT_19668,315.133
OUT_19669,221.298
OUT_19670,342.922
OUT_19671,328.686
OUT_19672,955.898
OUT_19673,157.118
OUT_19674,364.671
OUT_19675,346.783
OUT_19676,336.316
OUT_19677,305.251
OUT_19678,342.583
OUT_19679,112.489
OUT_19680,268.561
OUT_19681,333.001
OUT_19682,115.466
OUT_19683,91.447
OUT_19684,429.699
OUT_19685,92.1
OUT_19686,93.683
OUT_19687,373.177
OUT_19688,98.667
OUT_19689,141.13
OUT_19690,146.088
OUT_19691,930.818
OUT_19692,123.275
OUT_19693,136.548
OUT_19694,119.77
OUT_19695,321.217
OUT_19696,914.335
OUT_19697,308.609
OUT_19698,127.208
OUT_19699,97.57
OUT_19700,129.008
OUT_19701,129.356
OUT_19702,106.521
OUT_19703,1046.744
OUT_19704,358.339
OUT_19705,172.134
OUT_19706,103.919
OUT_19707,144.592
OUT_19708,257.516
OUT_19709,964.905
OUT_19710,112.229
OUT_19711,131.639
OUT_19712,109.513
OUT_19713,146.073
OUT_19714,112.041
OUT_19715,388.746
OUT_19716,348.855
OUT_19717,152.254
OUT_19718,118.383
OUT_19719,139.521
OUT_19720,119.755
OUT_19721,110.124
OUT_19722,126.438
OUT_19723,106.032
OUT_19724,154.178
OUT_19725,320.715
OUT_19726,139.872
OUT_19727,128.155
OUT_19728,956.786
OUT_19729,1005.565
OUT_19730,1010.995
OUT_19731,163.214
OUT_19732,113.949
OUT_19733,156.778
OUT_19734,342.336
OUT_19735,111.943
OUT_19736,131.302
OUT_19737,102.628
OUT_19738,268.568
OUT_19739,103.084
OUT_19740,131.374
OUT_19741,109.184
OUT_19742,413.825
OUT_19743,1292.949
OUT_19744,952.664
OUT_19745,319.095
OUT_19746,78.203
OUT_19747,107.061
OUT_19748,146.39
OUT_19749,94.65
OUT_19750,350.991
OUT_19751,142.215
OUT_19752,114.086
OUT_19753,309.157
OUT_19754,130.139
OUT_19755,1016.991
OUT_19756,344.57
OUT_19757,1002.987
OUT_19758,350.684
OUT_19759,137.196
OUT_19760,79.446
OUT_19761,308.686
OUT_19762,87.692
OUT_19763,102.394
OUT_19764,120.759
OUT_19765,110.815
OUT_19766,102.188
OUT_19767,138.688
OUT_19768,150.771
OUT_19769,2038.441
OUT_19770,114.667
OUT_19771,142.55
OUT_19772,1079.45
OUT_19773,128.604
OUT_19774,1000.213
OUT_19775,137.642
OUT_19776,301.306
OUT_19777,306.022
OUT_19778,92.89
OUT_19779,135.532
OUT_19780,355.807
OUT_19781,128.344
OUT_19782,104.523
OUT_19783,69.64
OUT_19784,106.721
OUT_19785,331.962
OUT_19786,371.182
OUT_19787,301.16
OUT_19788,987.466
OUT_19789,175.337
OUT_19790,132.018
OUT_19791,244.923
OUT_19792,120.476
OUT_19793,139.549
OUT_19794,287.67
OUT_19795,140.696
OUT_19796,84.594
OUT_19797,139.946
OUT_19798,141.495
OUT_19799,122.768
OUT_19800,356.458
OUT_19801,322.112
OUT_19802,1989.791
OUT_19803,985.426
OUT_19804,291.981
OUT_19805,872.034
OUT_19806,892.049
OUT_19807,115.581
OUT_19808,881.57
OUT_19809,357.015
OUT_19810,311.79
OUT_19811,144.878
OUT_19812,149.564
OUT_19813,142.875
OUT_19814,111.119
OUT_19815,121.375
OUT_19816,93.635
OUT_19817,957.328
OUT_19818,86.205
OUT_19819,113.175
OUT_19820,113.316
OUT_19821,314.602
OUT_19822,140.481
OUT_19823,252.25
OUT_19824,74.771
OUT_19825,152.783
OUT_19826,394.733
OUT_19827,2063.536
OUT_19828,1032.527
OUT_19829,121.356
OUT_19830,348.396
OUT_19831,261.551
OUT_19832,134.515
OUT_19833,224.793
OUT_19834,324.199
OUT_19835,137.821
OUT_19836,86.866
OUT_19837,1181.96
OUT_19838,95.326
OUT_19839,99.482
OUT_19840,140.656
OUT_19841,148.707
OUT_19842,269.384
OUT_19843,300.131
OUT_19844,155.891
OUT_19845,60.403
OUT_19846,152.618
OUT_19847,165.019
OUT_19848,149.52
OUT_19849,104.536
OUT_19850,2081.76
OUT_19851,96.255
OUT_19852,2762.944
OUT_19853,474.533
OUT_19854,123.27
OUT_19855,161.434
OUT_19856,937.798
OUT_19857,89.731
OUT_19858,98.244
OUT_19859,981.405
OUT_19860,153.104
OUT_19861,95.978
OUT_19862,127.143
OUT_19863,313.181
OUT_19864,136.416
OUT_19865,1918.012
OUT_19866,120.357
OUT_19867,337.486
OUT_19868,111.411
OUT_19869,157.685
OUT_19870,111.387
OUT_19871,327.112
OUT_19872,106.943
OUT_19873,142.339
OUT_19874,368.264
OUT_19875,305.246
OUT_19876,360.188
OUT_19877,245.251
OUT_19878,318.374
OUT_19879,78.048
OUT_19880,108.604
OUT_19881,89.136
OUT_19882,94.093
OUT_19883,118.717
OUT_19884,139.425
OUT_19885,263.058
OUT_19886,85.883
OUT_19887,339.459
OUT_19888,121.464
OUT_19889,103.484
OUT_19890,98.367
OUT_19891,142.981
OUT_19892,321.074
OUT_19893,310.804
OUT_19894,986.643
OUT_19895,114.714
OUT_19896,1449.114
OUT_19897,130.077
OUT_19898,915.331
OUT_19899,323.277
OUT_19900,127.943
OUT_19901,121.445
OUT_19902,141.614
OUT_19903,151.549
OUT_19904,148.871
OUT_19905,124.203
OUT_19906,168.63
OUT_19907,293.571
OUT_19908,98.989
OUT_19909,99.654
OUT_19910,56.412
OUT_19911,101.432
OUT_19912,1022.101
OUT_19913,125.07
OUT_19914,75.626
OUT_19915,129.252
OUT_19916,105.881
OUT_19917,116.42
OUT_19918,112.316
OUT_19919,147.25
OUT_19920,148.05
OUT_19921,362.671
OUT_19922,135.16
OUT_19923,321.923
OUT_19924,130.545
OUT_19925,310.228
OUT_19926,89.499
OUT_19927,99.507
OUT_19928,360.5
OUT_19929,297.875
OUT_19930,124.916
OUT_19931,352.331
OUT_19932,126.353
OUT_19933,134.111
OUT_19934,902.941
OUT_19935,999.189
OUT_19936,98.352
OUT_19937,349.871
OUT_19938,98.505
OUT_19939,119.008
OUT_19940,1016.994
OUT_19941,957.265
OUT_19942,99.948
OUT_19943,960.251
OUT_19944,119.475
OUT_19945,128.87
OUT_19946,132.156
OUT_19947,1060.912
OUT_19948,169.947
OUT_19949,89.365
OUT_19950,85.074
OUT_19951,931.111
OUT_19952,99.597
OUT_19953,292.731
OUT_19954,933.138
OUT_19955,120.294
OUT_19956,103.679
OUT_19957,980.47
OUT_19958,109.919
OUT_19959,953.777
OUT_19960,990.117
OUT_19961,165.326
OUT_19962,334.697
OUT_19963,109.366
OUT_19964,317.008
OUT_19965,340.559
OUT_19966,107.48
OUT_19967,91.68
OUT_19968,106.405
OUT_19969,83.265
OUT_19970,366.135
OUT_19971,364.249
OUT_19972,132.023
OUT_19973,116.331
OUT_19974,135.883
OUT_19975,318.327
OUT_19976,159.162
OUT_19977,2063.127
OUT_19978,938.406
OUT_19979,376.195
OUT_19980,91.073
OUT_19981,96.818
OUT_19982,148.585
OUT_19983,90.032
OUT_19984,321.531
OUT_19985,969.18
OUT_19986,334.437
OUT_19987,140.487
OUT_19988,129.793
OUT_19989,91.737
OUT_19990,133.506
OUT_19991,1034.515
OUT_19992,316.675
OUT_19993,297.839
OUT_19994,295.875
OUT_19995,282.159
OUT_19996,318.561
OUT_19997,131.848
OUT_19998,317.404
OUT_19999,104.7
OUT_20000,102.154
