row_id,Maximum_Monthly_Liters
OUT_00001,1941.47
OUT_00002,1668.42
OUT_00003,1790.852
OUT_00004,1682.09
OUT_00005,1815.721
OUT_00006,1559.205
OUT_00007,2100.206
OUT_00008,1707.161
OUT_00009,1817.055
OUT_00010,1886.504
OUT_00011,1779.041
OUT_00012,1332.685
OUT_00013,948.244
OUT_00014,928.091
OUT_00015,1067.355
OUT_00016,1542.656
OUT_00017,1261.021
OUT_00018,903.576
OUT_00019,1773.544
OUT_00020,1951.858
OUT_00021,1513.384
OUT_00022,1523.353
OUT_00023,1578.66
OUT_00024,1857.525
OUT_00025,1579.623
OUT_00026,1698.867
OUT_00027,1316.899
OUT_00028,2087.77
OUT_00029,977.384
OUT_00030,1787.833
OUT_00031,1327.468
OUT_00032,1804.395
OUT_00033,1569.68
OUT_00034,1493.866
OUT_00035,1806.537
OUT_00036,1459.022
OUT_00037,1497.653
OUT_00038,1906.646
OUT_00039,1774.479
OUT_00040,1845.005
OUT_00041,1435.604
OUT_00042,1635.437
OUT_00043,906.496
OUT_00044,1527.35
OUT_00045,1803.115
OUT_00046,1013.578
OUT_00047,1769.796
OUT_00048,936.185
OUT_00049,1744.905
OUT_00050,1092.196
OUT_00051,1941.988
OUT_00052,1717.43
OUT_00053,1786.657
OUT_00054,1824.228
OUT_00055,1895.005
OUT_00056,1674.089
OUT_00057,967.667
OUT_00058,1886.108
OUT_00059,970.341
OUT_00060,1165.365
OUT_00061,967.705
OUT_00062,1163.421
OUT_00063,974.435
OUT_00064,995.55
OUT_00065,874.013
OUT_00066,941.856
OUT_00067,946.099
OUT_00068,1055.136
OUT_00069,954.587
OUT_00070,997.09
OUT_00071,987.055
OUT_00072,1010.475
OUT_00073,978.86
OUT_00074,1028.255
OUT_00075,889.012
OUT_00076,1007.598
OUT_00077,982.934
OUT_00078,1122.56
OUT_00079,1101.168
OUT_00080,873.834
OUT_00081,937.295
OUT_00082,1003.011
OUT_00083,907.046
OUT_00084,835.666
OUT_00085,960.905
OUT_00086,1083.061
OUT_00087,1175.155
OUT_00088,965.097
OUT_00089,852.838
OUT_00090,785.492
OUT_00091,810.773
OUT_00092,981.54
OUT_00093,915.826
OUT_00094,891.427
OUT_00095,982.566
OUT_00096,982.832
OUT_00097,912.414
OUT_00098,907.87
OUT_00099,919.062
OUT_00100,947.808
OUT_00101,1152.34
OUT_00102,926.553
OUT_00103,808.069
OUT_00104,948.621
OUT_00105,993.508
OUT_00106,874.687
OUT_00107,928.019
OUT_00108,1132.814
OUT_00109,951.755
OUT_00110,968.919
OUT_00111,931.614
OUT_00112,1156.889
OUT_00113,1033.331
OUT_00114,905.882
OUT_00115,957.624
OUT_00116,967.435
OUT_00117,991.058
OUT_00118,1040.387
OUT_00119,910.188
OUT_00120,958.107
OUT_00121,997.972
OUT_00122,909.355
OUT_00123,910.33
OUT_00124,947.584
OUT_00125,1184.677
OUT_00126,735.768
OUT_00127,976.467
OUT_00128,952.408
OUT_00129,904.088
OUT_00130,934.733
OUT_00131,980.117
OUT_00132,879.175
OUT_00133,798.065
OUT_00134,1126.46
OUT_00135,890.07
OUT_00136,1001.647
OUT_00137,948.296
OUT_00138,911.88
OUT_00139,910.456
OUT_00140,789.881
OUT_00141,929.875
OUT_00142,1004.173
OUT_00143,974.735
OUT_00144,905.761
OUT_00145,942.507
OUT_00146,1320.38
OUT_00147,943.226
OUT_00148,874.782
OUT_00149,914.185
OUT_00150,914.017
OUT_00151,882.545
OUT_00152,989.999
OUT_00153,915.429
OUT_00154,888.692
OUT_00155,990.592
OUT_00156,929.998
OUT_00157,994.319
OUT_00158,981.917
OUT_00159,827.295
OUT_00160,982.198
OUT_00161,870.437
OUT_00162,887.117
OUT_00163,888.756
OUT_00164,957.189
OUT_00165,1074.554
OUT_00166,876.579
OUT_00167,976.586
OUT_00168,979.38
OUT_00169,964.282
OUT_00170,954.172
OUT_00171,964.59
OUT_00172,1051.621
OUT_00173,1071.024
OUT_00174,934.417
OUT_00175,949.402
OUT_00176,942.211
OUT_00177,892.987
OUT_00178,1267.715
OUT_00179,1001.34
OUT_00180,945.009
OUT_00181,1329.704
OUT_00182,958.709
OUT_00183,920.029
OUT_00184,964.355
OUT_00185,897.81
OUT_00186,1016.134
OUT_00187,955.222
OUT_00188,937.653
OUT_00189,949.638
OUT_00190,961.206
OUT_00191,982.823
OUT_00192,915.907
OUT_00193,906.451
OUT_00194,950.108
OUT_00195,958.565
OUT_00196,969.152
OUT_00197,816.353
OUT_00198,941.595
OUT_00199,904.915
OUT_00200,978.832
OUT_00201,709.406
OUT_00202,894.355
OUT_00203,921.314
OUT_00204,904.895
OUT_00205,1071.786
OUT_00206,877.781
OUT_00207,964.843
OUT_00208,968.355
OUT_00209,999.217
OUT_00210,903.944
OUT_00211,939.904
OUT_00212,936.739
OUT_00213,988.368
OUT_00214,1133.839
OUT_00215,1002.003
OUT_00216,956.586
OUT_00217,1004.898
OUT_00218,891.976
OUT_00219,967.961
OUT_00220,995.719
OUT_00221,956.822
OUT_00222,989.233
OUT_00223,936.913
OUT_00224,896.549
OUT_00225,962.746
OUT_00226,1081.551
OUT_00227,977.28
OUT_00228,884.932
OUT_00229,868.783
OUT_00230,838.184
OUT_00231,938.744
OUT_00232,968.144
OUT_00233,912.653
OUT_00234,930.559
OUT_00235,904.097
OUT_00236,853.827
OUT_00237,912.367
OUT_00238,916.471
OUT_00239,912.74
OUT_00240,947.496
OUT_00241,1003.801
OUT_00242,949.407
OUT_00243,989.881
OUT_00244,824.801
OUT_00245,872.811
OUT_00246,1086.773
OUT_00247,1307.608
OUT_00248,846.099
OUT_00249,984.605
OUT_00250,1107.267
OUT_00251,933.021
OUT_00252,1087.047
OUT_00253,1018.463
OUT_00254,877.605
OUT_00255,922.416
OUT_00256,841.151
OUT_00257,1105.178
OUT_00258,1104.572
OUT_00259,955.013
OUT_00260,895.543
OUT_00261,953.34
OUT_00262,944.756
OUT_00263,961.619
OUT_00264,933.691
OUT_00265,989.637
OUT_00266,951.024
OUT_00267,966.473
OUT_00268,943.362
OUT_00269,899.388
OUT_00270,1031.786
OUT_00271,839.898
OUT_00272,911.691
OUT_00273,986.237
OUT_00274,898.086
OUT_00275,989.342
OUT_00276,826.039
OUT_00277,918.318
OUT_00278,995.611
OUT_00279,1061.746
OUT_00280,971.204
OUT_00281,848.034
OUT_00282,947.493
OUT_00283,882.044
OUT_00284,875.655
OUT_00285,933.437
OUT_00286,921.461
OUT_00287,921.496
OUT_00288,946.842
OUT_00289,886.531
OUT_00290,923.96
OUT_00291,1146.594
OUT_00292,924.434
OUT_00293,908.855
OUT_00294,901.019
OUT_00295,891.115
OUT_00296,1008.071
OUT_00297,923.891
OUT_00298,899.159
OUT_00299,964.413
OUT_00300,1007.492
OUT_00301,965.484
OUT_00302,1019.5
OUT_00303,1125.543
OUT_00304,847.054
OUT_00305,830.307
OUT_00306,951.723
OUT_00307,1011.644
OUT_00308,1009.192
OUT_00309,969.922
OUT_00310,944.867
OUT_00311,958.619
OUT_00312,989.474
OUT_00313,1018.366
OUT_00314,854.815
OUT_00315,916.042
OUT_00316,908.048
OUT_00317,999.512
OUT_00318,976.824
OUT_00319,900.261
OUT_00320,889.302
OUT_00321,963.065
OUT_00322,1075.541
OUT_00323,927.877
OUT_00324,853.772
OUT_00325,955.656
OUT_00326,1003.235
OUT_00327,898.403
OUT_00328,915.735
OUT_00329,940.823
OUT_00330,952.9
OUT_00331,937.933
OUT_00332,835.118
OUT_00333,967.821
OUT_00334,979.839
OUT_00335,924.634
OUT_00336,920.856
OUT_00337,928.255
OUT_00338,978.908
OUT_00339,1150.411
OUT_00340,994.174
OUT_00341,937.993
OUT_00342,1005.523
OUT_00343,1012.082
OUT_00344,915.593
OUT_00345,991.306
OUT_00346,991.242
OUT_00347,956.195
OUT_00348,877.455
OUT_00349,969.017
OUT_00350,1166.6
OUT_00351,965.289
OUT_00352,852.57
OUT_00353,1027.155
OUT_00354,947.735
OUT_00355,918.511
OUT_00356,889.865
OUT_00357,884.501
OUT_00358,892.102
OUT_00359,991.587
OUT_00360,915.143
OUT_00361,1137.579
OUT_00362,929.494
OUT_00363,953.143
OUT_00364,911.608
OUT_00365,886.047
OUT_00366,860.945
OUT_00367,1179.75
OUT_00368,916.52
OUT_00369,964.1
OUT_00370,928.051
OUT_00371,924.004
OUT_00372,1014.995
OUT_00373,958.647
OUT_00374,918.478
OUT_00375,897.604
OUT_00376,1020.46
OUT_00377,975.65
OUT_00378,1045.685
OUT_00379,941.148
OUT_00380,979.878
OUT_00381,971.114
OUT_00382,896.251
OUT_00383,894.253
OUT_00384,978.229
OUT_00385,980.893
OUT_00386,950.521
OUT_00387,1147.758
OUT_00388,966.096
OUT_00389,942.949
OUT_00390,938.102
OUT_00391,884.289
OUT_00392,948.171
OUT_00393,986.437
OUT_00394,956.838
OUT_00395,958.172
OUT_00396,946.824
OUT_00397,958.344
OUT_00398,997.459
OUT_00399,898.315
OUT_00400,959.798
OUT_00401,277.955
OUT_00402,907.392
OUT_00403,353.935
OUT_00404,210.268
OUT_00405,429.76
OUT_00406,202.621
OUT_00407,251.319
OUT_00408,130.016
OUT_00409,413.399
OUT_00410,361.298
OUT_00411,184.661
OUT_00412,251.758
OUT_00413,999.123
OUT_00414,254.647
OUT_00415,228.832
OUT_00416,393.078
OUT_00417,840.424
OUT_00418,338.238
OUT_00419,255.92
OUT_00420,209.802
OUT_00421,292.606
OUT_00422,359.748
OUT_00423,852.979
OUT_00424,838.384
OUT_00425,183.972
OUT_00426,358.722
OUT_00427,314.989
OUT_00428,2015.481
OUT_00429,352.699
OUT_00430,168.017
OUT_00431,251.758
OUT_00432,2031.67
OUT_00433,332.327
OUT_00434,1980.507
OUT_00435,428.026
OUT_00436,177.971
OUT_00437,199.615
OUT_00438,388.531
OUT_00439,357.023
OUT_00440,173.133
OUT_00441,173.043
OUT_00442,262.409
OUT_00443,341.518
OUT_00444,348.502
OUT_00445,918.848
OUT_00446,134.141
OUT_00447,194.5
OUT_00448,215.731
OUT_00449,2056.452
OUT_00450,965.647
OUT_00451,203.691
OUT_00452,227.237
OUT_00453,340.867
OUT_00454,363.793
OUT_00455,1948.932
OUT_00456,338.804
OUT_00457,968.343
OUT_00458,283.276
OUT_00459,347.8
OUT_00460,361.34
OUT_00461,214.686
OUT_00462,291.9
OUT_00463,916.609
OUT_00464,154.664
OUT_00465,373.587
OUT_00466,993.221
OUT_00467,278.012
OUT_00468,1009.48
OUT_00469,176.98
OUT_00470,156.619
OUT_00471,361.789
OUT_00472,327.297
OUT_00473,250.215
OUT_00474,223.997
OUT_00475,262.409
OUT_00476,363.589
OUT_00477,194.528
OUT_00478,316.864
OUT_00479,167.845
OUT_00480,196.989
OUT_00481,258.489
OUT_00482,348.762
OUT_00483,156.569
OUT_00484,156.971
OUT_00485,375.623
OUT_00486,391.417
OUT_00487,178.522
OUT_00488,249.568
OUT_00489,371.637
OUT_00490,269.873
OUT_00491,251.758
OUT_00492,910.678
OUT_00493,392.674
OUT_00494,218.229
OUT_00495,285.192
OUT_00496,167.281
OUT_00497,333.653
OUT_00498,380.815
OUT_00499,412.791
OUT_00500,169.244
OUT_00501,373.118
OUT_00502,338.548
OUT_00503,902.99
OUT_00504,292.7
OUT_00505,195.422
OUT_00506,1940.237
OUT_00507,1969.394
OUT_00508,358.309
OUT_00509,354.933
OUT_00510,348.71
OUT_00511,333.451
OUT_00512,206.846
OUT_00513,226.232
OUT_00514,230.161
OUT_00515,993.903
OUT_00516,204.863
OUT_00517,376.549
OUT_00518,338.796
OUT_00519,230.895
OUT_00520,248.475
OUT_00521,168.472
OUT_00522,169.437
OUT_00523,239.552
OUT_00524,172.38
OUT_00525,882.23
OUT_00526,383.401
OUT_00527,390.47
OUT_00528,373.534
OUT_00529,352.651
OUT_00530,977.193
OUT_00531,262.409
OUT_00532,251.758
OUT_00533,203.074
OUT_00534,985.872
OUT_00535,141.889
OUT_00536,262.409
OUT_00537,244.73
OUT_00538,200.564
OUT_00539,975.144
OUT_00540,256.212
OUT_00541,399.014
OUT_00542,224.819
OUT_00543,234.816
OUT_00544,245.523
OUT_00545,349.929
OUT_00546,368.321
OUT_00547,146.599
OUT_00548,251.758
OUT_00549,237.39
OUT_00550,326.883
OUT_00551,961.795
OUT_00552,148.681
OUT_00553,287.456
OUT_00554,185.691
OUT_00555,150.809
OUT_00556,344.254
OUT_00557,222.229
OUT_00558,277.409
OUT_00559,123.952
OUT_00560,366.753
OUT_00561,180.379
OUT_00562,167.665
OUT_00563,220.97
OUT_00564,153.51
OUT_00565,372.36
OUT_00566,184.569
OUT_00567,1025.885
OUT_00568,2034.544
OUT_00569,216.626
OUT_00570,976.242
OUT_00571,200.597
OUT_00572,222.496
OUT_00573,868.63
OUT_00574,365.122
OUT_00575,221.865
OUT_00576,323.294
OUT_00577,984.896
OUT_00578,210.964
OUT_00579,2083.859
OUT_00580,997.689
OUT_00581,957.721
OUT_00582,398.2
OUT_00583,213.624
OUT_00584,152.565
OUT_00585,393.596
OUT_00586,331.602
OUT_00587,319.524
OUT_00588,215.3
OUT_00589,999.994
OUT_00590,397.644
OUT_00591,933.635
OUT_00592,247.267
OUT_00593,267.332
OUT_00594,346.911
OUT_00595,345.17
OUT_00596,220.178
OUT_00597,262.409
OUT_00598,262.409
OUT_00599,236.577
OUT_00600,984.745
OUT_00601,373.639
OUT_00602,181.475
OUT_00603,951.979
OUT_00604,359.58
OUT_00605,196.345
OUT_00606,1075.148
OUT_00607,866.564
OUT_00608,366.711
OUT_00609,381.42
OUT_00610,878.742
OUT_00611,209.548
OUT_00612,190.25
OUT_00613,141.586
OUT_00614,988.42
OUT_00615,251.758
OUT_00616,359.537
OUT_00617,354.625
OUT_00618,388.36
OUT_00619,2373.799
OUT_00620,436.574
OUT_00621,383.635
OUT_00622,236.346
OUT_00623,175.557
OUT_00624,378.304
OUT_00625,353.172
OUT_00626,903.961
OUT_00627,345.639
OUT_00628,166.705
OUT_00629,381.717
OUT_00630,225.696
OUT_00631,149.849
OUT_00632,241.442
OUT_00633,1179.976
OUT_00634,379.386
OUT_00635,362.555
OUT_00636,356.687
OUT_00637,399.636
OUT_00638,390.098
OUT_00639,960.326
OUT_00640,379.188
OUT_00641,215.965
OUT_00642,339.027
OUT_00643,322.921
OUT_00644,402.693
OUT_00645,329.492
OUT_00646,262.409
OUT_00647,234.501
OUT_00648,422.388
OUT_00649,974.639
OUT_00650,378.226
OUT_00651,251.758
OUT_00652,396.22
OUT_00653,276.93
OUT_00654,187.701
OUT_00655,249.149
OUT_00656,363.499
OUT_00657,251.758
OUT_00658,419.587
OUT_00659,266.221
OUT_00660,882.182
OUT_00661,373.183
OUT_00662,391.199
OUT_00663,396.59
OUT_00664,213.52
OUT_00665,162.941
OUT_00666,888.857
OUT_00667,371.937
OUT_00668,225.479
OUT_00669,169.165
OUT_00670,370.925
OUT_00671,365.862
OUT_00672,211.966
OUT_00673,323.587
OUT_00674,834.261
OUT_00675,178.385
OUT_00676,251.758
OUT_00677,385.194
OUT_00678,115.709
OUT_00679,190.036
OUT_00680,311.387
OUT_00681,262.409
OUT_00682,151.584
OUT_00683,444.381
OUT_00684,2076.886
OUT_00685,248.153
OUT_00686,969.802
OUT_00687,926.289
OUT_00688,231.692
OUT_00689,2083.962
OUT_00690,200.503
OUT_00691,2009.501
OUT_00692,187.503
OUT_00693,398.777
OUT_00694,974.853
OUT_00695,144.37
OUT_00696,251.678
OUT_00697,331.095
OUT_00698,921.574
OUT_00699,1027.564
OUT_00700,240.374
OUT_00701,185.797
OUT_00702,251.758
OUT_00703,317.622
OUT_00704,382.937
OUT_00705,162.078
OUT_00706,320.874
OUT_00707,131.71
OUT_00708,259.768
OUT_00709,173.906
OUT_00710,333.75
OUT_00711,185.494
OUT_00712,924.81
OUT_00713,185.751
OUT_00714,253.737
OUT_00715,385.803
OUT_00716,242.134
OUT_00717,901.166
OUT_00718,205.474
OUT_00719,175.822
OUT_00720,990.552
OUT_00721,235.262
OUT_00722,348.114
OUT_00723,186.819
OUT_00724,262.409
OUT_00725,247.149
OUT_00726,989.101
OUT_00727,409.523
OUT_00728,865.072
OUT_00729,251.758
OUT_00730,303.183
OUT_00731,977.506
OUT_00732,372.498
OUT_00733,335.16
OUT_00734,886.005
OUT_00735,211.11
OUT_00736,914.737
OUT_00737,936.845
OUT_00738,189.882
OUT_00739,233.471
OUT_00740,329.066
OUT_00741,179.69
OUT_00742,2133.818
OUT_00743,168.714
OUT_00744,297.739
OUT_00745,371.019
OUT_00746,845.407
OUT_00747,345.081
OUT_00748,174.983
OUT_00749,355.202
OUT_00750,410.204
OUT_00751,230.391
OUT_00752,190.572
OUT_00753,960.603
OUT_00754,262.409
OUT_00755,929.03
OUT_00756,357.655
OUT_00757,328.314
OUT_00758,261.004
OUT_00759,182.017
OUT_00760,266.59
OUT_00761,409.278
OUT_00762,170.605
OUT_00763,215.949
OUT_00764,380.118
OUT_00765,251.758
OUT_00766,251.758
OUT_00767,382.946
OUT_00768,222.28
OUT_00769,451.864
OUT_00770,232.65
OUT_00771,366.461
OUT_00772,347.265
OUT_00773,885.386
OUT_00774,231.081
OUT_00775,419.562
OUT_00776,227.796
OUT_00777,273.672
OUT_00778,1972.156
OUT_00779,317.777
OUT_00780,256.147
OUT_00781,259.861
OUT_00782,287.478
OUT_00783,217.11
OUT_00784,262.409
OUT_00785,403.798
OUT_00786,238.757
OUT_00787,362.687
OUT_00788,333.279
OUT_00789,924.986
OUT_00790,156.52
OUT_00791,2027.968
OUT_00792,952.657
OUT_00793,245.07
OUT_00794,204.112
OUT_00795,959.961
OUT_00796,210.301
OUT_00797,390.349
OUT_00798,374.428
OUT_00799,893.065
OUT_00800,959.577
OUT_00801,262.524
OUT_00802,207.591
OUT_00803,342.4
OUT_00804,202.72
OUT_00805,202.202
OUT_00806,140.681
OUT_00807,182.845
OUT_00808,314.229
OUT_00809,427.181
OUT_00810,176.876
OUT_00811,262.409
OUT_00812,282.772
OUT_00813,172.576
OUT_00814,155.608
OUT_00815,2540.793
OUT_00816,174.597
OUT_00817,270.468
OUT_00818,157.101
OUT_00819,262.409
OUT_00820,290.633
OUT_00821,189.897
OUT_00822,292.531
OUT_00823,931.632
OUT_00824,270.37
OUT_00825,386.066
OUT_00826,377.422
OUT_00827,175.232
OUT_00828,358.434
OUT_00829,212.809
OUT_00830,251.758
OUT_00831,223.46
OUT_00832,137.301
OUT_00833,382.849
OUT_00834,385.265
OUT_00835,380.04
OUT_00836,401.525
OUT_00837,946.44
OUT_00838,403.574
OUT_00839,184.508
OUT_00840,2059.85
OUT_00841,251.758
OUT_00842,162.959
OUT_00843,403.711
OUT_00844,168.251
OUT_00845,321.101
OUT_00846,225.21
OUT_00847,274.712
OUT_00848,391.203
OUT_00849,328.362
OUT_00850,250.646
OUT_00851,200.983
OUT_00852,355.56
OUT_00853,2053.092
OUT_00854,358.804
OUT_00855,251.758
OUT_00856,2096.492
OUT_00857,962.337
OUT_00858,167.978
OUT_00859,196.815
OUT_00860,262.33
OUT_00861,235.934
OUT_00862,205.325
OUT_00863,211.012
OUT_00864,217.064
OUT_00865,345.411
OUT_00866,323.0
OUT_00867,364.383
OUT_00868,213.638
OUT_00869,270.325
OUT_00870,328.945
OUT_00871,976.665
OUT_00872,193.566
OUT_00873,978.813
OUT_00874,363.902
OUT_00875,214.201
OUT_00876,210.931
OUT_00877,906.477
OUT_00878,334.996
OUT_00879,327.787
OUT_00880,234.426
OUT_00881,934.293
OUT_00882,180.192
OUT_00883,197.184
OUT_00884,364.337
OUT_00885,387.276
OUT_00886,2004.015
OUT_00887,219.463
OUT_00888,255.997
OUT_00889,406.349
OUT_00890,384.345
OUT_00891,410.94
OUT_00892,182.043
OUT_00893,222.925
OUT_00894,189.476
OUT_00895,290.027
OUT_00896,192.323
OUT_00897,378.703
OUT_00898,262.409
OUT_00899,257.995
OUT_00900,235.541
OUT_00901,158.737
OUT_00902,152.42
OUT_00903,958.006
OUT_00904,231.942
OUT_00905,262.409
OUT_00906,973.584
OUT_00907,206.739
OUT_00908,186.455
OUT_00909,271.025
OUT_00910,201.826
OUT_00911,169.552
OUT_00912,918.29
OUT_00913,324.312
OUT_00914,398.582
OUT_00915,272.839
OUT_00916,351.684
OUT_00917,282.533
OUT_00918,987.883
OUT_00919,228.859
OUT_00920,378.028
OUT_00921,417.658
OUT_00922,251.758
OUT_00923,949.74
OUT_00924,323.634
OUT_00925,168.802
OUT_00926,252.39
OUT_00927,262.409
OUT_00928,240.885
OUT_00929,359.918
OUT_00930,397.219
OUT_00931,262.409
OUT_00932,218.69
OUT_00933,994.691
OUT_00934,927.854
OUT_00935,380.403
OUT_00936,191.382
OUT_00937,978.241
OUT_00938,301.864
OUT_00939,242.66
OUT_00940,243.783
OUT_00941,344.735
OUT_00942,337.018
OUT_00943,1018.709
OUT_00944,223.068
OUT_00945,382.778
OUT_00946,251.758
OUT_00947,262.409
OUT_00948,217.562
OUT_00949,215.75
OUT_00950,234.526
OUT_00951,335.352
OUT_00952,866.688
OUT_00953,168.159
OUT_00954,942.242
OUT_00955,365.788
OUT_00956,370.379
OUT_00957,268.244
OUT_00958,198.998
OUT_00959,288.365
OUT_00960,926.436
OUT_00961,287.316
OUT_00962,389.359
OUT_00963,325.63
OUT_00964,167.732
OUT_00965,2116.707
OUT_00966,137.777
OUT_00967,201.915
OUT_00968,212.839
OUT_00969,354.438
OUT_00970,251.758
OUT_00971,163.73
OUT_00972,348.19
OUT_00973,931.119
OUT_00974,227.739
OUT_00975,246.802
OUT_00976,377.581
OUT_00977,171.986
OUT_00978,179.621
OUT_00979,287.983
OUT_00980,225.732
OUT_00981,384.417
OUT_00982,160.42
OUT_00983,200.461
OUT_00984,146.578
OUT_00985,422.612
OUT_00986,907.947
OUT_00987,262.409
OUT_00988,360.278
OUT_00989,206.378
OUT_00990,998.073
OUT_00991,251.758
OUT_00992,319.736
OUT_00993,202.363
OUT_00994,1065.675
OUT_00995,1054.391
OUT_00996,2187.831
OUT_00997,368.795
OUT_00998,387.339
OUT_00999,355.291
OUT_01000,172.896
OUT_01001,166.91
OUT_01002,250.497
OUT_01003,171.214
OUT_01004,277.635
OUT_01005,305.797
OUT_01006,2206.279
OUT_01007,243.238
OUT_01008,340.728
OUT_01009,175.891
OUT_01010,310.098
OUT_01011,381.107
OUT_01012,380.259
OUT_01013,210.192
OUT_01014,327.643
OUT_01015,427.532
OUT_01016,307.618
OUT_01017,229.982
OUT_01018,976.622
OUT_01019,165.975
OUT_01020,251.758
OUT_01021,163.061
OUT_01022,256.975
OUT_01023,863.107
OUT_01024,173.217
OUT_01025,364.551
OUT_01026,368.002
OUT_01027,155.091
OUT_01028,176.022
OUT_01029,233.822
OUT_01030,264.673
OUT_01031,210.888
OUT_01032,2001.093
OUT_01033,244.268
OUT_01034,266.331
OUT_01035,317.559
OUT_01036,934.615
OUT_01037,362.472
OUT_01038,421.656
OUT_01039,387.527
OUT_01040,374.496
OUT_01041,344.645
OUT_01042,195.379
OUT_01043,177.63
OUT_01044,1966.748
OUT_01045,133.85
OUT_01046,252.018
OUT_01047,251.758
OUT_01048,251.581
OUT_01049,366.604
OUT_01050,185.42
OUT_01051,373.85
OUT_01052,217.635
OUT_01053,154.727
OUT_01054,330.389
OUT_01055,228.972
OUT_01056,423.787
OUT_01057,258.205
OUT_01058,377.891
OUT_01059,368.126
OUT_01060,379.466
OUT_01061,2032.025
OUT_01062,167.963
OUT_01063,140.561
OUT_01064,137.264
OUT_01065,235.629
OUT_01066,220.422
OUT_01067,227.031
OUT_01068,251.758
OUT_01069,362.115
OUT_01070,251.758
OUT_01071,251.758
OUT_01072,379.225
OUT_01073,960.173
OUT_01074,357.225
OUT_01075,403.136
OUT_01076,384.474
OUT_01077,216.503
OUT_01078,262.409
OUT_01079,945.655
OUT_01080,376.15
OUT_01081,163.456
OUT_01082,268.083
OUT_01083,193.237
OUT_01084,215.019
OUT_01085,932.935
OUT_01086,371.559
OUT_01087,251.758
OUT_01088,262.409
OUT_01089,270.51
OUT_01090,1003.123
OUT_01091,232.168
OUT_01092,182.09
OUT_01093,368.102
OUT_01094,202.861
OUT_01095,158.896
OUT_01096,174.004
OUT_01097,380.101
OUT_01098,249.161
OUT_01099,966.606
OUT_01100,1987.135
OUT_01101,286.752
OUT_01102,366.275
OUT_01103,204.28
OUT_01104,262.409
OUT_01105,939.478
OUT_01106,213.814
OUT_01107,944.577
OUT_01108,2001.921
OUT_01109,378.792
OUT_01110,368.613
OUT_01111,381.886
OUT_01112,271.893
OUT_01113,198.619
OUT_01114,195.872
OUT_01115,322.455
OUT_01116,410.337
OUT_01117,320.391
OUT_01118,262.409
OUT_01119,251.75
OUT_01120,150.382
OUT_01121,383.819
OUT_01122,242.797
OUT_01123,372.214
OUT_01124,2189.165
OUT_01125,262.409
OUT_01126,206.55
OUT_01127,166.709
OUT_01128,221.538
OUT_01129,217.796
OUT_01130,1002.195
OUT_01131,251.758
OUT_01132,177.677
OUT_01133,948.505
OUT_01134,931.413
OUT_01135,1053.392
OUT_01136,214.709
OUT_01137,380.064
OUT_01138,350.965
OUT_01139,215.523
OUT_01140,242.597
OUT_01141,299.188
OUT_01142,356.067
OUT_01143,212.47
OUT_01144,250.548
OUT_01145,371.379
OUT_01146,2076.74
OUT_01147,169.74
OUT_01148,326.178
OUT_01149,346.771
OUT_01150,247.267
OUT_01151,251.758
OUT_01152,2125.989
OUT_01153,978.911
OUT_01154,174.564
OUT_01155,209.786
OUT_01156,335.26
OUT_01157,386.484
OUT_01158,251.242
OUT_01159,217.6
OUT_01160,230.076
OUT_01161,172.363
OUT_01162,251.758
OUT_01163,228.84
OUT_01164,973.918
OUT_01165,251.758
OUT_01166,396.904
OUT_01167,236.181
OUT_01168,178.943
OUT_01169,251.758
OUT_01170,198.998
OUT_01171,266.716
OUT_01172,225.514
OUT_01173,358.001
OUT_01174,238.122
OUT_01175,914.255
OUT_01176,375.326
OUT_01177,178.958
OUT_01178,938.427
OUT_01179,323.162
OUT_01180,331.909
OUT_01181,159.022
OUT_01182,358.178
OUT_01183,216.561
OUT_01184,241.798
OUT_01185,248.402
OUT_01186,251.758
OUT_01187,227.03
OUT_01188,137.135
OUT_01189,209.236
OUT_01190,186.311
OUT_01191,378.709
OUT_01192,251.758
OUT_01193,161.246
OUT_01194,234.912
OUT_01195,411.886
OUT_01196,166.415
OUT_01197,936.076
OUT_01198,347.618
OUT_01199,204.809
OUT_01200,187.734
OUT_01201,192.714
OUT_01202,219.456
OUT_01203,926.067
OUT_01204,365.455
OUT_01205,213.166
OUT_01206,204.93
OUT_01207,2047.418
OUT_01208,211.354
OUT_01209,211.267
OUT_01210,364.867
OUT_01211,354.148
OUT_01212,2039.152
OUT_01213,191.491
OUT_01214,902.795
OUT_01215,964.023
OUT_01216,153.415
OUT_01217,993.961
OUT_01218,397.457
OUT_01219,248.538
OUT_01220,410.491
OUT_01221,1961.225
OUT_01222,148.826
OUT_01223,387.783
OUT_01224,373.886
OUT_01225,379.295
OUT_01226,194.846
OUT_01227,239.381
OUT_01228,291.9
OUT_01229,224.803
OUT_01230,337.643
OUT_01231,203.852
OUT_01232,184.884
OUT_01233,371.267
OUT_01234,163.142
OUT_01235,280.66
OUT_01236,996.451
OUT_01237,195.494
OUT_01238,405.634
OUT_01239,1010.794
OUT_01240,193.468
OUT_01241,2112.723
OUT_01242,187.87
OUT_01243,175.203
OUT_01244,164.423
OUT_01245,201.299
OUT_01246,958.854
OUT_01247,244.216
OUT_01248,206.411
OUT_01249,154.067
OUT_01250,363.003
OUT_01251,219.091
OUT_01252,192.201
OUT_01253,822.792
OUT_01254,262.409
OUT_01255,262.409
OUT_01256,233.64
OUT_01257,170.051
OUT_01258,343.958
OUT_01259,259.36
OUT_01260,238.048
OUT_01261,238.712
OUT_01262,945.403
OUT_01263,933.9
OUT_01264,203.586
OUT_01265,331.421
OUT_01266,350.646
OUT_01267,899.821
OUT_01268,326.115
OUT_01269,259.376
OUT_01270,960.526
OUT_01271,262.409
OUT_01272,366.029
OUT_01273,1008.044
OUT_01274,251.758
OUT_01275,214.034
OUT_01276,150.684
OUT_01277,180.415
OUT_01278,237.396
OUT_01279,356.144
OUT_01280,155.388
OUT_01281,356.949
OUT_01282,281.981
OUT_01283,266.574
OUT_01284,343.072
OUT_01285,200.811
OUT_01286,177.364
OUT_01287,885.137
OUT_01288,929.41
OUT_01289,165.552
OUT_01290,344.308
OUT_01291,946.507
OUT_01292,982.988
OUT_01293,367.301
OUT_01294,216.801
OUT_01295,366.799
OUT_01296,186.379
OUT_01297,148.069
OUT_01298,342.092
OUT_01299,1978.876
OUT_01300,343.496
OUT_01301,151.017
OUT_01302,233.776
OUT_01303,202.185
OUT_01304,909.747
OUT_01305,184.871
OUT_01306,354.156
OUT_01307,375.254
OUT_01308,241.62
OUT_01309,198.703
OUT_01310,127.364
OUT_01311,204.709
OUT_01312,131.695
OUT_01313,165.443
OUT_01314,388.18
OUT_01315,256.745
OUT_01316,2098.866
OUT_01317,221.146
OUT_01318,254.214
OUT_01319,205.84
OUT_01320,172.952
OUT_01321,209.96
OUT_01322,172.904
OUT_01323,395.086
OUT_01324,243.655
OUT_01325,334.149
OUT_01326,251.758
OUT_01327,236.228
OUT_01328,254.052
OUT_01329,178.037
OUT_01330,239.376
OUT_01331,1008.414
OUT_01332,419.542
OUT_01333,171.254
OUT_01334,325.948
OUT_01335,257.699
OUT_01336,241.348
OUT_01337,158.581
OUT_01338,946.006
OUT_01339,175.359
OUT_01340,260.661
OUT_01341,145.638
OUT_01342,355.024
OUT_01343,219.254
OUT_01344,197.606
OUT_01345,192.006
OUT_01346,394.882
OUT_01347,317.174
OUT_01348,398.37
OUT_01349,158.125
OUT_01350,323.953
OUT_01351,169.038
OUT_01352,963.351
OUT_01353,182.145
OUT_01354,149.744
OUT_01355,893.137
OUT_01356,404.359
OUT_01357,259.445
OUT_01358,338.835
OUT_01359,200.572
OUT_01360,409.068
OUT_01361,212.867
OUT_01362,2036.061
OUT_01363,221.478
OUT_01364,369.75
OUT_01365,154.982
OUT_01366,355.142
OUT_01367,389.14
OUT_01368,228.601
OUT_01369,1026.363
OUT_01370,244.946
OUT_01371,249.885
OUT_01372,366.757
OUT_01373,358.587
OUT_01374,376.239
OUT_01375,920.641
OUT_01376,2034.827
OUT_01377,285.278
OUT_01378,172.0
OUT_01379,174.671
OUT_01380,386.483
OUT_01381,209.168
OUT_01382,947.198
OUT_01383,356.321
OUT_01384,203.236
OUT_01385,332.049
OUT_01386,390.64
OUT_01387,175.509
OUT_01388,168.429
OUT_01389,1049.807
OUT_01390,208.288
OUT_01391,1018.87
OUT_01392,188.34
OUT_01393,151.661
OUT_01394,161.506
OUT_01395,343.189
OUT_01396,1011.827
OUT_01397,243.802
OUT_01398,201.317
OUT_01399,261.145
OUT_01400,992.449
OUT_01401,343.164
OUT_01402,159.859
OUT_01403,376.542
OUT_01404,167.147
OUT_01405,160.643
OUT_01406,226.585
OUT_01407,169.977
OUT_01408,378.595
OUT_01409,957.771
OUT_01410,1016.911
OUT_01411,933.672
OUT_01412,309.956
OUT_01413,377.315
OUT_01414,181.743
OUT_01415,251.758
OUT_01416,245.415
OUT_01417,384.671
OUT_01418,296.175
OUT_01419,388.115
OUT_01420,922.853
OUT_01421,273.141
OUT_01422,225.613
OUT_01423,265.037
OUT_01424,262.409
OUT_01425,341.332
OUT_01426,159.142
OUT_01427,171.247
OUT_01428,326.412
OUT_01429,210.473
OUT_01430,177.726
OUT_01431,161.066
OUT_01432,200.658
OUT_01433,262.409
OUT_01434,262.409
OUT_01435,210.043
OUT_01436,397.513
OUT_01437,966.872
OUT_01438,177.542
OUT_01439,363.334
OUT_01440,2033.441
OUT_01441,373.55
OUT_01442,341.751
OUT_01443,211.267
OUT_01444,343.683
OUT_01445,367.958
OUT_01446,201.585
OUT_01447,884.167
OUT_01448,388.812
OUT_01449,343.651
OUT_01450,213.928
OUT_01451,362.778
OUT_01452,205.813
OUT_01453,939.485
OUT_01454,244.112
OUT_01455,195.926
OUT_01456,218.27
OUT_01457,218.691
OUT_01458,348.783
OUT_01459,183.823
OUT_01460,366.51
OUT_01461,914.647
OUT_01462,198.983
OUT_01463,143.143
OUT_01464,291.9
OUT_01465,207.319
OUT_01466,143.57
OUT_01467,185.295
OUT_01468,213.55
OUT_01469,183.718
OUT_01470,351.982
OUT_01471,2017.768
OUT_01472,1942.77
OUT_01473,996.424
OUT_01474,246.76
OUT_01475,262.409
OUT_01476,320.168
OUT_01477,218.087
OUT_01478,206.2
OUT_01479,222.691
OUT_01480,188.408
OUT_01481,869.833
OUT_01482,164.039
OUT_01483,373.148
OUT_01484,204.545
OUT_01485,913.291
OUT_01486,227.233
OUT_01487,171.39
OUT_01488,236.541
OUT_01489,196.603
OUT_01490,360.796
OUT_01491,194.401
OUT_01492,201.345
OUT_01493,242.491
OUT_01494,167.023
OUT_01495,299.451
OUT_01496,126.23
OUT_01497,363.371
OUT_01498,334.638
OUT_01499,371.795
OUT_01500,953.884
OUT_01501,187.742
OUT_01502,421.564
OUT_01503,964.329
OUT_01504,330.798
OUT_01505,2095.628
OUT_01506,906.004
OUT_01507,972.192
OUT_01508,294.032
OUT_01509,149.453
OUT_01510,355.529
OUT_01511,265.967
OUT_01512,129.707
OUT_01513,270.957
OUT_01514,1985.802
OUT_01515,250.98
OUT_01516,264.376
OUT_01517,308.805
OUT_01518,368.965
OUT_01519,173.25
OUT_01520,961.279
OUT_01521,404.557
OUT_01522,169.684
OUT_01523,364.405
OUT_01524,324.281
OUT_01525,182.382
OUT_01526,385.343
OUT_01527,972.155
OUT_01528,2178.225
OUT_01529,179.378
OUT_01530,215.945
OUT_01531,269.877
OUT_01532,911.988
OUT_01533,235.747
OUT_01534,198.392
OUT_01535,234.672
OUT_01536,189.7
OUT_01537,163.051
OUT_01538,223.875
OUT_01539,227.869
OUT_01540,1018.27
OUT_01541,196.287
OUT_01542,172.94
OUT_01543,151.409
OUT_01544,213.546
OUT_01545,397.598
OUT_01546,369.07
OUT_01547,400.191
OUT_01548,291.9
OUT_01549,359.269
OUT_01550,389.153
OUT_01551,212.119
OUT_01552,402.633
OUT_01553,335.538
OUT_01554,2070.528
OUT_01555,202.124
OUT_01556,170.359
OUT_01557,2017.324
OUT_01558,212.004
OUT_01559,999.446
OUT_01560,944.496
OUT_01561,231.275
OUT_01562,272.33
OUT_01563,336.757
OUT_01564,154.888
OUT_01565,306.774
OUT_01566,251.758
OUT_01567,1996.984
OUT_01568,208.879
OUT_01569,235.276
OUT_01570,912.078
OUT_01571,198.8
OUT_01572,387.682
OUT_01573,262.409
OUT_01574,162.264
OUT_01575,236.155
OUT_01576,212.158
OUT_01577,381.024
OUT_01578,337.856
OUT_01579,301.625
OUT_01580,203.903
OUT_01581,341.399
OUT_01582,912.349
OUT_01583,369.588
OUT_01584,245.262
OUT_01585,262.409
OUT_01586,230.603
OUT_01587,222.528
OUT_01588,356.725
OUT_01589,419.53
OUT_01590,145.227
OUT_01591,262.409
OUT_01592,262.409
OUT_01593,905.265
OUT_01594,388.333
OUT_01595,2159.136
OUT_01596,358.613
OUT_01597,257.766
OUT_01598,443.686
OUT_01599,202.09
OUT_01600,235.36
OUT_01601,251.758
OUT_01602,374.529
OUT_01603,291.9
OUT_01604,161.909
OUT_01605,936.426
OUT_01606,260.481
OUT_01607,266.508
OUT_01608,189.125
OUT_01609,377.171
OUT_01610,307.256
OUT_01611,251.758
OUT_01612,249.247
OUT_01613,245.016
OUT_01614,247.397
OUT_01615,251.608
OUT_01616,240.83
OUT_01617,291.9
OUT_01618,154.886
OUT_01619,429.506
OUT_01620,345.266
OUT_01621,975.027
OUT_01622,241.347
OUT_01623,236.677
OUT_01624,2027.045
OUT_01625,182.421
OUT_01626,201.55
OUT_01627,152.91
OUT_01628,238.139
OUT_01629,880.914
OUT_01630,139.66
OUT_01631,194.598
OUT_01632,227.43
OUT_01633,169.68
OUT_01634,942.679
OUT_01635,341.571
OUT_01636,294.397
OUT_01637,245.033
OUT_01638,348.024
OUT_01639,1388.206
OUT_01640,2328.105
OUT_01641,2104.99
OUT_01642,161.297
OUT_01643,226.952
OUT_01644,225.722
OUT_01645,251.758
OUT_01646,262.409
OUT_01647,118.599
OUT_01648,184.225
OUT_01649,245.352
OUT_01650,1961.43
OUT_01651,237.073
OUT_01652,256.931
OUT_01653,356.429
OUT_01654,919.993
OUT_01655,261.245
OUT_01656,954.386
OUT_01657,166.972
OUT_01658,193.212
OUT_01659,193.445
OUT_01660,294.553
OUT_01661,369.421
OUT_01662,377.028
OUT_01663,262.409
OUT_01664,204.291
OUT_01665,2003.839
OUT_01666,945.862
OUT_01667,312.972
OUT_01668,204.293
OUT_01669,254.901
OUT_01670,137.331
OUT_01671,164.035
OUT_01672,259.846
OUT_01673,243.107
OUT_01674,195.445
OUT_01675,353.552
OUT_01676,396.077
OUT_01677,190.442
OUT_01678,264.85
OUT_01679,845.509
OUT_01680,205.535
OUT_01681,245.449
OUT_01682,219.179
OUT_01683,138.324
OUT_01684,158.073
OUT_01685,174.382
OUT_01686,324.099
OUT_01687,153.058
OUT_01688,375.467
OUT_01689,157.101
OUT_01690,220.284
OUT_01691,2043.073
OUT_01692,401.966
OUT_01693,257.09
OUT_01694,937.778
OUT_01695,382.277
OUT_01696,192.063
OUT_01697,232.508
OUT_01698,181.929
OUT_01699,251.758
OUT_01700,231.791
OUT_01701,375.477
OUT_01702,166.816
OUT_01703,191.28
OUT_01704,352.444
OUT_01705,988.912
OUT_01706,139.164
OUT_01707,162.021
OUT_01708,388.912
OUT_01709,269.638
OUT_01710,365.114
OUT_01711,247.927
OUT_01712,1994.079
OUT_01713,253.954
OUT_01714,204.743
OUT_01715,381.129
OUT_01716,2079.073
OUT_01717,251.758
OUT_01718,343.488
OUT_01719,287.042
OUT_01720,238.198
OUT_01721,262.409
OUT_01722,183.39
OUT_01723,386.289
OUT_01724,220.742
OUT_01725,2098.228
OUT_01726,228.617
OUT_01727,148.99
OUT_01728,281.883
OUT_01729,203.03
OUT_01730,373.881
OUT_01731,370.742
OUT_01732,336.678
OUT_01733,201.473
OUT_01734,360.658
OUT_01735,1058.582
OUT_01736,1938.066
OUT_01737,928.542
OUT_01738,322.31
OUT_01739,359.005
OUT_01740,969.118
OUT_01741,341.692
OUT_01742,371.284
OUT_01743,163.688
OUT_01744,145.095
OUT_01745,234.036
OUT_01746,413.775
OUT_01747,258.823
OUT_01748,167.337
OUT_01749,974.7
OUT_01750,175.384
OUT_01751,197.974
OUT_01752,262.409
OUT_01753,207.799
OUT_01754,353.058
OUT_01755,389.456
OUT_01756,377.67
OUT_01757,966.013
OUT_01758,1067.618
OUT_01759,182.77
OUT_01760,2005.366
OUT_01761,138.36
OUT_01762,127.506
OUT_01763,359.821
OUT_01764,169.449
OUT_01765,144.745
OUT_01766,893.723
OUT_01767,929.503
OUT_01768,368.954
OUT_01769,171.279
OUT_01770,342.881
OUT_01771,162.967
OUT_01772,380.214
OUT_01773,221.199
OUT_01774,390.792
OUT_01775,923.872
OUT_01776,170.427
OUT_01777,208.6
OUT_01778,375.788
OUT_01779,249.267
OUT_01780,390.684
OUT_01781,153.978
OUT_01782,2076.34
OUT_01783,141.959
OUT_01784,186.658
OUT_01785,1076.744
OUT_01786,251.758
OUT_01787,262.409
OUT_01788,334.069
OUT_01789,196.869
OUT_01790,163.594
OUT_01791,220.978
OUT_01792,251.758
OUT_01793,291.9
OUT_01794,399.085
OUT_01795,342.0
OUT_01796,271.389
OUT_01797,248.507
OUT_01798,372.784
OUT_01799,238.708
OUT_01800,328.921
OUT_01801,919.417
OUT_01802,972.787
OUT_01803,947.568
OUT_01804,405.032
OUT_01805,342.111
OUT_01806,1024.432
OUT_01807,180.853
OUT_01808,336.868
OUT_01809,348.296
OUT_01810,291.9
OUT_01811,234.165
OUT_01812,187.103
OUT_01813,430.112
OUT_01814,375.149
OUT_01815,234.374
OUT_01816,187.583
OUT_01817,232.708
OUT_01818,192.479
OUT_01819,196.106
OUT_01820,363.013
OUT_01821,2084.565
OUT_01822,181.294
OUT_01823,155.298
OUT_01824,221.599
OUT_01825,988.586
OUT_01826,1017.747
OUT_01827,979.83
OUT_01828,393.014
OUT_01829,267.304
OUT_01830,237.473
OUT_01831,248.691
OUT_01832,247.417
OUT_01833,150.899
OUT_01834,1014.357
OUT_01835,945.258
OUT_01836,249.165
OUT_01837,237.617
OUT_01838,300.139
OUT_01839,354.661
OUT_01840,247.514
OUT_01841,1989.453
OUT_01842,381.673
OUT_01843,180.364
OUT_01844,920.68
OUT_01845,177.763
OUT_01846,247.942
OUT_01847,980.44
OUT_01848,347.5
OUT_01849,159.577
OUT_01850,330.795
OUT_01851,937.42
OUT_01852,889.445
OUT_01853,401.282
OUT_01854,953.288
OUT_01855,285.018
OUT_01856,359.123
OUT_01857,161.194
OUT_01858,246.107
OUT_01859,155.345
OUT_01860,328.794
OUT_01861,370.149
OUT_01862,262.409
OUT_01863,336.411
OUT_01864,320.911
OUT_01865,198.545
OUT_01866,243.106
OUT_01867,243.901
OUT_01868,267.848
OUT_01869,2030.078
OUT_01870,223.574
OUT_01871,214.617
OUT_01872,320.23
OUT_01873,369.297
OUT_01874,251.758
OUT_01875,359.497
OUT_01876,369.773
OUT_01877,994.786
OUT_01878,981.922
OUT_01879,1975.244
OUT_01880,370.591
OUT_01881,161.194
OUT_01882,177.316
OUT_01883,213.223
OUT_01884,260.125
OUT_01885,392.765
OUT_01886,237.493
OUT_01887,972.817
OUT_01888,218.1
OUT_01889,301.934
OUT_01890,200.453
OUT_01891,962.032
OUT_01892,358.962
OUT_01893,249.332
OUT_01894,380.607
OUT_01895,192.892
OUT_01896,210.116
OUT_01897,981.788
OUT_01898,353.69
OUT_01899,946.863
OUT_01900,157.1
OUT_01901,2055.929
OUT_01902,147.838
OUT_01903,2102.735
OUT_01904,154.817
OUT_01905,266.755
OUT_01906,2034.368
OUT_01907,986.933
OUT_01908,873.603
OUT_01909,179.725
OUT_01910,225.567
OUT_01911,367.858
OUT_01912,240.071
OUT_01913,348.002
OUT_01914,173.448
OUT_01915,195.85
OUT_01916,251.758
OUT_01917,337.959
OUT_01918,224.308
OUT_01919,221.562
OUT_01920,249.881
OUT_01921,223.454
OUT_01922,202.194
OUT_01923,239.549
OUT_01924,280.264
OUT_01925,940.622
OUT_01926,938.306
OUT_01927,364.398
OUT_01928,988.539
OUT_01929,377.277
OUT_01930,251.758
OUT_01931,271.598
OUT_01932,339.961
OUT_01933,195.775
OUT_01934,227.042
OUT_01935,171.99
OUT_01936,251.758
OUT_01937,2040.547
OUT_01938,333.527
OUT_01939,354.462
OUT_01940,149.648
OUT_01941,351.155
OUT_01942,264.086
OUT_01943,285.009
OUT_01944,2035.546
OUT_01945,291.9
OUT_01946,372.964
OUT_01947,299.918
OUT_01948,386.07
OUT_01949,204.56
OUT_01950,200.597
OUT_01951,904.783
OUT_01952,177.974
OUT_01953,974.401
OUT_01954,501.037
OUT_01955,955.881
OUT_01956,214.921
OUT_01957,240.352
OUT_01958,381.155
OUT_01959,200.116
OUT_01960,156.861
OUT_01961,970.769
OUT_01962,217.01
OUT_01963,955.477
OUT_01964,251.758
OUT_01965,348.743
OUT_01966,157.465
OUT_01967,900.539
OUT_01968,303.256
OUT_01969,234.629
OUT_01970,2015.665
OUT_01971,386.926
OUT_01972,241.027
OUT_01973,158.175
OUT_01974,206.195
OUT_01975,389.056
OUT_01976,327.4
OUT_01977,198.118
OUT_01978,191.88
OUT_01979,445.975
OUT_01980,403.906
OUT_01981,356.481
OUT_01982,1026.195
OUT_01983,355.416
OUT_01984,918.598
OUT_01985,998.35
OUT_01986,256.648
OUT_01987,210.458
OUT_01988,348.491
OUT_01989,285.954
OUT_01990,175.595
OUT_01991,997.223
OUT_01992,381.156
OUT_01993,201.936
OUT_01994,337.937
OUT_01995,187.851
OUT_01996,918.842
OUT_01997,871.964
OUT_01998,226.35
OUT_01999,1005.49
OUT_02000,380.434
OUT_02001,262.409
OUT_02002,262.409
OUT_02003,253.925
OUT_02004,282.002
OUT_02005,277.4
OUT_02006,422.576
OUT_02007,314.284
OUT_02008,341.965
OUT_02009,373.502
OUT_02010,251.758
OUT_02011,143.676
OUT_02012,390.677
OUT_02013,160.332
OUT_02014,878.322
OUT_02015,239.176
OUT_02016,1516.727
OUT_02017,966.198
OUT_02018,309.524
OUT_02019,258.104
OUT_02020,192.665
OUT_02021,126.758
OUT_02022,2013.924
OUT_02023,154.926
OUT_02024,274.072
OUT_02025,2051.542
OUT_02026,414.847
OUT_02027,398.938
OUT_02028,333.361
OUT_02029,393.658
OUT_02030,372.36
OUT_02031,161.179
OUT_02032,394.544
OUT_02033,299.979
OUT_02034,2027.138
OUT_02035,159.089
OUT_02036,208.227
OUT_02037,233.567
OUT_02038,262.409
OUT_02039,254.937
OUT_02040,330.658
OUT_02041,245.39
OUT_02042,150.217
OUT_02043,268.463
OUT_02044,958.68
OUT_02045,306.763
OUT_02046,160.403
OUT_02047,1492.719
OUT_02048,247.285
OUT_02049,179.307
OUT_02050,241.962
OUT_02051,420.282
OUT_02052,137.713
OUT_02053,216.521
OUT_02054,870.036
OUT_02055,365.311
OUT_02056,2024.952
OUT_02057,379.694
OUT_02058,1037.142
OUT_02059,377.231
OUT_02060,194.396
OUT_02061,220.909
OUT_02062,251.758
OUT_02063,223.982
OUT_02064,205.575
OUT_02065,259.663
OUT_02066,981.389
OUT_02067,251.758
OUT_02068,952.511
OUT_02069,151.443
OUT_02070,231.999
OUT_02071,167.425
OUT_02072,998.166
OUT_02073,2031.576
OUT_02074,291.9
OUT_02075,262.409
OUT_02076,253.867
OUT_02077,271.832
OUT_02078,2071.441
OUT_02079,371.171
OUT_02080,299.979
OUT_02081,262.409
OUT_02082,195.261
OUT_02083,1977.004
OUT_02084,407.081
OUT_02085,903.559
OUT_02086,341.698
OUT_02087,425.273
OUT_02088,935.227
OUT_02089,133.528
OUT_02090,171.137
OUT_02091,193.132
OUT_02092,380.274
OUT_02093,210.692
OUT_02094,909.656
OUT_02095,337.239
OUT_02096,2080.906
OUT_02097,967.909
OUT_02098,396.485
OUT_02099,410.629
OUT_02100,241.873
OUT_02101,219.264
OUT_02102,226.87
OUT_02103,350.145
OUT_02104,398.678
OUT_02105,165.339
OUT_02106,250.54
OUT_02107,251.758
OUT_02108,140.321
OUT_02109,161.778
OUT_02110,224.728
OUT_02111,181.076
OUT_02112,241.104
OUT_02113,378.503
OUT_02114,348.315
OUT_02115,193.823
OUT_02116,251.758
OUT_02117,245.66
OUT_02118,370.807
OUT_02119,362.326
OUT_02120,172.167
OUT_02121,989.179
OUT_02122,178.849
OUT_02123,333.603
OUT_02124,387.216
OUT_02125,262.409
OUT_02126,134.499
OUT_02127,211.094
OUT_02128,883.507
OUT_02129,206.007
OUT_02130,264.278
OUT_02131,741.192
OUT_02132,368.276
OUT_02133,935.861
OUT_02134,327.808
OUT_02135,368.218
OUT_02136,919.19
OUT_02137,336.056
OUT_02138,1016.023
OUT_02139,1048.052
OUT_02140,141.93
OUT_02141,313.868
OUT_02142,201.536
OUT_02143,377.909
OUT_02144,247.252
OUT_02145,161.884
OUT_02146,1714.271
OUT_02147,368.462
OUT_02148,433.941
OUT_02149,199.359
OUT_02150,149.857
OUT_02151,398.559
OUT_02152,2415.169
OUT_02153,167.911
OUT_02154,262.409
OUT_02155,364.663
OUT_02156,195.433
OUT_02157,383.811
OUT_02158,267.434
OUT_02159,290.008
OUT_02160,173.621
OUT_02161,251.009
OUT_02162,333.878
OUT_02163,206.704
OUT_02164,392.232
OUT_02165,234.022
OUT_02166,278.272
OUT_02167,203.118
OUT_02168,243.604
OUT_02169,234.658
OUT_02170,212.424
OUT_02171,174.953
OUT_02172,331.091
OUT_02173,232.209
OUT_02174,159.917
OUT_02175,150.177
OUT_02176,2077.504
OUT_02177,375.149
OUT_02178,262.409
OUT_02179,376.133
OUT_02180,1991.721
OUT_02181,927.986
OUT_02182,178.223
OUT_02183,362.348
OUT_02184,338.732
OUT_02185,417.479
OUT_02186,209.318
OUT_02187,407.242
OUT_02188,208.327
OUT_02189,206.459
OUT_02190,2111.309
OUT_02191,377.393
OUT_02192,346.454
OUT_02193,415.431
OUT_02194,155.288
OUT_02195,166.978
OUT_02196,348.604
OUT_02197,158.326
OUT_02198,256.677
OUT_02199,155.21
OUT_02200,349.084
OUT_02201,995.114
OUT_02202,167.74
OUT_02203,1037.548
OUT_02204,390.991
OUT_02205,948.72
OUT_02206,169.378
OUT_02207,927.918
OUT_02208,152.637
OUT_02209,160.149
OUT_02210,142.257
OUT_02211,214.876
OUT_02212,390.221
OUT_02213,251.758
OUT_02214,262.409
OUT_02215,372.804
OUT_02216,386.631
OUT_02217,891.704
OUT_02218,406.268
OUT_02219,363.896
OUT_02220,203.919
OUT_02221,195.398
OUT_02222,205.86
OUT_02223,357.649
OUT_02224,352.057
OUT_02225,220.233
OUT_02226,393.675
OUT_02227,232.369
OUT_02228,329.451
OUT_02229,339.514
OUT_02230,404.154
OUT_02231,242.267
OUT_02232,212.833
OUT_02233,214.978
OUT_02234,372.185
OUT_02235,183.516
OUT_02236,1974.999
OUT_02237,237.793
OUT_02238,957.149
OUT_02239,218.749
OUT_02240,218.185
OUT_02241,178.215
OUT_02242,931.16
OUT_02243,924.264
OUT_02244,386.648
OUT_02245,262.409
OUT_02246,932.53
OUT_02247,262.409
OUT_02248,385.936
OUT_02249,346.032
OUT_02250,168.261
OUT_02251,229.808
OUT_02252,158.22
OUT_02253,347.713
OUT_02254,363.062
OUT_02255,370.239
OUT_02256,231.19
OUT_02257,393.279
OUT_02258,238.33
OUT_02259,251.758
OUT_02260,257.842
OUT_02261,194.055
OUT_02262,203.246
OUT_02263,343.566
OUT_02264,197.278
OUT_02265,215.44
OUT_02266,138.923
OUT_02267,1009.751
OUT_02268,226.869
OUT_02269,374.719
OUT_02270,153.592
OUT_02271,251.758
OUT_02272,361.776
OUT_02273,370.06
OUT_02274,280.072
OUT_02275,363.063
OUT_02276,254.095
OUT_02277,387.613
OUT_02278,244.152
OUT_02279,877.707
OUT_02280,376.206
OUT_02281,219.408
OUT_02282,252.857
OUT_02283,200.847
OUT_02284,404.679
OUT_02285,173.394
OUT_02286,826.033
OUT_02287,321.961
OUT_02288,393.893
OUT_02289,204.343
OUT_02290,218.316
OUT_02291,296.813
OUT_02292,166.426
OUT_02293,186.507
OUT_02294,161.196
OUT_02295,348.432
OUT_02296,312.199
OUT_02297,266.507
OUT_02298,975.738
OUT_02299,171.282
OUT_02300,251.758
OUT_02301,899.528
OUT_02302,227.774
OUT_02303,1014.291
OUT_02304,335.468
OUT_02305,356.919
OUT_02306,186.568
OUT_02307,210.67
OUT_02308,934.67
OUT_02309,251.758
OUT_02310,947.149
OUT_02311,360.016
OUT_02312,338.728
OUT_02313,384.589
OUT_02314,415.75
OUT_02315,200.676
OUT_02316,236.476
OUT_02317,227.397
OUT_02318,362.659
OUT_02319,238.916
OUT_02320,367.534
OUT_02321,191.307
OUT_02322,2031.746
OUT_02323,230.409
OUT_02324,474.058
OUT_02325,160.424
OUT_02326,262.409
OUT_02327,217.476
OUT_02328,217.276
OUT_02329,147.904
OUT_02330,291.9
OUT_02331,233.236
OUT_02332,337.35
OUT_02333,200.597
OUT_02334,973.659
OUT_02335,152.572
OUT_02336,208.908
OUT_02337,169.138
OUT_02338,218.686
OUT_02339,274.918
OUT_02340,157.932
OUT_02341,374.264
OUT_02342,196.646
OUT_02343,409.359
OUT_02344,882.47
OUT_02345,218.88
OUT_02346,934.739
OUT_02347,359.114
OUT_02348,185.919
OUT_02349,356.406
OUT_02350,359.545
OUT_02351,2003.519
OUT_02352,387.945
OUT_02353,409.082
OUT_02354,355.258
OUT_02355,411.506
OUT_02356,227.415
OUT_02357,233.074
OUT_02358,963.162
OUT_02359,183.575
OUT_02360,251.758
OUT_02361,345.789
OUT_02362,269.994
OUT_02363,187.555
OUT_02364,389.37
OUT_02365,412.593
OUT_02366,235.956
OUT_02367,219.512
OUT_02368,247.351
OUT_02369,916.722
OUT_02370,261.221
OUT_02371,1995.11
OUT_02372,180.142
OUT_02373,2077.045
OUT_02374,349.766
OUT_02375,330.377
OUT_02376,229.429
OUT_02377,141.261
OUT_02378,193.642
OUT_02379,363.143
OUT_02380,214.594
OUT_02381,251.758
OUT_02382,201.31
OUT_02383,2116.09
OUT_02384,344.605
OUT_02385,950.484
OUT_02386,821.07
OUT_02387,1017.142
OUT_02388,222.441
OUT_02389,156.687
OUT_02390,358.574
OUT_02391,331.331
OUT_02392,183.033
OUT_02393,261.986
OUT_02394,384.371
OUT_02395,221.874
OUT_02396,356.567
OUT_02397,159.928
OUT_02398,150.612
OUT_02399,906.115
OUT_02400,251.758
OUT_02401,2107.024
OUT_02402,214.634
OUT_02403,175.493
OUT_02404,989.409
OUT_02405,1022.678
OUT_02406,210.258
OUT_02407,321.026
OUT_02408,374.946
OUT_02409,368.92
OUT_02410,208.934
OUT_02411,171.888
OUT_02412,190.968
OUT_02413,224.641
OUT_02414,160.38
OUT_02415,981.399
OUT_02416,933.283
OUT_02417,159.509
OUT_02418,833.718
OUT_02419,424.439
OUT_02420,262.409
OUT_02421,262.409
OUT_02422,2053.193
OUT_02423,312.344
OUT_02424,230.581
OUT_02425,335.071
OUT_02426,144.245
OUT_02427,382.732
OUT_02428,340.256
OUT_02429,180.026
OUT_02430,362.037
OUT_02431,1956.658
OUT_02432,155.8
OUT_02433,209.317
OUT_02434,239.986
OUT_02435,221.031
OUT_02436,872.164
OUT_02437,2087.516
OUT_02438,159.082
OUT_02439,401.529
OUT_02440,237.771
OUT_02441,279.724
OUT_02442,303.962
OUT_02443,244.209
OUT_02444,988.436
OUT_02445,357.393
OUT_02446,378.924
OUT_02447,278.116
OUT_02448,140.005
OUT_02449,223.776
OUT_02450,256.783
OUT_02451,344.526
OUT_02452,1016.567
OUT_02453,160.958
OUT_02454,365.306
OUT_02455,153.022
OUT_02456,267.728
OUT_02457,414.12
OUT_02458,961.801
OUT_02459,2018.718
OUT_02460,340.389
OUT_02461,177.93
OUT_02462,241.082
OUT_02463,156.981
OUT_02464,222.733
OUT_02465,248.43
OUT_02466,208.41
OUT_02467,210.759
OUT_02468,254.48
OUT_02469,325.64
OUT_02470,363.86
OUT_02471,1971.456
OUT_02472,325.029
OUT_02473,171.536
OUT_02474,142.56
OUT_02475,2025.476
OUT_02476,202.045
OUT_02477,192.385
OUT_02478,233.344
OUT_02479,963.067
OUT_02480,262.409
OUT_02481,198.023
OUT_02482,971.184
OUT_02483,162.864
OUT_02484,417.668
OUT_02485,253.064
OUT_02486,294.386
OUT_02487,291.9
OUT_02488,291.9
OUT_02489,236.107
OUT_02490,346.708
OUT_02491,223.473
OUT_02492,351.07
OUT_02493,151.702
OUT_02494,366.844
OUT_02495,241.294
OUT_02496,353.869
OUT_02497,168.763
OUT_02498,937.953
OUT_02499,235.209
OUT_02500,305.133
OUT_02501,894.082
OUT_02502,339.742
OUT_02503,262.409
OUT_02504,274.727
OUT_02505,125.054
OUT_02506,240.302
OUT_02507,231.025
OUT_02508,232.082
OUT_02509,395.912
OUT_02510,345.204
OUT_02511,440.105
OUT_02512,323.279
OUT_02513,164.037
OUT_02514,949.477
OUT_02515,939.394
OUT_02516,824.0
OUT_02517,414.017
OUT_02518,247.652
OUT_02519,262.409
OUT_02520,427.344
OUT_02521,188.14
OUT_02522,401.846
OUT_02523,404.576
OUT_02524,1024.115
OUT_02525,987.774
OUT_02526,262.409
OUT_02527,382.836
OUT_02528,356.572
OUT_02529,192.013
OUT_02530,307.602
OUT_02531,436.321
OUT_02532,156.927
OUT_02533,257.724
OUT_02534,400.536
OUT_02535,182.461
OUT_02536,229.542
OUT_02537,127.272
OUT_02538,892.304
OUT_02539,239.841
OUT_02540,249.231
OUT_02541,949.569
OUT_02542,251.758
OUT_02543,367.609
OUT_02544,352.209
OUT_02545,355.118
OUT_02546,236.03
OUT_02547,169.515
OUT_02548,350.142
OUT_02549,395.994
OUT_02550,206.366
OUT_02551,237.931
OUT_02552,917.697
OUT_02553,262.409
OUT_02554,162.298
OUT_02555,370.428
OUT_02556,197.214
OUT_02557,225.424
OUT_02558,190.779
OUT_02559,254.229
OUT_02560,262.409
OUT_02561,185.155
OUT_02562,243.915
OUT_02563,304.965
OUT_02564,190.307
OUT_02565,358.214
OUT_02566,389.995
OUT_02567,200.74
OUT_02568,411.365
OUT_02569,226.719
OUT_02570,348.962
OUT_02571,368.649
OUT_02572,238.709
OUT_02573,181.201
OUT_02574,322.033
OUT_02575,196.803
OUT_02576,2064.215
OUT_02577,169.682
OUT_02578,921.513
OUT_02579,334.958
OUT_02580,241.746
OUT_02581,406.887
OUT_02582,2117.635
OUT_02583,241.094
OUT_02584,151.536
OUT_02585,246.21
OUT_02586,1966.03
OUT_02587,251.699
OUT_02588,210.621
OUT_02589,251.758
OUT_02590,388.795
OUT_02591,949.572
OUT_02592,360.301
OUT_02593,1003.491
OUT_02594,195.539
OUT_02595,156.383
OUT_02596,986.571
OUT_02597,914.92
OUT_02598,941.681
OUT_02599,2044.576
OUT_02600,413.214
OUT_02601,445.698
OUT_02602,202.022
OUT_02603,946.72
OUT_02604,203.909
OUT_02605,374.897
OUT_02606,857.927
OUT_02607,174.469
OUT_02608,371.89
OUT_02609,251.758
OUT_02610,375.487
OUT_02611,397.141
OUT_02612,359.123
OUT_02613,403.795
OUT_02614,226.519
OUT_02615,945.839
OUT_02616,958.448
OUT_02617,2104.548
OUT_02618,286.041
OUT_02619,345.873
OUT_02620,262.409
OUT_02621,355.362
OUT_02622,243.731
OUT_02623,223.167
OUT_02624,177.83
OUT_02625,403.23
OUT_02626,955.467
OUT_02627,209.868
OUT_02628,327.837
OUT_02629,173.356
OUT_02630,154.139
OUT_02631,192.837
OUT_02632,396.111
OUT_02633,163.667
OUT_02634,194.667
OUT_02635,202.063
OUT_02636,2046.419
OUT_02637,139.785
OUT_02638,358.469
OUT_02639,200.21
OUT_02640,387.231
OUT_02641,947.695
OUT_02642,240.656
OUT_02643,975.014
OUT_02644,325.796
OUT_02645,283.196
OUT_02646,240.325
OUT_02647,961.67
OUT_02648,189.757
OUT_02649,203.156
OUT_02650,386.738
OUT_02651,339.719
OUT_02652,153.009
OUT_02653,235.86
OUT_02654,946.101
OUT_02655,158.133
OUT_02656,262.409
OUT_02657,152.652
OUT_02658,142.582
OUT_02659,220.298
OUT_02660,248.676
OUT_02661,355.399
OUT_02662,291.9
OUT_02663,387.869
OUT_02664,962.931
OUT_02665,1012.751
OUT_02666,365.253
OUT_02667,262.409
OUT_02668,933.048
OUT_02669,241.362
OUT_02670,178.914
OUT_02671,188.194
OUT_02672,163.545
OUT_02673,299.979
OUT_02674,232.453
OUT_02675,184.698
OUT_02676,397.586
OUT_02677,141.857
OUT_02678,190.154
OUT_02679,251.758
OUT_02680,249.244
OUT_02681,196.577
OUT_02682,167.675
OUT_02683,209.488
OUT_02684,863.146
OUT_02685,214.214
OUT_02686,415.439
OUT_02687,244.169
OUT_02688,387.903
OUT_02689,196.816
OUT_02690,323.235
OUT_02691,924.984
OUT_02692,352.353
OUT_02693,171.126
OUT_02694,220.758
OUT_02695,236.736
OUT_02696,342.933
OUT_02697,405.914
OUT_02698,434.331
OUT_02699,430.757
OUT_02700,247.543
OUT_02701,859.701
OUT_02702,166.683
OUT_02703,363.075
OUT_02704,190.715
OUT_02705,195.594
OUT_02706,251.758
OUT_02707,218.002
OUT_02708,262.409
OUT_02709,251.758
OUT_02710,397.847
OUT_02711,189.535
OUT_02712,242.297
OUT_02713,210.84
OUT_02714,309.551
OUT_02715,262.409
OUT_02716,276.152
OUT_02717,966.968
OUT_02718,241.501
OUT_02719,186.536
OUT_02720,222.531
OUT_02721,2130.153
OUT_02722,316.552
OUT_02723,194.418
OUT_02724,265.223
OUT_02725,237.188
OUT_02726,200.675
OUT_02727,187.471
OUT_02728,954.316
OUT_02729,204.665
OUT_02730,159.854
OUT_02731,419.935
OUT_02732,192.162
OUT_02733,244.321
OUT_02734,917.768
OUT_02735,262.409
OUT_02736,373.014
OUT_02737,319.358
OUT_02738,190.409
OUT_02739,372.777
OUT_02740,443.148
OUT_02741,210.242
OUT_02742,168.954
OUT_02743,283.53
OUT_02744,370.369
OUT_02745,250.88
OUT_02746,389.274
OUT_02747,202.615
OUT_02748,262.409
OUT_02749,206.589
OUT_02750,251.758
OUT_02751,955.383
OUT_02752,283.034
OUT_02753,391.789
OUT_02754,262.409
OUT_02755,2137.9
OUT_02756,196.126
OUT_02757,245.836
OUT_02758,2104.496
OUT_02759,199.036
OUT_02760,1024.332
OUT_02761,238.006
OUT_02762,233.404
OUT_02763,184.015
OUT_02764,213.946
OUT_02765,912.146
OUT_02766,349.354
OUT_02767,339.447
OUT_02768,204.526
OUT_02769,226.218
OUT_02770,381.062
OUT_02771,183.477
OUT_02772,200.205
OUT_02773,337.466
OUT_02774,340.009
OUT_02775,395.346
OUT_02776,967.347
OUT_02777,213.799
OUT_02778,205.188
OUT_02779,161.704
OUT_02780,398.083
OUT_02781,337.78
OUT_02782,1013.1
OUT_02783,2055.018
OUT_02784,346.249
OUT_02785,214.961
OUT_02786,262.409
OUT_02787,140.78
OUT_02788,311.248
OUT_02789,262.409
OUT_02790,226.746
OUT_02791,408.244
OUT_02792,864.647
OUT_02793,335.625
OUT_02794,133.829
OUT_02795,149.127
OUT_02796,262.409
OUT_02797,414.729
OUT_02798,370.275
OUT_02799,220.698
OUT_02800,396.808
OUT_02801,251.758
OUT_02802,273.236
OUT_02803,239.195
OUT_02804,251.758
OUT_02805,171.274
OUT_02806,400.621
OUT_02807,359.396
OUT_02808,373.095
OUT_02809,230.178
OUT_02810,430.689
OUT_02811,269.661
OUT_02812,262.409
OUT_02813,287.498
OUT_02814,210.922
OUT_02815,187.619
OUT_02816,206.357
OUT_02817,355.059
OUT_02818,366.834
OUT_02819,387.684
OUT_02820,1004.139
OUT_02821,373.77
OUT_02822,206.669
OUT_02823,249.193
OUT_02824,421.184
OUT_02825,233.243
OUT_02826,244.352
OUT_02827,403.139
OUT_02828,262.409
OUT_02829,947.491
OUT_02830,312.776
OUT_02831,150.523
OUT_02832,964.227
OUT_02833,487.34
OUT_02834,343.939
OUT_02835,143.435
OUT_02836,2043.008
OUT_02837,181.211
OUT_02838,353.627
OUT_02839,162.232
OUT_02840,963.807
OUT_02841,2122.805
OUT_02842,369.132
OUT_02843,177.166
OUT_02844,229.437
OUT_02845,182.464
OUT_02846,351.18
OUT_02847,216.132
OUT_02848,171.26
OUT_02849,365.615
OUT_02850,200.597
OUT_02851,251.159
OUT_02852,338.327
OUT_02853,362.349
OUT_02854,2094.1
OUT_02855,265.273
OUT_02856,222.262
OUT_02857,334.264
OUT_02858,934.123
OUT_02859,251.758
OUT_02860,2115.431
OUT_02861,174.597
OUT_02862,216.213
OUT_02863,405.609
OUT_02864,340.382
OUT_02865,2043.016
OUT_02866,190.729
OUT_02867,251.758
OUT_02868,225.878
OUT_02869,216.233
OUT_02870,238.964
OUT_02871,268.114
OUT_02872,247.528
OUT_02873,358.145
OUT_02874,375.143
OUT_02875,336.817
OUT_02876,348.77
OUT_02877,240.227
OUT_02878,364.241
OUT_02879,251.758
OUT_02880,172.758
OUT_02881,218.889
OUT_02882,196.114
OUT_02883,2026.106
OUT_02884,175.951
OUT_02885,165.286
OUT_02886,158.971
OUT_02887,363.761
OUT_02888,262.409
OUT_02889,251.758
OUT_02890,926.079
OUT_02891,251.532
OUT_02892,2049.978
OUT_02893,179.453
OUT_02894,245.765
OUT_02895,986.958
OUT_02896,795.227
OUT_02897,374.902
OUT_02898,257.512
OUT_02899,178.031
OUT_02900,349.591
OUT_02901,372.242
OUT_02902,329.755
OUT_02903,231.604
OUT_02904,187.365
OUT_02905,179.919
OUT_02906,1002.399
OUT_02907,162.096
OUT_02908,185.043
OUT_02909,372.057
OUT_02910,334.928
OUT_02911,2000.21
OUT_02912,226.802
OUT_02913,397.499
OUT_02914,187.972
OUT_02915,236.606
OUT_02916,244.239
OUT_02917,239.54
OUT_02918,191.378
OUT_02919,980.104
OUT_02920,310.814
OUT_02921,251.758
OUT_02922,928.064
OUT_02923,409.6
OUT_02924,415.69
OUT_02925,355.312
OUT_02926,182.406
OUT_02927,272.375
OUT_02928,208.622
OUT_02929,201.606
OUT_02930,970.629
OUT_02931,137.389
OUT_02932,337.293
OUT_02933,246.43
OUT_02934,262.409
OUT_02935,227.113
OUT_02936,2109.315
OUT_02937,148.598
OUT_02938,179.357
OUT_02939,432.007
OUT_02940,154.878
OUT_02941,1993.782
OUT_02942,251.758
OUT_02943,259.84
OUT_02944,182.659
OUT_02945,186.555
OUT_02946,162.984
OUT_02947,178.093
OUT_02948,172.071
OUT_02949,361.502
OUT_02950,2773.934
OUT_02951,219.293
OUT_02952,354.805
OUT_02953,348.096
OUT_02954,364.816
OUT_02955,186.392
OUT_02956,1231.531
OUT_02957,140.967
OUT_02958,353.14
OUT_02959,366.172
OUT_02960,347.305
OUT_02961,262.038
OUT_02962,3004.816
OUT_02963,376.888
OUT_02964,2087.231
OUT_02965,262.409
OUT_02966,865.93
OUT_02967,166.172
OUT_02968,238.519
OUT_02969,970.007
OUT_02970,1003.352
OUT_02971,399.662
OUT_02972,410.733
OUT_02973,387.154
OUT_02974,784.188
OUT_02975,252.093
OUT_02976,192.18
OUT_02977,390.099
OUT_02978,392.059
OUT_02979,203.407
OUT_02980,214.176
OUT_02981,141.924
OUT_02982,167.419
OUT_02983,406.451
OUT_02984,175.557
OUT_02985,361.76
OUT_02986,401.013
OUT_02987,214.289
OUT_02988,228.175
OUT_02989,344.154
OUT_02990,366.395
OUT_02991,247.954
OUT_02992,190.14
OUT_02993,372.89
OUT_02994,851.314
OUT_02995,128.48
OUT_02996,948.648
OUT_02997,947.452
OUT_02998,222.898
OUT_02999,131.658
OUT_03000,334.773
OUT_03001,278.693
OUT_03002,357.838
OUT_03003,207.791
OUT_03004,939.297
OUT_03005,251.502
OUT_03006,317.5
OUT_03007,252.55
OUT_03008,262.409
OUT_03009,324.985
OUT_03010,198.654
OUT_03011,244.951
OUT_03012,242.018
OUT_03013,423.733
OUT_03014,339.776
OUT_03015,386.844
OUT_03016,199.603
OUT_03017,369.317
OUT_03018,962.529
OUT_03019,418.714
OUT_03020,1991.574
OUT_03021,882.521
OUT_03022,215.847
OUT_03023,171.997
OUT_03024,375.289
OUT_03025,284.897
OUT_03026,251.758
OUT_03027,240.482
OUT_03028,340.997
OUT_03029,242.61
OUT_03030,258.417
OUT_03031,356.413
OUT_03032,151.1
OUT_03033,244.667
OUT_03034,211.677
OUT_03035,145.527
OUT_03036,948.251
OUT_03037,1983.722
OUT_03038,840.425
OUT_03039,401.311
OUT_03040,856.687
OUT_03041,360.976
OUT_03042,161.278
OUT_03043,409.481
OUT_03044,251.758
OUT_03045,200.039
OUT_03046,193.325
OUT_03047,248.511
OUT_03048,355.774
OUT_03049,262.409
OUT_03050,178.843
OUT_03051,262.409
OUT_03052,1014.637
OUT_03053,409.462
OUT_03054,262.409
OUT_03055,382.743
OUT_03056,890.993
OUT_03057,160.714
OUT_03058,152.719
OUT_03059,390.536
OUT_03060,269.196
OUT_03061,998.539
OUT_03062,183.054
OUT_03063,193.381
OUT_03064,2038.655
OUT_03065,2089.409
OUT_03066,223.042
OUT_03067,186.428
OUT_03068,260.534
OUT_03069,294.842
OUT_03070,979.889
OUT_03071,171.44
OUT_03072,352.897
OUT_03073,204.383
OUT_03074,403.57
OUT_03075,2023.748
OUT_03076,437.047
OUT_03077,2016.934
OUT_03078,2010.233
OUT_03079,177.355
OUT_03080,201.756
OUT_03081,329.969
OUT_03082,210.176
OUT_03083,262.409
OUT_03084,993.585
OUT_03085,259.91
OUT_03086,251.758
OUT_03087,181.331
OUT_03088,915.295
OUT_03089,387.566
OUT_03090,320.375
OUT_03091,251.758
OUT_03092,227.992
OUT_03093,1030.723
OUT_03094,235.726
OUT_03095,251.758
OUT_03096,262.409
OUT_03097,1050.481
OUT_03098,262.409
OUT_03099,843.171
OUT_03100,136.718
OUT_03101,143.991
OUT_03102,396.784
OUT_03103,433.096
OUT_03104,251.758
OUT_03105,238.372
OUT_03106,185.494
OUT_03107,138.116
OUT_03108,149.907
OUT_03109,241.837
OUT_03110,197.924
OUT_03111,165.465
OUT_03112,316.483
OUT_03113,382.939
OUT_03114,163.978
OUT_03115,237.219
OUT_03116,310.47
OUT_03117,251.758
OUT_03118,180.132
OUT_03119,205.533
OUT_03120,132.267
OUT_03121,216.965
OUT_03122,231.233
OUT_03123,271.278
OUT_03124,211.998
OUT_03125,419.499
OUT_03126,192.038
OUT_03127,243.286
OUT_03128,129.106
OUT_03129,923.047
OUT_03130,179.928
OUT_03131,2002.331
OUT_03132,254.643
OUT_03133,243.778
OUT_03134,1003.409
OUT_03135,185.678
OUT_03136,338.52
OUT_03137,253.479
OUT_03138,262.409
OUT_03139,329.264
OUT_03140,208.716
OUT_03141,229.083
OUT_03142,344.049
OUT_03143,251.758
OUT_03144,245.39
OUT_03145,243.601
OUT_03146,364.172
OUT_03147,385.499
OUT_03148,2111.271
OUT_03149,138.209
OUT_03150,307.522
OUT_03151,149.012
OUT_03152,212.058
OUT_03153,363.982
OUT_03154,913.75
OUT_03155,380.395
OUT_03156,373.058
OUT_03157,946.886
OUT_03158,179.153
OUT_03159,212.738
OUT_03160,377.918
OUT_03161,356.168
OUT_03162,188.602
OUT_03163,225.756
OUT_03164,936.371
OUT_03165,351.03
OUT_03166,216.167
OUT_03167,2031.893
OUT_03168,144.646
OUT_03169,236.861
OUT_03170,393.258
OUT_03171,376.662
OUT_03172,291.9
OUT_03173,187.474
OUT_03174,233.156
OUT_03175,331.225
OUT_03176,232.605
OUT_03177,206.444
OUT_03178,251.758
OUT_03179,353.579
OUT_03180,247.689
OUT_03181,167.334
OUT_03182,291.9
OUT_03183,964.406
OUT_03184,381.213
OUT_03185,165.431
OUT_03186,369.815
OUT_03187,189.765
OUT_03188,269.744
OUT_03189,346.122
OUT_03190,167.509
OUT_03191,940.375
OUT_03192,163.398
OUT_03193,269.134
OUT_03194,395.943
OUT_03195,185.951
OUT_03196,389.327
OUT_03197,165.45
OUT_03198,167.788
OUT_03199,336.847
OUT_03200,346.591
OUT_03201,347.759
OUT_03202,229.412
OUT_03203,198.064
OUT_03204,380.973
OUT_03205,129.99
OUT_03206,403.544
OUT_03207,247.424
OUT_03208,2018.351
OUT_03209,251.758
OUT_03210,248.93
OUT_03211,324.491
OUT_03212,138.761
OUT_03213,361.027
OUT_03214,387.547
OUT_03215,375.582
OUT_03216,256.1
OUT_03217,382.522
OUT_03218,317.15
OUT_03219,230.722
OUT_03220,350.245
OUT_03221,387.939
OUT_03222,317.589
OUT_03223,234.708
OUT_03224,409.925
OUT_03225,262.409
OUT_03226,218.403
OUT_03227,344.707
OUT_03228,1955.132
OUT_03229,2204.091
OUT_03230,165.118
OUT_03231,433.095
OUT_03232,269.899
OUT_03233,887.058
OUT_03234,308.007
OUT_03235,168.457
OUT_03236,154.386
OUT_03237,262.409
OUT_03238,152.27
OUT_03239,171.966
OUT_03240,340.62
OUT_03241,271.052
OUT_03242,890.862
OUT_03243,272.982
OUT_03244,257.583
OUT_03245,318.521
OUT_03246,274.018
OUT_03247,260.791
OUT_03248,348.34
OUT_03249,248.649
OUT_03250,177.867
OUT_03251,963.088
OUT_03252,972.254
OUT_03253,182.81
OUT_03254,213.119
OUT_03255,334.49
OUT_03256,369.178
OUT_03257,194.485
OUT_03258,429.819
OUT_03259,309.461
OUT_03260,942.017
OUT_03261,273.461
OUT_03262,367.915
OUT_03263,212.667
OUT_03264,1990.03
OUT_03265,329.544
OUT_03266,252.562
OUT_03267,198.507
OUT_03268,400.967
OUT_03269,348.297
OUT_03270,239.193
OUT_03271,874.949
OUT_03272,380.787
OUT_03273,907.252
OUT_03274,2018.141
OUT_03275,191.984
OUT_03276,249.553
OUT_03277,178.01
OUT_03278,189.771
OUT_03279,177.417
OUT_03280,160.497
OUT_03281,2030.017
OUT_03282,356.789
OUT_03283,917.547
OUT_03284,141.048
OUT_03285,291.9
OUT_03286,169.69
OUT_03287,1964.529
OUT_03288,424.929
OUT_03289,291.159
OUT_03290,166.049
OUT_03291,161.108
OUT_03292,226.808
OUT_03293,350.722
OUT_03294,213.289
OUT_03295,187.136
OUT_03296,2009.396
OUT_03297,983.037
OUT_03298,173.126
OUT_03299,341.784
OUT_03300,316.691
OUT_03301,342.731
OUT_03302,964.2
OUT_03303,170.383
OUT_03304,184.323
OUT_03305,197.319
OUT_03306,229.169
OUT_03307,270.213
OUT_03308,430.52
OUT_03309,251.758
OUT_03310,153.509
OUT_03311,213.995
OUT_03312,976.326
OUT_03313,274.542
OUT_03314,276.914
OUT_03315,2002.801
OUT_03316,1024.149
OUT_03317,218.967
OUT_03318,255.465
OUT_03319,374.68
OUT_03320,206.29
OUT_03321,314.442
OUT_03322,387.818
OUT_03323,367.721
OUT_03324,927.475
OUT_03325,2066.326
OUT_03326,235.671
OUT_03327,912.209
OUT_03328,947.853
OUT_03329,409.328
OUT_03330,1931.037
OUT_03331,174.252
OUT_03332,180.268
OUT_03333,967.297
OUT_03334,984.508
OUT_03335,375.842
OUT_03336,367.32
OUT_03337,326.417
OUT_03338,158.977
OUT_03339,177.495
OUT_03340,371.093
OUT_03341,998.13
OUT_03342,142.877
OUT_03343,189.653
OUT_03344,946.945
OUT_03345,887.684
OUT_03346,2008.723
OUT_03347,163.385
OUT_03348,230.078
OUT_03349,400.11
OUT_03350,358.869
OUT_03351,262.409
OUT_03352,363.691
OUT_03353,2086.333
OUT_03354,262.409
OUT_03355,189.877
OUT_03356,226.573
OUT_03357,288.642
OUT_03358,2012.091
OUT_03359,905.85
OUT_03360,253.922
OUT_03361,384.607
OUT_03362,248.755
OUT_03363,258.047
OUT_03364,265.392
OUT_03365,279.282
OUT_03366,360.403
OUT_03367,408.268
OUT_03368,915.301
OUT_03369,165.252
OUT_03370,398.454
OUT_03371,333.239
OUT_03372,243.616
OUT_03373,371.062
OUT_03374,256.564
OUT_03375,163.8
OUT_03376,235.917
OUT_03377,350.872
OUT_03378,188.863
OUT_03379,443.034
OUT_03380,195.0
OUT_03381,2234.176
OUT_03382,161.403
OUT_03383,858.724
OUT_03384,168.412
OUT_03385,174.98
OUT_03386,213.349
OUT_03387,931.513
OUT_03388,807.503
OUT_03389,212.613
OUT_03390,229.693
OUT_03391,999.709
OUT_03392,179.735
OUT_03393,359.645
OUT_03394,189.785
OUT_03395,887.66
OUT_03396,321.755
OUT_03397,152.413
OUT_03398,247.098
OUT_03399,284.25
OUT_03400,404.802
OUT_03401,342.484
OUT_03402,2138.118
OUT_03403,153.345
OUT_03404,208.874
OUT_03405,152.694
OUT_03406,915.885
OUT_03407,385.058
OUT_03408,221.159
OUT_03409,367.891
OUT_03410,209.737
OUT_03411,2001.963
OUT_03412,262.409
OUT_03413,964.778
OUT_03414,1003.986
OUT_03415,1983.664
OUT_03416,252.036
OUT_03417,173.924
OUT_03418,992.832
OUT_03419,219.898
OUT_03420,175.761
OUT_03421,262.428
OUT_03422,159.718
OUT_03423,965.597
OUT_03424,971.998
OUT_03425,343.085
OUT_03426,261.021
OUT_03427,278.833
OUT_03428,210.218
OUT_03429,164.108
OUT_03430,356.675
OUT_03431,233.258
OUT_03432,251.758
OUT_03433,251.758
OUT_03434,311.331
OUT_03435,179.812
OUT_03436,882.272
OUT_03437,246.729
OUT_03438,405.769
OUT_03439,351.697
OUT_03440,215.173
OUT_03441,172.552
OUT_03442,347.855
OUT_03443,930.248
OUT_03444,979.232
OUT_03445,333.814
OUT_03446,910.896
OUT_03447,211.278
OUT_03448,353.016
OUT_03449,234.604
OUT_03450,354.867
OUT_03451,974.136
OUT_03452,196.824
OUT_03453,409.437
OUT_03454,181.042
OUT_03455,218.728
OUT_03456,221.512
OUT_03457,395.759
OUT_03458,2017.668
OUT_03459,175.721
OUT_03460,262.409
OUT_03461,204.468
OUT_03462,142.542
OUT_03463,251.758
OUT_03464,177.018
OUT_03465,392.337
OUT_03466,330.082
OUT_03467,959.318
OUT_03468,304.811
OUT_03469,211.267
OUT_03470,240.734
OUT_03471,177.848
OUT_03472,216.157
OUT_03473,247.595
OUT_03474,168.12
OUT_03475,285.785
OUT_03476,344.667
OUT_03477,386.563
OUT_03478,171.42
OUT_03479,198.556
OUT_03480,373.672
OUT_03481,151.921
OUT_03482,816.983
OUT_03483,232.887
OUT_03484,2159.289
OUT_03485,238.516
OUT_03486,234.211
OUT_03487,205.077
OUT_03488,235.826
OUT_03489,428.832
OUT_03490,212.927
OUT_03491,323.873
OUT_03492,974.016
OUT_03493,2049.053
OUT_03494,406.523
OUT_03495,217.603
OUT_03496,239.84
OUT_03497,384.664
OUT_03498,307.165
OUT_03499,394.945
OUT_03500,229.952
OUT_03501,388.988
OUT_03502,217.893
OUT_03503,354.739
OUT_03504,202.516
OUT_03505,315.735
OUT_03506,317.019
OUT_03507,243.158
OUT_03508,975.949
OUT_03509,209.192
OUT_03510,210.833
OUT_03511,232.389
OUT_03512,251.758
OUT_03513,989.56
OUT_03514,231.129
OUT_03515,233.334
OUT_03516,222.576
OUT_03517,198.709
OUT_03518,285.133
OUT_03519,982.489
OUT_03520,227.176
OUT_03521,377.464
OUT_03522,201.338
OUT_03523,253.032
OUT_03524,392.003
OUT_03525,251.758
OUT_03526,224.817
OUT_03527,282.142
OUT_03528,254.918
OUT_03529,404.154
OUT_03530,195.603
OUT_03531,336.311
OUT_03532,199.473
OUT_03533,983.655
OUT_03534,419.538
OUT_03535,240.687
OUT_03536,220.003
OUT_03537,342.9
OUT_03538,167.353
OUT_03539,224.285
OUT_03540,226.072
OUT_03541,414.442
OUT_03542,403.931
OUT_03543,166.532
OUT_03544,275.777
OUT_03545,367.257
OUT_03546,208.515
OUT_03547,376.684
OUT_03548,123.011
OUT_03549,2029.211
OUT_03550,321.915
OUT_03551,996.141
OUT_03552,376.635
OUT_03553,196.785
OUT_03554,360.39
OUT_03555,899.626
OUT_03556,2038.351
OUT_03557,183.646
OUT_03558,379.862
OUT_03559,2111.412
OUT_03560,367.874
OUT_03561,359.868
OUT_03562,167.829
OUT_03563,352.177
OUT_03564,348.241
OUT_03565,313.631
OUT_03566,183.01
OUT_03567,434.485
OUT_03568,242.703
OUT_03569,946.804
OUT_03570,2002.183
OUT_03571,1011.582
OUT_03572,929.529
OUT_03573,157.497
OUT_03574,404.956
OUT_03575,902.943
OUT_03576,186.099
OUT_03577,2094.67
OUT_03578,392.912
OUT_03579,924.875
OUT_03580,291.314
OUT_03581,154.181
OUT_03582,386.879
OUT_03583,209.927
OUT_03584,164.284
OUT_03585,179.638
OUT_03586,172.271
OUT_03587,366.056
OUT_03588,188.076
OUT_03589,236.157
OUT_03590,251.758
OUT_03591,1958.693
OUT_03592,227.191
OUT_03593,176.578
OUT_03594,362.994
OUT_03595,357.025
OUT_03596,389.292
OUT_03597,973.623
OUT_03598,1040.883
OUT_03599,183.817
OUT_03600,140.12
OUT_03601,319.402
OUT_03602,349.874
OUT_03603,197.631
OUT_03604,369.646
OUT_03605,198.287
OUT_03606,1075.833
OUT_03607,302.062
OUT_03608,227.048
OUT_03609,194.897
OUT_03610,219.715
OUT_03611,192.541
OUT_03612,129.85
OUT_03613,172.534
OUT_03614,161.658
OUT_03615,948.794
OUT_03616,990.467
OUT_03617,211.024
OUT_03618,181.764
OUT_03619,325.152
OUT_03620,369.494
OUT_03621,179.776
OUT_03622,935.881
OUT_03623,349.631
OUT_03624,251.593
OUT_03625,212.4
OUT_03626,222.102
OUT_03627,262.409
OUT_03628,203.647
OUT_03629,967.744
OUT_03630,377.923
OUT_03631,1013.987
OUT_03632,224.898
OUT_03633,267.159
OUT_03634,1003.801
OUT_03635,2346.094
OUT_03636,187.393
OUT_03637,360.824
OUT_03638,240.281
OUT_03639,242.619
OUT_03640,189.714
OUT_03641,388.749
OUT_03642,251.758
OUT_03643,423.691
OUT_03644,970.247
OUT_03645,380.169
OUT_03646,165.041
OUT_03647,228.408
OUT_03648,349.414
OUT_03649,317.678
OUT_03650,236.28
OUT_03651,1436.552
OUT_03652,193.081
OUT_03653,2080.671
OUT_03654,203.146
OUT_03655,351.399
OUT_03656,142.297
OUT_03657,251.758
OUT_03658,211.744
OUT_03659,166.555
OUT_03660,180.347
OUT_03661,262.409
OUT_03662,196.685
OUT_03663,299.836
OUT_03664,330.658
OUT_03665,995.957
OUT_03666,224.093
OUT_03667,964.189
OUT_03668,411.728
OUT_03669,926.015
OUT_03670,218.728
OUT_03671,380.174
OUT_03672,221.621
OUT_03673,184.484
OUT_03674,350.374
OUT_03675,205.435
OUT_03676,2018.995
OUT_03677,262.409
OUT_03678,346.651
OUT_03679,147.553
OUT_03680,2057.732
OUT_03681,248.106
OUT_03682,196.69
OUT_03683,157.689
OUT_03684,155.12
OUT_03685,263.753
OUT_03686,2086.036
OUT_03687,226.174
OUT_03688,216.781
OUT_03689,176.124
OUT_03690,201.682
OUT_03691,173.188
OUT_03692,166.534
OUT_03693,159.031
OUT_03694,187.704
OUT_03695,386.364
OUT_03696,230.959
OUT_03697,350.672
OUT_03698,396.029
OUT_03699,955.03
OUT_03700,373.437
OUT_03701,1016.909
OUT_03702,213.097
OUT_03703,347.948
OUT_03704,354.751
OUT_03705,215.76
OUT_03706,239.045
OUT_03707,222.527
OUT_03708,257.904
OUT_03709,829.007
OUT_03710,349.675
OUT_03711,174.18
OUT_03712,218.623
OUT_03713,251.758
OUT_03714,373.106
OUT_03715,398.15
OUT_03716,251.758
OUT_03717,227.132
OUT_03718,356.236
OUT_03719,2058.901
OUT_03720,247.22
OUT_03721,355.498
OUT_03722,262.409
OUT_03723,973.198
OUT_03724,2008.545
OUT_03725,139.213
OUT_03726,339.329
OUT_03727,177.926
OUT_03728,244.076
OUT_03729,373.829
OUT_03730,330.735
OUT_03731,350.79
OUT_03732,215.801
OUT_03733,251.758
OUT_03734,396.81
OUT_03735,327.659
OUT_03736,449.969
OUT_03737,162.422
OUT_03738,397.291
OUT_03739,971.779
OUT_03740,213.641
OUT_03741,2060.781
OUT_03742,186.232
OUT_03743,319.977
OUT_03744,232.27
OUT_03745,262.409
OUT_03746,359.115
OUT_03747,224.881
OUT_03748,336.181
OUT_03749,262.522
OUT_03750,171.065
OUT_03751,221.67
OUT_03752,231.839
OUT_03753,283.663
OUT_03754,976.07
OUT_03755,220.578
OUT_03756,351.367
OUT_03757,1969.264
OUT_03758,253.922
OUT_03759,223.428
OUT_03760,348.927
OUT_03761,151.495
OUT_03762,382.363
OUT_03763,217.894
OUT_03764,918.171
OUT_03765,159.123
OUT_03766,2023.596
OUT_03767,379.918
OUT_03768,136.077
OUT_03769,370.826
OUT_03770,405.221
OUT_03771,328.03
OUT_03772,899.96
OUT_03773,936.225
OUT_03774,145.296
OUT_03775,258.149
OUT_03776,203.536
OUT_03777,249.385
OUT_03778,183.131
OUT_03779,204.066
OUT_03780,174.522
OUT_03781,411.461
OUT_03782,354.788
OUT_03783,221.059
OUT_03784,242.93
OUT_03785,204.769
OUT_03786,2286.37
OUT_03787,414.115
OUT_03788,199.482
OUT_03789,386.815
OUT_03790,235.076
OUT_03791,965.835
OUT_03792,363.678
OUT_03793,179.577
OUT_03794,179.927
OUT_03795,354.286
OUT_03796,1038.714
OUT_03797,163.172
OUT_03798,379.365
OUT_03799,389.454
OUT_03800,918.793
OUT_03801,313.198
OUT_03802,378.261
OUT_03803,916.354
OUT_03804,346.694
OUT_03805,232.298
OUT_03806,218.074
OUT_03807,251.758
OUT_03808,291.9
OUT_03809,214.839
OUT_03810,273.52
OUT_03811,250.863
OUT_03812,158.552
OUT_03813,210.921
OUT_03814,2070.637
OUT_03815,955.583
OUT_03816,270.628
OUT_03817,234.79
OUT_03818,159.686
OUT_03819,348.903
OUT_03820,181.966
OUT_03821,153.894
OUT_03822,260.033
OUT_03823,328.521
OUT_03824,1034.233
OUT_03825,344.369
OUT_03826,176.537
OUT_03827,262.409
OUT_03828,882.847
OUT_03829,1990.84
OUT_03830,206.704
OUT_03831,498.599
OUT_03832,360.723
OUT_03833,969.707
OUT_03834,197.277
OUT_03835,260.992
OUT_03836,165.023
OUT_03837,176.497
OUT_03838,165.558
OUT_03839,157.244
OUT_03840,996.204
OUT_03841,951.694
OUT_03842,380.499
OUT_03843,381.815
OUT_03844,997.933
OUT_03845,276.912
OUT_03846,431.873
OUT_03847,1054.879
OUT_03848,388.246
OUT_03849,924.76
OUT_03850,897.602
OUT_03851,184.302
OUT_03852,169.078
OUT_03853,244.272
OUT_03854,198.755
OUT_03855,262.263
OUT_03856,346.597
OUT_03857,155.431
OUT_03858,257.914
OUT_03859,257.669
OUT_03860,413.375
OUT_03861,948.108
OUT_03862,194.355
OUT_03863,894.799
OUT_03864,793.573
OUT_03865,151.859
OUT_03866,2145.463
OUT_03867,204.555
OUT_03868,134.738
OUT_03869,358.862
OUT_03870,163.903
OUT_03871,197.57
OUT_03872,189.879
OUT_03873,434.883
OUT_03874,176.234
OUT_03875,359.224
OUT_03876,1009.659
OUT_03877,351.053
OUT_03878,960.773
OUT_03879,182.095
OUT_03880,251.543
OUT_03881,217.738
OUT_03882,205.218
OUT_03883,161.978
OUT_03884,225.466
OUT_03885,2170.544
OUT_03886,323.331
OUT_03887,216.13
OUT_03888,173.512
OUT_03889,404.426
OUT_03890,992.367
OUT_03891,323.581
OUT_03892,187.664
OUT_03893,989.613
OUT_03894,262.409
OUT_03895,944.413
OUT_03896,201.929
OUT_03897,373.796
OUT_03898,381.084
OUT_03899,354.866
OUT_03900,885.563
OUT_03901,164.132
OUT_03902,967.761
OUT_03903,262.212
OUT_03904,177.587
OUT_03905,411.535
OUT_03906,917.436
OUT_03907,298.482
OUT_03908,182.91
OUT_03909,336.454
OUT_03910,963.897
OUT_03911,2037.201
OUT_03912,177.217
OUT_03913,157.625
OUT_03914,142.591
OUT_03915,278.175
OUT_03916,939.472
OUT_03917,252.711
OUT_03918,927.638
OUT_03919,230.137
OUT_03920,897.63
OUT_03921,159.685
OUT_03922,369.329
OUT_03923,2040.241
OUT_03924,207.379
OUT_03925,251.758
OUT_03926,888.347
OUT_03927,930.963
OUT_03928,2038.793
OUT_03929,242.148
OUT_03930,318.558
OUT_03931,371.695
OUT_03932,394.445
OUT_03933,258.848
OUT_03934,377.595
OUT_03935,367.392
OUT_03936,158.542
OUT_03937,360.688
OUT_03938,165.608
OUT_03939,966.535
OUT_03940,322.187
OUT_03941,242.622
OUT_03942,390.289
OUT_03943,224.679
OUT_03944,1972.919
OUT_03945,242.836
OUT_03946,262.409
OUT_03947,369.822
OUT_03948,251.758
OUT_03949,168.162
OUT_03950,180.583
OUT_03951,251.758
OUT_03952,240.487
OUT_03953,391.472
OUT_03954,2048.746
OUT_03955,342.66
OUT_03956,180.969
OUT_03957,2020.317
OUT_03958,392.335
OUT_03959,2043.935
OUT_03960,866.409
OUT_03961,251.758
OUT_03962,299.736
OUT_03963,387.259
OUT_03964,377.757
OUT_03965,1140.345
OUT_03966,197.07
OUT_03967,2017.016
OUT_03968,252.654
OUT_03969,213.794
OUT_03970,207.32
OUT_03971,252.747
OUT_03972,832.63
OUT_03973,267.409
OUT_03974,379.333
OUT_03975,432.521
OUT_03976,220.835
OUT_03977,245.102
OUT_03978,251.758
OUT_03979,350.676
OUT_03980,1004.794
OUT_03981,355.709
OUT_03982,934.547
OUT_03983,2134.388
OUT_03984,232.203
OUT_03985,363.578
OUT_03986,1013.558
OUT_03987,199.698
OUT_03988,915.355
OUT_03989,263.344
OUT_03990,177.872
OUT_03991,891.154
OUT_03992,359.283
OUT_03993,383.725
OUT_03994,980.609
OUT_03995,145.794
OUT_03996,263.435
OUT_03997,338.209
OUT_03998,184.062
OUT_03999,2043.864
OUT_04000,185.76
OUT_04001,278.776
OUT_04002,251.758
OUT_04003,184.746
OUT_04004,233.876
OUT_04005,963.9
OUT_04006,362.834
OUT_04007,333.618
OUT_04008,217.611
OUT_04009,935.111
OUT_04010,256.603
OUT_04011,320.262
OUT_04012,208.504
OUT_04013,976.616
OUT_04014,268.016
OUT_04015,217.937
OUT_04016,189.53
OUT_04017,408.671
OUT_04018,353.234
OUT_04019,236.081
OUT_04020,229.052
OUT_04021,939.438
OUT_04022,182.303
OUT_04023,353.075
OUT_04024,254.887
OUT_04025,387.657
OUT_04026,1010.34
OUT_04027,2049.417
OUT_04028,230.442
OUT_04029,194.752
OUT_04030,145.899
OUT_04031,306.463
OUT_04032,405.289
OUT_04033,402.764
OUT_04034,359.26
OUT_04035,264.267
OUT_04036,262.409
OUT_04037,295.363
OUT_04038,228.275
OUT_04039,355.116
OUT_04040,242.021
OUT_04041,262.409
OUT_04042,253.04
OUT_04043,251.758
OUT_04044,945.338
OUT_04045,411.096
OUT_04046,321.368
OUT_04047,238.346
OUT_04048,1035.093
OUT_04049,227.673
OUT_04050,918.106
OUT_04051,223.136
OUT_04052,899.819
OUT_04053,153.705
OUT_04054,164.441
OUT_04055,229.948
OUT_04056,2011.594
OUT_04057,370.282
OUT_04058,169.268
OUT_04059,967.93
OUT_04060,318.219
OUT_04061,964.407
OUT_04062,975.709
OUT_04063,941.992
OUT_04064,986.309
OUT_04065,249.926
OUT_04066,291.9
OUT_04067,346.465
OUT_04068,848.409
OUT_04069,367.196
OUT_04070,371.151
OUT_04071,992.269
OUT_04072,227.983
OUT_04073,264.718
OUT_04074,139.522
OUT_04075,314.163
OUT_04076,419.311
OUT_04077,212.033
OUT_04078,173.71
OUT_04079,171.379
OUT_04080,312.258
OUT_04081,205.134
OUT_04082,243.218
OUT_04083,345.464
OUT_04084,220.25
OUT_04085,223.452
OUT_04086,190.991
OUT_04087,395.969
OUT_04088,399.189
OUT_04089,259.474
OUT_04090,388.452
OUT_04091,257.548
OUT_04092,430.214
OUT_04093,237.122
OUT_04094,314.142
OUT_04095,164.749
OUT_04096,251.758
OUT_04097,936.211
OUT_04098,364.82
OUT_04099,374.489
OUT_04100,256.21
OUT_04101,273.113
OUT_04102,921.259
OUT_04103,195.249
OUT_04104,211.796
OUT_04105,323.534
OUT_04106,354.857
OUT_04107,366.653
OUT_04108,997.12
OUT_04109,249.58
OUT_04110,388.999
OUT_04111,926.332
OUT_04112,237.602
OUT_04113,201.51
OUT_04114,304.251
OUT_04115,363.727
OUT_04116,187.722
OUT_04117,198.711
OUT_04118,169.144
OUT_04119,939.056
OUT_04120,2024.568
OUT_04121,377.386
OUT_04122,348.35
OUT_04123,349.791
OUT_04124,196.937
OUT_04125,180.822
OUT_04126,324.191
OUT_04127,164.842
OUT_04128,1970.717
OUT_04129,241.253
OUT_04130,207.252
OUT_04131,1002.147
OUT_04132,286.115
OUT_04133,355.569
OUT_04134,262.409
OUT_04135,355.909
OUT_04136,2115.899
OUT_04137,352.704
OUT_04138,238.883
OUT_04139,920.633
OUT_04140,238.168
OUT_04141,251.758
OUT_04142,958.391
OUT_04143,983.735
OUT_04144,160.926
OUT_04145,220.424
OUT_04146,241.411
OUT_04147,205.911
OUT_04148,150.043
OUT_04149,187.54
OUT_04150,345.064
OUT_04151,359.468
OUT_04152,251.758
OUT_04153,213.678
OUT_04154,961.957
OUT_04155,882.498
OUT_04156,190.605
OUT_04157,179.058
OUT_04158,219.834
OUT_04159,251.758
OUT_04160,291.9
OUT_04161,2050.938
OUT_04162,191.28
OUT_04163,142.1
OUT_04164,129.928
OUT_04165,908.01
OUT_04166,178.072
OUT_04167,242.375
OUT_04168,184.311
OUT_04169,261.669
OUT_04170,354.688
OUT_04171,2127.514
OUT_04172,262.409
OUT_04173,311.855
OUT_04174,1006.666
OUT_04175,241.834
OUT_04176,339.681
OUT_04177,251.758
OUT_04178,197.96
OUT_04179,209.914
OUT_04180,342.702
OUT_04181,354.48
OUT_04182,242.925
OUT_04183,186.726
OUT_04184,257.119
OUT_04185,292.401
OUT_04186,184.901
OUT_04187,414.938
OUT_04188,286.133
OUT_04189,413.064
OUT_04190,912.6
OUT_04191,175.39
OUT_04192,180.705
OUT_04193,946.223
OUT_04194,990.432
OUT_04195,178.551
OUT_04196,1260.219
OUT_04197,262.409
OUT_04198,379.815
OUT_04199,2077.297
OUT_04200,343.15
OUT_04201,187.0
OUT_04202,186.199
OUT_04203,416.041
OUT_04204,206.496
OUT_04205,300.887
OUT_04206,2113.28
OUT_04207,412.85
OUT_04208,254.434
OUT_04209,190.928
OUT_04210,287.912
OUT_04211,166.51
OUT_04212,433.281
OUT_04213,222.04
OUT_04214,375.271
OUT_04215,318.207
OUT_04216,346.722
OUT_04217,1095.014
OUT_04218,162.965
OUT_04219,193.143
OUT_04220,202.692
OUT_04221,825.196
OUT_04222,251.758
OUT_04223,250.395
OUT_04224,344.738
OUT_04225,255.066
OUT_04226,1003.168
OUT_04227,415.788
OUT_04228,276.032
OUT_04229,358.558
OUT_04230,245.087
OUT_04231,394.422
OUT_04232,902.67
OUT_04233,912.746
OUT_04234,211.221
OUT_04235,187.143
OUT_04236,313.217
OUT_04237,1994.599
OUT_04238,383.616
OUT_04239,1939.715
OUT_04240,249.125
OUT_04241,333.602
OUT_04242,211.451
OUT_04243,262.409
OUT_04244,182.615
OUT_04245,393.348
OUT_04246,262.409
OUT_04247,257.53
OUT_04248,245.18
OUT_04249,352.833
OUT_04250,986.524
OUT_04251,1940.418
OUT_04252,237.595
OUT_04253,212.388
OUT_04254,993.147
OUT_04255,204.795
OUT_04256,388.75
OUT_04257,256.67
OUT_04258,389.47
OUT_04259,940.132
OUT_04260,2114.357
OUT_04261,998.338
OUT_04262,261.867
OUT_04263,413.255
OUT_04264,262.409
OUT_04265,156.235
OUT_04266,183.034
OUT_04267,187.528
OUT_04268,253.116
OUT_04269,964.416
OUT_04270,371.589
OUT_04271,381.701
OUT_04272,351.03
OUT_04273,206.389
OUT_04274,369.309
OUT_04275,171.548
OUT_04276,373.013
OUT_04277,231.341
OUT_04278,190.484
OUT_04279,251.758
OUT_04280,372.674
OUT_04281,313.787
OUT_04282,894.064
OUT_04283,365.277
OUT_04284,268.969
OUT_04285,222.595
OUT_04286,346.904
OUT_04287,305.46
OUT_04288,239.476
OUT_04289,171.516
OUT_04290,159.154
OUT_04291,371.13
OUT_04292,191.208
OUT_04293,866.34
OUT_04294,343.595
OUT_04295,2026.972
OUT_04296,174.822
OUT_04297,210.782
OUT_04298,378.135
OUT_04299,388.449
OUT_04300,173.176
OUT_04301,212.86
OUT_04302,205.222
OUT_04303,197.114
OUT_04304,968.988
OUT_04305,379.271
OUT_04306,169.936
OUT_04307,193.035
OUT_04308,247.254
OUT_04309,982.314
OUT_04310,173.548
OUT_04311,251.758
OUT_04312,942.503
OUT_04313,262.409
OUT_04314,184.075
OUT_04315,209.754
OUT_04316,258.493
OUT_04317,382.824
OUT_04318,357.214
OUT_04319,212.401
OUT_04320,974.677
OUT_04321,209.487
OUT_04322,988.32
OUT_04323,251.758
OUT_04324,389.165
OUT_04325,236.08
OUT_04326,369.398
OUT_04327,251.758
OUT_04328,980.585
OUT_04329,220.448
OUT_04330,365.591
OUT_04331,305.708
OUT_04332,231.698
OUT_04333,399.123
OUT_04334,380.424
OUT_04335,946.338
OUT_04336,225.22
OUT_04337,154.088
OUT_04338,217.885
OUT_04339,271.591
OUT_04340,177.097
OUT_04341,276.965
OUT_04342,951.256
OUT_04343,165.872
OUT_04344,257.147
OUT_04345,218.504
OUT_04346,185.155
OUT_04347,923.615
OUT_04348,251.758
OUT_04349,963.172
OUT_04350,404.267
OUT_04351,837.392
OUT_04352,399.417
OUT_04353,352.284
OUT_04354,191.116
OUT_04355,247.287
OUT_04356,993.96
OUT_04357,949.262
OUT_04358,416.923
OUT_04359,2010.903
OUT_04360,370.527
OUT_04361,373.522
OUT_04362,227.171
OUT_04363,253.412
OUT_04364,241.388
OUT_04365,222.188
OUT_04366,169.974
OUT_04367,216.39
OUT_04368,2060.354
OUT_04369,364.367
OUT_04370,408.584
OUT_04371,237.339
OUT_04372,251.504
OUT_04373,349.721
OUT_04374,257.384
OUT_04375,251.758
OUT_04376,170.265
OUT_04377,237.657
OUT_04378,156.844
OUT_04379,176.543
OUT_04380,251.758
OUT_04381,254.322
OUT_04382,946.684
OUT_04383,291.9
OUT_04384,175.902
OUT_04385,1034.422
OUT_04386,210.607
OUT_04387,341.432
OUT_04388,329.429
OUT_04389,240.798
OUT_04390,421.082
OUT_04391,277.019
OUT_04392,385.743
OUT_04393,2010.448
OUT_04394,197.619
OUT_04395,233.36
OUT_04396,220.637
OUT_04397,248.709
OUT_04398,215.072
OUT_04399,1220.732
OUT_04400,944.482
OUT_04401,214.479
OUT_04402,880.283
OUT_04403,251.758
OUT_04404,1014.415
OUT_04405,836.206
OUT_04406,190.603
OUT_04407,358.16
OUT_04408,203.459
OUT_04409,2046.492
OUT_04410,188.473
OUT_04411,158.132
OUT_04412,201.559
OUT_04413,974.59
OUT_04414,972.222
OUT_04415,1317.829
OUT_04416,251.758
OUT_04417,313.706
OUT_04418,337.689
OUT_04419,266.439
OUT_04420,262.498
OUT_04421,196.694
OUT_04422,939.806
OUT_04423,337.432
OUT_04424,391.032
OUT_04425,291.9
OUT_04426,205.91
OUT_04427,249.477
OUT_04428,251.758
OUT_04429,328.347
OUT_04430,383.274
OUT_04431,220.438
OUT_04432,326.075
OUT_04433,918.176
OUT_04434,293.973
OUT_04435,885.851
OUT_04436,980.993
OUT_04437,904.742
OUT_04438,912.38
OUT_04439,1012.623
OUT_04440,377.3
OUT_04441,195.219
OUT_04442,1001.645
OUT_04443,291.9
OUT_04444,354.292
OUT_04445,173.395
OUT_04446,393.781
OUT_04447,214.664
OUT_04448,301.603
OUT_04449,984.059
OUT_04450,386.972
OUT_04451,359.991
OUT_04452,256.039
OUT_04453,390.88
OUT_04454,357.37
OUT_04455,248.584
OUT_04456,248.689
OUT_04457,361.044
OUT_04458,382.839
OUT_04459,160.504
OUT_04460,393.956
OUT_04461,251.758
OUT_04462,203.221
OUT_04463,183.413
OUT_04464,233.831
OUT_04465,412.825
OUT_04466,358.019
OUT_04467,389.102
OUT_04468,186.653
OUT_04469,251.258
OUT_04470,139.189
OUT_04471,996.28
OUT_04472,355.864
OUT_04473,251.758
OUT_04474,315.372
OUT_04475,204.609
OUT_04476,399.672
OUT_04477,149.681
OUT_04478,939.473
OUT_04479,308.753
OUT_04480,881.249
OUT_04481,200.297
OUT_04482,334.824
OUT_04483,218.555
OUT_04484,399.393
OUT_04485,162.742
OUT_04486,251.758
OUT_04487,841.425
OUT_04488,152.887
OUT_04489,1015.935
OUT_04490,251.758
OUT_04491,249.267
OUT_04492,968.561
OUT_04493,266.155
OUT_04494,298.392
OUT_04495,178.642
OUT_04496,260.224
OUT_04497,387.073
OUT_04498,369.774
OUT_04499,251.9
OUT_04500,2201.445
OUT_04501,216.76
OUT_04502,422.414
OUT_04503,219.437
OUT_04504,199.277
OUT_04505,192.032
OUT_04506,375.196
OUT_04507,945.275
OUT_04508,262.409
OUT_04509,916.516
OUT_04510,339.944
OUT_04511,223.655
OUT_04512,204.605
OUT_04513,188.358
OUT_04514,986.84
OUT_04515,345.339
OUT_04516,337.337
OUT_04517,409.072
OUT_04518,368.118
OUT_04519,200.802
OUT_04520,1011.063
OUT_04521,232.165
OUT_04522,211.271
OUT_04523,997.053
OUT_04524,248.629
OUT_04525,310.651
OUT_04526,981.11
OUT_04527,220.56
OUT_04528,935.736
OUT_04529,209.914
OUT_04530,176.042
OUT_04531,187.658
OUT_04532,261.463
OUT_04533,951.428
OUT_04534,169.604
OUT_04535,397.676
OUT_04536,390.794
OUT_04537,142.535
OUT_04538,200.532
OUT_04539,247.246
OUT_04540,325.151
OUT_04541,358.229
OUT_04542,171.03
OUT_04543,166.529
OUT_04544,349.603
OUT_04545,183.187
OUT_04546,156.295
OUT_04547,349.173
OUT_04548,172.49
OUT_04549,181.443
OUT_04550,145.933
OUT_04551,350.131
OUT_04552,375.697
OUT_04553,344.185
OUT_04554,262.409
OUT_04555,251.758
OUT_04556,1023.967
OUT_04557,232.918
OUT_04558,364.871
OUT_04559,262.477
OUT_04560,1023.079
OUT_04561,317.256
OUT_04562,215.636
OUT_04563,262.409
OUT_04564,240.846
OUT_04565,379.327
OUT_04566,332.54
OUT_04567,246.255
OUT_04568,1000.676
OUT_04569,2003.582
OUT_04570,216.935
OUT_04571,392.159
OUT_04572,194.503
OUT_04573,357.44
OUT_04574,289.614
OUT_04575,404.371
OUT_04576,1005.807
OUT_04577,226.312
OUT_04578,268.863
OUT_04579,199.283
OUT_04580,383.266
OUT_04581,375.83
OUT_04582,188.166
OUT_04583,444.13
OUT_04584,262.409
OUT_04585,243.828
OUT_04586,355.219
OUT_04587,149.447
OUT_04588,245.963
OUT_04589,245.282
OUT_04590,371.931
OUT_04591,190.933
OUT_04592,370.29
OUT_04593,2069.715
OUT_04594,1009.935
OUT_04595,384.004
OUT_04596,200.597
OUT_04597,221.531
OUT_04598,911.009
OUT_04599,353.046
OUT_04600,208.338
OUT_04601,222.759
OUT_04602,168.197
OUT_04603,408.179
OUT_04604,169.441
OUT_04605,166.638
OUT_04606,918.233
OUT_04607,352.521
OUT_04608,255.962
OUT_04609,2038.833
OUT_04610,920.621
OUT_04611,992.619
OUT_04612,950.958
OUT_04613,949.223
OUT_04614,269.592
OUT_04615,1005.114
OUT_04616,291.9
OUT_04617,274.722
OUT_04618,377.211
OUT_04619,390.761
OUT_04620,994.572
OUT_04621,382.018
OUT_04622,189.666
OUT_04623,164.654
OUT_04624,192.193
OUT_04625,165.031
OUT_04626,1005.428
OUT_04627,353.656
OUT_04628,381.611
OUT_04629,356.275
OUT_04630,377.72
OUT_04631,195.29
OUT_04632,251.758
OUT_04633,409.119
OUT_04634,339.87
OUT_04635,251.758
OUT_04636,159.787
OUT_04637,172.007
OUT_04638,182.228
OUT_04639,251.758
OUT_04640,2072.073
OUT_04641,447.474
OUT_04642,156.354
OUT_04643,174.993
OUT_04644,1010.74
OUT_04645,241.451
OUT_04646,291.9
OUT_04647,204.182
OUT_04648,351.354
OUT_04649,201.023
OUT_04650,173.542
OUT_04651,999.827
OUT_04652,167.628
OUT_04653,183.597
OUT_04654,259.824
OUT_04655,218.984
OUT_04656,278.369
OUT_04657,181.699
OUT_04658,176.611
OUT_04659,160.519
OUT_04660,211.37
OUT_04661,357.75
OUT_04662,222.786
OUT_04663,234.496
OUT_04664,892.796
OUT_04665,238.62
OUT_04666,203.764
OUT_04667,998.594
OUT_04668,244.251
OUT_04669,367.708
OUT_04670,219.766
OUT_04671,364.772
OUT_04672,341.313
OUT_04673,169.724
OUT_04674,195.599
OUT_04675,415.867
OUT_04676,976.792
OUT_04677,176.739
OUT_04678,2083.752
OUT_04679,898.049
OUT_04680,218.313
OUT_04681,346.324
OUT_04682,214.819
OUT_04683,379.274
OUT_04684,299.979
OUT_04685,382.8
OUT_04686,343.694
OUT_04687,238.048
OUT_04688,230.29
OUT_04689,196.756
OUT_04690,251.758
OUT_04691,190.939
OUT_04692,204.073
OUT_04693,262.409
OUT_04694,926.83
OUT_04695,409.596
OUT_04696,256.177
OUT_04697,331.654
OUT_04698,198.217
OUT_04699,383.997
OUT_04700,387.908
OUT_04701,955.192
OUT_04702,378.626
OUT_04703,945.197
OUT_04704,914.554
OUT_04705,218.538
OUT_04706,896.375
OUT_04707,355.693
OUT_04708,207.389
OUT_04709,176.316
OUT_04710,384.871
OUT_04711,282.342
OUT_04712,152.797
OUT_04713,944.99
OUT_04714,901.868
OUT_04715,191.936
OUT_04716,379.213
OUT_04717,262.409
OUT_04718,918.09
OUT_04719,197.847
OUT_04720,205.665
OUT_04721,312.713
OUT_04722,249.206
OUT_04723,289.502
OUT_04724,929.492
OUT_04725,287.608
OUT_04726,354.995
OUT_04727,256.576
OUT_04728,319.898
OUT_04729,418.009
OUT_04730,220.024
OUT_04731,341.813
OUT_04732,251.758
OUT_04733,932.642
OUT_04734,943.327
OUT_04735,189.147
OUT_04736,407.459
OUT_04737,986.864
OUT_04738,160.561
OUT_04739,213.71
OUT_04740,232.519
OUT_04741,221.427
OUT_04742,996.319
OUT_04743,361.606
OUT_04744,364.526
OUT_04745,225.157
OUT_04746,863.825
OUT_04747,370.391
OUT_04748,256.017
OUT_04749,181.823
OUT_04750,262.409
OUT_04751,972.163
OUT_04752,2040.552
OUT_04753,384.493
OUT_04754,406.133
OUT_04755,378.031
OUT_04756,336.328
OUT_04757,281.559
OUT_04758,921.461
OUT_04759,265.452
OUT_04760,176.122
OUT_04761,363.432
OUT_04762,130.86
OUT_04763,197.904
OUT_04764,258.125
OUT_04765,391.88
OUT_04766,799.532
OUT_04767,159.749
OUT_04768,985.12
OUT_04769,251.758
OUT_04770,196.791
OUT_04771,262.409
OUT_04772,964.763
OUT_04773,197.536
OUT_04774,367.223
OUT_04775,273.664
OUT_04776,375.312
OUT_04777,206.844
OUT_04778,173.079
OUT_04779,383.067
OUT_04780,191.067
OUT_04781,349.402
OUT_04782,371.903
OUT_04783,309.718
OUT_04784,389.093
OUT_04785,335.133
OUT_04786,412.727
OUT_04787,251.884
OUT_04788,430.536
OUT_04789,232.687
OUT_04790,2039.758
OUT_04791,1018.133
OUT_04792,251.159
OUT_04793,186.933
OUT_04794,184.617
OUT_04795,937.858
OUT_04796,361.426
OUT_04797,212.847
OUT_04798,965.747
OUT_04799,194.749
OUT_04800,223.73
OUT_04801,224.839
OUT_04802,132.231
OUT_04803,175.223
OUT_04804,995.35
OUT_04805,203.096
OUT_04806,148.694
OUT_04807,377.742
OUT_04808,943.533
OUT_04809,180.861
OUT_04810,373.523
OUT_04811,952.998
OUT_04812,2167.641
OUT_04813,198.274
OUT_04814,951.459
OUT_04815,184.044
OUT_04816,262.409
OUT_04817,184.991
OUT_04818,372.538
OUT_04819,2203.032
OUT_04820,163.921
OUT_04821,171.443
OUT_04822,176.806
OUT_04823,383.063
OUT_04824,242.859
OUT_04825,232.546
OUT_04826,251.758
OUT_04827,224.392
OUT_04828,199.685
OUT_04829,282.18
OUT_04830,982.03
OUT_04831,275.932
OUT_04832,418.011
OUT_04833,501.171
OUT_04834,210.224
OUT_04835,2128.171
OUT_04836,338.346
OUT_04837,215.512
OUT_04838,240.919
OUT_04839,176.739
OUT_04840,247.529
OUT_04841,157.965
OUT_04842,251.758
OUT_04843,196.967
OUT_04844,991.339
OUT_04845,199.892
OUT_04846,279.263
OUT_04847,193.873
OUT_04848,370.762
OUT_04849,366.463
OUT_04850,248.498
OUT_04851,387.333
OUT_04852,314.343
OUT_04853,2105.715
OUT_04854,892.968
OUT_04855,159.941
OUT_04856,369.291
OUT_04857,851.426
OUT_04858,214.166
OUT_04859,353.776
OUT_04860,415.117
OUT_04861,343.045
OUT_04862,417.291
OUT_04863,183.659
OUT_04864,379.537
OUT_04865,357.916
OUT_04866,330.878
OUT_04867,173.647
OUT_04868,343.719
OUT_04869,1018.06
OUT_04870,204.99
OUT_04871,256.262
OUT_04872,330.935
OUT_04873,935.666
OUT_04874,201.533
OUT_04875,213.976
OUT_04876,281.787
OUT_04877,251.758
OUT_04878,167.88
OUT_04879,2061.737
OUT_04880,181.118
OUT_04881,183.561
OUT_04882,418.82
OUT_04883,185.206
OUT_04884,206.064
OUT_04885,921.176
OUT_04886,370.709
OUT_04887,833.68
OUT_04888,265.534
OUT_04889,274.932
OUT_04890,232.158
OUT_04891,338.589
OUT_04892,892.44
OUT_04893,379.381
OUT_04894,214.576
OUT_04895,193.438
OUT_04896,273.557
OUT_04897,217.803
OUT_04898,940.135
OUT_04899,391.05
OUT_04900,184.378
OUT_04901,361.301
OUT_04902,277.761
OUT_04903,356.836
OUT_04904,409.677
OUT_04905,171.823
OUT_04906,267.589
OUT_04907,251.758
OUT_04908,230.404
OUT_04909,251.323
OUT_04910,341.067
OUT_04911,263.626
OUT_04912,326.213
OUT_04913,950.414
OUT_04914,361.27
OUT_04915,238.717
OUT_04916,291.9
OUT_04917,344.901
OUT_04918,156.755
OUT_04919,1949.437
OUT_04920,374.309
OUT_04921,176.395
OUT_04922,303.839
OUT_04923,224.364
OUT_04924,919.34
OUT_04925,968.009
OUT_04926,159.864
OUT_04927,364.6
OUT_04928,334.606
OUT_04929,446.094
OUT_04930,235.921
OUT_04931,164.333
OUT_04932,343.951
OUT_04933,251.758
OUT_04934,251.669
OUT_04935,166.671
OUT_04936,384.714
OUT_04937,312.753
OUT_04938,162.107
OUT_04939,223.178
OUT_04940,269.916
OUT_04941,877.12
OUT_04942,955.089
OUT_04943,166.766
OUT_04944,972.906
OUT_04945,329.868
OUT_04946,262.409
OUT_04947,857.809
OUT_04948,228.705
OUT_04949,402.233
OUT_04950,336.9
OUT_04951,149.773
OUT_04952,395.841
OUT_04953,942.891
OUT_04954,358.332
OUT_04955,219.904
OUT_04956,251.758
OUT_04957,251.758
OUT_04958,231.513
OUT_04959,359.624
OUT_04960,233.819
OUT_04961,251.758
OUT_04962,2051.848
OUT_04963,378.64
OUT_04964,144.39
OUT_04965,225.806
OUT_04966,217.058
OUT_04967,214.414
OUT_04968,392.111
OUT_04969,331.501
OUT_04970,172.661
OUT_04971,959.131
OUT_04972,391.19
OUT_04973,1028.137
OUT_04974,312.523
OUT_04975,158.601
OUT_04976,264.563
OUT_04977,249.697
OUT_04978,359.86
OUT_04979,2066.901
OUT_04980,320.643
OUT_04981,222.691
OUT_04982,288.977
OUT_04983,860.803
OUT_04984,244.978
OUT_04985,919.518
OUT_04986,371.32
OUT_04987,176.253
OUT_04988,280.772
OUT_04989,217.015
OUT_04990,384.313
OUT_04991,206.039
OUT_04992,921.999
OUT_04993,201.927
OUT_04994,356.181
OUT_04995,173.974
OUT_04996,371.807
OUT_04997,184.772
OUT_04998,271.693
OUT_04999,365.161
OUT_05000,264.034
OUT_05001,240.821
OUT_05002,156.049
OUT_05003,233.154
OUT_05004,173.57
OUT_05005,417.33
OUT_05006,244.895
OUT_05007,1949.19
OUT_05008,230.288
OUT_05009,161.743
OUT_05010,187.786
OUT_05011,353.39
OUT_05012,219.971
OUT_05013,260.466
OUT_05014,370.719
OUT_05015,382.064
OUT_05016,314.25
OUT_05017,239.352
OUT_05018,315.564
OUT_05019,291.9
OUT_05020,168.421
OUT_05021,404.387
OUT_05022,235.76
OUT_05023,210.07
OUT_05024,335.477
OUT_05025,223.588
OUT_05026,396.854
OUT_05027,210.182
OUT_05028,155.383
OUT_05029,390.404
OUT_05030,213.556
OUT_05031,212.096
OUT_05032,214.056
OUT_05033,196.69
OUT_05034,354.41
OUT_05035,209.769
OUT_05036,192.063
OUT_05037,224.384
OUT_05038,262.409
OUT_05039,187.102
OUT_05040,243.022
OUT_05041,251.758
OUT_05042,267.549
OUT_05043,217.97
OUT_05044,348.591
OUT_05045,885.547
OUT_05046,924.176
OUT_05047,179.672
OUT_05048,133.741
OUT_05049,187.214
OUT_05050,1987.579
OUT_05051,258.183
OUT_05052,972.072
OUT_05053,169.8
OUT_05054,176.779
OUT_05055,211.267
OUT_05056,361.813
OUT_05057,337.704
OUT_05058,160.734
OUT_05059,383.507
OUT_05060,240.616
OUT_05061,133.022
OUT_05062,160.782
OUT_05063,197.561
OUT_05064,419.109
OUT_05065,343.24
OUT_05066,415.811
OUT_05067,235.223
OUT_05068,215.919
OUT_05069,203.139
OUT_05070,386.775
OUT_05071,2047.37
OUT_05072,262.409
OUT_05073,346.766
OUT_05074,237.604
OUT_05075,217.275
OUT_05076,222.632
OUT_05077,233.526
OUT_05078,357.243
OUT_05079,957.589
OUT_05080,315.335
OUT_05081,235.743
OUT_05082,306.035
OUT_05083,357.519
OUT_05084,285.581
OUT_05085,368.575
OUT_05086,231.921
OUT_05087,301.685
OUT_05088,190.625
OUT_05089,377.225
OUT_05090,353.561
OUT_05091,929.182
OUT_05092,2012.831
OUT_05093,386.664
OUT_05094,408.174
OUT_05095,2106.097
OUT_05096,260.768
OUT_05097,927.91
OUT_05098,161.135
OUT_05099,209.367
OUT_05100,226.336
OUT_05101,949.331
OUT_05102,335.467
OUT_05103,215.197
OUT_05104,921.964
OUT_05105,202.237
OUT_05106,209.959
OUT_05107,369.498
OUT_05108,222.311
OUT_05109,175.635
OUT_05110,227.0
OUT_05111,171.054
OUT_05112,404.951
OUT_05113,208.547
OUT_05114,203.105
OUT_05115,916.039
OUT_05116,327.756
OUT_05117,162.445
OUT_05118,275.12
OUT_05119,184.714
OUT_05120,2057.799
OUT_05121,171.582
OUT_05122,1012.983
OUT_05123,327.434
OUT_05124,399.956
OUT_05125,182.735
OUT_05126,217.731
OUT_05127,251.758
OUT_05128,327.059
OUT_05129,392.369
OUT_05130,919.112
OUT_05131,352.647
OUT_05132,208.573
OUT_05133,1966.547
OUT_05134,342.547
OUT_05135,241.814
OUT_05136,372.287
OUT_05137,196.755
OUT_05138,200.772
OUT_05139,277.786
OUT_05140,251.758
OUT_05141,415.582
OUT_05142,965.339
OUT_05143,312.527
OUT_05144,203.017
OUT_05145,251.758
OUT_05146,213.015
OUT_05147,354.171
OUT_05148,272.699
OUT_05149,394.685
OUT_05150,340.013
OUT_05151,207.407
OUT_05152,223.443
OUT_05153,251.758
OUT_05154,262.409
OUT_05155,422.72
OUT_05156,2093.027
OUT_05157,2042.049
OUT_05158,251.758
OUT_05159,351.358
OUT_05160,284.634
OUT_05161,878.107
OUT_05162,977.19
OUT_05163,303.942
OUT_05164,267.484
OUT_05165,233.504
OUT_05166,1007.113
OUT_05167,356.306
OUT_05168,928.844
OUT_05169,236.759
OUT_05170,1483.107
OUT_05171,230.817
OUT_05172,240.539
OUT_05173,291.9
OUT_05174,316.872
OUT_05175,853.76
OUT_05176,908.609
OUT_05177,262.409
OUT_05178,953.071
OUT_05179,242.299
OUT_05180,236.594
OUT_05181,1973.776
OUT_05182,181.702
OUT_05183,306.124
OUT_05184,249.4
OUT_05185,956.684
OUT_05186,977.557
OUT_05187,327.297
OUT_05188,1018.984
OUT_05189,247.41
OUT_05190,251.758
OUT_05191,201.282
OUT_05192,372.923
OUT_05193,233.381
OUT_05194,381.664
OUT_05195,367.817
OUT_05196,163.503
OUT_05197,920.239
OUT_05198,1974.647
OUT_05199,397.677
OUT_05200,243.877
OUT_05201,968.824
OUT_05202,180.282
OUT_05203,389.945
OUT_05204,2078.253
OUT_05205,2002.213
OUT_05206,134.202
OUT_05207,370.098
OUT_05208,262.409
OUT_05209,152.646
OUT_05210,260.073
OUT_05211,357.268
OUT_05212,259.266
OUT_05213,195.109
OUT_05214,211.267
OUT_05215,291.008
OUT_05216,923.524
OUT_05217,243.012
OUT_05218,340.495
OUT_05219,246.148
OUT_05220,345.123
OUT_05221,216.749
OUT_05222,1001.142
OUT_05223,157.572
OUT_05224,246.031
OUT_05225,362.396
OUT_05226,222.575
OUT_05227,219.26
OUT_05228,218.054
OUT_05229,278.811
OUT_05230,2026.825
OUT_05231,1245.914
OUT_05232,344.75
OUT_05233,960.597
OUT_05234,375.188
OUT_05235,125.977
OUT_05236,261.75
OUT_05237,320.317
OUT_05238,163.147
OUT_05239,333.433
OUT_05240,385.222
OUT_05241,221.096
OUT_05242,229.237
OUT_05243,332.687
OUT_05244,341.573
OUT_05245,169.744
OUT_05246,218.499
OUT_05247,258.224
OUT_05248,383.587
OUT_05249,361.909
OUT_05250,2123.246
OUT_05251,228.46
OUT_05252,188.087
OUT_05253,355.656
OUT_05254,262.409
OUT_05255,933.302
OUT_05256,969.864
OUT_05257,956.4
OUT_05258,189.334
OUT_05259,921.757
OUT_05260,341.695
OUT_05261,203.645
OUT_05262,182.394
OUT_05263,259.043
OUT_05264,938.864
OUT_05265,372.872
OUT_05266,144.584
OUT_05267,352.498
OUT_05268,262.409
OUT_05269,2045.652
OUT_05270,418.675
OUT_05271,881.475
OUT_05272,974.211
OUT_05273,241.546
OUT_05274,374.16
OUT_05275,176.516
OUT_05276,246.879
OUT_05277,251.758
OUT_05278,246.067
OUT_05279,181.349
OUT_05280,2043.982
OUT_05281,379.462
OUT_05282,373.681
OUT_05283,414.633
OUT_05284,208.714
OUT_05285,162.025
OUT_05286,911.628
OUT_05287,1003.745
OUT_05288,262.409
OUT_05289,396.761
OUT_05290,327.041
OUT_05291,204.091
OUT_05292,1004.916
OUT_05293,215.549
OUT_05294,186.105
OUT_05295,357.044
OUT_05296,248.313
OUT_05297,1992.258
OUT_05298,240.233
OUT_05299,883.837
OUT_05300,379.03
OUT_05301,344.144
OUT_05302,936.322
OUT_05303,212.714
OUT_05304,211.267
OUT_05305,410.012
OUT_05306,178.246
OUT_05307,262.674
OUT_05308,187.556
OUT_05309,251.758
OUT_05310,242.812
OUT_05311,379.269
OUT_05312,249.307
OUT_05313,196.837
OUT_05314,327.718
OUT_05315,178.911
OUT_05316,350.743
OUT_05317,187.203
OUT_05318,957.78
OUT_05319,365.818
OUT_05320,361.064
OUT_05321,316.991
OUT_05322,224.142
OUT_05323,133.995
OUT_05324,347.029
OUT_05325,983.602
OUT_05326,212.519
OUT_05327,219.051
OUT_05328,422.695
OUT_05329,1013.161
OUT_05330,168.419
OUT_05331,211.267
OUT_05332,995.913
OUT_05333,999.322
OUT_05334,262.409
OUT_05335,326.149
OUT_05336,356.793
OUT_05337,345.058
OUT_05338,167.374
OUT_05339,243.264
OUT_05340,982.533
OUT_05341,192.055
OUT_05342,258.126
OUT_05343,343.664
OUT_05344,322.104
OUT_05345,262.409
OUT_05346,254.757
OUT_05347,186.69
OUT_05348,265.941
OUT_05349,926.129
OUT_05350,355.168
OUT_05351,888.039
OUT_05352,341.756
OUT_05353,197.622
OUT_05354,380.179
OUT_05355,2912.573
OUT_05356,213.171
OUT_05357,967.779
OUT_05358,881.461
OUT_05359,163.425
OUT_05360,342.174
OUT_05361,158.77
OUT_05362,332.563
OUT_05363,237.3
OUT_05364,158.879
OUT_05365,233.119
OUT_05366,2042.908
OUT_05367,398.777
OUT_05368,132.242
OUT_05369,356.786
OUT_05370,203.032
OUT_05371,169.073
OUT_05372,399.77
OUT_05373,326.689
OUT_05374,146.954
OUT_05375,966.602
OUT_05376,187.074
OUT_05377,972.701
OUT_05378,273.124
OUT_05379,385.905
OUT_05380,254.66
OUT_05381,191.451
OUT_05382,251.758
OUT_05383,134.07
OUT_05384,951.367
OUT_05385,365.269
OUT_05386,168.637
OUT_05387,2104.395
OUT_05388,152.715
OUT_05389,253.282
OUT_05390,262.409
OUT_05391,230.402
OUT_05392,346.728
OUT_05393,376.735
OUT_05394,236.879
OUT_05395,183.986
OUT_05396,433.443
OUT_05397,166.256
OUT_05398,226.229
OUT_05399,251.962
OUT_05400,194.534
OUT_05401,390.929
OUT_05402,319.642
OUT_05403,915.312
OUT_05404,399.54
OUT_05405,395.303
OUT_05406,344.923
OUT_05407,986.812
OUT_05408,236.681
OUT_05409,332.552
OUT_05410,930.551
OUT_05411,186.312
OUT_05412,919.676
OUT_05413,168.817
OUT_05414,237.957
OUT_05415,372.014
OUT_05416,434.235
OUT_05417,176.219
OUT_05418,920.454
OUT_05419,318.382
OUT_05420,220.745
OUT_05421,251.758
OUT_05422,248.789
OUT_05423,182.896
OUT_05424,409.393
OUT_05425,251.758
OUT_05426,1970.19
OUT_05427,966.745
OUT_05428,1010.494
OUT_05429,250.639
OUT_05430,2075.664
OUT_05431,363.966
OUT_05432,251.758
OUT_05433,149.944
OUT_05434,291.9
OUT_05435,404.605
OUT_05436,196.467
OUT_05437,278.712
OUT_05438,262.409
OUT_05439,373.02
OUT_05440,234.627
OUT_05441,172.938
OUT_05442,899.771
OUT_05443,396.358
OUT_05444,148.905
OUT_05445,330.209
OUT_05446,153.581
OUT_05447,355.351
OUT_05448,934.173
OUT_05449,193.955
OUT_05450,411.144
OUT_05451,402.148
OUT_05452,967.214
OUT_05453,2854.704
OUT_05454,366.614
OUT_05455,178.446
OUT_05456,388.632
OUT_05457,137.216
OUT_05458,364.431
OUT_05459,960.011
OUT_05460,151.042
OUT_05461,383.16
OUT_05462,361.76
OUT_05463,173.948
OUT_05464,251.758
OUT_05465,2025.833
OUT_05466,400.78
OUT_05467,262.409
OUT_05468,163.987
OUT_05469,251.758
OUT_05470,2590.598
OUT_05471,228.418
OUT_05472,260.003
OUT_05473,355.658
OUT_05474,193.298
OUT_05475,262.409
OUT_05476,144.829
OUT_05477,222.083
OUT_05478,936.832
OUT_05479,144.098
OUT_05480,150.555
OUT_05481,211.021
OUT_05482,1070.029
OUT_05483,858.53
OUT_05484,233.064
OUT_05485,2050.916
OUT_05486,962.056
OUT_05487,317.018
OUT_05488,331.379
OUT_05489,205.339
OUT_05490,912.475
OUT_05491,232.366
OUT_05492,346.436
OUT_05493,1022.517
OUT_05494,405.838
OUT_05495,942.933
OUT_05496,124.851
OUT_05497,921.879
OUT_05498,190.751
OUT_05499,203.875
OUT_05500,410.355
OUT_05501,950.123
OUT_05502,242.023
OUT_05503,231.079
OUT_05504,316.536
OUT_05505,413.741
OUT_05506,353.977
OUT_05507,137.645
OUT_05508,958.84
OUT_05509,362.199
OUT_05510,142.723
OUT_05511,966.986
OUT_05512,409.062
OUT_05513,147.491
OUT_05514,907.698
OUT_05515,273.908
OUT_05516,366.28
OUT_05517,153.709
OUT_05518,197.585
OUT_05519,166.583
OUT_05520,193.137
OUT_05521,213.194
OUT_05522,379.41
OUT_05523,887.865
OUT_05524,245.373
OUT_05525,362.078
OUT_05526,221.702
OUT_05527,240.651
OUT_05528,192.955
OUT_05529,157.545
OUT_05530,403.434
OUT_05531,136.713
OUT_05532,387.4
OUT_05533,160.7
OUT_05534,216.184
OUT_05535,365.182
OUT_05536,356.712
OUT_05537,817.735
OUT_05538,410.376
OUT_05539,253.652
OUT_05540,982.993
OUT_05541,185.225
OUT_05542,980.342
OUT_05543,874.155
OUT_05544,230.143
OUT_05545,381.808
OUT_05546,158.259
OUT_05547,167.004
OUT_05548,202.196
OUT_05549,175.761
OUT_05550,172.37
OUT_05551,891.163
OUT_05552,956.39
OUT_05553,375.841
OUT_05554,191.756
OUT_05555,905.984
OUT_05556,251.758
OUT_05557,131.023
OUT_05558,192.347
OUT_05559,180.326
OUT_05560,389.951
OUT_05561,179.217
OUT_05562,438.944
OUT_05563,368.813
OUT_05564,1914.172
OUT_05565,926.458
OUT_05566,213.574
OUT_05567,226.818
OUT_05568,394.089
OUT_05569,917.112
OUT_05570,220.994
OUT_05571,955.542
OUT_05572,227.335
OUT_05573,385.436
OUT_05574,189.67
OUT_05575,1002.743
OUT_05576,873.971
OUT_05577,891.836
OUT_05578,2087.173
OUT_05579,960.937
OUT_05580,374.25
OUT_05581,248.709
OUT_05582,239.681
OUT_05583,238.723
OUT_05584,416.798
OUT_05585,340.289
OUT_05586,368.174
OUT_05587,292.965
OUT_05588,315.002
OUT_05589,229.36
OUT_05590,283.21
OUT_05591,352.205
OUT_05592,2000.08
OUT_05593,990.163
OUT_05594,374.853
OUT_05595,252.866
OUT_05596,161.222
OUT_05597,2008.638
OUT_05598,363.476
OUT_05599,132.636
OUT_05600,182.515
OUT_05601,240.887
OUT_05602,190.488
OUT_05603,252.125
OUT_05604,989.149
OUT_05605,154.769
OUT_05606,1999.938
OUT_05607,348.119
OUT_05608,357.72
OUT_05609,406.102
OUT_05610,199.014
OUT_05611,241.737
OUT_05612,243.612
OUT_05613,959.22
OUT_05614,195.298
OUT_05615,390.833
OUT_05616,362.993
OUT_05617,251.693
OUT_05618,348.943
OUT_05619,926.881
OUT_05620,979.693
OUT_05621,949.691
OUT_05622,275.182
OUT_05623,233.469
OUT_05624,262.409
OUT_05625,168.903
OUT_05626,1022.517
OUT_05627,264.379
OUT_05628,262.409
OUT_05629,245.693
OUT_05630,370.755
OUT_05631,179.173
OUT_05632,342.884
OUT_05633,347.21
OUT_05634,242.099
OUT_05635,231.579
OUT_05636,199.234
OUT_05637,271.458
OUT_05638,351.622
OUT_05639,1003.023
OUT_05640,1139.093
OUT_05641,262.409
OUT_05642,224.028
OUT_05643,229.831
OUT_05644,322.706
OUT_05645,384.652
OUT_05646,228.791
OUT_05647,372.452
OUT_05648,218.964
OUT_05649,218.785
OUT_05650,150.762
OUT_05651,353.168
OUT_05652,346.046
OUT_05653,244.648
OUT_05654,210.022
OUT_05655,897.16
OUT_05656,378.377
OUT_05657,1030.077
OUT_05658,947.223
OUT_05659,303.052
OUT_05660,221.908
OUT_05661,341.75
OUT_05662,121.276
OUT_05663,164.227
OUT_05664,883.824
OUT_05665,154.329
OUT_05666,245.2
OUT_05667,365.512
OUT_05668,202.292
OUT_05669,283.749
OUT_05670,411.448
OUT_05671,400.013
OUT_05672,167.721
OUT_05673,201.271
OUT_05674,201.432
OUT_05675,262.409
OUT_05676,311.485
OUT_05677,398.575
OUT_05678,221.568
OUT_05679,380.435
OUT_05680,204.533
OUT_05681,241.454
OUT_05682,877.342
OUT_05683,217.825
OUT_05684,349.035
OUT_05685,380.934
OUT_05686,165.515
OUT_05687,256.488
OUT_05688,375.957
OUT_05689,362.57
OUT_05690,308.992
OUT_05691,918.859
OUT_05692,963.222
OUT_05693,322.047
OUT_05694,2073.967
OUT_05695,262.409
OUT_05696,181.574
OUT_05697,200.597
OUT_05698,377.265
OUT_05699,2048.489
OUT_05700,221.927
OUT_05701,157.842
OUT_05702,142.53
OUT_05703,917.885
OUT_05704,244.113
OUT_05705,184.671
OUT_05706,241.54
OUT_05707,251.636
OUT_05708,149.778
OUT_05709,321.611
OUT_05710,251.33
OUT_05711,901.546
OUT_05712,176.605
OUT_05713,211.066
OUT_05714,320.06
OUT_05715,188.663
OUT_05716,1020.979
OUT_05717,148.369
OUT_05718,922.678
OUT_05719,426.209
OUT_05720,217.003
OUT_05721,258.89
OUT_05722,382.1
OUT_05723,205.613
OUT_05724,227.767
OUT_05725,262.409
OUT_05726,383.843
OUT_05727,2090.989
OUT_05728,165.236
OUT_05729,160.098
OUT_05730,262.409
OUT_05731,152.006
OUT_05732,940.811
OUT_05733,967.6
OUT_05734,158.63
OUT_05735,257.109
OUT_05736,344.188
OUT_05737,135.757
OUT_05738,175.025
OUT_05739,365.21
OUT_05740,410.482
OUT_05741,164.455
OUT_05742,372.941
OUT_05743,1998.686
OUT_05744,373.385
OUT_05745,263.128
OUT_05746,197.672
OUT_05747,216.189
OUT_05748,237.543
OUT_05749,352.062
OUT_05750,371.907
OUT_05751,251.957
OUT_05752,408.93
OUT_05753,192.502
OUT_05754,356.009
OUT_05755,178.718
OUT_05756,380.429
OUT_05757,2033.42
OUT_05758,331.547
OUT_05759,255.392
OUT_05760,213.53
OUT_05761,383.739
OUT_05762,355.865
OUT_05763,188.154
OUT_05764,355.371
OUT_05765,327.837
OUT_05766,236.416
OUT_05767,283.324
OUT_05768,165.05
OUT_05769,383.581
OUT_05770,392.525
OUT_05771,255.917
OUT_05772,356.806
OUT_05773,368.564
OUT_05774,342.386
OUT_05775,262.409
OUT_05776,2076.659
OUT_05777,906.403
OUT_05778,420.461
OUT_05779,163.544
OUT_05780,145.105
OUT_05781,239.557
OUT_05782,344.797
OUT_05783,324.475
OUT_05784,218.917
OUT_05785,196.273
OUT_05786,973.178
OUT_05787,266.291
OUT_05788,218.446
OUT_05789,242.38
OUT_05790,335.462
OUT_05791,213.868
OUT_05792,376.404
OUT_05793,200.38
OUT_05794,262.409
OUT_05795,294.235
OUT_05796,242.069
OUT_05797,360.446
OUT_05798,384.301
OUT_05799,240.578
OUT_05800,333.473
OUT_05801,327.147
OUT_05802,308.176
OUT_05803,924.145
OUT_05804,989.694
OUT_05805,291.9
OUT_05806,381.201
OUT_05807,291.9
OUT_05808,270.873
OUT_05809,383.786
OUT_05810,177.664
OUT_05811,355.502
OUT_05812,251.758
OUT_05813,878.687
OUT_05814,936.749
OUT_05815,351.826
OUT_05816,416.768
OUT_05817,249.982
OUT_05818,351.884
OUT_05819,243.054
OUT_05820,213.604
OUT_05821,265.502
OUT_05822,325.406
OUT_05823,228.287
OUT_05824,1498.585
OUT_05825,2115.389
OUT_05826,290.4
OUT_05827,189.726
OUT_05828,262.409
OUT_05829,406.136
OUT_05830,392.546
OUT_05831,390.301
OUT_05832,179.162
OUT_05833,251.758
OUT_05834,304.886
OUT_05835,199.9
OUT_05836,315.313
OUT_05837,349.226
OUT_05838,2066.203
OUT_05839,148.232
OUT_05840,244.953
OUT_05841,185.86
OUT_05842,251.758
OUT_05843,987.929
OUT_05844,251.758
OUT_05845,375.33
OUT_05846,972.729
OUT_05847,977.673
OUT_05848,258.647
OUT_05849,916.639
OUT_05850,392.308
OUT_05851,167.495
OUT_05852,965.877
OUT_05853,183.351
OUT_05854,978.977
OUT_05855,344.237
OUT_05856,416.866
OUT_05857,256.373
OUT_05858,185.607
OUT_05859,212.797
OUT_05860,192.658
OUT_05861,208.52
OUT_05862,147.328
OUT_05863,204.542
OUT_05864,257.907
OUT_05865,224.999
OUT_05866,262.409
OUT_05867,359.165
OUT_05868,415.589
OUT_05869,175.736
OUT_05870,961.738
OUT_05871,380.699
OUT_05872,268.705
OUT_05873,341.732
OUT_05874,204.047
OUT_05875,354.795
OUT_05876,244.198
OUT_05877,343.257
OUT_05878,135.657
OUT_05879,970.459
OUT_05880,172.937
OUT_05881,214.13
OUT_05882,382.4
OUT_05883,329.346
OUT_05884,395.666
OUT_05885,385.298
OUT_05886,351.094
OUT_05887,366.325
OUT_05888,291.9
OUT_05889,326.352
OUT_05890,947.034
OUT_05891,257.992
OUT_05892,971.188
OUT_05893,411.569
OUT_05894,853.82
OUT_05895,183.204
OUT_05896,268.656
OUT_05897,220.818
OUT_05898,241.549
OUT_05899,984.075
OUT_05900,370.304
OUT_05901,250.778
OUT_05902,381.028
OUT_05903,2083.605
OUT_05904,160.438
OUT_05905,260.035
OUT_05906,197.291
OUT_05907,395.213
OUT_05908,212.277
OUT_05909,917.281
OUT_05910,208.487
OUT_05911,182.594
OUT_05912,262.409
OUT_05913,195.792
OUT_05914,195.24
OUT_05915,329.126
OUT_05916,373.141
OUT_05917,251.758
OUT_05918,410.56
OUT_05919,232.849
OUT_05920,251.758
OUT_05921,163.079
OUT_05922,293.565
OUT_05923,128.506
OUT_05924,345.968
OUT_05925,354.527
OUT_05926,203.076
OUT_05927,2021.089
OUT_05928,287.484
OUT_05929,347.474
OUT_05930,251.758
OUT_05931,158.508
OUT_05932,352.427
OUT_05933,374.129
OUT_05934,247.996
OUT_05935,259.727
OUT_05936,2138.061
OUT_05937,980.539
OUT_05938,2078.462
OUT_05939,366.496
OUT_05940,1987.107
OUT_05941,172.891
OUT_05942,219.48
OUT_05943,975.21
OUT_05944,183.318
OUT_05945,184.772
OUT_05946,238.749
OUT_05947,2058.736
OUT_05948,1248.848
OUT_05949,529.623
OUT_05950,240.74
OUT_05951,241.369
OUT_05952,189.386
OUT_05953,234.551
OUT_05954,166.398
OUT_05955,163.524
OUT_05956,976.047
OUT_05957,202.692
OUT_05958,361.733
OUT_05959,251.758
OUT_05960,936.423
OUT_05961,151.468
OUT_05962,312.772
OUT_05963,226.078
OUT_05964,262.409
OUT_05965,426.999
OUT_05966,336.229
OUT_05967,192.617
OUT_05968,203.84
OUT_05969,305.983
OUT_05970,387.449
OUT_05971,412.946
OUT_05972,249.822
OUT_05973,350.364
OUT_05974,152.124
OUT_05975,391.693
OUT_05976,184.368
OUT_05977,251.758
OUT_05978,377.932
OUT_05979,444.183
OUT_05980,158.809
OUT_05981,2001.041
OUT_05982,349.499
OUT_05983,162.65
OUT_05984,913.298
OUT_05985,262.409
OUT_05986,250.551
OUT_05987,218.165
OUT_05988,392.106
OUT_05989,158.654
OUT_05990,203.127
OUT_05991,221.103
OUT_05992,874.442
OUT_05993,163.016
OUT_05994,251.758
OUT_05995,173.0
OUT_05996,203.934
OUT_05997,229.059
OUT_05998,315.994
OUT_05999,262.409
OUT_06000,262.409
OUT_06001,243.305
OUT_06002,357.304
OUT_06003,243.872
OUT_06004,157.279
OUT_06005,369.329
OUT_06006,399.434
OUT_06007,166.212
OUT_06008,334.736
OUT_06009,378.347
OUT_06010,145.307
OUT_06011,232.881
OUT_06012,750.226
OUT_06013,978.37
OUT_06014,403.433
OUT_06015,176.384
OUT_06016,985.925
OUT_06017,177.736
OUT_06018,306.334
OUT_06019,280.967
OUT_06020,370.024
OUT_06021,247.668
OUT_06022,177.939
OUT_06023,1990.039
OUT_06024,185.974
OUT_06025,320.845
OUT_06026,1009.607
OUT_06027,359.113
OUT_06028,162.42
OUT_06029,243.056
OUT_06030,2036.879
OUT_06031,207.717
OUT_06032,886.999
OUT_06033,2111.667
OUT_06034,344.083
OUT_06035,136.046
OUT_06036,250.665
OUT_06037,350.371
OUT_06038,398.195
OUT_06039,300.593
OUT_06040,356.472
OUT_06041,960.914
OUT_06042,438.708
OUT_06043,200.348
OUT_06044,2038.466
OUT_06045,237.294
OUT_06046,196.948
OUT_06047,977.563
OUT_06048,246.055
OUT_06049,1010.542
OUT_06050,928.322
OUT_06051,193.007
OUT_06052,355.743
OUT_06053,398.785
OUT_06054,208.031
OUT_06055,438.45
OUT_06056,242.806
OUT_06057,414.444
OUT_06058,215.938
OUT_06059,429.256
OUT_06060,239.5
OUT_06061,329.272
OUT_06062,929.423
OUT_06063,417.35
OUT_06064,397.196
OUT_06065,350.128
OUT_06066,157.884
OUT_06067,262.409
OUT_06068,193.531
OUT_06069,257.35
OUT_06070,177.083
OUT_06071,206.572
OUT_06072,943.747
OUT_06073,234.312
OUT_06074,223.29
OUT_06075,367.811
OUT_06076,169.961
OUT_06077,147.276
OUT_06078,211.466
OUT_06079,201.627
OUT_06080,155.282
OUT_06081,2032.097
OUT_06082,881.693
OUT_06083,2022.522
OUT_06084,130.523
OUT_06085,211.773
OUT_06086,986.953
OUT_06087,387.28
OUT_06088,910.992
OUT_06089,167.732
OUT_06090,341.846
OUT_06091,202.137
OUT_06092,241.772
OUT_06093,2366.643
OUT_06094,327.859
OUT_06095,273.45
OUT_06096,948.108
OUT_06097,1052.825
OUT_06098,150.308
OUT_06099,151.962
OUT_06100,988.819
OUT_06101,336.758
OUT_06102,354.266
OUT_06103,970.53
OUT_06104,348.194
OUT_06105,167.866
OUT_06106,305.868
OUT_06107,930.352
OUT_06108,154.169
OUT_06109,905.332
OUT_06110,237.856
OUT_06111,187.21
OUT_06112,342.312
OUT_06113,175.458
OUT_06114,315.011
OUT_06115,368.336
OUT_06116,180.232
OUT_06117,193.861
OUT_06118,177.668
OUT_06119,2048.39
OUT_06120,220.718
OUT_06121,175.545
OUT_06122,251.758
OUT_06123,331.469
OUT_06124,359.913
OUT_06125,254.106
OUT_06126,232.933
OUT_06127,332.644
OUT_06128,374.119
OUT_06129,262.846
OUT_06130,377.984
OUT_06131,153.801
OUT_06132,219.371
OUT_06133,244.949
OUT_06134,369.611
OUT_06135,851.921
OUT_06136,957.705
OUT_06137,359.853
OUT_06138,220.074
OUT_06139,284.517
OUT_06140,178.035
OUT_06141,197.588
OUT_06142,1026.839
OUT_06143,198.735
OUT_06144,445.116
OUT_06145,347.1
OUT_06146,187.505
OUT_06147,324.539
OUT_06148,375.33
OUT_06149,301.905
OUT_06150,373.851
OUT_06151,2013.744
OUT_06152,262.409
OUT_06153,263.062
OUT_06154,159.333
OUT_06155,953.485
OUT_06156,266.272
OUT_06157,959.92
OUT_06158,451.198
OUT_06159,2064.987
OUT_06160,315.406
OUT_06161,376.718
OUT_06162,376.495
OUT_06163,199.295
OUT_06164,249.177
OUT_06165,408.27
OUT_06166,304.166
OUT_06167,352.546
OUT_06168,956.895
OUT_06169,224.786
OUT_06170,919.544
OUT_06171,224.995
OUT_06172,1988.079
OUT_06173,183.462
OUT_06174,368.443
OUT_06175,199.342
OUT_06176,364.858
OUT_06177,241.851
OUT_06178,269.054
OUT_06179,130.498
OUT_06180,251.758
OUT_06181,382.773
OUT_06182,1005.45
OUT_06183,210.254
OUT_06184,208.805
OUT_06185,332.403
OUT_06186,916.832
OUT_06187,187.372
OUT_06188,156.455
OUT_06189,2049.256
OUT_06190,241.675
OUT_06191,261.325
OUT_06192,402.469
OUT_06193,409.51
OUT_06194,194.261
OUT_06195,245.905
OUT_06196,251.278
OUT_06197,416.099
OUT_06198,251.758
OUT_06199,262.409
OUT_06200,378.324
OUT_06201,227.126
OUT_06202,214.118
OUT_06203,924.503
OUT_06204,269.335
OUT_06205,1956.996
OUT_06206,327.497
OUT_06207,251.758
OUT_06208,259.266
OUT_06209,301.066
OUT_06210,2124.641
OUT_06211,215.01
OUT_06212,375.805
OUT_06213,134.88
OUT_06214,395.588
OUT_06215,1344.336
OUT_06216,195.938
OUT_06217,372.818
OUT_06218,386.069
OUT_06219,177.47
OUT_06220,225.743
OUT_06221,233.995
OUT_06222,262.409
OUT_06223,191.527
OUT_06224,392.641
OUT_06225,231.845
OUT_06226,251.758
OUT_06227,408.999
OUT_06228,984.199
OUT_06229,399.154
OUT_06230,218.398
OUT_06231,211.125
OUT_06232,931.921
OUT_06233,388.791
OUT_06234,207.436
OUT_06235,246.879
OUT_06236,292.819
OUT_06237,375.571
OUT_06238,383.275
OUT_06239,250.481
OUT_06240,186.414
OUT_06241,262.409
OUT_06242,857.208
OUT_06243,146.28
OUT_06244,379.077
OUT_06245,262.409
OUT_06246,961.202
OUT_06247,291.9
OUT_06248,185.719
OUT_06249,197.168
OUT_06250,391.654
OUT_06251,382.124
OUT_06252,912.149
OUT_06253,165.317
OUT_06254,164.265
OUT_06255,932.746
OUT_06256,267.544
OUT_06257,981.756
OUT_06258,203.383
OUT_06259,399.982
OUT_06260,229.553
OUT_06261,316.038
OUT_06262,972.264
OUT_06263,259.695
OUT_06264,1966.613
OUT_06265,251.758
OUT_06266,358.357
OUT_06267,233.417
OUT_06268,186.813
OUT_06269,201.026
OUT_06270,186.547
OUT_06271,995.077
OUT_06272,327.816
OUT_06273,262.554
OUT_06274,252.963
OUT_06275,414.386
OUT_06276,360.732
OUT_06277,365.068
OUT_06278,2090.492
OUT_06279,930.241
OUT_06280,366.822
OUT_06281,351.513
OUT_06282,254.935
OUT_06283,171.739
OUT_06284,930.362
OUT_06285,270.811
OUT_06286,247.464
OUT_06287,229.551
OUT_06288,223.352
OUT_06289,818.828
OUT_06290,215.912
OUT_06291,164.602
OUT_06292,272.135
OUT_06293,375.577
OUT_06294,129.795
OUT_06295,222.075
OUT_06296,337.489
OUT_06297,251.758
OUT_06298,220.879
OUT_06299,381.212
OUT_06300,362.344
OUT_06301,341.98
OUT_06302,183.354
OUT_06303,198.377
OUT_06304,2020.819
OUT_06305,286.204
OUT_06306,214.838
OUT_06307,186.425
OUT_06308,364.233
OUT_06309,177.781
OUT_06310,207.309
OUT_06311,322.838
OUT_06312,224.545
OUT_06313,212.667
OUT_06314,251.758
OUT_06315,966.265
OUT_06316,380.551
OUT_06317,233.183
OUT_06318,251.758
OUT_06319,370.135
OUT_06320,302.125
OUT_06321,2747.654
OUT_06322,268.972
OUT_06323,890.35
OUT_06324,266.983
OUT_06325,198.042
OUT_06326,361.887
OUT_06327,970.867
OUT_06328,360.994
OUT_06329,283.117
OUT_06330,250.75
OUT_06331,391.024
OUT_06332,937.858
OUT_06333,163.015
OUT_06334,227.001
OUT_06335,236.518
OUT_06336,852.542
OUT_06337,180.459
OUT_06338,251.23
OUT_06339,323.727
OUT_06340,994.945
OUT_06341,321.172
OUT_06342,347.073
OUT_06343,291.9
OUT_06344,257.033
OUT_06345,156.588
OUT_06346,204.615
OUT_06347,300.043
OUT_06348,342.821
OUT_06349,355.186
OUT_06350,394.091
OUT_06351,409.094
OUT_06352,368.425
OUT_06353,374.168
OUT_06354,200.597
OUT_06355,219.83
OUT_06356,2039.378
OUT_06357,181.888
OUT_06358,2040.562
OUT_06359,314.521
OUT_06360,263.881
OUT_06361,859.396
OUT_06362,274.492
OUT_06363,217.88
OUT_06364,144.859
OUT_06365,364.235
OUT_06366,183.729
OUT_06367,993.623
OUT_06368,244.002
OUT_06369,346.889
OUT_06370,915.145
OUT_06371,160.64
OUT_06372,375.056
OUT_06373,1984.573
OUT_06374,158.973
OUT_06375,935.842
OUT_06376,363.414
OUT_06377,330.017
OUT_06378,251.758
OUT_06379,369.344
OUT_06380,250.518
OUT_06381,2064.867
OUT_06382,327.553
OUT_06383,189.598
OUT_06384,181.637
OUT_06385,211.082
OUT_06386,896.391
OUT_06387,1950.675
OUT_06388,251.758
OUT_06389,251.758
OUT_06390,367.107
OUT_06391,297.542
OUT_06392,1993.705
OUT_06393,251.758
OUT_06394,249.522
OUT_06395,196.474
OUT_06396,201.376
OUT_06397,251.944
OUT_06398,193.34
OUT_06399,382.308
OUT_06400,328.076
OUT_06401,197.553
OUT_06402,915.075
OUT_06403,1025.779
OUT_06404,982.685
OUT_06405,402.844
OUT_06406,983.869
OUT_06407,157.827
OUT_06408,184.345
OUT_06409,213.681
OUT_06410,2051.377
OUT_06411,213.133
OUT_06412,181.556
OUT_06413,388.877
OUT_06414,1955.727
OUT_06415,809.742
OUT_06416,359.15
OUT_06417,2023.167
OUT_06418,220.302
OUT_06419,200.535
OUT_06420,1974.805
OUT_06421,182.358
OUT_06422,152.175
OUT_06423,147.789
OUT_06424,340.742
OUT_06425,174.697
OUT_06426,159.768
OUT_06427,923.255
OUT_06428,197.713
OUT_06429,179.939
OUT_06430,354.142
OUT_06431,379.876
OUT_06432,967.742
OUT_06433,413.119
OUT_06434,376.175
OUT_06435,139.272
OUT_06436,994.676
OUT_06437,153.507
OUT_06438,207.121
OUT_06439,2093.322
OUT_06440,417.012
OUT_06441,453.176
OUT_06442,269.313
OUT_06443,190.846
OUT_06444,189.86
OUT_06445,358.609
OUT_06446,225.026
OUT_06447,203.23
OUT_06448,238.952
OUT_06449,259.3
OUT_06450,205.288
OUT_06451,244.93
OUT_06452,138.678
OUT_06453,254.776
OUT_06454,407.791
OUT_06455,175.74
OUT_06456,262.409
OUT_06457,228.99
OUT_06458,171.638
OUT_06459,180.407
OUT_06460,372.111
OUT_06461,180.844
OUT_06462,974.948
OUT_06463,207.103
OUT_06464,200.102
OUT_06465,331.969
OUT_06466,957.815
OUT_06467,318.01
OUT_06468,247.187
OUT_06469,215.591
OUT_06470,188.883
OUT_06471,367.825
OUT_06472,969.653
OUT_06473,287.844
OUT_06474,167.857
OUT_06475,418.74
OUT_06476,390.689
OUT_06477,222.955
OUT_06478,236.03
OUT_06479,237.32
OUT_06480,359.295
OUT_06481,386.614
OUT_06482,262.409
OUT_06483,218.765
OUT_06484,169.834
OUT_06485,235.271
OUT_06486,262.692
OUT_06487,298.372
OUT_06488,148.429
OUT_06489,248.017
OUT_06490,959.967
OUT_06491,151.763
OUT_06492,380.361
OUT_06493,381.621
OUT_06494,166.499
OUT_06495,173.364
OUT_06496,316.505
OUT_06497,171.688
OUT_06498,200.978
OUT_06499,2060.124
OUT_06500,220.169
OUT_06501,987.833
OUT_06502,958.1
OUT_06503,278.07
OUT_06504,227.985
OUT_06505,172.262
OUT_06506,262.409
OUT_06507,866.489
OUT_06508,205.241
OUT_06509,324.644
OUT_06510,222.192
OUT_06511,203.997
OUT_06512,389.159
OUT_06513,176.428
OUT_06514,346.643
OUT_06515,398.022
OUT_06516,187.944
OUT_06517,272.488
OUT_06518,959.622
OUT_06519,382.825
OUT_06520,251.758
OUT_06521,260.436
OUT_06522,383.62
OUT_06523,419.784
OUT_06524,243.745
OUT_06525,213.346
OUT_06526,371.151
OUT_06527,251.758
OUT_06528,256.685
OUT_06529,931.16
OUT_06530,228.361
OUT_06531,361.825
OUT_06532,394.684
OUT_06533,161.826
OUT_06534,392.595
OUT_06535,863.487
OUT_06536,363.115
OUT_06537,237.967
OUT_06538,946.558
OUT_06539,222.514
OUT_06540,994.457
OUT_06541,284.023
OUT_06542,191.785
OUT_06543,358.354
OUT_06544,190.679
OUT_06545,933.393
OUT_06546,163.662
OUT_06547,262.409
OUT_06548,262.409
OUT_06549,229.409
OUT_06550,348.091
OUT_06551,374.134
OUT_06552,355.762
OUT_06553,384.237
OUT_06554,245.034
OUT_06555,377.12
OUT_06556,2104.289
OUT_06557,417.411
OUT_06558,361.184
OUT_06559,979.497
OUT_06560,257.962
OUT_06561,388.508
OUT_06562,263.633
OUT_06563,187.219
OUT_06564,217.909
OUT_06565,970.604
OUT_06566,180.008
OUT_06567,311.299
OUT_06568,359.386
OUT_06569,156.172
OUT_06570,188.073
OUT_06571,290.796
OUT_06572,170.12
OUT_06573,229.663
OUT_06574,913.597
OUT_06575,360.2
OUT_06576,214.138
OUT_06577,160.824
OUT_06578,197.74
OUT_06579,945.157
OUT_06580,212.462
OUT_06581,191.481
OUT_06582,183.882
OUT_06583,277.357
OUT_06584,168.764
OUT_06585,173.807
OUT_06586,379.228
OUT_06587,920.035
OUT_06588,200.385
OUT_06589,1991.62
OUT_06590,929.282
OUT_06591,190.024
OUT_06592,218.966
OUT_06593,358.054
OUT_06594,172.074
OUT_06595,176.829
OUT_06596,378.127
OUT_06597,169.723
OUT_06598,188.33
OUT_06599,995.49
OUT_06600,384.888
OUT_06601,163.874
OUT_06602,222.689
OUT_06603,304.331
OUT_06604,407.67
OUT_06605,220.813
OUT_06606,269.105
OUT_06607,186.078
OUT_06608,902.527
OUT_06609,361.056
OUT_06610,171.119
OUT_06611,255.856
OUT_06612,377.593
OUT_06613,977.965
OUT_06614,210.727
OUT_06615,944.755
OUT_06616,369.177
OUT_06617,403.432
OUT_06618,263.482
OUT_06619,203.212
OUT_06620,154.534
OUT_06621,174.923
OUT_06622,262.409
OUT_06623,246.947
OUT_06624,409.428
OUT_06625,2058.94
OUT_06626,393.566
OUT_06627,252.818
OUT_06628,357.994
OUT_06629,951.828
OUT_06630,348.966
OUT_06631,957.583
OUT_06632,262.409
OUT_06633,157.052
OUT_06634,337.343
OUT_06635,197.375
OUT_06636,245.065
OUT_06637,311.932
OUT_06638,253.116
OUT_06639,158.509
OUT_06640,257.668
OUT_06641,248.526
OUT_06642,226.326
OUT_06643,214.802
OUT_06644,195.777
OUT_06645,910.347
OUT_06646,345.73
OUT_06647,354.4
OUT_06648,890.655
OUT_06649,349.98
OUT_06650,136.926
OUT_06651,356.108
OUT_06652,153.227
OUT_06653,250.86
OUT_06654,174.157
OUT_06655,953.769
OUT_06656,163.4
OUT_06657,350.229
OUT_06658,2081.413
OUT_06659,294.841
OUT_06660,2077.909
OUT_06661,251.758
OUT_06662,426.237
OUT_06663,1966.315
OUT_06664,428.725
OUT_06665,211.718
OUT_06666,367.105
OUT_06667,283.172
OUT_06668,357.692
OUT_06669,262.409
OUT_06670,238.136
OUT_06671,212.547
OUT_06672,180.034
OUT_06673,216.777
OUT_06674,165.355
OUT_06675,254.128
OUT_06676,251.758
OUT_06677,947.037
OUT_06678,385.904
OUT_06679,349.24
OUT_06680,154.101
OUT_06681,207.695
OUT_06682,938.36
OUT_06683,237.91
OUT_06684,291.536
OUT_06685,245.611
OUT_06686,340.985
OUT_06687,146.003
OUT_06688,250.768
OUT_06689,178.43
OUT_06690,376.395
OUT_06691,189.374
OUT_06692,374.404
OUT_06693,251.758
OUT_06694,363.736
OUT_06695,425.976
OUT_06696,971.651
OUT_06697,151.273
OUT_06698,955.728
OUT_06699,1974.107
OUT_06700,158.977
OUT_06701,356.33
OUT_06702,375.288
OUT_06703,336.564
OUT_06704,385.614
OUT_06705,237.209
OUT_06706,362.832
OUT_06707,370.08
OUT_06708,225.994
OUT_06709,201.304
OUT_06710,362.756
OUT_06711,953.78
OUT_06712,251.729
OUT_06713,224.365
OUT_06714,231.608
OUT_06715,168.401
OUT_06716,168.244
OUT_06717,379.725
OUT_06718,993.754
OUT_06719,251.936
OUT_06720,1116.627
OUT_06721,305.007
OUT_06722,262.409
OUT_06723,288.816
OUT_06724,1005.394
OUT_06725,990.772
OUT_06726,343.462
OUT_06727,360.873
OUT_06728,197.227
OUT_06729,232.655
OUT_06730,216.774
OUT_06731,229.231
OUT_06732,262.409
OUT_06733,1979.436
OUT_06734,333.934
OUT_06735,226.669
OUT_06736,963.541
OUT_06737,247.15
OUT_06738,236.27
OUT_06739,347.109
OUT_06740,245.187
OUT_06741,386.152
OUT_06742,216.245
OUT_06743,223.381
OUT_06744,943.83
OUT_06745,380.961
OUT_06746,351.641
OUT_06747,899.649
OUT_06748,276.425
OUT_06749,358.394
OUT_06750,291.9
OUT_06751,306.406
OUT_06752,249.003
OUT_06753,338.698
OUT_06754,231.724
OUT_06755,245.52
OUT_06756,276.577
OUT_06757,256.558
OUT_06758,442.729
OUT_06759,157.685
OUT_06760,989.434
OUT_06761,235.018
OUT_06762,236.297
OUT_06763,945.759
OUT_06764,1023.587
OUT_06765,334.616
OUT_06766,353.96
OUT_06767,368.109
OUT_06768,187.33
OUT_06769,207.025
OUT_06770,164.548
OUT_06771,213.103
OUT_06772,212.547
OUT_06773,313.103
OUT_06774,411.501
OUT_06775,379.845
OUT_06776,251.758
OUT_06777,986.186
OUT_06778,278.842
OUT_06779,178.466
OUT_06780,195.816
OUT_06781,250.849
OUT_06782,179.15
OUT_06783,177.448
OUT_06784,357.716
OUT_06785,396.446
OUT_06786,205.594
OUT_06787,181.309
OUT_06788,221.042
OUT_06789,168.997
OUT_06790,324.315
OUT_06791,253.231
OUT_06792,318.117
OUT_06793,384.695
OUT_06794,251.083
OUT_06795,351.358
OUT_06796,174.083
OUT_06797,903.349
OUT_06798,952.611
OUT_06799,255.352
OUT_06800,334.065
OUT_06801,226.52
OUT_06802,390.952
OUT_06803,387.374
OUT_06804,315.277
OUT_06805,188.632
OUT_06806,194.712
OUT_06807,197.426
OUT_06808,378.682
OUT_06809,197.134
OUT_06810,2032.181
OUT_06811,249.054
OUT_06812,269.439
OUT_06813,208.894
OUT_06814,169.369
OUT_06815,1026.364
OUT_06816,308.225
OUT_06817,995.85
OUT_06818,2003.775
OUT_06819,345.42
OUT_06820,240.745
OUT_06821,258.856
OUT_06822,251.758
OUT_06823,363.973
OUT_06824,257.371
OUT_06825,337.49
OUT_06826,1087.073
OUT_06827,140.144
OUT_06828,171.583
OUT_06829,251.117
OUT_06830,1268.132
OUT_06831,325.733
OUT_06832,405.993
OUT_06833,380.505
OUT_06834,331.575
OUT_06835,246.998
OUT_06836,206.797
OUT_06837,285.778
OUT_06838,140.518
OUT_06839,954.637
OUT_06840,329.577
OUT_06841,374.453
OUT_06842,187.106
OUT_06843,1012.55
OUT_06844,192.05
OUT_06845,304.877
OUT_06846,239.056
OUT_06847,164.075
OUT_06848,281.816
OUT_06849,394.966
OUT_06850,198.481
OUT_06851,352.76
OUT_06852,264.701
OUT_06853,233.94
OUT_06854,190.082
OUT_06855,359.69
OUT_06856,285.264
OUT_06857,165.804
OUT_06858,273.907
OUT_06859,213.308
OUT_06860,956.244
OUT_06861,141.208
OUT_06862,218.966
OUT_06863,972.347
OUT_06864,256.145
OUT_06865,397.924
OUT_06866,375.141
OUT_06867,943.21
OUT_06868,164.845
OUT_06869,228.31
OUT_06870,262.409
OUT_06871,244.99
OUT_06872,262.409
OUT_06873,291.9
OUT_06874,228.079
OUT_06875,233.035
OUT_06876,243.192
OUT_06877,246.514
OUT_06878,201.774
OUT_06879,929.609
OUT_06880,869.502
OUT_06881,1298.99
OUT_06882,928.801
OUT_06883,180.661
OUT_06884,390.167
OUT_06885,194.521
OUT_06886,329.176
OUT_06887,212.0
OUT_06888,1065.738
OUT_06889,232.544
OUT_06890,254.658
OUT_06891,363.694
OUT_06892,225.121
OUT_06893,321.319
OUT_06894,400.971
OUT_06895,136.64
OUT_06896,161.075
OUT_06897,319.538
OUT_06898,271.324
OUT_06899,251.758
OUT_06900,256.471
OUT_06901,359.643
OUT_06902,213.784
OUT_06903,251.805
OUT_06904,385.146
OUT_06905,366.99
OUT_06906,1399.007
OUT_06907,213.333
OUT_06908,256.083
OUT_06909,212.22
OUT_06910,391.316
OUT_06911,291.9
OUT_06912,146.436
OUT_06913,214.601
OUT_06914,412.127
OUT_06915,952.322
OUT_06916,176.056
OUT_06917,156.02
OUT_06918,219.698
OUT_06919,196.687
OUT_06920,157.797
OUT_06921,262.409
OUT_06922,900.139
OUT_06923,267.952
OUT_06924,247.058
OUT_06925,251.758
OUT_06926,188.364
OUT_06927,160.728
OUT_06928,279.767
OUT_06929,214.515
OUT_06930,401.589
OUT_06931,262.409
OUT_06932,363.57
OUT_06933,328.71
OUT_06934,262.409
OUT_06935,200.76
OUT_06936,345.494
OUT_06937,224.345
OUT_06938,959.133
OUT_06939,426.675
OUT_06940,2105.553
OUT_06941,340.368
OUT_06942,412.718
OUT_06943,363.734
OUT_06944,234.214
OUT_06945,262.409
OUT_06946,221.387
OUT_06947,315.439
OUT_06948,889.12
OUT_06949,302.18
OUT_06950,283.405
OUT_06951,225.487
OUT_06952,974.939
OUT_06953,237.108
OUT_06954,190.566
OUT_06955,169.796
OUT_06956,365.092
OUT_06957,143.53
OUT_06958,259.275
OUT_06959,274.484
OUT_06960,179.144
OUT_06961,158.101
OUT_06962,262.409
OUT_06963,328.162
OUT_06964,132.609
OUT_06965,207.433
OUT_06966,250.0
OUT_06967,391.982
OUT_06968,173.973
OUT_06969,200.648
OUT_06970,251.758
OUT_06971,204.361
OUT_06972,228.883
OUT_06973,227.789
OUT_06974,375.197
OUT_06975,150.798
OUT_06976,921.242
OUT_06977,361.489
OUT_06978,231.503
OUT_06979,153.743
OUT_06980,158.131
OUT_06981,2014.387
OUT_06982,203.283
OUT_06983,291.9
OUT_06984,356.036
OUT_06985,2013.351
OUT_06986,265.838
OUT_06987,193.163
OUT_06988,358.747
OUT_06989,377.919
OUT_06990,937.208
OUT_06991,291.9
OUT_06992,265.439
OUT_06993,203.605
OUT_06994,221.404
OUT_06995,196.853
OUT_06996,921.898
OUT_06997,337.64
OUT_06998,183.904
OUT_06999,391.383
OUT_07000,1005.346
OUT_07001,389.908
OUT_07002,1057.759
OUT_07003,386.862
OUT_07004,240.08
OUT_07005,209.513
OUT_07006,254.089
OUT_07007,388.829
OUT_07008,2096.849
OUT_07009,392.646
OUT_07010,364.278
OUT_07011,169.491
OUT_07012,949.563
OUT_07013,1981.655
OUT_07014,369.442
OUT_07015,244.481
OUT_07016,1993.541
OUT_07017,170.353
OUT_07018,396.445
OUT_07019,265.555
OUT_07020,929.939
OUT_07021,364.715
OUT_07022,146.986
OUT_07023,163.185
OUT_07024,410.105
OUT_07025,262.409
OUT_07026,1899.93
OUT_07027,2024.041
OUT_07028,224.069
OUT_07029,943.915
OUT_07030,238.334
OUT_07031,912.91
OUT_07032,358.137
OUT_07033,417.907
OUT_07034,191.579
OUT_07035,186.41
OUT_07036,227.936
OUT_07037,344.142
OUT_07038,262.409
OUT_07039,257.406
OUT_07040,354.718
OUT_07041,262.409
OUT_07042,384.628
OUT_07043,184.882
OUT_07044,332.829
OUT_07045,349.47
OUT_07046,362.038
OUT_07047,169.012
OUT_07048,1032.923
OUT_07049,225.058
OUT_07050,362.235
OUT_07051,407.488
OUT_07052,256.748
OUT_07053,194.151
OUT_07054,370.878
OUT_07055,262.409
OUT_07056,1005.029
OUT_07057,921.541
OUT_07058,351.14
OUT_07059,218.546
OUT_07060,183.714
OUT_07061,955.922
OUT_07062,359.676
OUT_07063,151.273
OUT_07064,344.938
OUT_07065,977.545
OUT_07066,180.549
OUT_07067,444.337
OUT_07068,1985.084
OUT_07069,219.44
OUT_07070,352.078
OUT_07071,235.384
OUT_07072,235.414
OUT_07073,187.314
OUT_07074,137.896
OUT_07075,186.713
OUT_07076,217.048
OUT_07077,112.53
OUT_07078,365.647
OUT_07079,245.664
OUT_07080,1967.461
OUT_07081,385.656
OUT_07082,235.296
OUT_07083,209.74
OUT_07084,209.516
OUT_07085,452.84
OUT_07086,262.409
OUT_07087,219.444
OUT_07088,305.271
OUT_07089,2082.272
OUT_07090,345.781
OUT_07091,312.389
OUT_07092,151.187
OUT_07093,948.755
OUT_07094,348.447
OUT_07095,194.46
OUT_07096,323.356
OUT_07097,358.988
OUT_07098,233.576
OUT_07099,381.019
OUT_07100,212.454
OUT_07101,963.416
OUT_07102,226.515
OUT_07103,202.183
OUT_07104,262.409
OUT_07105,331.599
OUT_07106,162.888
OUT_07107,201.695
OUT_07108,944.796
OUT_07109,216.884
OUT_07110,241.681
OUT_07111,348.627
OUT_07112,376.64
OUT_07113,398.627
OUT_07114,359.704
OUT_07115,402.445
OUT_07116,149.358
OUT_07117,225.082
OUT_07118,234.409
OUT_07119,356.755
OUT_07120,368.711
OUT_07121,1030.233
OUT_07122,887.876
OUT_07123,191.063
OUT_07124,1003.935
OUT_07125,247.736
OUT_07126,411.671
OUT_07127,296.054
OUT_07128,251.758
OUT_07129,348.621
OUT_07130,238.466
OUT_07131,173.913
OUT_07132,371.588
OUT_07133,254.331
OUT_07134,159.273
OUT_07135,2075.249
OUT_07136,262.409
OUT_07137,202.441
OUT_07138,960.835
OUT_07139,237.267
OUT_07140,200.522
OUT_07141,986.987
OUT_07142,228.272
OUT_07143,230.864
OUT_07144,983.083
OUT_07145,190.653
OUT_07146,247.603
OUT_07147,999.15
OUT_07148,998.912
OUT_07149,417.399
OUT_07150,917.399
OUT_07151,146.403
OUT_07152,209.059
OUT_07153,221.134
OUT_07154,203.746
OUT_07155,373.745
OUT_07156,962.043
OUT_07157,358.498
OUT_07158,209.759
OUT_07159,154.041
OUT_07160,176.406
OUT_07161,2169.108
OUT_07162,247.316
OUT_07163,191.13
OUT_07164,205.889
OUT_07165,180.24
OUT_07166,346.925
OUT_07167,188.627
OUT_07168,242.725
OUT_07169,354.257
OUT_07170,222.124
OUT_07171,251.758
OUT_07172,225.833
OUT_07173,169.518
OUT_07174,200.064
OUT_07175,212.639
OUT_07176,163.613
OUT_07177,2237.954
OUT_07178,382.154
OUT_07179,225.152
OUT_07180,231.025
OUT_07181,375.803
OUT_07182,184.571
OUT_07183,948.151
OUT_07184,354.535
OUT_07185,155.262
OUT_07186,196.102
OUT_07187,951.786
OUT_07188,241.716
OUT_07189,164.728
OUT_07190,243.771
OUT_07191,164.139
OUT_07192,221.219
OUT_07193,364.61
OUT_07194,937.671
OUT_07195,954.407
OUT_07196,311.915
OUT_07197,179.516
OUT_07198,211.376
OUT_07199,370.514
OUT_07200,193.557
OUT_07201,393.748
OUT_07202,262.409
OUT_07203,413.804
OUT_07204,195.447
OUT_07205,189.84
OUT_07206,237.64
OUT_07207,339.249
OUT_07208,209.075
OUT_07209,447.234
OUT_07210,206.517
OUT_07211,128.972
OUT_07212,379.549
OUT_07213,135.856
OUT_07214,1301.251
OUT_07215,2055.925
OUT_07216,206.819
OUT_07217,190.796
OUT_07218,316.86
OUT_07219,981.888
OUT_07220,165.269
OUT_07221,244.721
OUT_07222,231.313
OUT_07223,154.851
OUT_07224,200.597
OUT_07225,2056.992
OUT_07226,270.098
OUT_07227,955.823
OUT_07228,222.361
OUT_07229,137.113
OUT_07230,221.386
OUT_07231,211.984
OUT_07232,302.35
OUT_07233,2008.661
OUT_07234,218.762
OUT_07235,377.821
OUT_07236,182.963
OUT_07237,252.805
OUT_07238,231.964
OUT_07239,393.887
OUT_07240,251.758
OUT_07241,179.319
OUT_07242,184.963
OUT_07243,397.01
OUT_07244,274.874
OUT_07245,398.029
OUT_07246,188.291
OUT_07247,374.161
OUT_07248,273.369
OUT_07249,178.683
OUT_07250,1961.219
OUT_07251,384.55
OUT_07252,389.154
OUT_07253,175.502
OUT_07254,179.906
OUT_07255,189.743
OUT_07256,318.058
OUT_07257,333.413
OUT_07258,975.601
OUT_07259,921.351
OUT_07260,217.982
OUT_07261,167.43
OUT_07262,371.887
OUT_07263,906.779
OUT_07264,132.813
OUT_07265,251.758
OUT_07266,977.261
OUT_07267,233.507
OUT_07268,345.704
OUT_07269,381.052
OUT_07270,164.038
OUT_07271,203.14
OUT_07272,409.71
OUT_07273,1024.815
OUT_07274,971.957
OUT_07275,176.036
OUT_07276,2023.843
OUT_07277,240.842
OUT_07278,230.662
OUT_07279,172.793
OUT_07280,376.847
OUT_07281,988.493
OUT_07282,363.519
OUT_07283,262.409
OUT_07284,360.799
OUT_07285,2311.239
OUT_07286,354.62
OUT_07287,224.392
OUT_07288,177.462
OUT_07289,945.775
OUT_07290,251.758
OUT_07291,152.867
OUT_07292,228.113
OUT_07293,163.62
OUT_07294,175.129
OUT_07295,253.062
OUT_07296,414.64
OUT_07297,236.924
OUT_07298,993.727
OUT_07299,240.952
OUT_07300,991.229
OUT_07301,253.776
OUT_07302,346.437
OUT_07303,206.971
OUT_07304,104.072
OUT_07305,942.447
OUT_07306,239.254
OUT_07307,993.423
OUT_07308,217.818
OUT_07309,258.52
OUT_07310,149.706
OUT_07311,379.591
OUT_07312,176.51
OUT_07313,167.24
OUT_07314,909.638
OUT_07315,343.863
OUT_07316,2066.708
OUT_07317,844.181
OUT_07318,367.264
OUT_07319,230.734
OUT_07320,174.473
OUT_07321,1953.354
OUT_07322,374.31
OUT_07323,203.37
OUT_07324,975.723
OUT_07325,210.467
OUT_07326,241.388
OUT_07327,959.293
OUT_07328,320.215
OUT_07329,390.662
OUT_07330,486.197
OUT_07331,891.259
OUT_07332,238.664
OUT_07333,363.503
OUT_07334,351.01
OUT_07335,959.091
OUT_07336,189.616
OUT_07337,255.015
OUT_07338,290.419
OUT_07339,200.597
OUT_07340,225.403
OUT_07341,932.566
OUT_07342,247.466
OUT_07343,417.217
OUT_07344,200.068
OUT_07345,155.738
OUT_07346,165.551
OUT_07347,354.311
OUT_07348,350.039
OUT_07349,939.611
OUT_07350,248.28
OUT_07351,389.441
OUT_07352,152.997
OUT_07353,243.166
OUT_07354,968.888
OUT_07355,240.979
OUT_07356,318.513
OUT_07357,313.689
OUT_07358,209.927
OUT_07359,202.801
OUT_07360,262.409
OUT_07361,231.66
OUT_07362,409.157
OUT_07363,202.143
OUT_07364,371.285
OUT_07365,210.392
OUT_07366,262.859
OUT_07367,954.501
OUT_07368,967.351
OUT_07369,270.716
OUT_07370,262.409
OUT_07371,315.939
OUT_07372,184.964
OUT_07373,126.973
OUT_07374,923.59
OUT_07375,233.62
OUT_07376,392.7
OUT_07377,248.263
OUT_07378,890.83
OUT_07379,189.246
OUT_07380,948.08
OUT_07381,164.858
OUT_07382,373.799
OUT_07383,331.29
OUT_07384,186.73
OUT_07385,192.624
OUT_07386,989.47
OUT_07387,217.572
OUT_07388,2133.26
OUT_07389,168.432
OUT_07390,934.071
OUT_07391,2024.466
OUT_07392,251.758
OUT_07393,895.208
OUT_07394,202.182
OUT_07395,158.348
OUT_07396,435.037
OUT_07397,134.295
OUT_07398,164.949
OUT_07399,180.87
OUT_07400,369.511
OUT_07401,136.125
OUT_07402,342.162
OUT_07403,183.955
OUT_07404,156.718
OUT_07405,251.758
OUT_07406,181.338
OUT_07407,291.9
OUT_07408,2255.275
OUT_07409,249.341
OUT_07410,330.184
OUT_07411,238.522
OUT_07412,232.111
OUT_07413,415.943
OUT_07414,358.336
OUT_07415,398.124
OUT_07416,389.898
OUT_07417,2027.731
OUT_07418,961.44
OUT_07419,219.341
OUT_07420,447.7
OUT_07421,154.705
OUT_07422,952.917
OUT_07423,427.141
OUT_07424,144.461
OUT_07425,322.804
OUT_07426,377.496
OUT_07427,251.275
OUT_07428,363.229
OUT_07429,354.3
OUT_07430,180.394
OUT_07431,148.098
OUT_07432,985.263
OUT_07433,254.297
OUT_07434,169.921
OUT_07435,153.07
OUT_07436,215.838
OUT_07437,199.476
OUT_07438,139.712
OUT_07439,84.153
OUT_07440,459.396
OUT_07441,201.196
OUT_07442,165.85
OUT_07443,947.126
OUT_07444,393.314
OUT_07445,244.09
OUT_07446,154.902
OUT_07447,390.274
OUT_07448,329.733
OUT_07449,292.821
OUT_07450,263.786
OUT_07451,939.865
OUT_07452,319.438
OUT_07453,354.705
OUT_07454,229.492
OUT_07455,318.762
OUT_07456,971.166
OUT_07457,253.426
OUT_07458,414.294
OUT_07459,224.341
OUT_07460,178.57
OUT_07461,239.769
OUT_07462,342.174
OUT_07463,378.418
OUT_07464,395.967
OUT_07465,210.702
OUT_07466,983.44
OUT_07467,373.732
OUT_07468,214.024
OUT_07469,879.108
OUT_07470,262.409
OUT_07471,299.901
OUT_07472,846.399
OUT_07473,204.133
OUT_07474,2001.76
OUT_07475,354.185
OUT_07476,262.403
OUT_07477,231.471
OUT_07478,251.758
OUT_07479,177.515
OUT_07480,949.824
OUT_07481,363.584
OUT_07482,262.409
OUT_07483,1032.991
OUT_07484,346.013
OUT_07485,396.709
OUT_07486,370.529
OUT_07487,412.541
OUT_07488,381.098
OUT_07489,317.764
OUT_07490,901.59
OUT_07491,397.369
OUT_07492,2128.292
OUT_07493,333.915
OUT_07494,333.195
OUT_07495,422.551
OUT_07496,247.561
OUT_07497,367.026
OUT_07498,386.079
OUT_07499,390.098
OUT_07500,226.746
OUT_07501,364.442
OUT_07502,197.249
OUT_07503,413.428
OUT_07504,2020.594
OUT_07505,905.014
OUT_07506,206.577
OUT_07507,249.607
OUT_07508,262.409
OUT_07509,201.882
OUT_07510,258.718
OUT_07511,200.073
OUT_07512,363.211
OUT_07513,348.812
OUT_07514,218.122
OUT_07515,1051.652
OUT_07516,259.586
OUT_07517,251.758
OUT_07518,247.583
OUT_07519,2149.374
OUT_07520,349.958
OUT_07521,159.256
OUT_07522,384.121
OUT_07523,151.269
OUT_07524,352.098
OUT_07525,262.409
OUT_07526,251.758
OUT_07527,251.758
OUT_07528,232.091
OUT_07529,230.481
OUT_07530,370.083
OUT_07531,185.332
OUT_07532,390.963
OUT_07533,378.497
OUT_07534,212.707
OUT_07535,350.883
OUT_07536,874.209
OUT_07537,283.345
OUT_07538,154.484
OUT_07539,408.069
OUT_07540,272.242
OUT_07541,207.396
OUT_07542,233.195
OUT_07543,179.899
OUT_07544,226.226
OUT_07545,395.112
OUT_07546,2122.683
OUT_07547,386.187
OUT_07548,251.758
OUT_07549,277.3
OUT_07550,182.007
OUT_07551,211.953
OUT_07552,332.259
OUT_07553,2032.335
OUT_07554,260.467
OUT_07555,262.467
OUT_07556,195.04
OUT_07557,953.119
OUT_07558,204.239
OUT_07559,254.995
OUT_07560,180.489
OUT_07561,349.35
OUT_07562,240.987
OUT_07563,376.992
OUT_07564,160.906
OUT_07565,220.495
OUT_07566,180.344
OUT_07567,156.322
OUT_07568,179.895
OUT_07569,199.827
OUT_07570,233.717
OUT_07571,383.544
OUT_07572,179.991
OUT_07573,179.949
OUT_07574,906.058
OUT_07575,251.758
OUT_07576,337.538
OUT_07577,146.184
OUT_07578,894.445
OUT_07579,251.758
OUT_07580,217.797
OUT_07581,976.944
OUT_07582,251.758
OUT_07583,251.758
OUT_07584,234.18
OUT_07585,240.696
OUT_07586,387.422
OUT_07587,905.056
OUT_07588,224.879
OUT_07589,186.221
OUT_07590,931.647
OUT_07591,1000.838
OUT_07592,167.651
OUT_07593,382.715
OUT_07594,239.773
OUT_07595,251.301
OUT_07596,173.855
OUT_07597,207.008
OUT_07598,400.702
OUT_07599,291.9
OUT_07600,988.694
OUT_07601,180.265
OUT_07602,154.774
OUT_07603,184.351
OUT_07604,2107.657
OUT_07605,1025.497
OUT_07606,251.758
OUT_07607,251.758
OUT_07608,261.046
OUT_07609,390.405
OUT_07610,184.183
OUT_07611,400.558
OUT_07612,237.014
OUT_07613,182.923
OUT_07614,261.682
OUT_07615,400.623
OUT_07616,197.017
OUT_07617,943.796
OUT_07618,248.868
OUT_07619,321.7
OUT_07620,376.393
OUT_07621,373.757
OUT_07622,363.962
OUT_07623,195.715
OUT_07624,171.048
OUT_07625,930.858
OUT_07626,217.119
OUT_07627,891.431
OUT_07628,219.874
OUT_07629,969.332
OUT_07630,267.862
OUT_07631,195.271
OUT_07632,223.456
OUT_07633,1283.819
OUT_07634,172.016
OUT_07635,916.098
OUT_07636,999.837
OUT_07637,233.615
OUT_07638,359.975
OUT_07639,2117.522
OUT_07640,249.778
OUT_07641,289.445
OUT_07642,209.787
OUT_07643,384.524
OUT_07644,197.48
OUT_07645,164.45
OUT_07646,381.142
OUT_07647,212.929
OUT_07648,287.588
OUT_07649,319.127
OUT_07650,391.818
OUT_07651,189.963
OUT_07652,262.409
OUT_07653,245.572
OUT_07654,348.858
OUT_07655,2000.226
OUT_07656,231.176
OUT_07657,171.694
OUT_07658,2038.984
OUT_07659,404.303
OUT_07660,262.409
OUT_07661,347.882
OUT_07662,335.151
OUT_07663,232.872
OUT_07664,313.258
OUT_07665,174.136
OUT_07666,262.409
OUT_07667,393.74
OUT_07668,234.043
OUT_07669,227.743
OUT_07670,134.461
OUT_07671,1034.838
OUT_07672,105.081
OUT_07673,136.858
OUT_07674,914.249
OUT_07675,209.664
OUT_07676,251.758
OUT_07677,889.908
OUT_07678,844.96
OUT_07679,971.792
OUT_07680,192.573
OUT_07681,370.98
OUT_07682,964.491
OUT_07683,262.409
OUT_07684,390.654
OUT_07685,1032.303
OUT_07686,180.7
OUT_07687,2039.619
OUT_07688,2006.71
OUT_07689,309.024
OUT_07690,253.864
OUT_07691,189.405
OUT_07692,251.758
OUT_07693,427.288
OUT_07694,154.44
OUT_07695,286.335
OUT_07696,245.14
OUT_07697,176.406
OUT_07698,205.582
OUT_07699,261.155
OUT_07700,264.266
OUT_07701,236.795
OUT_07702,1000.117
OUT_07703,2004.47
OUT_07704,931.267
OUT_07705,369.422
OUT_07706,319.111
OUT_07707,180.356
OUT_07708,342.289
OUT_07709,383.958
OUT_07710,168.862
OUT_07711,175.124
OUT_07712,389.113
OUT_07713,508.443
OUT_07714,331.101
OUT_07715,393.991
OUT_07716,175.103
OUT_07717,185.683
OUT_07718,362.868
OUT_07719,207.699
OUT_07720,2008.421
OUT_07721,366.983
OUT_07722,890.191
OUT_07723,251.758
OUT_07724,354.499
OUT_07725,361.368
OUT_07726,251.758
OUT_07727,169.51
OUT_07728,150.7
OUT_07729,210.513
OUT_07730,411.018
OUT_07731,175.291
OUT_07732,369.116
OUT_07733,206.174
OUT_07734,991.269
OUT_07735,262.409
OUT_07736,2068.78
OUT_07737,212.181
OUT_07738,163.391
OUT_07739,399.544
OUT_07740,312.103
OUT_07741,218.783
OUT_07742,891.987
OUT_07743,262.409
OUT_07744,211.99
OUT_07745,262.032
OUT_07746,1004.422
OUT_07747,370.445
OUT_07748,162.339
OUT_07749,317.588
OUT_07750,341.604
OUT_07751,253.101
OUT_07752,157.625
OUT_07753,365.553
OUT_07754,215.191
OUT_07755,397.035
OUT_07756,154.07
OUT_07757,251.592
OUT_07758,263.496
OUT_07759,248.557
OUT_07760,340.963
OUT_07761,249.944
OUT_07762,1962.12
OUT_07763,371.618
OUT_07764,202.776
OUT_07765,2056.548
OUT_07766,253.988
OUT_07767,210.764
OUT_07768,251.758
OUT_07769,932.573
OUT_07770,171.825
OUT_07771,373.941
OUT_07772,950.776
OUT_07773,394.557
OUT_07774,315.547
OUT_07775,968.229
OUT_07776,262.312
OUT_07777,182.459
OUT_07778,260.57
OUT_07779,262.409
OUT_07780,209.181
OUT_07781,413.202
OUT_07782,337.413
OUT_07783,160.092
OUT_07784,312.623
OUT_07785,371.483
OUT_07786,973.762
OUT_07787,977.681
OUT_07788,245.131
OUT_07789,193.491
OUT_07790,373.077
OUT_07791,1508.849
OUT_07792,983.473
OUT_07793,935.238
OUT_07794,257.284
OUT_07795,1015.568
OUT_07796,2067.034
OUT_07797,185.697
OUT_07798,390.361
OUT_07799,299.979
OUT_07800,262.89
OUT_07801,1002.242
OUT_07802,192.528
OUT_07803,216.948
OUT_07804,152.447
OUT_07805,138.814
OUT_07806,387.166
OUT_07807,209.988
OUT_07808,238.559
OUT_07809,365.247
OUT_07810,1900.411
OUT_07811,262.409
OUT_07812,235.861
OUT_07813,230.248
OUT_07814,208.157
OUT_07815,2094.781
OUT_07816,183.709
OUT_07817,1023.616
OUT_07818,262.409
OUT_07819,391.075
OUT_07820,160.03
OUT_07821,234.63
OUT_07822,251.758
OUT_07823,924.215
OUT_07824,141.612
OUT_07825,343.55
OUT_07826,264.361
OUT_07827,395.453
OUT_07828,285.949
OUT_07829,150.997
OUT_07830,958.997
OUT_07831,369.513
OUT_07832,960.782
OUT_07833,281.829
OUT_07834,384.094
OUT_07835,157.477
OUT_07836,378.13
OUT_07837,2055.132
OUT_07838,362.16
OUT_07839,150.714
OUT_07840,349.59
OUT_07841,206.968
OUT_07842,230.071
OUT_07843,205.354
OUT_07844,185.762
OUT_07845,945.092
OUT_07846,316.949
OUT_07847,370.922
OUT_07848,220.977
OUT_07849,262.409
OUT_07850,214.847
OUT_07851,251.577
OUT_07852,204.483
OUT_07853,183.807
OUT_07854,174.059
OUT_07855,369.894
OUT_07856,355.196
OUT_07857,354.991
OUT_07858,976.034
OUT_07859,957.345
OUT_07860,376.348
OUT_07861,334.181
OUT_07862,291.9
OUT_07863,293.096
OUT_07864,387.065
OUT_07865,210.076
OUT_07866,197.428
OUT_07867,938.297
OUT_07868,262.409
OUT_07869,360.5
OUT_07870,372.973
OUT_07871,262.409
OUT_07872,262.409
OUT_07873,288.695
OUT_07874,173.605
OUT_07875,978.55
OUT_07876,2036.199
OUT_07877,2090.568
OUT_07878,272.255
OUT_07879,906.497
OUT_07880,2062.561
OUT_07881,192.15
OUT_07882,250.114
OUT_07883,961.357
OUT_07884,421.991
OUT_07885,293.093
OUT_07886,368.428
OUT_07887,140.171
OUT_07888,356.79
OUT_07889,224.039
OUT_07890,277.478
OUT_07891,142.7
OUT_07892,169.306
OUT_07893,1040.696
OUT_07894,178.548
OUT_07895,224.579
OUT_07896,2033.054
OUT_07897,892.483
OUT_07898,334.374
OUT_07899,437.73
OUT_07900,161.311
OUT_07901,923.493
OUT_07902,148.654
OUT_07903,200.592
OUT_07904,270.521
OUT_07905,251.758
OUT_07906,179.868
OUT_07907,251.758
OUT_07908,957.341
OUT_07909,326.416
OUT_07910,360.6
OUT_07911,903.893
OUT_07912,232.144
OUT_07913,172.674
OUT_07914,191.605
OUT_07915,332.073
OUT_07916,2083.556
OUT_07917,141.854
OUT_07918,291.9
OUT_07919,195.249
OUT_07920,367.279
OUT_07921,207.197
OUT_07922,262.409
OUT_07923,2054.59
OUT_07924,912.622
OUT_07925,1959.42
OUT_07926,164.745
OUT_07927,184.663
OUT_07928,246.226
OUT_07929,251.758
OUT_07930,907.721
OUT_07931,244.046
OUT_07932,386.263
OUT_07933,251.357
OUT_07934,218.199
OUT_07935,963.545
OUT_07936,232.485
OUT_07937,199.094
OUT_07938,947.807
OUT_07939,345.579
OUT_07940,198.063
OUT_07941,340.195
OUT_07942,193.711
OUT_07943,360.047
OUT_07944,219.149
OUT_07945,327.028
OUT_07946,206.231
OUT_07947,376.233
OUT_07948,298.59
OUT_07949,1065.437
OUT_07950,183.24
OUT_07951,203.88
OUT_07952,268.681
OUT_07953,189.775
OUT_07954,353.088
OUT_07955,352.83
OUT_07956,377.133
OUT_07957,358.834
OUT_07958,251.758
OUT_07959,199.755
OUT_07960,196.845
OUT_07961,179.835
OUT_07962,289.116
OUT_07963,202.868
OUT_07964,248.52
OUT_07965,388.871
OUT_07966,398.641
OUT_07967,897.983
OUT_07968,194.609
OUT_07969,368.761
OUT_07970,844.063
OUT_07971,919.869
OUT_07972,338.118
OUT_07973,209.979
OUT_07974,410.772
OUT_07975,205.463
OUT_07976,193.446
OUT_07977,216.885
OUT_07978,341.269
OUT_07979,247.542
OUT_07980,2048.16
OUT_07981,139.261
OUT_07982,202.127
OUT_07983,242.866
OUT_07984,249.299
OUT_07985,937.757
OUT_07986,242.961
OUT_07987,200.392
OUT_07988,249.772
OUT_07989,197.072
OUT_07990,194.92
OUT_07991,934.587
OUT_07992,195.396
OUT_07993,982.302
OUT_07994,229.681
OUT_07995,199.469
OUT_07996,255.391
OUT_07997,424.748
OUT_07998,242.901
OUT_07999,163.493
OUT_08000,287.341
OUT_08001,952.206
OUT_08002,330.066
OUT_08003,131.287
OUT_08004,216.311
OUT_08005,187.439
OUT_08006,262.409
OUT_08007,274.342
OUT_08008,389.545
OUT_08009,256.049
OUT_08010,315.267
OUT_08011,226.368
OUT_08012,175.569
OUT_08013,320.589
OUT_08014,354.812
OUT_08015,953.223
OUT_08016,139.821
OUT_08017,187.464
OUT_08018,205.626
OUT_08019,325.626
OUT_08020,195.93
OUT_08021,212.374
OUT_08022,407.235
OUT_08023,370.263
OUT_08024,220.062
OUT_08025,925.898
OUT_08026,370.452
OUT_08027,166.021
OUT_08028,243.178
OUT_08029,971.745
OUT_08030,870.377
OUT_08031,215.646
OUT_08032,2059.441
OUT_08033,1948.285
OUT_08034,173.757
OUT_08035,389.418
OUT_08036,262.409
OUT_08037,1000.483
OUT_08038,371.22
OUT_08039,983.185
OUT_08040,201.711
OUT_08041,924.881
OUT_08042,387.947
OUT_08043,215.151
OUT_08044,152.079
OUT_08045,2022.53
OUT_08046,213.567
OUT_08047,2115.005
OUT_08048,179.524
OUT_08049,215.448
OUT_08050,949.694
OUT_08051,206.696
OUT_08052,379.641
OUT_08053,211.175
OUT_08054,224.284
OUT_08055,933.97
OUT_08056,171.797
OUT_08057,376.993
OUT_08058,312.405
OUT_08059,908.448
OUT_08060,228.037
OUT_08061,239.9
OUT_08062,961.128
OUT_08063,375.809
OUT_08064,251.758
OUT_08065,328.092
OUT_08066,984.746
OUT_08067,1262.044
OUT_08068,183.738
OUT_08069,375.519
OUT_08070,394.261
OUT_08071,264.248
OUT_08072,363.288
OUT_08073,182.129
OUT_08074,228.466
OUT_08075,287.263
OUT_08076,327.814
OUT_08077,262.409
OUT_08078,358.701
OUT_08079,1995.468
OUT_08080,356.897
OUT_08081,188.258
OUT_08082,328.669
OUT_08083,941.538
OUT_08084,262.409
OUT_08085,139.407
OUT_08086,146.595
OUT_08087,293.273
OUT_08088,339.982
OUT_08089,167.662
OUT_08090,2022.917
OUT_08091,379.783
OUT_08092,166.412
OUT_08093,366.765
OUT_08094,245.816
OUT_08095,199.667
OUT_08096,166.655
OUT_08097,990.184
OUT_08098,341.313
OUT_08099,861.562
OUT_08100,2023.398
OUT_08101,303.29
OUT_08102,441.083
OUT_08103,267.305
OUT_08104,192.012
OUT_08105,334.066
OUT_08106,159.829
OUT_08107,328.486
OUT_08108,262.409
OUT_08109,2069.327
OUT_08110,233.944
OUT_08111,314.335
OUT_08112,938.361
OUT_08113,279.403
OUT_08114,937.155
OUT_08115,159.822
OUT_08116,350.334
OUT_08117,223.698
OUT_08118,937.999
OUT_08119,248.374
OUT_08120,882.337
OUT_08121,273.353
OUT_08122,252.026
OUT_08123,353.505
OUT_08124,251.758
OUT_08125,386.631
OUT_08126,911.68
OUT_08127,893.245
OUT_08128,1033.612
OUT_08129,905.844
OUT_08130,137.59
OUT_08131,919.984
OUT_08132,225.063
OUT_08133,251.758
OUT_08134,361.344
OUT_08135,401.77
OUT_08136,208.249
OUT_08137,314.259
OUT_08138,944.377
OUT_08139,321.175
OUT_08140,974.158
OUT_08141,247.373
OUT_08142,145.839
OUT_08143,358.364
OUT_08144,188.093
OUT_08145,924.28
OUT_08146,231.33
OUT_08147,212.371
OUT_08148,384.939
OUT_08149,200.716
OUT_08150,183.218
OUT_08151,309.196
OUT_08152,240.154
OUT_08153,312.407
OUT_08154,315.701
OUT_08155,158.238
OUT_08156,201.543
OUT_08157,251.758
OUT_08158,1041.892
OUT_08159,1984.99
OUT_08160,934.662
OUT_08161,272.449
OUT_08162,190.778
OUT_08163,192.373
OUT_08164,214.79
OUT_08165,404.527
OUT_08166,206.718
OUT_08167,401.908
OUT_08168,220.283
OUT_08169,172.276
OUT_08170,169.458
OUT_08171,291.9
OUT_08172,351.92
OUT_08173,336.068
OUT_08174,191.542
OUT_08175,964.067
OUT_08176,207.393
OUT_08177,1232.846
OUT_08178,356.262
OUT_08179,960.301
OUT_08180,181.512
OUT_08181,306.616
OUT_08182,362.084
OUT_08183,154.883
OUT_08184,262.409
OUT_08185,186.833
OUT_08186,908.978
OUT_08187,944.269
OUT_08188,381.417
OUT_08189,183.787
OUT_08190,352.52
OUT_08191,251.758
OUT_08192,309.187
OUT_08193,219.453
OUT_08194,248.462
OUT_08195,994.448
OUT_08196,277.859
OUT_08197,262.409
OUT_08198,354.526
OUT_08199,414.479
OUT_08200,251.758
OUT_08201,2090.563
OUT_08202,184.827
OUT_08203,251.758
OUT_08204,258.512
OUT_08205,241.823
OUT_08206,954.665
OUT_08207,153.866
OUT_08208,330.682
OUT_08209,343.284
OUT_08210,251.758
OUT_08211,181.355
OUT_08212,146.52
OUT_08213,230.137
OUT_08214,227.566
OUT_08215,375.87
OUT_08216,861.409
OUT_08217,991.253
OUT_08218,2144.663
OUT_08219,294.005
OUT_08220,212.777
OUT_08221,933.861
OUT_08222,1075.127
OUT_08223,193.143
OUT_08224,167.051
OUT_08225,976.891
OUT_08226,2000.904
OUT_08227,941.333
OUT_08228,1010.651
OUT_08229,165.887
OUT_08230,360.174
OUT_08231,1989.864
OUT_08232,173.524
OUT_08233,942.274
OUT_08234,1047.561
OUT_08235,242.445
OUT_08236,262.409
OUT_08237,943.413
OUT_08238,365.82
OUT_08239,327.425
OUT_08240,188.168
OUT_08241,957.294
OUT_08242,131.953
OUT_08243,976.891
OUT_08244,233.54
OUT_08245,207.813
OUT_08246,231.038
OUT_08247,368.719
OUT_08248,291.9
OUT_08249,195.681
OUT_08250,192.46
OUT_08251,336.68
OUT_08252,260.626
OUT_08253,246.639
OUT_08254,388.01
OUT_08255,350.014
OUT_08256,188.707
OUT_08257,355.179
OUT_08258,339.427
OUT_08259,305.169
OUT_08260,907.033
OUT_08261,978.152
OUT_08262,325.98
OUT_08263,183.222
OUT_08264,399.251
OUT_08265,229.503
OUT_08266,161.26
OUT_08267,349.114
OUT_08268,187.074
OUT_08269,223.899
OUT_08270,372.693
OUT_08271,1003.827
OUT_08272,388.914
OUT_08273,984.39
OUT_08274,236.88
OUT_08275,931.436
OUT_08276,162.957
OUT_08277,378.936
OUT_08278,2076.519
OUT_08279,382.036
OUT_08280,957.292
OUT_08281,919.75
OUT_08282,226.509
OUT_08283,262.409
OUT_08284,251.758
OUT_08285,178.795
OUT_08286,350.423
OUT_08287,398.272
OUT_08288,346.538
OUT_08289,163.962
OUT_08290,207.857
OUT_08291,162.321
OUT_08292,1001.382
OUT_08293,194.245
OUT_08294,375.915
OUT_08295,276.358
OUT_08296,2108.42
OUT_08297,177.416
OUT_08298,2050.654
OUT_08299,243.08
OUT_08300,377.618
OUT_08301,273.033
OUT_08302,150.642
OUT_08303,365.077
OUT_08304,2631.176
OUT_08305,992.681
OUT_08306,149.4
OUT_08307,1158.27
OUT_08308,390.369
OUT_08309,378.275
OUT_08310,351.06
OUT_08311,128.773
OUT_08312,262.409
OUT_08313,938.859
OUT_08314,179.443
OUT_08315,262.409
OUT_08316,174.438
OUT_08317,189.266
OUT_08318,235.27
OUT_08319,335.057
OUT_08320,354.446
OUT_08321,375.975
OUT_08322,152.422
OUT_08323,295.523
OUT_08324,251.758
OUT_08325,354.508
OUT_08326,368.278
OUT_08327,939.894
OUT_08328,384.952
OUT_08329,358.985
OUT_08330,930.951
OUT_08331,941.353
OUT_08332,908.176
OUT_08333,188.476
OUT_08334,247.71
OUT_08335,338.052
OUT_08336,291.9
OUT_08337,251.758
OUT_08338,371.523
OUT_08339,159.339
OUT_08340,417.745
OUT_08341,148.877
OUT_08342,406.154
OUT_08343,188.283
OUT_08344,243.697
OUT_08345,251.758
OUT_08346,329.047
OUT_08347,928.546
OUT_08348,1091.375
OUT_08349,212.111
OUT_08350,240.023
OUT_08351,405.078
OUT_08352,181.078
OUT_08353,251.758
OUT_08354,166.545
OUT_08355,962.946
OUT_08356,389.544
OUT_08357,330.519
OUT_08358,371.764
OUT_08359,207.356
OUT_08360,1027.108
OUT_08361,388.117
OUT_08362,926.116
OUT_08363,224.858
OUT_08364,251.758
OUT_08365,222.758
OUT_08366,222.713
OUT_08367,216.856
OUT_08368,246.849
OUT_08369,190.531
OUT_08370,218.302
OUT_08371,347.068
OUT_08372,251.758
OUT_08373,255.188
OUT_08374,243.557
OUT_08375,213.52
OUT_08376,223.136
OUT_08377,373.056
OUT_08378,348.65
OUT_08379,210.565
OUT_08380,380.497
OUT_08381,234.788
OUT_08382,930.624
OUT_08383,181.41
OUT_08384,261.019
OUT_08385,187.26
OUT_08386,354.97
OUT_08387,398.926
OUT_08388,337.391
OUT_08389,251.758
OUT_08390,334.022
OUT_08391,200.378
OUT_08392,207.48
OUT_08393,230.348
OUT_08394,244.294
OUT_08395,188.706
OUT_08396,360.045
OUT_08397,225.622
OUT_08398,326.04
OUT_08399,264.74
OUT_08400,984.615
OUT_08401,263.014
OUT_08402,2034.308
OUT_08403,194.014
OUT_08404,270.156
OUT_08405,165.196
OUT_08406,386.276
OUT_08407,245.548
OUT_08408,898.146
OUT_08409,213.934
OUT_08410,194.43
OUT_08411,408.276
OUT_08412,236.282
OUT_08413,312.039
OUT_08414,371.928
OUT_08415,234.075
OUT_08416,251.758
OUT_08417,262.409
OUT_08418,241.219
OUT_08419,236.08
OUT_08420,202.57
OUT_08421,334.808
OUT_08422,368.425
OUT_08423,205.546
OUT_08424,287.771
OUT_08425,265.556
OUT_08426,242.539
OUT_08427,963.327
OUT_08428,164.743
OUT_08429,183.659
OUT_08430,169.355
OUT_08431,176.973
OUT_08432,2077.632
OUT_08433,231.483
OUT_08434,250.53
OUT_08435,231.22
OUT_08436,354.869
OUT_08437,1014.076
OUT_08438,942.024
OUT_08439,193.335
OUT_08440,183.637
OUT_08441,242.797
OUT_08442,2069.829
OUT_08443,394.45
OUT_08444,367.176
OUT_08445,157.115
OUT_08446,357.229
OUT_08447,196.185
OUT_08448,385.112
OUT_08449,944.285
OUT_08450,238.787
OUT_08451,341.69
OUT_08452,2060.137
OUT_08453,179.474
OUT_08454,200.597
OUT_08455,948.905
OUT_08456,242.481
OUT_08457,1003.555
OUT_08458,978.783
OUT_08459,315.283
OUT_08460,247.126
OUT_08461,382.774
OUT_08462,205.063
OUT_08463,390.364
OUT_08464,849.119
OUT_08465,366.832
OUT_08466,386.054
OUT_08467,258.803
OUT_08468,349.437
OUT_08469,332.877
OUT_08470,374.693
OUT_08471,276.849
OUT_08472,395.432
OUT_08473,377.814
OUT_08474,985.53
OUT_08475,271.671
OUT_08476,162.448
OUT_08477,975.723
OUT_08478,262.409
OUT_08479,318.784
OUT_08480,359.365
OUT_08481,219.059
OUT_08482,333.348
OUT_08483,245.709
OUT_08484,2150.382
OUT_08485,2023.051
OUT_08486,200.159
OUT_08487,139.114
OUT_08488,216.689
OUT_08489,980.003
OUT_08490,387.539
OUT_08491,399.183
OUT_08492,402.223
OUT_08493,909.582
OUT_08494,262.409
OUT_08495,193.659
OUT_08496,972.452
OUT_08497,186.741
OUT_08498,248.872
OUT_08499,177.656
OUT_08500,194.35
OUT_08501,174.292
OUT_08502,848.114
OUT_08503,172.847
OUT_08504,372.974
OUT_08505,217.74
OUT_08506,895.52
OUT_08507,202.805
OUT_08508,369.959
OUT_08509,262.409
OUT_08510,251.758
OUT_08511,186.874
OUT_08512,959.992
OUT_08513,187.134
OUT_08514,221.687
OUT_08515,409.807
OUT_08516,273.751
OUT_08517,952.069
OUT_08518,374.699
OUT_08519,210.193
OUT_08520,199.524
OUT_08521,234.998
OUT_08522,239.542
OUT_08523,376.324
OUT_08524,415.663
OUT_08525,400.104
OUT_08526,2036.458
OUT_08527,169.178
OUT_08528,197.743
OUT_08529,196.806
OUT_08530,425.429
OUT_08531,209.057
OUT_08532,385.212
OUT_08533,176.988
OUT_08534,248.793
OUT_08535,160.634
OUT_08536,163.768
OUT_08537,862.514
OUT_08538,287.445
OUT_08539,382.954
OUT_08540,966.486
OUT_08541,406.155
OUT_08542,189.372
OUT_08543,336.732
OUT_08544,910.602
OUT_08545,165.654
OUT_08546,238.322
OUT_08547,179.042
OUT_08548,138.421
OUT_08549,2022.511
OUT_08550,891.9
OUT_08551,214.259
OUT_08552,983.432
OUT_08553,377.498
OUT_08554,238.924
OUT_08555,950.434
OUT_08556,365.722
OUT_08557,209.062
OUT_08558,168.949
OUT_08559,767.648
OUT_08560,398.789
OUT_08561,294.764
OUT_08562,193.633
OUT_08563,363.413
OUT_08564,889.793
OUT_08565,970.659
OUT_08566,344.87
OUT_08567,262.409
OUT_08568,928.604
OUT_08569,262.409
OUT_08570,184.325
OUT_08571,214.043
OUT_08572,262.409
OUT_08573,359.482
OUT_08574,368.027
OUT_08575,329.267
OUT_08576,236.074
OUT_08577,325.973
OUT_08578,361.64
OUT_08579,248.474
OUT_08580,229.394
OUT_08581,382.752
OUT_08582,388.318
OUT_08583,2020.13
OUT_08584,215.465
OUT_08585,286.733
OUT_08586,175.547
OUT_08587,172.192
OUT_08588,398.74
OUT_08589,178.902
OUT_08590,327.826
OUT_08591,240.912
OUT_08592,392.033
OUT_08593,211.169
OUT_08594,176.99
OUT_08595,411.551
OUT_08596,380.385
OUT_08597,130.113
OUT_08598,205.551
OUT_08599,170.842
OUT_08600,262.409
OUT_08601,291.9
OUT_08602,408.633
OUT_08603,862.909
OUT_08604,267.565
OUT_08605,180.666
OUT_08606,915.843
OUT_08607,151.084
OUT_08608,338.576
OUT_08609,128.567
OUT_08610,262.409
OUT_08611,332.843
OUT_08612,141.849
OUT_08613,365.284
OUT_08614,2054.022
OUT_08615,248.221
OUT_08616,209.544
OUT_08617,232.615
OUT_08618,335.077
OUT_08619,1204.75
OUT_08620,201.995
OUT_08621,186.02
OUT_08622,290.941
OUT_08623,402.304
OUT_08624,178.295
OUT_08625,1923.194
OUT_08626,362.379
OUT_08627,288.477
OUT_08628,198.653
OUT_08629,145.02
OUT_08630,997.046
OUT_08631,1015.858
OUT_08632,276.723
OUT_08633,173.788
OUT_08634,188.214
OUT_08635,208.634
OUT_08636,2024.271
OUT_08637,207.503
OUT_08638,420.934
OUT_08639,221.491
OUT_08640,350.95
OUT_08641,374.242
OUT_08642,1039.093
OUT_08643,401.664
OUT_08644,161.86
OUT_08645,261.034
OUT_08646,249.198
OUT_08647,1077.668
OUT_08648,334.617
OUT_08649,236.316
OUT_08650,307.629
OUT_08651,2179.163
OUT_08652,978.905
OUT_08653,988.119
OUT_08654,218.924
OUT_08655,404.031
OUT_08656,307.008
OUT_08657,394.435
OUT_08658,961.244
OUT_08659,165.08
OUT_08660,2147.258
OUT_08661,173.289
OUT_08662,237.479
OUT_08663,251.758
OUT_08664,228.717
OUT_08665,1012.007
OUT_08666,2019.691
OUT_08667,266.027
OUT_08668,166.271
OUT_08669,230.672
OUT_08670,985.56
OUT_08671,291.9
OUT_08672,262.409
OUT_08673,991.216
OUT_08674,371.171
OUT_08675,251.758
OUT_08676,2326.271
OUT_08677,231.571
OUT_08678,237.749
OUT_08679,339.372
OUT_08680,392.981
OUT_08681,291.9
OUT_08682,940.566
OUT_08683,168.341
OUT_08684,145.106
OUT_08685,178.243
OUT_08686,355.753
OUT_08687,168.981
OUT_08688,262.409
OUT_08689,268.169
OUT_08690,240.804
OUT_08691,347.572
OUT_08692,310.274
OUT_08693,371.084
OUT_08694,390.424
OUT_08695,942.226
OUT_08696,149.1
OUT_08697,251.592
OUT_08698,403.812
OUT_08699,403.733
OUT_08700,401.22
OUT_08701,333.473
OUT_08702,357.347
OUT_08703,251.708
OUT_08704,986.712
OUT_08705,373.189
OUT_08706,185.516
OUT_08707,198.993
OUT_08708,920.003
OUT_08709,251.758
OUT_08710,137.153
OUT_08711,219.564
OUT_08712,224.465
OUT_08713,147.641
OUT_08714,327.42
OUT_08715,251.758
OUT_08716,2102.823
OUT_08717,353.96
OUT_08718,200.83
OUT_08719,408.907
OUT_08720,226.341
OUT_08721,907.501
OUT_08722,329.309
OUT_08723,375.92
OUT_08724,196.464
OUT_08725,251.758
OUT_08726,299.979
OUT_08727,227.873
OUT_08728,376.823
OUT_08729,218.423
OUT_08730,201.659
OUT_08731,262.409
OUT_08732,262.409
OUT_08733,262.409
OUT_08734,200.644
OUT_08735,397.704
OUT_08736,894.528
OUT_08737,146.658
OUT_08738,378.395
OUT_08739,1969.54
OUT_08740,167.553
OUT_08741,258.931
OUT_08742,251.435
OUT_08743,260.113
OUT_08744,160.959
OUT_08745,370.23
OUT_08746,150.526
OUT_08747,215.208
OUT_08748,222.883
OUT_08749,397.123
OUT_08750,362.963
OUT_08751,299.453
OUT_08752,163.324
OUT_08753,949.146
OUT_08754,158.514
OUT_08755,183.687
OUT_08756,955.434
OUT_08757,150.08
OUT_08758,319.451
OUT_08759,983.43
OUT_08760,201.096
OUT_08761,952.526
OUT_08762,222.122
OUT_08763,342.498
OUT_08764,889.848
OUT_08765,241.925
OUT_08766,241.811
OUT_08767,928.184
OUT_08768,299.979
OUT_08769,190.866
OUT_08770,339.206
OUT_08771,356.601
OUT_08772,330.814
OUT_08773,151.095
OUT_08774,241.528
OUT_08775,398.786
OUT_08776,1004.422
OUT_08777,203.443
OUT_08778,146.35
OUT_08779,140.29
OUT_08780,1005.491
OUT_08781,355.733
OUT_08782,384.572
OUT_08783,979.477
OUT_08784,344.175
OUT_08785,1020.405
OUT_08786,156.474
OUT_08787,322.72
OUT_08788,176.706
OUT_08789,989.449
OUT_08790,207.463
OUT_08791,384.402
OUT_08792,241.312
OUT_08793,211.399
OUT_08794,322.192
OUT_08795,160.49
OUT_08796,233.171
OUT_08797,215.264
OUT_08798,232.576
OUT_08799,183.902
OUT_08800,175.355
OUT_08801,418.633
OUT_08802,176.298
OUT_08803,361.505
OUT_08804,220.873
OUT_08805,2045.053
OUT_08806,242.929
OUT_08807,370.009
OUT_08808,385.828
OUT_08809,224.318
OUT_08810,218.294
OUT_08811,230.677
OUT_08812,235.866
OUT_08813,262.409
OUT_08814,148.65
OUT_08815,971.127
OUT_08816,239.95
OUT_08817,320.688
OUT_08818,391.008
OUT_08819,328.044
OUT_08820,154.597
OUT_08821,339.804
OUT_08822,367.238
OUT_08823,390.78
OUT_08824,183.842
OUT_08825,216.231
OUT_08826,992.752
OUT_08827,2130.453
OUT_08828,194.894
OUT_08829,262.409
OUT_08830,218.654
OUT_08831,2007.307
OUT_08832,153.628
OUT_08833,237.401
OUT_08834,188.72
OUT_08835,2070.128
OUT_08836,251.758
OUT_08837,324.507
OUT_08838,340.965
OUT_08839,218.692
OUT_08840,987.879
OUT_08841,1233.783
OUT_08842,181.947
OUT_08843,966.095
OUT_08844,388.02
OUT_08845,295.043
OUT_08846,404.039
OUT_08847,345.455
OUT_08848,376.73
OUT_08849,399.095
OUT_08850,951.82
OUT_08851,185.152
OUT_08852,212.519
OUT_08853,1012.87
OUT_08854,181.973
OUT_08855,940.02
OUT_08856,245.55
OUT_08857,317.589
OUT_08858,360.329
OUT_08859,268.724
OUT_08860,855.96
OUT_08861,252.601
OUT_08862,299.979
OUT_08863,241.54
OUT_08864,262.409
OUT_08865,336.566
OUT_08866,299.979
OUT_08867,217.614
OUT_08868,159.842
OUT_08869,353.102
OUT_08870,223.948
OUT_08871,1363.62
OUT_08872,2050.615
OUT_08873,223.206
OUT_08874,235.422
OUT_08875,359.805
OUT_08876,203.204
OUT_08877,944.666
OUT_08878,383.306
OUT_08879,330.148
OUT_08880,153.457
OUT_08881,194.613
OUT_08882,186.721
OUT_08883,1056.039
OUT_08884,908.122
OUT_08885,218.352
OUT_08886,931.267
OUT_08887,365.461
OUT_08888,200.573
OUT_08889,216.089
OUT_08890,190.484
OUT_08891,954.312
OUT_08892,395.705
OUT_08893,383.787
OUT_08894,177.473
OUT_08895,958.755
OUT_08896,215.524
OUT_08897,369.705
OUT_08898,1051.234
OUT_08899,397.707
OUT_08900,254.31
OUT_08901,212.0
OUT_08902,390.484
OUT_08903,251.758
OUT_08904,215.962
OUT_08905,262.409
OUT_08906,354.067
OUT_08907,353.567
OUT_08908,212.871
OUT_08909,227.349
OUT_08910,954.527
OUT_08911,251.758
OUT_08912,313.266
OUT_08913,919.013
OUT_08914,1004.526
OUT_08915,208.98
OUT_08916,223.235
OUT_08917,238.212
OUT_08918,342.191
OUT_08919,170.384
OUT_08920,178.924
OUT_08921,1173.431
OUT_08922,351.928
OUT_08923,232.514
OUT_08924,356.238
OUT_08925,1055.831
OUT_08926,184.331
OUT_08927,324.922
OUT_08928,947.797
OUT_08929,2038.541
OUT_08930,174.586
OUT_08931,192.527
OUT_08932,251.758
OUT_08933,381.36
OUT_08934,326.731
OUT_08935,370.342
OUT_08936,235.868
OUT_08937,171.452
OUT_08938,1015.715
OUT_08939,203.378
OUT_08940,259.867
OUT_08941,197.787
OUT_08942,187.049
OUT_08943,177.56
OUT_08944,788.033
OUT_08945,209.623
OUT_08946,952.157
OUT_08947,928.963
OUT_08948,161.483
OUT_08949,371.202
OUT_08950,361.922
OUT_08951,232.833
OUT_08952,251.758
OUT_08953,213.361
OUT_08954,184.371
OUT_08955,228.434
OUT_08956,187.485
OUT_08957,185.51
OUT_08958,960.217
OUT_08959,421.29
OUT_08960,235.532
OUT_08961,217.586
OUT_08962,242.668
OUT_08963,225.646
OUT_08964,935.491
OUT_08965,1002.866
OUT_08966,382.582
OUT_08967,234.505
OUT_08968,381.511
OUT_08969,970.854
OUT_08970,417.731
OUT_08971,163.1
OUT_08972,251.758
OUT_08973,201.096
OUT_08974,356.241
OUT_08975,262.409
OUT_08976,179.795
OUT_08977,290.129
OUT_08978,884.575
OUT_08979,957.715
OUT_08980,165.197
OUT_08981,190.115
OUT_08982,243.94
OUT_08983,313.703
OUT_08984,212.1
OUT_08985,177.817
OUT_08986,889.521
OUT_08987,315.869
OUT_08988,220.463
OUT_08989,185.756
OUT_08990,142.583
OUT_08991,340.669
OUT_08992,907.484
OUT_08993,205.354
OUT_08994,385.297
OUT_08995,2119.039
OUT_08996,194.057
OUT_08997,422.726
OUT_08998,377.425
OUT_08999,402.35
OUT_09000,258.532
OUT_09001,164.668
OUT_09002,165.791
OUT_09003,124.898
OUT_09004,138.324
OUT_09005,136.849
OUT_09006,2062.859
OUT_09007,2098.219
OUT_09008,165.311
OUT_09009,164.411
OUT_09010,977.788
OUT_09011,998.688
OUT_09012,1986.559
OUT_09013,157.643
OUT_09014,934.346
OUT_09015,2187.703
OUT_09016,175.896
OUT_09017,165.714
OUT_09018,196.699
OUT_09019,185.855
OUT_09020,173.27
OUT_09021,163.111
OUT_09022,391.808
OUT_09023,148.078
OUT_09024,2200.419
OUT_09025,358.244
OUT_09026,219.593
OUT_09027,138.99
OUT_09028,370.457
OUT_09029,174.741
OUT_09030,186.697
OUT_09031,185.354
OUT_09032,361.408
OUT_09033,181.488
OUT_09034,392.958
OUT_09035,404.127
OUT_09036,2247.65
OUT_09037,218.659
OUT_09038,369.081
OUT_09039,1025.367
OUT_09040,135.742
OUT_09041,362.748
OUT_09042,980.27
OUT_09043,989.546
OUT_09044,402.442
OUT_09045,365.808
OUT_09046,217.856
OUT_09047,947.285
OUT_09048,958.92
OUT_09049,122.958
OUT_09050,955.632
OUT_09051,964.839
OUT_09052,166.933
OUT_09053,440.064
OUT_09054,389.416
OUT_09055,190.839
OUT_09056,364.421
OUT_09057,348.993
OUT_09058,957.615
OUT_09059,156.588
OUT_09060,251.758
OUT_09061,155.379
OUT_09062,147.175
OUT_09063,185.531
OUT_09064,961.324
OUT_09065,355.13
OUT_09066,158.496
OUT_09067,211.945
OUT_09068,965.159
OUT_09069,411.81
OUT_09070,1024.318
OUT_09071,1072.778
OUT_09072,2040.69
OUT_09073,402.746
OUT_09074,956.996
OUT_09075,165.298
OUT_09076,377.65
OUT_09077,151.574
OUT_09078,398.407
OUT_09079,376.409
OUT_09080,116.604
OUT_09081,970.594
OUT_09082,175.142
OUT_09083,322.248
OUT_09084,225.249
OUT_09085,158.881
OUT_09086,170.385
OUT_09087,135.524
OUT_09088,149.202
OUT_09089,988.388
OUT_09090,364.486
OUT_09091,371.442
OUT_09092,231.331
OUT_09093,973.908
OUT_09094,367.477
OUT_09095,382.46
OUT_09096,379.035
OUT_09097,1020.056
OUT_09098,163.089
OUT_09099,368.295
OUT_09100,328.854
OUT_09101,345.821
OUT_09102,362.679
OUT_09103,135.325
OUT_09104,971.533
OUT_09105,152.837
OUT_09106,321.367
OUT_09107,178.34
OUT_09108,399.566
OUT_09109,160.824
OUT_09110,906.558
OUT_09111,2053.383
OUT_09112,421.82
OUT_09113,182.072
OUT_09114,354.832
OUT_09115,177.961
OUT_09116,180.057
OUT_09117,354.131
OUT_09118,190.545
OUT_09119,316.945
OUT_09120,933.434
OUT_09121,175.287
OUT_09122,973.434
OUT_09123,377.884
OUT_09124,204.719
OUT_09125,214.939
OUT_09126,190.293
OUT_09127,191.35
OUT_09128,388.411
OUT_09129,153.224
OUT_09130,192.93
OUT_09131,364.356
OUT_09132,206.666
OUT_09133,172.125
OUT_09134,1303.471
OUT_09135,157.708
OUT_09136,160.643
OUT_09137,209.313
OUT_09138,175.042
OUT_09139,355.907
OUT_09140,154.99
OUT_09141,238.394
OUT_09142,413.546
OUT_09143,345.173
OUT_09144,152.657
OUT_09145,283.007
OUT_09146,356.644
OUT_09147,180.705
OUT_09148,121.763
OUT_09149,249.935
OUT_09150,187.201
OUT_09151,982.718
OUT_09152,222.678
OUT_09153,144.045
OUT_09154,394.431
OUT_09155,172.472
OUT_09156,176.431
OUT_09157,200.999
OUT_09158,366.382
OUT_09159,324.186
OUT_09160,242.951
OUT_09161,189.622
OUT_09162,179.649
OUT_09163,250.045
OUT_09164,389.445
OUT_09165,359.505
OUT_09166,208.102
OUT_09167,356.137
OUT_09168,173.429
OUT_09169,159.145
OUT_09170,914.852
OUT_09171,138.623
OUT_09172,389.368
OUT_09173,162.349
OUT_09174,389.061
OUT_09175,363.857
OUT_09176,241.62
OUT_09177,151.501
OUT_09178,188.259
OUT_09179,157.429
OUT_09180,333.944
OUT_09181,319.197
OUT_09182,385.864
OUT_09183,950.585
OUT_09184,158.027
OUT_09185,996.691
OUT_09186,1023.17
OUT_09187,379.871
OUT_09188,397.73
OUT_09189,178.674
OUT_09190,372.401
OUT_09191,910.436
OUT_09192,398.025
OUT_09193,249.27
OUT_09194,154.129
OUT_09195,130.977
OUT_09196,211.801
OUT_09197,360.784
OUT_09198,960.013
OUT_09199,155.096
OUT_09200,930.388
OUT_09201,346.539
OUT_09202,164.406
OUT_09203,143.726
OUT_09204,354.775
OUT_09205,213.162
OUT_09206,203.105
OUT_09207,967.004
OUT_09208,146.613
OUT_09209,251.758
OUT_09210,380.979
OUT_09211,410.04
OUT_09212,175.054
OUT_09213,363.631
OUT_09214,2012.955
OUT_09215,1247.362
OUT_09216,2042.698
OUT_09217,955.781
OUT_09218,145.431
OUT_09219,327.905
OUT_09220,341.541
OUT_09221,2042.064
OUT_09222,207.53
OUT_09223,186.684
OUT_09224,325.999
OUT_09225,159.347
OUT_09226,157.46
OUT_09227,223.557
OUT_09228,165.366
OUT_09229,385.619
OUT_09230,169.342
OUT_09231,163.098
OUT_09232,984.789
OUT_09233,979.423
OUT_09234,152.914
OUT_09235,189.74
OUT_09236,1001.909
OUT_09237,175.196
OUT_09238,368.637
OUT_09239,174.505
OUT_09240,157.237
OUT_09241,359.227
OUT_09242,138.346
OUT_09243,943.046
OUT_09244,327.802
OUT_09245,144.703
OUT_09246,171.165
OUT_09247,200.293
OUT_09248,131.153
OUT_09249,202.708
OUT_09250,372.051
OUT_09251,178.238
OUT_09252,262.409
OUT_09253,375.941
OUT_09254,254.34
OUT_09255,362.18
OUT_09256,302.554
OUT_09257,2079.356
OUT_09258,168.316
OUT_09259,977.489
OUT_09260,147.294
OUT_09261,164.007
OUT_09262,941.98
OUT_09263,945.69
OUT_09264,146.966
OUT_09265,946.13
OUT_09266,219.263
OUT_09267,425.016
OUT_09268,161.317
OUT_09269,184.976
OUT_09270,151.928
OUT_09271,348.429
OUT_09272,323.161
OUT_09273,151.304
OUT_09274,2105.813
OUT_09275,2881.758
OUT_09276,159.312
OUT_09277,321.523
OUT_09278,218.798
OUT_09279,154.718
OUT_09280,152.508
OUT_09281,200.378
OUT_09282,131.152
OUT_09283,375.337
OUT_09284,366.354
OUT_09285,233.598
OUT_09286,369.301
OUT_09287,128.927
OUT_09288,967.37
OUT_09289,149.933
OUT_09290,189.397
OUT_09291,343.994
OUT_09292,198.539
OUT_09293,344.258
OUT_09294,379.727
OUT_09295,205.84
OUT_09296,165.426
OUT_09297,902.23
OUT_09298,169.691
OUT_09299,237.213
OUT_09300,220.536
OUT_09301,370.646
OUT_09302,338.052
OUT_09303,2035.894
OUT_09304,975.43
OUT_09305,152.871
OUT_09306,174.202
OUT_09307,1028.904
OUT_09308,137.416
OUT_09309,170.241
OUT_09310,2071.677
OUT_09311,146.17
OUT_09312,176.375
OUT_09313,251.758
OUT_09314,371.681
OUT_09315,325.579
OUT_09316,378.288
OUT_09317,992.748
OUT_09318,972.955
OUT_09319,385.59
OUT_09320,1000.46
OUT_09321,127.494
OUT_09322,258.26
OUT_09323,2023.219
OUT_09324,334.078
OUT_09325,148.715
OUT_09326,183.082
OUT_09327,213.567
OUT_09328,219.83
OUT_09329,178.021
OUT_09330,155.807
OUT_09331,352.973
OUT_09332,1001.669
OUT_09333,163.963
OUT_09334,152.056
OUT_09335,159.621
OUT_09336,993.447
OUT_09337,193.34
OUT_09338,143.692
OUT_09339,189.563
OUT_09340,900.057
OUT_09341,203.326
OUT_09342,959.437
OUT_09343,405.359
OUT_09344,162.337
OUT_09345,160.056
OUT_09346,192.754
OUT_09347,422.548
OUT_09348,218.085
OUT_09349,332.923
OUT_09350,211.163
OUT_09351,300.337
OUT_09352,144.754
OUT_09353,179.195
OUT_09354,920.694
OUT_09355,336.833
OUT_09356,148.435
OUT_09357,971.134
OUT_09358,260.274
OUT_09359,141.214
OUT_09360,138.795
OUT_09361,199.283
OUT_09362,181.992
OUT_09363,144.744
OUT_09364,233.912
OUT_09365,978.831
OUT_09366,166.359
OUT_09367,152.013
OUT_09368,177.517
OUT_09369,1999.144
OUT_09370,322.988
OUT_09371,184.512
OUT_09372,372.723
OUT_09373,311.154
OUT_09374,200.401
OUT_09375,151.179
OUT_09376,186.521
OUT_09377,900.992
OUT_09378,151.612
OUT_09379,308.198
OUT_09380,378.006
OUT_09381,187.649
OUT_09382,327.221
OUT_09383,395.141
OUT_09384,238.593
OUT_09385,387.477
OUT_09386,379.116
OUT_09387,178.365
OUT_09388,337.442
OUT_09389,159.039
OUT_09390,2047.882
OUT_09391,370.796
OUT_09392,199.706
OUT_09393,165.613
OUT_09394,387.181
OUT_09395,161.779
OUT_09396,558.949
OUT_09397,373.909
OUT_09398,338.886
OUT_09399,387.716
OUT_09400,1401.406
OUT_09401,394.688
OUT_09402,117.188
OUT_09403,170.623
OUT_09404,336.124
OUT_09405,397.294
OUT_09406,145.796
OUT_09407,1001.632
OUT_09408,182.047
OUT_09409,172.999
OUT_09410,961.394
OUT_09411,390.281
OUT_09412,187.469
OUT_09413,175.716
OUT_09414,359.058
OUT_09415,202.468
OUT_09416,240.733
OUT_09417,363.973
OUT_09418,378.236
OUT_09419,150.085
OUT_09420,130.205
OUT_09421,202.708
OUT_09422,1993.408
OUT_09423,301.14
OUT_09424,442.879
OUT_09425,339.538
OUT_09426,159.791
OUT_09427,381.735
OUT_09428,200.682
OUT_09429,356.896
OUT_09430,423.752
OUT_09431,251.758
OUT_09432,139.79
OUT_09433,181.573
OUT_09434,187.13
OUT_09435,202.157
OUT_09436,404.306
OUT_09437,160.86
OUT_09438,169.224
OUT_09439,276.835
OUT_09440,155.591
OUT_09441,153.504
OUT_09442,378.36
OUT_09443,291.9
OUT_09444,173.087
OUT_09445,2051.311
OUT_09446,326.885
OUT_09447,370.246
OUT_09448,981.067
OUT_09449,177.402
OUT_09450,921.176
OUT_09451,236.103
OUT_09452,255.757
OUT_09453,167.707
OUT_09454,176.275
OUT_09455,364.735
OUT_09456,119.465
OUT_09457,138.935
OUT_09458,389.583
OUT_09459,221.766
OUT_09460,208.672
OUT_09461,327.468
OUT_09462,137.477
OUT_09463,966.506
OUT_09464,173.906
OUT_09465,148.904
OUT_09466,357.174
OUT_09467,167.967
OUT_09468,174.868
OUT_09469,914.609
OUT_09470,354.687
OUT_09471,408.691
OUT_09472,181.1
OUT_09473,142.777
OUT_09474,164.916
OUT_09475,219.929
OUT_09476,905.834
OUT_09477,908.187
OUT_09478,225.745
OUT_09479,460.853
OUT_09480,367.669
OUT_09481,357.531
OUT_09482,2013.308
OUT_09483,151.255
OUT_09484,825.521
OUT_09485,159.328
OUT_09486,154.117
OUT_09487,968.467
OUT_09488,135.02
OUT_09489,189.696
OUT_09490,221.321
OUT_09491,937.311
OUT_09492,356.459
OUT_09493,164.724
OUT_09494,126.68
OUT_09495,339.649
OUT_09496,149.66
OUT_09497,230.131
OUT_09498,335.626
OUT_09499,233.277
OUT_09500,204.126
OUT_09501,2895.887
OUT_09502,133.931
OUT_09503,187.284
OUT_09504,155.547
OUT_09505,349.541
OUT_09506,213.701
OUT_09507,384.135
OUT_09508,340.731
OUT_09509,999.343
OUT_09510,368.182
OUT_09511,176.956
OUT_09512,192.978
OUT_09513,157.157
OUT_09514,229.803
OUT_09515,1411.607
OUT_09516,235.984
OUT_09517,151.211
OUT_09518,371.438
OUT_09519,864.191
OUT_09520,316.2
OUT_09521,177.205
OUT_09522,163.953
OUT_09523,1990.334
OUT_09524,362.179
OUT_09525,373.943
OUT_09526,247.652
OUT_09527,155.702
OUT_09528,161.445
OUT_09529,382.176
OUT_09530,164.575
OUT_09531,182.731
OUT_09532,181.281
OUT_09533,2031.215
OUT_09534,167.325
OUT_09535,179.583
OUT_09536,142.133
OUT_09537,355.613
OUT_09538,183.888
OUT_09539,172.911
OUT_09540,925.474
OUT_09541,346.083
OUT_09542,350.359
OUT_09543,413.049
OUT_09544,231.276
OUT_09545,377.637
OUT_09546,137.519
OUT_09547,353.633
OUT_09548,974.045
OUT_09549,211.447
OUT_09550,321.737
OUT_09551,380.772
OUT_09552,940.445
OUT_09553,357.026
OUT_09554,179.374
OUT_09555,147.426
OUT_09556,192.198
OUT_09557,259.22
OUT_09558,150.57
OUT_09559,375.133
OUT_09560,194.621
OUT_09561,205.671
OUT_09562,178.405
OUT_09563,176.318
OUT_09564,153.253
OUT_09565,175.959
OUT_09566,169.804
OUT_09567,379.577
OUT_09568,938.899
OUT_09569,400.309
OUT_09570,969.962
OUT_09571,157.206
OUT_09572,313.909
OUT_09573,374.633
OUT_09574,171.777
OUT_09575,225.569
OUT_09576,1010.097
OUT_09577,240.706
OUT_09578,343.577
OUT_09579,907.073
OUT_09580,213.887
OUT_09581,1020.586
OUT_09582,2038.469
OUT_09583,957.602
OUT_09584,219.735
OUT_09585,1012.526
OUT_09586,2053.111
OUT_09587,152.216
OUT_09588,329.069
OUT_09589,339.063
OUT_09590,375.766
OUT_09591,372.487
OUT_09592,2060.195
OUT_09593,170.986
OUT_09594,323.009
OUT_09595,384.148
OUT_09596,156.785
OUT_09597,370.076
OUT_09598,187.824
OUT_09599,148.156
OUT_09600,998.718
OUT_09601,149.593
OUT_09602,158.082
OUT_09603,1143.002
OUT_09604,213.232
OUT_09605,377.539
OUT_09606,398.366
OUT_09607,910.436
OUT_09608,2086.063
OUT_09609,182.149
OUT_09610,340.63
OUT_09611,166.049
OUT_09612,158.213
OUT_09613,149.875
OUT_09614,1157.997
OUT_09615,334.58
OUT_09616,259.554
OUT_09617,203.803
OUT_09618,346.286
OUT_09619,159.097
OUT_09620,374.632
OUT_09621,197.997
OUT_09622,389.962
OUT_09623,129.03
OUT_09624,143.159
OUT_09625,178.467
OUT_09626,397.741
OUT_09627,348.394
OUT_09628,195.871
OUT_09629,340.126
OUT_09630,155.357
OUT_09631,404.594
OUT_09632,159.226
OUT_09633,345.485
OUT_09634,1972.099
OUT_09635,350.803
OUT_09636,990.139
OUT_09637,1076.682
OUT_09638,145.462
OUT_09639,195.297
OUT_09640,182.853
OUT_09641,203.945
OUT_09642,152.456
OUT_09643,397.901
OUT_09644,148.548
OUT_09645,178.877
OUT_09646,184.894
OUT_09647,328.25
OUT_09648,900.393
OUT_09649,342.981
OUT_09650,128.346
OUT_09651,245.205
OUT_09652,167.709
OUT_09653,333.04
OUT_09654,374.684
OUT_09655,221.047
OUT_09656,968.62
OUT_09657,174.978
OUT_09658,188.466
OUT_09659,155.451
OUT_09660,367.864
OUT_09661,345.7
OUT_09662,151.64
OUT_09663,174.158
OUT_09664,143.38
OUT_09665,331.54
OUT_09666,209.316
OUT_09667,373.264
OUT_09668,340.525
OUT_09669,190.622
OUT_09670,377.406
OUT_09671,358.881
OUT_09672,139.744
OUT_09673,367.766
OUT_09674,260.681
OUT_09675,146.066
OUT_09676,363.409
OUT_09677,134.768
OUT_09678,164.299
OUT_09679,183.474
OUT_09680,393.337
OUT_09681,161.368
OUT_09682,959.742
OUT_09683,386.477
OUT_09684,185.713
OUT_09685,146.262
OUT_09686,164.802
OUT_09687,148.855
OUT_09688,420.346
OUT_09689,142.801
OUT_09690,165.285
OUT_09691,171.391
OUT_09692,154.659
OUT_09693,361.395
OUT_09694,930.663
OUT_09695,359.646
OUT_09696,182.14
OUT_09697,386.969
OUT_09698,348.795
OUT_09699,171.1
OUT_09700,150.449
OUT_09701,157.913
OUT_09702,187.294
OUT_09703,168.989
OUT_09704,196.254
OUT_09705,316.058
OUT_09706,257.901
OUT_09707,2158.249
OUT_09708,134.642
OUT_09709,234.282
OUT_09710,2039.385
OUT_09711,367.036
OUT_09712,378.08
OUT_09713,150.259
OUT_09714,236.831
OUT_09715,1997.255
OUT_09716,991.421
OUT_09717,1015.412
OUT_09718,986.61
OUT_09719,911.891
OUT_09720,271.313
OUT_09721,339.707
OUT_09722,158.709
OUT_09723,378.233
OUT_09724,141.968
OUT_09725,183.696
OUT_09726,165.655
OUT_09727,2027.726
OUT_09728,191.775
OUT_09729,142.666
OUT_09730,150.306
OUT_09731,2160.051
OUT_09732,164.725
OUT_09733,238.34
OUT_09734,186.238
OUT_09735,145.431
OUT_09736,323.092
OUT_09737,167.791
OUT_09738,185.249
OUT_09739,159.462
OUT_09740,172.614
OUT_09741,217.019
OUT_09742,371.938
OUT_09743,156.95
OUT_09744,185.723
OUT_09745,163.789
OUT_09746,157.07
OUT_09747,269.004
OUT_09748,934.205
OUT_09749,178.603
OUT_09750,2073.158
OUT_09751,181.408
OUT_09752,139.55
OUT_09753,185.608
OUT_09754,389.205
OUT_09755,864.97
OUT_09756,355.074
OUT_09757,160.263
OUT_09758,373.656
OUT_09759,153.184
OUT_09760,196.553
OUT_09761,170.613
OUT_09762,953.411
OUT_09763,1283.293
OUT_09764,378.215
OUT_09765,169.793
OUT_09766,299.976
OUT_09767,206.735
OUT_09768,969.827
OUT_09769,182.526
OUT_09770,313.797
OUT_09771,187.963
OUT_09772,926.429
OUT_09773,342.885
OUT_09774,985.156
OUT_09775,232.88
OUT_09776,211.838
OUT_09777,344.505
OUT_09778,2013.744
OUT_09779,403.362
OUT_09780,2056.726
OUT_09781,193.744
OUT_09782,345.474
OUT_09783,986.237
OUT_09784,402.751
OUT_09785,145.039
OUT_09786,358.728
OUT_09787,998.007
OUT_09788,942.697
OUT_09789,138.869
OUT_09790,176.738
OUT_09791,137.488
OUT_09792,926.844
OUT_09793,153.444
OUT_09794,186.175
OUT_09795,974.557
OUT_09796,177.197
OUT_09797,200.59
OUT_09798,393.154
OUT_09799,348.447
OUT_09800,237.51
OUT_09801,169.196
OUT_09802,382.44
OUT_09803,180.959
OUT_09804,146.374
OUT_09805,206.027
OUT_09806,823.779
OUT_09807,364.316
OUT_09808,979.767
OUT_09809,191.164
OUT_09810,144.058
OUT_09811,911.52
OUT_09812,1980.841
OUT_09813,915.398
OUT_09814,170.036
OUT_09815,373.555
OUT_09816,173.218
OUT_09817,1984.264
OUT_09818,255.487
OUT_09819,148.125
OUT_09820,143.999
OUT_09821,162.721
OUT_09822,152.47
OUT_09823,386.262
OUT_09824,152.091
OUT_09825,137.86
OUT_09826,189.219
OUT_09827,340.99
OUT_09828,378.881
OUT_09829,953.27
OUT_09830,349.416
OUT_09831,150.873
OUT_09832,258.488
OUT_09833,173.395
OUT_09834,197.61
OUT_09835,326.421
OUT_09836,179.033
OUT_09837,2158.112
OUT_09838,117.594
OUT_09839,144.939
OUT_09840,937.674
OUT_09841,193.064
OUT_09842,182.893
OUT_09843,143.474
OUT_09844,183.824
OUT_09845,221.144
OUT_09846,170.744
OUT_09847,386.685
OUT_09848,382.358
OUT_09849,183.205
OUT_09850,214.79
OUT_09851,336.248
OUT_09852,367.323
OUT_09853,175.859
OUT_09854,173.387
OUT_09855,143.761
OUT_09856,142.326
OUT_09857,375.028
OUT_09858,155.649
OUT_09859,959.281
OUT_09860,237.01
OUT_09861,925.621
OUT_09862,392.642
OUT_09863,334.551
OUT_09864,164.94
OUT_09865,222.351
OUT_09866,180.182
OUT_09867,419.634
OUT_09868,968.967
OUT_09869,247.024
OUT_09870,316.123
OUT_09871,392.41
OUT_09872,185.754
OUT_09873,183.392
OUT_09874,959.33
OUT_09875,169.798
OUT_09876,362.193
OUT_09877,1013.371
OUT_09878,195.469
OUT_09879,151.675
OUT_09880,189.977
OUT_09881,376.137
OUT_09882,388.418
OUT_09883,325.356
OUT_09884,190.322
OUT_09885,196.595
OUT_09886,144.348
OUT_09887,339.517
OUT_09888,150.586
OUT_09889,138.806
OUT_09890,325.819
OUT_09891,161.006
OUT_09892,232.634
OUT_09893,367.241
OUT_09894,183.288
OUT_09895,164.204
OUT_09896,358.45
OUT_09897,185.302
OUT_09898,134.539
OUT_09899,148.341
OUT_09900,397.227
OUT_09901,226.292
OUT_09902,195.445
OUT_09903,2124.022
OUT_09904,152.513
OUT_09905,172.804
OUT_09906,169.221
OUT_09907,342.47
OUT_09908,316.634
OUT_09909,262.409
OUT_09910,154.374
OUT_09911,896.074
OUT_09912,996.127
OUT_09913,416.6
OUT_09914,950.772
OUT_09915,347.162
OUT_09916,380.902
OUT_09917,321.004
OUT_09918,168.791
OUT_09919,157.174
OUT_09920,184.021
OUT_09921,154.841
OUT_09922,2006.964
OUT_09923,132.924
OUT_09924,380.853
OUT_09925,370.228
OUT_09926,168.295
OUT_09927,376.869
OUT_09928,159.531
OUT_09929,375.38
OUT_09930,346.265
OUT_09931,227.642
OUT_09932,386.778
OUT_09933,2005.877
OUT_09934,958.458
OUT_09935,957.642
OUT_09936,158.316
OUT_09937,973.241
OUT_09938,239.455
OUT_09939,342.064
OUT_09940,148.522
OUT_09941,158.177
OUT_09942,132.266
OUT_09943,344.343
OUT_09944,147.01
OUT_09945,166.137
OUT_09946,999.713
OUT_09947,336.721
OUT_09948,216.438
OUT_09949,140.125
OUT_09950,231.99
OUT_09951,180.26
OUT_09952,953.415
OUT_09953,364.565
OUT_09954,179.65
OUT_09955,150.617
OUT_09956,380.568
OUT_09957,333.458
OUT_09958,122.263
OUT_09959,380.457
OUT_09960,232.392
OUT_09961,991.021
OUT_09962,186.362
OUT_09963,954.274
OUT_09964,348.23
OUT_09965,192.15
OUT_09966,976.533
OUT_09967,143.115
OUT_09968,367.192
OUT_09969,172.177
OUT_09970,159.593
OUT_09971,205.562
OUT_09972,382.756
OUT_09973,248.443
OUT_09974,151.428
OUT_09975,142.932
OUT_09976,197.315
OUT_09977,985.868
OUT_09978,323.45
OUT_09979,924.631
OUT_09980,166.101
OUT_09981,206.768
OUT_09982,2058.293
OUT_09983,187.434
OUT_09984,357.786
OUT_09985,399.238
OUT_09986,335.832
OUT_09987,939.901
OUT_09988,370.675
OUT_09989,967.129
OUT_09990,326.086
OUT_09991,208.559
OUT_09992,157.508
OUT_09993,164.048
OUT_09994,167.645
OUT_09995,158.881
OUT_09996,326.322
OUT_09997,355.831
OUT_09998,390.506
OUT_09999,151.321
OUT_10000,356.61
OUT_10001,126.371
OUT_10002,382.076
OUT_10003,319.725
OUT_10004,164.696
OUT_10005,208.009
OUT_10006,895.583
OUT_10007,2090.358
OUT_10008,186.369
OUT_10009,343.348
OUT_10010,178.612
OUT_10011,997.611
OUT_10012,157.506
OUT_10013,216.198
OUT_10014,166.643
OUT_10015,203.043
OUT_10016,156.457
OUT_10017,387.0
OUT_10018,152.005
OUT_10019,344.72
OUT_10020,243.172
OUT_10021,333.079
OUT_10022,326.598
OUT_10023,2994.568
OUT_10024,199.071
OUT_10025,321.948
OUT_10026,372.492
OUT_10027,187.962
OUT_10028,184.842
OUT_10029,247.082
OUT_10030,314.932
OUT_10031,138.418
OUT_10032,207.929
OUT_10033,168.929
OUT_10034,966.415
OUT_10035,200.634
OUT_10036,371.388
OUT_10037,356.934
OUT_10038,380.999
OUT_10039,161.405
OUT_10040,394.359
OUT_10041,996.318
OUT_10042,932.137
OUT_10043,336.047
OUT_10044,127.702
OUT_10045,219.572
OUT_10046,392.815
OUT_10047,146.016
OUT_10048,975.131
OUT_10049,190.318
OUT_10050,256.771
OUT_10051,2136.627
OUT_10052,139.635
OUT_10053,128.554
OUT_10054,121.896
OUT_10055,999.038
OUT_10056,168.094
OUT_10057,378.811
OUT_10058,959.384
OUT_10059,172.247
OUT_10060,932.168
OUT_10061,154.978
OUT_10062,200.371
OUT_10063,476.449
OUT_10064,376.554
OUT_10065,148.332
OUT_10066,228.036
OUT_10067,380.994
OUT_10068,381.013
OUT_10069,315.568
OUT_10070,234.102
OUT_10071,158.583
OUT_10072,178.51
OUT_10073,175.093
OUT_10074,406.16
OUT_10075,230.832
OUT_10076,974.964
OUT_10077,238.317
OUT_10078,343.296
OUT_10079,249.773
OUT_10080,138.667
OUT_10081,154.869
OUT_10082,379.544
OUT_10083,368.017
OUT_10084,146.725
OUT_10085,171.654
OUT_10086,346.274
OUT_10087,232.042
OUT_10088,973.375
OUT_10089,385.445
OUT_10090,905.419
OUT_10091,357.247
OUT_10092,222.343
OUT_10093,153.635
OUT_10094,204.289
OUT_10095,341.093
OUT_10096,916.186
OUT_10097,197.043
OUT_10098,189.543
OUT_10099,171.925
OUT_10100,179.226
OUT_10101,358.752
OUT_10102,153.305
OUT_10103,314.871
OUT_10104,1028.589
OUT_10105,2024.501
OUT_10106,171.433
OUT_10107,972.821
OUT_10108,972.402
OUT_10109,146.366
OUT_10110,338.656
OUT_10111,339.649
OUT_10112,153.764
OUT_10113,177.961
OUT_10114,437.555
OUT_10115,151.29
OUT_10116,1965.509
OUT_10117,157.28
OUT_10118,136.986
OUT_10119,326.188
OUT_10120,360.016
OUT_10121,404.604
OUT_10122,239.531
OUT_10123,311.168
OUT_10124,1061.318
OUT_10125,158.421
OUT_10126,206.749
OUT_10127,328.71
OUT_10128,386.994
OUT_10129,202.266
OUT_10130,983.874
OUT_10131,2009.243
OUT_10132,337.811
OUT_10133,391.561
OUT_10134,1007.813
OUT_10135,149.396
OUT_10136,177.478
OUT_10137,191.534
OUT_10138,139.001
OUT_10139,336.905
OUT_10140,962.019
OUT_10141,344.942
OUT_10142,2103.507
OUT_10143,192.286
OUT_10144,361.757
OUT_10145,355.657
OUT_10146,345.287
OUT_10147,158.472
OUT_10148,354.3
OUT_10149,354.752
OUT_10150,162.543
OUT_10151,161.79
OUT_10152,174.569
OUT_10153,352.283
OUT_10154,370.334
OUT_10155,353.275
OUT_10156,157.918
OUT_10157,877.486
OUT_10158,194.837
OUT_10159,1003.35
OUT_10160,360.955
OUT_10161,312.33
OUT_10162,235.392
OUT_10163,378.096
OUT_10164,932.651
OUT_10165,919.433
OUT_10166,149.327
OUT_10167,1002.004
OUT_10168,969.727
OUT_10169,131.041
OUT_10170,171.556
OUT_10171,357.995
OUT_10172,167.77
OUT_10173,321.668
OUT_10174,2108.346
OUT_10175,327.918
OUT_10176,216.8
OUT_10177,388.787
OUT_10178,889.003
OUT_10179,185.98
OUT_10180,367.882
OUT_10181,1028.041
OUT_10182,436.141
OUT_10183,892.564
OUT_10184,915.143
OUT_10185,1236.789
OUT_10186,165.916
OUT_10187,369.921
OUT_10188,375.09
OUT_10189,158.803
OUT_10190,881.205
OUT_10191,200.837
OUT_10192,373.871
OUT_10193,980.715
OUT_10194,178.033
OUT_10195,379.267
OUT_10196,1390.168
OUT_10197,136.877
OUT_10198,161.468
OUT_10199,491.218
OUT_10200,138.925
OUT_10201,224.902
OUT_10202,340.094
OUT_10203,293.747
OUT_10204,335.163
OUT_10205,139.414
OUT_10206,907.737
OUT_10207,368.136
OUT_10208,1015.275
OUT_10209,352.428
OUT_10210,355.746
OUT_10211,328.406
OUT_10212,407.194
OUT_10213,1990.386
OUT_10214,362.098
OUT_10215,2082.421
OUT_10216,209.818
OUT_10217,390.263
OUT_10218,972.132
OUT_10219,260.506
OUT_10220,196.814
OUT_10221,156.266
OUT_10222,375.75
OUT_10223,141.977
OUT_10224,169.167
OUT_10225,164.915
OUT_10226,351.686
OUT_10227,924.715
OUT_10228,204.334
OUT_10229,1017.612
OUT_10230,154.764
OUT_10231,970.072
OUT_10232,166.811
OUT_10233,359.815
OUT_10234,368.427
OUT_10235,976.627
OUT_10236,159.601
OUT_10237,371.037
OUT_10238,366.845
OUT_10239,379.013
OUT_10240,276.102
OUT_10241,168.278
OUT_10242,371.737
OUT_10243,996.658
OUT_10244,2186.584
OUT_10245,193.334
OUT_10246,339.61
OUT_10247,374.793
OUT_10248,1049.926
OUT_10249,338.001
OUT_10250,1305.504
OUT_10251,141.897
OUT_10252,160.957
OUT_10253,357.676
OUT_10254,978.597
OUT_10255,264.962
OUT_10256,362.711
OUT_10257,168.698
OUT_10258,236.598
OUT_10259,970.47
OUT_10260,976.184
OUT_10261,149.191
OUT_10262,952.839
OUT_10263,363.305
OUT_10264,204.025
OUT_10265,386.296
OUT_10266,310.298
OUT_10267,384.714
OUT_10268,923.016
OUT_10269,157.889
OUT_10270,192.482
OUT_10271,115.726
OUT_10272,195.836
OUT_10273,161.088
OUT_10274,974.822
OUT_10275,361.157
OUT_10276,130.971
OUT_10277,234.76
OUT_10278,167.513
OUT_10279,362.082
OUT_10280,144.296
OUT_10281,168.197
OUT_10282,987.306
OUT_10283,1015.559
OUT_10284,339.557
OUT_10285,244.665
OUT_10286,390.292
OUT_10287,148.578
OUT_10288,407.199
OUT_10289,128.203
OUT_10290,209.875
OUT_10291,941.382
OUT_10292,329.413
OUT_10293,188.36
OUT_10294,2089.423
OUT_10295,197.607
OUT_10296,368.436
OUT_10297,378.418
OUT_10298,319.465
OUT_10299,2039.872
OUT_10300,178.314
OUT_10301,360.61
OUT_10302,996.525
OUT_10303,948.427
OUT_10304,437.155
OUT_10305,161.416
OUT_10306,203.189
OUT_10307,156.006
OUT_10308,1082.299
OUT_10309,169.435
OUT_10310,971.399
OUT_10311,356.372
OUT_10312,403.972
OUT_10313,176.21
OUT_10314,367.413
OUT_10315,171.593
OUT_10316,1046.335
OUT_10317,399.045
OUT_10318,408.565
OUT_10319,372.741
OUT_10320,134.287
OUT_10321,161.83
OUT_10322,143.218
OUT_10323,303.223
OUT_10324,218.651
OUT_10325,360.727
OUT_10326,187.957
OUT_10327,899.538
OUT_10328,396.798
OUT_10329,218.966
OUT_10330,169.926
OUT_10331,175.039
OUT_10332,141.617
OUT_10333,211.598
OUT_10334,1033.986
OUT_10335,940.046
OUT_10336,367.123
OUT_10337,180.867
OUT_10338,162.017
OUT_10339,134.207
OUT_10340,404.312
OUT_10341,259.863
OUT_10342,310.346
OUT_10343,2070.559
OUT_10344,251.758
OUT_10345,357.832
OUT_10346,934.793
OUT_10347,195.342
OUT_10348,161.977
OUT_10349,1034.496
OUT_10350,924.16
OUT_10351,145.454
OUT_10352,982.397
OUT_10353,221.89
OUT_10354,178.381
OUT_10355,990.61
OUT_10356,198.921
OUT_10357,202.627
OUT_10358,343.965
OUT_10359,163.752
OUT_10360,364.507
OUT_10361,431.272
OUT_10362,407.849
OUT_10363,299.604
OUT_10364,391.218
OUT_10365,427.971
OUT_10366,382.429
OUT_10367,145.68
OUT_10368,258.247
OUT_10369,201.182
OUT_10370,382.601
OUT_10371,254.926
OUT_10372,998.661
OUT_10373,166.282
OUT_10374,978.491
OUT_10375,974.741
OUT_10376,181.235
OUT_10377,135.89
OUT_10378,170.162
OUT_10379,134.96
OUT_10380,375.428
OUT_10381,999.175
OUT_10382,966.783
OUT_10383,151.088
OUT_10384,147.64
OUT_10385,338.933
OUT_10386,201.136
OUT_10387,340.317
OUT_10388,351.65
OUT_10389,156.034
OUT_10390,380.811
OUT_10391,2121.019
OUT_10392,119.925
OUT_10393,150.159
OUT_10394,336.223
OUT_10395,203.607
OUT_10396,957.831
OUT_10397,2077.078
OUT_10398,174.669
OUT_10399,980.008
OUT_10400,354.89
OUT_10401,379.645
OUT_10402,360.769
OUT_10403,390.959
OUT_10404,182.484
OUT_10405,112.529
OUT_10406,200.544
OUT_10407,942.857
OUT_10408,189.236
OUT_10409,179.695
OUT_10410,180.856
OUT_10411,211.384
OUT_10412,958.928
OUT_10413,174.077
OUT_10414,201.483
OUT_10415,336.547
OUT_10416,161.685
OUT_10417,135.89
OUT_10418,348.174
OUT_10419,185.222
OUT_10420,188.259
OUT_10421,229.34
OUT_10422,190.18
OUT_10423,987.524
OUT_10424,224.85
OUT_10425,154.709
OUT_10426,197.606
OUT_10427,208.303
OUT_10428,919.476
OUT_10429,324.8
OUT_10430,166.832
OUT_10431,951.198
OUT_10432,1418.712
OUT_10433,1011.316
OUT_10434,934.99
OUT_10435,156.979
OUT_10436,179.96
OUT_10437,173.819
OUT_10438,962.702
OUT_10439,142.916
OUT_10440,438.667
OUT_10441,328.928
OUT_10442,157.458
OUT_10443,166.336
OUT_10444,398.926
OUT_10445,389.132
OUT_10446,419.159
OUT_10447,369.094
OUT_10448,971.238
OUT_10449,356.029
OUT_10450,367.63
OUT_10451,164.627
OUT_10452,163.435
OUT_10453,162.312
OUT_10454,245.309
OUT_10455,221.188
OUT_10456,1003.284
OUT_10457,983.834
OUT_10458,371.687
OUT_10459,964.652
OUT_10460,360.688
OUT_10461,169.096
OUT_10462,157.079
OUT_10463,208.047
OUT_10464,160.619
OUT_10465,164.215
OUT_10466,155.933
OUT_10467,389.374
OUT_10468,371.231
OUT_10469,361.601
OUT_10470,183.426
OUT_10471,154.48
OUT_10472,370.886
OUT_10473,407.787
OUT_10474,154.397
OUT_10475,213.03
OUT_10476,348.877
OUT_10477,185.219
OUT_10478,150.539
OUT_10479,1187.087
OUT_10480,192.453
OUT_10481,153.109
OUT_10482,940.827
OUT_10483,368.828
OUT_10484,341.102
OUT_10485,139.2
OUT_10486,182.977
OUT_10487,128.707
OUT_10488,181.863
OUT_10489,953.905
OUT_10490,407.88
OUT_10491,147.238
OUT_10492,201.731
OUT_10493,1026.266
OUT_10494,1005.979
OUT_10495,204.562
OUT_10496,384.605
OUT_10497,154.657
OUT_10498,390.076
OUT_10499,188.557
OUT_10500,218.814
OUT_10501,983.639
OUT_10502,178.097
OUT_10503,984.389
OUT_10504,2573.828
OUT_10505,950.778
OUT_10506,181.403
OUT_10507,2133.355
OUT_10508,2069.398
OUT_10509,372.334
OUT_10510,958.99
OUT_10511,155.139
OUT_10512,175.415
OUT_10513,146.57
OUT_10514,340.343
OUT_10515,267.316
OUT_10516,814.75
OUT_10517,172.677
OUT_10518,251.758
OUT_10519,246.242
OUT_10520,989.628
OUT_10521,1064.753
OUT_10522,964.883
OUT_10523,157.126
OUT_10524,395.443
OUT_10525,363.88
OUT_10526,140.714
OUT_10527,192.583
OUT_10528,376.397
OUT_10529,370.158
OUT_10530,952.76
OUT_10531,178.805
OUT_10532,178.586
OUT_10533,987.249
OUT_10534,163.14
OUT_10535,403.923
OUT_10536,245.244
OUT_10537,363.265
OUT_10538,161.668
OUT_10539,161.165
OUT_10540,235.685
OUT_10541,1010.698
OUT_10542,348.748
OUT_10543,351.345
OUT_10544,322.455
OUT_10545,2064.421
OUT_10546,155.874
OUT_10547,352.056
OUT_10548,219.37
OUT_10549,334.208
OUT_10550,971.811
OUT_10551,211.056
OUT_10552,188.849
OUT_10553,318.609
OUT_10554,361.561
OUT_10555,146.82
OUT_10556,193.515
OUT_10557,368.153
OUT_10558,136.227
OUT_10559,226.693
OUT_10560,152.556
OUT_10561,194.742
OUT_10562,174.55
OUT_10563,157.46
OUT_10564,1018.639
OUT_10565,408.947
OUT_10566,390.97
OUT_10567,356.453
OUT_10568,183.462
OUT_10569,1001.995
OUT_10570,325.918
OUT_10571,316.867
OUT_10572,301.002
OUT_10573,166.921
OUT_10574,351.601
OUT_10575,211.158
OUT_10576,367.208
OUT_10577,200.203
OUT_10578,200.597
OUT_10579,323.316
OUT_10580,360.383
OUT_10581,376.611
OUT_10582,246.607
OUT_10583,1015.287
OUT_10584,222.325
OUT_10585,142.266
OUT_10586,383.419
OUT_10587,393.083
OUT_10588,149.791
OUT_10589,384.321
OUT_10590,155.848
OUT_10591,205.609
OUT_10592,371.805
OUT_10593,962.962
OUT_10594,390.777
OUT_10595,161.676
OUT_10596,178.509
OUT_10597,393.111
OUT_10598,970.373
OUT_10599,146.368
OUT_10600,925.304
OUT_10601,393.431
OUT_10602,130.307
OUT_10603,147.974
OUT_10604,381.054
OUT_10605,156.443
OUT_10606,140.308
OUT_10607,172.503
OUT_10608,309.491
OUT_10609,149.829
OUT_10610,375.273
OUT_10611,364.805
OUT_10612,148.15
OUT_10613,347.975
OUT_10614,375.609
OUT_10615,152.952
OUT_10616,411.408
OUT_10617,943.631
OUT_10618,179.325
OUT_10619,174.061
OUT_10620,151.939
OUT_10621,393.087
OUT_10622,351.182
OUT_10623,149.499
OUT_10624,377.545
OUT_10625,138.302
OUT_10626,371.101
OUT_10627,198.875
OUT_10628,158.689
OUT_10629,157.786
OUT_10630,939.329
OUT_10631,263.328
OUT_10632,1001.059
OUT_10633,916.248
OUT_10634,201.838
OUT_10635,148.354
OUT_10636,961.325
OUT_10637,163.046
OUT_10638,142.099
OUT_10639,308.574
OUT_10640,166.492
OUT_10641,344.266
OUT_10642,2080.667
OUT_10643,162.03
OUT_10644,1030.579
OUT_10645,401.076
OUT_10646,180.733
OUT_10647,256.687
OUT_10648,347.487
OUT_10649,188.871
OUT_10650,163.703
OUT_10651,158.195
OUT_10652,307.259
OUT_10653,2082.161
OUT_10654,192.087
OUT_10655,225.435
OUT_10656,166.365
OUT_10657,2207.985
OUT_10658,133.892
OUT_10659,348.881
OUT_10660,2279.779
OUT_10661,193.758
OUT_10662,262.409
OUT_10663,355.631
OUT_10664,363.672
OUT_10665,329.863
OUT_10666,335.784
OUT_10667,383.253
OUT_10668,182.708
OUT_10669,2038.491
OUT_10670,976.822
OUT_10671,333.095
OUT_10672,385.397
OUT_10673,140.744
OUT_10674,345.382
OUT_10675,116.946
OUT_10676,396.447
OUT_10677,174.849
OUT_10678,134.319
OUT_10679,362.396
OUT_10680,242.719
OUT_10681,155.248
OUT_10682,187.833
OUT_10683,920.851
OUT_10684,148.5
OUT_10685,313.253
OUT_10686,346.884
OUT_10687,208.201
OUT_10688,370.52
OUT_10689,395.435
OUT_10690,155.441
OUT_10691,404.414
OUT_10692,380.611
OUT_10693,178.919
OUT_10694,330.692
OUT_10695,171.5
OUT_10696,967.315
OUT_10697,238.996
OUT_10698,137.345
OUT_10699,2035.728
OUT_10700,173.923
OUT_10701,179.011
OUT_10702,155.137
OUT_10703,169.501
OUT_10704,190.913
OUT_10705,2011.146
OUT_10706,168.547
OUT_10707,139.544
OUT_10708,2058.757
OUT_10709,340.304
OUT_10710,2005.733
OUT_10711,951.888
OUT_10712,149.616
OUT_10713,213.258
OUT_10714,383.881
OUT_10715,365.929
OUT_10716,410.468
OUT_10717,935.096
OUT_10718,153.453
OUT_10719,2092.311
OUT_10720,387.858
OUT_10721,320.352
OUT_10722,399.291
OUT_10723,354.968
OUT_10724,168.709
OUT_10725,168.017
OUT_10726,173.366
OUT_10727,325.14
OUT_10728,2152.504
OUT_10729,180.429
OUT_10730,2025.528
OUT_10731,163.456
OUT_10732,158.112
OUT_10733,189.981
OUT_10734,416.418
OUT_10735,378.151
OUT_10736,171.11
OUT_10737,379.099
OUT_10738,163.339
OUT_10739,154.508
OUT_10740,242.221
OUT_10741,162.844
OUT_10742,200.613
OUT_10743,199.164
OUT_10744,148.516
OUT_10745,157.632
OUT_10746,262.409
OUT_10747,977.096
OUT_10748,144.236
OUT_10749,192.664
OUT_10750,212.958
OUT_10751,153.828
OUT_10752,351.371
OUT_10753,144.277
OUT_10754,154.132
OUT_10755,182.873
OUT_10756,141.301
OUT_10757,208.462
OUT_10758,2052.071
OUT_10759,155.26
OUT_10760,1005.17
OUT_10761,379.249
OUT_10762,302.33
OUT_10763,376.266
OUT_10764,400.49
OUT_10765,133.752
OUT_10766,216.117
OUT_10767,206.337
OUT_10768,328.528
OUT_10769,242.683
OUT_10770,978.852
OUT_10771,132.606
OUT_10772,171.908
OUT_10773,356.976
OUT_10774,201.285
OUT_10775,328.203
OUT_10776,943.869
OUT_10777,202.011
OUT_10778,180.725
OUT_10779,952.755
OUT_10780,421.233
OUT_10781,2100.999
OUT_10782,357.012
OUT_10783,419.766
OUT_10784,231.17
OUT_10785,138.415
OUT_10786,164.472
OUT_10787,233.397
OUT_10788,929.283
OUT_10789,150.035
OUT_10790,399.183
OUT_10791,169.35
OUT_10792,336.511
OUT_10793,955.991
OUT_10794,2055.0
OUT_10795,152.42
OUT_10796,366.346
OUT_10797,156.282
OUT_10798,2010.945
OUT_10799,209.537
OUT_10800,183.932
OUT_10801,970.379
OUT_10802,206.494
OUT_10803,1002.887
OUT_10804,2109.528
OUT_10805,908.756
OUT_10806,168.515
OUT_10807,144.545
OUT_10808,152.334
OUT_10809,218.311
OUT_10810,362.051
OUT_10811,242.038
OUT_10812,160.44
OUT_10813,204.979
OUT_10814,210.055
OUT_10815,369.367
OUT_10816,394.769
OUT_10817,359.863
OUT_10818,2041.287
OUT_10819,359.934
OUT_10820,239.356
OUT_10821,403.444
OUT_10822,131.728
OUT_10823,177.588
OUT_10824,216.46
OUT_10825,332.885
OUT_10826,1042.728
OUT_10827,936.843
OUT_10828,2116.891
OUT_10829,210.686
OUT_10830,175.737
OUT_10831,226.631
OUT_10832,225.953
OUT_10833,374.563
OUT_10834,2076.147
OUT_10835,146.392
OUT_10836,158.776
OUT_10837,215.75
OUT_10838,314.37
OUT_10839,360.475
OUT_10840,197.891
OUT_10841,995.189
OUT_10842,412.025
OUT_10843,197.458
OUT_10844,367.884
OUT_10845,918.241
OUT_10846,175.767
OUT_10847,154.697
OUT_10848,209.254
OUT_10849,2014.925
OUT_10850,171.548
OUT_10851,206.664
OUT_10852,344.032
OUT_10853,199.746
OUT_10854,983.567
OUT_10855,162.698
OUT_10856,198.394
OUT_10857,338.433
OUT_10858,175.313
OUT_10859,1016.055
OUT_10860,197.172
OUT_10861,384.373
OUT_10862,195.764
OUT_10863,185.137
OUT_10864,324.723
OUT_10865,395.671
OUT_10866,190.759
OUT_10867,397.531
OUT_10868,178.524
OUT_10869,170.679
OUT_10870,161.791
OUT_10871,350.679
OUT_10872,949.834
OUT_10873,210.319
OUT_10874,193.744
OUT_10875,949.3
OUT_10876,970.295
OUT_10877,394.142
OUT_10878,172.676
OUT_10879,356.759
OUT_10880,373.734
OUT_10881,107.754
OUT_10882,987.418
OUT_10883,1156.55
OUT_10884,160.367
OUT_10885,157.649
OUT_10886,135.993
OUT_10887,1002.043
OUT_10888,222.561
OUT_10889,173.007
OUT_10890,399.117
OUT_10891,928.44
OUT_10892,231.286
OUT_10893,230.999
OUT_10894,962.664
OUT_10895,134.557
OUT_10896,160.649
OUT_10897,146.699
OUT_10898,140.188
OUT_10899,158.408
OUT_10900,128.657
OUT_10901,142.081
OUT_10902,859.672
OUT_10903,962.712
OUT_10904,148.966
OUT_10905,161.736
OUT_10906,140.321
OUT_10907,145.73
OUT_10908,234.991
OUT_10909,130.531
OUT_10910,873.332
OUT_10911,145.423
OUT_10912,262.409
OUT_10913,405.832
OUT_10914,1019.28
OUT_10915,141.177
OUT_10916,375.442
OUT_10917,402.518
OUT_10918,196.197
OUT_10919,150.849
OUT_10920,181.105
OUT_10921,1055.69
OUT_10922,381.134
OUT_10923,991.718
OUT_10924,992.595
OUT_10925,1966.211
OUT_10926,146.316
OUT_10927,163.99
OUT_10928,223.557
OUT_10929,989.225
OUT_10930,932.352
OUT_10931,174.731
OUT_10932,1039.916
OUT_10933,381.449
OUT_10934,170.831
OUT_10935,1028.812
OUT_10936,154.761
OUT_10937,130.056
OUT_10938,983.597
OUT_10939,293.782
OUT_10940,973.928
OUT_10941,1022.506
OUT_10942,264.077
OUT_10943,848.714
OUT_10944,167.057
OUT_10945,266.839
OUT_10946,230.193
OUT_10947,164.986
OUT_10948,183.423
OUT_10949,208.808
OUT_10950,196.189
OUT_10951,160.966
OUT_10952,937.854
OUT_10953,347.013
OUT_10954,2001.682
OUT_10955,193.07
OUT_10956,221.106
OUT_10957,1052.542
OUT_10958,155.921
OUT_10959,1023.379
OUT_10960,327.149
OUT_10961,163.896
OUT_10962,2113.055
OUT_10963,1957.73
OUT_10964,2014.071
OUT_10965,258.217
OUT_10966,1998.231
OUT_10967,892.946
OUT_10968,985.264
OUT_10969,171.244
OUT_10970,359.27
OUT_10971,146.92
OUT_10972,142.745
OUT_10973,202.362
OUT_10974,386.883
OUT_10975,371.814
OUT_10976,212.464
OUT_10977,166.207
OUT_10978,151.796
OUT_10979,200.232
OUT_10980,949.916
OUT_10981,169.079
OUT_10982,403.62
OUT_10983,347.174
OUT_10984,141.759
OUT_10985,348.781
OUT_10986,152.068
OUT_10987,388.908
OUT_10988,366.963
OUT_10989,991.371
OUT_10990,933.437
OUT_10991,173.183
OUT_10992,188.433
OUT_10993,944.17
OUT_10994,204.6
OUT_10995,198.553
OUT_10996,1920.715
OUT_10997,2034.651
OUT_10998,174.693
OUT_10999,942.171
OUT_11000,172.207
OUT_11001,401.024
OUT_11002,233.161
OUT_11003,2108.157
OUT_11004,128.021
OUT_11005,394.431
OUT_11006,365.715
OUT_11007,201.103
OUT_11008,942.047
OUT_11009,384.3
OUT_11010,415.67
OUT_11011,169.971
OUT_11012,165.336
OUT_11013,359.613
OUT_11014,209.582
OUT_11015,979.198
OUT_11016,251.758
OUT_11017,977.61
OUT_11018,201.269
OUT_11019,177.119
OUT_11020,262.409
OUT_11021,1020.372
OUT_11022,200.21
OUT_11023,158.068
OUT_11024,145.577
OUT_11025,410.57
OUT_11026,124.877
OUT_11027,355.113
OUT_11028,366.672
OUT_11029,1974.492
OUT_11030,146.141
OUT_11031,184.589
OUT_11032,149.1
OUT_11033,376.68
OUT_11034,359.329
OUT_11035,167.383
OUT_11036,330.506
OUT_11037,251.758
OUT_11038,327.732
OUT_11039,909.133
OUT_11040,168.358
OUT_11041,141.399
OUT_11042,349.829
OUT_11043,992.067
OUT_11044,186.103
OUT_11045,398.218
OUT_11046,322.214
OUT_11047,161.746
OUT_11048,355.404
OUT_11049,356.404
OUT_11050,320.447
OUT_11051,393.905
OUT_11052,953.712
OUT_11053,143.928
OUT_11054,368.684
OUT_11055,415.061
OUT_11056,2052.16
OUT_11057,316.789
OUT_11058,160.499
OUT_11059,150.434
OUT_11060,377.232
OUT_11061,234.136
OUT_11062,159.161
OUT_11063,957.134
OUT_11064,382.8
OUT_11065,117.765
OUT_11066,137.826
OUT_11067,179.339
OUT_11068,975.422
OUT_11069,959.52
OUT_11070,368.754
OUT_11071,167.753
OUT_11072,134.711
OUT_11073,156.242
OUT_11074,148.632
OUT_11075,157.026
OUT_11076,386.873
OUT_11077,971.865
OUT_11078,143.853
OUT_11079,192.365
OUT_11080,149.313
OUT_11081,365.609
OUT_11082,195.069
OUT_11083,373.26
OUT_11084,365.81
OUT_11085,174.29
OUT_11086,215.972
OUT_11087,160.089
OUT_11088,188.373
OUT_11089,394.129
OUT_11090,937.408
OUT_11091,151.105
OUT_11092,377.494
OUT_11093,216.832
OUT_11094,2089.812
OUT_11095,147.572
OUT_11096,205.474
OUT_11097,342.016
OUT_11098,982.841
OUT_11099,225.547
OUT_11100,170.035
OUT_11101,1412.421
OUT_11102,154.957
OUT_11103,151.551
OUT_11104,185.936
OUT_11105,923.084
OUT_11106,925.123
OUT_11107,373.062
OUT_11108,2146.062
OUT_11109,323.475
OUT_11110,365.359
OUT_11111,172.405
OUT_11112,974.338
OUT_11113,363.086
OUT_11114,362.123
OUT_11115,251.758
OUT_11116,179.525
OUT_11117,378.668
OUT_11118,152.111
OUT_11119,457.19
OUT_11120,949.228
OUT_11121,185.053
OUT_11122,165.347
OUT_11123,958.503
OUT_11124,1004.169
OUT_11125,324.449
OUT_11126,149.795
OUT_11127,172.646
OUT_11128,2173.064
OUT_11129,151.975
OUT_11130,146.926
OUT_11131,1005.976
OUT_11132,390.113
OUT_11133,378.164
OUT_11134,156.992
OUT_11135,161.459
OUT_11136,197.979
OUT_11137,171.831
OUT_11138,406.685
OUT_11139,360.418
OUT_11140,983.023
OUT_11141,344.687
OUT_11142,135.095
OUT_11143,1998.137
OUT_11144,198.015
OUT_11145,361.389
OUT_11146,152.809
OUT_11147,191.124
OUT_11148,166.364
OUT_11149,173.876
OUT_11150,953.199
OUT_11151,364.113
OUT_11152,938.639
OUT_11153,420.5
OUT_11154,202.992
OUT_11155,228.574
OUT_11156,165.05
OUT_11157,368.286
OUT_11158,392.56
OUT_11159,151.07
OUT_11160,374.372
OUT_11161,199.471
OUT_11162,180.066
OUT_11163,370.031
OUT_11164,245.838
OUT_11165,2027.882
OUT_11166,160.039
OUT_11167,394.013
OUT_11168,1990.696
OUT_11169,148.092
OUT_11170,239.539
OUT_11171,164.957
OUT_11172,352.05
OUT_11173,199.802
OUT_11174,203.804
OUT_11175,318.464
OUT_11176,365.249
OUT_11177,1010.51
OUT_11178,190.178
OUT_11179,311.674
OUT_11180,162.9
OUT_11181,148.981
OUT_11182,937.371
OUT_11183,382.947
OUT_11184,251.233
OUT_11185,160.463
OUT_11186,320.025
OUT_11187,950.932
OUT_11188,172.033
OUT_11189,349.477
OUT_11190,145.818
OUT_11191,141.907
OUT_11192,476.123
OUT_11193,238.141
OUT_11194,257.295
OUT_11195,377.191
OUT_11196,251.758
OUT_11197,335.933
OUT_11198,350.514
OUT_11199,872.801
OUT_11200,138.67
OUT_11201,385.519
OUT_11202,118.349
OUT_11203,169.866
OUT_11204,2052.919
OUT_11205,262.409
OUT_11206,151.913
OUT_11207,128.691
OUT_11208,910.932
OUT_11209,217.593
OUT_11210,149.713
OUT_11211,164.736
OUT_11212,412.18
OUT_11213,374.137
OUT_11214,2191.262
OUT_11215,135.718
OUT_11216,154.383
OUT_11217,2079.343
OUT_11218,350.726
OUT_11219,980.18
OUT_11220,180.488
OUT_11221,165.75
OUT_11222,2024.35
OUT_11223,140.001
OUT_11224,166.992
OUT_11225,2018.6
OUT_11226,172.201
OUT_11227,196.354
OUT_11228,127.244
OUT_11229,394.926
OUT_11230,164.341
OUT_11231,366.501
OUT_11232,2063.788
OUT_11233,944.351
OUT_11234,137.492
OUT_11235,203.943
OUT_11236,329.324
OUT_11237,145.188
OUT_11238,140.195
OUT_11239,980.257
OUT_11240,411.38
OUT_11241,198.203
OUT_11242,197.811
OUT_11243,156.788
OUT_11244,157.109
OUT_11245,358.125
OUT_11246,172.244
OUT_11247,151.74
OUT_11248,207.769
OUT_11249,358.377
OUT_11250,386.857
OUT_11251,2064.5
OUT_11252,176.493
OUT_11253,999.79
OUT_11254,393.866
OUT_11255,398.096
OUT_11256,291.632
OUT_11257,214.138
OUT_11258,172.628
OUT_11259,173.261
OUT_11260,924.851
OUT_11261,1951.426
OUT_11262,197.954
OUT_11263,126.575
OUT_11264,166.053
OUT_11265,956.909
OUT_11266,161.22
OUT_11267,159.675
OUT_11268,374.497
OUT_11269,2035.214
OUT_11270,216.443
OUT_11271,165.019
OUT_11272,184.483
OUT_11273,391.135
OUT_11274,197.331
OUT_11275,198.786
OUT_11276,388.544
OUT_11277,188.421
OUT_11278,169.229
OUT_11279,139.492
OUT_11280,999.644
OUT_11281,218.637
OUT_11282,180.528
OUT_11283,156.991
OUT_11284,159.814
OUT_11285,174.747
OUT_11286,377.498
OUT_11287,207.302
OUT_11288,958.953
OUT_11289,268.303
OUT_11290,342.862
OUT_11291,1260.62
OUT_11292,215.449
OUT_11293,367.374
OUT_11294,135.241
OUT_11295,188.894
OUT_11296,957.047
OUT_11297,325.44
OUT_11298,391.477
OUT_11299,156.248
OUT_11300,219.796
OUT_11301,163.503
OUT_11302,173.85
OUT_11303,978.326
OUT_11304,164.181
OUT_11305,2156.448
OUT_11306,320.461
OUT_11307,2014.561
OUT_11308,347.171
OUT_11309,951.477
OUT_11310,380.405
OUT_11311,177.387
OUT_11312,170.936
OUT_11313,188.401
OUT_11314,932.118
OUT_11315,429.636
OUT_11316,2127.162
OUT_11317,1027.696
OUT_11318,986.574
OUT_11319,157.994
OUT_11320,222.62
OUT_11321,307.488
OUT_11322,1001.554
OUT_11323,353.101
OUT_11324,149.795
OUT_11325,186.144
OUT_11326,381.639
OUT_11327,143.84
OUT_11328,960.165
OUT_11329,262.409
OUT_11330,973.865
OUT_11331,345.077
OUT_11332,170.951
OUT_11333,390.116
OUT_11334,157.793
OUT_11335,221.268
OUT_11336,397.141
OUT_11337,370.606
OUT_11338,389.171
OUT_11339,173.543
OUT_11340,386.445
OUT_11341,148.203
OUT_11342,401.824
OUT_11343,167.175
OUT_11344,196.126
OUT_11345,168.009
OUT_11346,316.366
OUT_11347,363.488
OUT_11348,237.192
OUT_11349,184.095
OUT_11350,353.183
OUT_11351,199.832
OUT_11352,346.401
OUT_11353,154.893
OUT_11354,984.098
OUT_11355,259.07
OUT_11356,166.49
OUT_11357,347.184
OUT_11358,165.315
OUT_11359,2032.264
OUT_11360,322.209
OUT_11361,297.426
OUT_11362,394.28
OUT_11363,142.925
OUT_11364,197.895
OUT_11365,388.398
OUT_11366,136.679
OUT_11367,166.165
OUT_11368,2060.529
OUT_11369,158.888
OUT_11370,162.884
OUT_11371,364.272
OUT_11372,927.641
OUT_11373,371.141
OUT_11374,199.545
OUT_11375,357.626
OUT_11376,314.754
OUT_11377,209.938
OUT_11378,385.673
OUT_11379,135.34
OUT_11380,181.927
OUT_11381,351.819
OUT_11382,238.418
OUT_11383,365.453
OUT_11384,309.643
OUT_11385,371.146
OUT_11386,391.049
OUT_11387,165.716
OUT_11388,387.175
OUT_11389,159.359
OUT_11390,165.196
OUT_11391,175.711
OUT_11392,1012.741
OUT_11393,192.515
OUT_11394,1036.863
OUT_11395,500.908
OUT_11396,378.091
OUT_11397,1207.473
OUT_11398,343.837
OUT_11399,182.781
OUT_11400,163.662
OUT_11401,397.857
OUT_11402,171.014
OUT_11403,2105.773
OUT_11404,170.202
OUT_11405,186.305
OUT_11406,1012.206
OUT_11407,182.418
OUT_11408,165.382
OUT_11409,325.606
OUT_11410,368.386
OUT_11411,155.73
OUT_11412,199.191
OUT_11413,992.054
OUT_11414,158.83
OUT_11415,161.498
OUT_11416,949.852
OUT_11417,156.199
OUT_11418,174.571
OUT_11419,197.82
OUT_11420,375.796
OUT_11421,930.259
OUT_11422,386.839
OUT_11423,353.52
OUT_11424,343.599
OUT_11425,160.616
OUT_11426,2113.422
OUT_11427,414.616
OUT_11428,369.904
OUT_11429,181.784
OUT_11430,161.402
OUT_11431,340.942
OUT_11432,366.694
OUT_11433,170.052
OUT_11434,917.822
OUT_11435,164.521
OUT_11436,176.132
OUT_11437,955.274
OUT_11438,919.803
OUT_11439,398.692
OUT_11440,187.104
OUT_11441,149.502
OUT_11442,198.961
OUT_11443,144.883
OUT_11444,251.758
OUT_11445,149.604
OUT_11446,370.048
OUT_11447,914.306
OUT_11448,198.044
OUT_11449,354.091
OUT_11450,251.758
OUT_11451,143.36
OUT_11452,179.565
OUT_11453,321.994
OUT_11454,396.478
OUT_11455,364.113
OUT_11456,179.341
OUT_11457,375.02
OUT_11458,2052.798
OUT_11459,209.529
OUT_11460,2130.843
OUT_11461,157.598
OUT_11462,153.038
OUT_11463,163.576
OUT_11464,377.148
OUT_11465,2030.174
OUT_11466,149.829
OUT_11467,158.69
OUT_11468,356.517
OUT_11469,162.462
OUT_11470,146.967
OUT_11471,354.328
OUT_11472,148.763
OUT_11473,356.26
OUT_11474,219.88
OUT_11475,965.412
OUT_11476,196.946
OUT_11477,137.402
OUT_11478,193.854
OUT_11479,304.147
OUT_11480,159.64
OUT_11481,159.006
OUT_11482,313.956
OUT_11483,299.765
OUT_11484,358.122
OUT_11485,226.645
OUT_11486,391.572
OUT_11487,362.457
OUT_11488,325.084
OUT_11489,404.772
OUT_11490,376.251
OUT_11491,359.657
OUT_11492,342.351
OUT_11493,380.548
OUT_11494,262.409
OUT_11495,419.159
OUT_11496,170.948
OUT_11497,2096.61
OUT_11498,255.312
OUT_11499,167.806
OUT_11500,991.498
OUT_11501,243.39
OUT_11502,859.855
OUT_11503,348.45
OUT_11504,983.58
OUT_11505,171.067
OUT_11506,414.153
OUT_11507,218.25
OUT_11508,334.582
OUT_11509,233.319
OUT_11510,359.734
OUT_11511,390.176
OUT_11512,946.225
OUT_11513,341.291
OUT_11514,270.145
OUT_11515,961.106
OUT_11516,157.497
OUT_11517,357.758
OUT_11518,175.194
OUT_11519,152.494
OUT_11520,325.634
OUT_11521,174.133
OUT_11522,365.146
OUT_11523,2088.703
OUT_11524,173.559
OUT_11525,172.007
OUT_11526,169.742
OUT_11527,166.27
OUT_11528,125.899
OUT_11529,127.081
OUT_11530,199.107
OUT_11531,284.636
OUT_11532,961.812
OUT_11533,251.758
OUT_11534,997.939
OUT_11535,361.891
OUT_11536,370.496
OUT_11537,200.793
OUT_11538,167.228
OUT_11539,386.703
OUT_11540,980.96
OUT_11541,346.836
OUT_11542,171.305
OUT_11543,161.752
OUT_11544,229.998
OUT_11545,949.74
OUT_11546,214.711
OUT_11547,909.768
OUT_11548,142.822
OUT_11549,390.401
OUT_11550,166.626
OUT_11551,169.794
OUT_11552,135.055
OUT_11553,133.015
OUT_11554,157.561
OUT_11555,221.227
OUT_11556,227.843
OUT_11557,346.121
OUT_11558,154.006
OUT_11559,968.894
OUT_11560,361.237
OUT_11561,177.277
OUT_11562,142.864
OUT_11563,1069.565
OUT_11564,221.1
OUT_11565,349.351
OUT_11566,152.117
OUT_11567,1014.37
OUT_11568,165.864
OUT_11569,1001.227
OUT_11570,286.911
OUT_11571,379.8
OUT_11572,160.238
OUT_11573,354.176
OUT_11574,367.417
OUT_11575,147.053
OUT_11576,372.964
OUT_11577,150.75
OUT_11578,372.453
OUT_11579,145.53
OUT_11580,161.91
OUT_11581,182.4
OUT_11582,178.189
OUT_11583,325.18
OUT_11584,961.539
OUT_11585,364.998
OUT_11586,166.18
OUT_11587,335.422
OUT_11588,1996.565
OUT_11589,364.314
OUT_11590,2015.343
OUT_11591,162.177
OUT_11592,181.479
OUT_11593,155.325
OUT_11594,228.041
OUT_11595,202.047
OUT_11596,214.261
OUT_11597,147.87
OUT_11598,371.257
OUT_11599,868.163
OUT_11600,238.841
OUT_11601,2046.503
OUT_11602,168.751
OUT_11603,156.95
OUT_11604,160.919
OUT_11605,2070.503
OUT_11606,334.713
OUT_11607,386.508
OUT_11608,142.092
OUT_11609,165.088
OUT_11610,158.889
OUT_11611,993.809
OUT_11612,137.788
OUT_11613,981.419
OUT_11614,146.369
OUT_11615,317.678
OUT_11616,385.631
OUT_11617,355.837
OUT_11618,363.9
OUT_11619,2088.976
OUT_11620,155.511
OUT_11621,183.644
OUT_11622,1013.169
OUT_11623,163.079
OUT_11624,238.158
OUT_11625,155.342
OUT_11626,160.028
OUT_11627,179.628
OUT_11628,360.742
OUT_11629,169.283
OUT_11630,904.7
OUT_11631,373.885
OUT_11632,449.208
OUT_11633,914.376
OUT_11634,227.097
OUT_11635,239.456
OUT_11636,2004.785
OUT_11637,911.208
OUT_11638,142.767
OUT_11639,152.526
OUT_11640,397.87
OUT_11641,199.044
OUT_11642,962.306
OUT_11643,2011.959
OUT_11644,2140.894
OUT_11645,167.388
OUT_11646,952.421
OUT_11647,165.264
OUT_11648,358.652
OUT_11649,205.863
OUT_11650,148.544
OUT_11651,218.525
OUT_11652,943.626
OUT_11653,193.981
OUT_11654,165.536
OUT_11655,218.467
OUT_11656,139.735
OUT_11657,180.957
OUT_11658,175.121
OUT_11659,205.699
OUT_11660,151.222
OUT_11661,206.691
OUT_11662,933.494
OUT_11663,262.409
OUT_11664,162.575
OUT_11665,2128.526
OUT_11666,987.559
OUT_11667,337.702
OUT_11668,375.133
OUT_11669,235.382
OUT_11670,192.139
OUT_11671,159.226
OUT_11672,1000.066
OUT_11673,327.793
OUT_11674,1002.618
OUT_11675,169.594
OUT_11676,367.393
OUT_11677,295.418
OUT_11678,272.629
OUT_11679,177.607
OUT_11680,1072.015
OUT_11681,317.759
OUT_11682,198.916
OUT_11683,997.086
OUT_11684,222.905
OUT_11685,262.409
OUT_11686,930.308
OUT_11687,208.754
OUT_11688,1038.773
OUT_11689,318.537
OUT_11690,218.006
OUT_11691,162.932
OUT_11692,969.202
OUT_11693,358.553
OUT_11694,175.588
OUT_11695,175.598
OUT_11696,966.819
OUT_11697,2038.634
OUT_11698,213.14
OUT_11699,378.543
OUT_11700,139.731
OUT_11701,151.161
OUT_11702,381.038
OUT_11703,162.396
OUT_11704,964.547
OUT_11705,190.113
OUT_11706,144.901
OUT_11707,353.85
OUT_11708,153.493
OUT_11709,265.193
OUT_11710,125.173
OUT_11711,344.51
OUT_11712,177.643
OUT_11713,350.868
OUT_11714,213.737
OUT_11715,393.909
OUT_11716,376.322
OUT_11717,964.041
OUT_11718,378.777
OUT_11719,352.347
OUT_11720,2030.255
OUT_11721,383.309
OUT_11722,262.409
OUT_11723,157.077
OUT_11724,177.4
OUT_11725,187.796
OUT_11726,196.019
OUT_11727,362.505
OUT_11728,199.232
OUT_11729,161.36
OUT_11730,165.961
OUT_11731,143.103
OUT_11732,227.593
OUT_11733,964.096
OUT_11734,150.472
OUT_11735,175.507
OUT_11736,134.209
OUT_11737,168.745
OUT_11738,145.424
OUT_11739,155.445
OUT_11740,156.737
OUT_11741,174.404
OUT_11742,351.611
OUT_11743,362.173
OUT_11744,262.409
OUT_11745,150.861
OUT_11746,954.67
OUT_11747,342.853
OUT_11748,161.367
OUT_11749,396.514
OUT_11750,356.338
OUT_11751,153.997
OUT_11752,166.893
OUT_11753,309.272
OUT_11754,253.143
OUT_11755,941.854
OUT_11756,140.741
OUT_11757,1008.63
OUT_11758,251.758
OUT_11759,183.098
OUT_11760,272.585
OUT_11761,377.804
OUT_11762,914.131
OUT_11763,362.115
OUT_11764,345.058
OUT_11765,251.758
OUT_11766,162.843
OUT_11767,2020.354
OUT_11768,162.517
OUT_11769,932.959
OUT_11770,2079.69
OUT_11771,360.381
OUT_11772,367.229
OUT_11773,205.701
OUT_11774,222.015
OUT_11775,373.673
OUT_11776,128.83
OUT_11777,179.155
OUT_11778,153.202
OUT_11779,138.81
OUT_11780,955.299
OUT_11781,139.389
OUT_11782,158.001
OUT_11783,373.94
OUT_11784,416.17
OUT_11785,199.216
OUT_11786,170.448
OUT_11787,153.976
OUT_11788,2076.746
OUT_11789,1001.515
OUT_11790,319.06
OUT_11791,973.927
OUT_11792,374.637
OUT_11793,167.199
OUT_11794,124.957
OUT_11795,144.111
OUT_11796,361.934
OUT_11797,1021.155
OUT_11798,376.481
OUT_11799,334.368
OUT_11800,314.993
OUT_11801,273.735
OUT_11802,210.766
OUT_11803,155.922
OUT_11804,2097.244
OUT_11805,189.386
OUT_11806,152.067
OUT_11807,341.835
OUT_11808,360.307
OUT_11809,183.901
OUT_11810,184.31
OUT_11811,155.484
OUT_11812,170.083
OUT_11813,358.633
OUT_11814,306.968
OUT_11815,273.777
OUT_11816,933.169
OUT_11817,351.014
OUT_11818,262.409
OUT_11819,946.22
OUT_11820,1006.123
OUT_11821,285.456
OUT_11822,160.372
OUT_11823,944.849
OUT_11824,423.209
OUT_11825,355.342
OUT_11826,157.049
OUT_11827,198.618
OUT_11828,146.162
OUT_11829,262.409
OUT_11830,190.024
OUT_11831,152.587
OUT_11832,219.358
OUT_11833,383.791
OUT_11834,359.413
OUT_11835,239.953
OUT_11836,146.928
OUT_11837,382.829
OUT_11838,332.887
OUT_11839,170.498
OUT_11840,271.944
OUT_11841,221.512
OUT_11842,351.887
OUT_11843,2105.364
OUT_11844,161.219
OUT_11845,947.489
OUT_11846,138.562
OUT_11847,324.54
OUT_11848,965.532
OUT_11849,184.62
OUT_11850,144.128
OUT_11851,214.614
OUT_11852,979.598
OUT_11853,2052.191
OUT_11854,133.386
OUT_11855,342.481
OUT_11856,318.164
OUT_11857,995.184
OUT_11858,361.182
OUT_11859,959.127
OUT_11860,149.027
OUT_11861,358.449
OUT_11862,295.611
OUT_11863,210.781
OUT_11864,181.862
OUT_11865,186.35
OUT_11866,343.618
OUT_11867,164.207
OUT_11868,986.519
OUT_11869,155.768
OUT_11870,381.836
OUT_11871,186.471
OUT_11872,374.93
OUT_11873,157.747
OUT_11874,134.631
OUT_11875,391.401
OUT_11876,343.841
OUT_11877,188.096
OUT_11878,154.41
OUT_11879,354.787
OUT_11880,159.099
OUT_11881,397.903
OUT_11882,334.646
OUT_11883,971.16
OUT_11884,163.253
OUT_11885,343.217
OUT_11886,365.091
OUT_11887,149.684
OUT_11888,166.839
OUT_11889,352.785
OUT_11890,152.14
OUT_11891,165.99
OUT_11892,180.385
OUT_11893,125.783
OUT_11894,919.7
OUT_11895,178.939
OUT_11896,226.642
OUT_11897,960.01
OUT_11898,994.419
OUT_11899,186.955
OUT_11900,905.251
OUT_11901,235.189
OUT_11902,146.078
OUT_11903,153.434
OUT_11904,168.278
OUT_11905,182.373
OUT_11906,146.655
OUT_11907,148.714
OUT_11908,188.154
OUT_11909,975.363
OUT_11910,363.417
OUT_11911,980.76
OUT_11912,372.27
OUT_11913,180.66
OUT_11914,342.591
OUT_11915,171.105
OUT_11916,182.171
OUT_11917,186.225
OUT_11918,290.729
OUT_11919,156.441
OUT_11920,945.326
OUT_11921,236.78
OUT_11922,990.069
OUT_11923,184.148
OUT_11924,154.525
OUT_11925,167.68
OUT_11926,230.182
OUT_11927,181.947
OUT_11928,192.19
OUT_11929,1001.136
OUT_11930,164.141
OUT_11931,209.457
OUT_11932,196.796
OUT_11933,176.007
OUT_11934,373.189
OUT_11935,152.846
OUT_11936,185.976
OUT_11937,180.287
OUT_11938,176.233
OUT_11939,362.657
OUT_11940,390.507
OUT_11941,162.046
OUT_11942,405.708
OUT_11943,949.697
OUT_11944,951.546
OUT_11945,171.278
OUT_11946,251.758
OUT_11947,395.475
OUT_11948,213.735
OUT_11949,2846.442
OUT_11950,2080.566
OUT_11951,966.901
OUT_11952,186.48
OUT_11953,172.841
OUT_11954,298.321
OUT_11955,175.513
OUT_11956,209.742
OUT_11957,155.474
OUT_11958,975.022
OUT_11959,179.152
OUT_11960,902.943
OUT_11961,988.828
OUT_11962,369.716
OUT_11963,1020.436
OUT_11964,193.755
OUT_11965,317.98
OUT_11966,165.128
OUT_11967,142.654
OUT_11968,959.529
OUT_11969,976.98
OUT_11970,965.76
OUT_11971,256.875
OUT_11972,344.079
OUT_11973,164.872
OUT_11974,159.543
OUT_11975,319.355
OUT_11976,926.561
OUT_11977,175.358
OUT_11978,358.536
OUT_11979,166.04
OUT_11980,120.703
OUT_11981,2060.519
OUT_11982,163.36
OUT_11983,383.961
OUT_11984,174.938
OUT_11985,158.536
OUT_11986,352.469
OUT_11987,342.238
OUT_11988,352.745
OUT_11989,439.444
OUT_11990,157.679
OUT_11991,333.282
OUT_11992,374.259
OUT_11993,325.986
OUT_11994,204.196
OUT_11995,342.201
OUT_11996,346.897
OUT_11997,182.581
OUT_11998,393.916
OUT_11999,166.013
OUT_12000,382.07
OUT_12001,160.581
OUT_12002,442.219
OUT_12003,365.725
OUT_12004,2072.929
OUT_12005,135.746
OUT_12006,364.297
OUT_12007,386.862
OUT_12008,938.798
OUT_12009,185.628
OUT_12010,170.466
OUT_12011,148.506
OUT_12012,1044.028
OUT_12013,354.287
OUT_12014,140.099
OUT_12015,1979.128
OUT_12016,256.708
OUT_12017,182.269
OUT_12018,162.075
OUT_12019,151.242
OUT_12020,202.609
OUT_12021,319.831
OUT_12022,403.342
OUT_12023,199.257
OUT_12024,195.488
OUT_12025,162.015
OUT_12026,2028.854
OUT_12027,138.392
OUT_12028,407.234
OUT_12029,210.485
OUT_12030,1005.528
OUT_12031,200.445
OUT_12032,353.297
OUT_12033,355.79
OUT_12034,181.292
OUT_12035,412.794
OUT_12036,938.918
OUT_12037,182.267
OUT_12038,155.498
OUT_12039,149.575
OUT_12040,196.559
OUT_12041,414.793
OUT_12042,374.456
OUT_12043,311.836
OUT_12044,124.614
OUT_12045,371.987
OUT_12046,172.726
OUT_12047,154.917
OUT_12048,138.324
OUT_12049,979.07
OUT_12050,174.282
OUT_12051,125.419
OUT_12052,166.443
OUT_12053,188.49
OUT_12054,346.933
OUT_12055,1023.832
OUT_12056,162.513
OUT_12057,179.713
OUT_12058,983.379
OUT_12059,194.56
OUT_12060,2089.275
OUT_12061,143.11
OUT_12062,382.884
OUT_12063,325.839
OUT_12064,322.967
OUT_12065,189.723
OUT_12066,179.906
OUT_12067,171.222
OUT_12068,171.711
OUT_12069,220.498
OUT_12070,394.881
OUT_12071,971.087
OUT_12072,185.389
OUT_12073,157.346
OUT_12074,937.454
OUT_12075,146.779
OUT_12076,165.965
OUT_12077,249.146
OUT_12078,170.066
OUT_12079,234.486
OUT_12080,161.548
OUT_12081,997.571
OUT_12082,340.137
OUT_12083,947.305
OUT_12084,343.827
OUT_12085,153.231
OUT_12086,142.524
OUT_12087,155.833
OUT_12088,211.785
OUT_12089,113.17
OUT_12090,342.355
OUT_12091,948.667
OUT_12092,217.54
OUT_12093,145.492
OUT_12094,193.897
OUT_12095,338.434
OUT_12096,380.371
OUT_12097,160.191
OUT_12098,362.057
OUT_12099,191.223
OUT_12100,159.417
OUT_12101,191.817
OUT_12102,148.263
OUT_12103,159.262
OUT_12104,174.067
OUT_12105,207.243
OUT_12106,159.831
OUT_12107,168.854
OUT_12108,2099.429
OUT_12109,356.652
OUT_12110,386.895
OUT_12111,167.836
OUT_12112,147.738
OUT_12113,900.19
OUT_12114,181.889
OUT_12115,990.559
OUT_12116,379.781
OUT_12117,131.616
OUT_12118,368.268
OUT_12119,135.585
OUT_12120,520.418
OUT_12121,406.631
OUT_12122,138.258
OUT_12123,351.85
OUT_12124,371.852
OUT_12125,357.768
OUT_12126,135.549
OUT_12127,178.062
OUT_12128,390.827
OUT_12129,183.77
OUT_12130,145.409
OUT_12131,2090.38
OUT_12132,151.722
OUT_12133,173.688
OUT_12134,394.506
OUT_12135,218.76
OUT_12136,314.674
OUT_12137,358.255
OUT_12138,1006.444
OUT_12139,977.898
OUT_12140,148.078
OUT_12141,2091.317
OUT_12142,1991.026
OUT_12143,174.048
OUT_12144,184.232
OUT_12145,978.366
OUT_12146,210.59
OUT_12147,201.295
OUT_12148,890.282
OUT_12149,150.573
OUT_12150,170.769
OUT_12151,222.791
OUT_12152,1002.44
OUT_12153,361.849
OUT_12154,333.672
OUT_12155,151.546
OUT_12156,167.56
OUT_12157,369.795
OUT_12158,168.124
OUT_12159,2579.076
OUT_12160,400.497
OUT_12161,150.377
OUT_12162,2051.441
OUT_12163,154.842
OUT_12164,126.823
OUT_12165,168.025
OUT_12166,251.543
OUT_12167,185.249
OUT_12168,201.451
OUT_12169,136.763
OUT_12170,361.823
OUT_12171,171.132
OUT_12172,384.458
OUT_12173,334.535
OUT_12174,318.835
OUT_12175,194.438
OUT_12176,304.415
OUT_12177,233.502
OUT_12178,143.784
OUT_12179,162.656
OUT_12180,131.496
OUT_12181,136.409
OUT_12182,334.557
OUT_12183,156.916
OUT_12184,381.711
OUT_12185,409.234
OUT_12186,179.361
OUT_12187,397.855
OUT_12188,176.328
OUT_12189,387.842
OUT_12190,204.655
OUT_12191,147.427
OUT_12192,137.575
OUT_12193,171.383
OUT_12194,383.295
OUT_12195,262.409
OUT_12196,167.084
OUT_12197,436.283
OUT_12198,363.993
OUT_12199,151.632
OUT_12200,957.979
OUT_12201,159.433
OUT_12202,224.827
OUT_12203,933.725
OUT_12204,140.142
OUT_12205,2121.559
OUT_12206,2063.557
OUT_12207,348.922
OUT_12208,341.971
OUT_12209,182.734
OUT_12210,184.701
OUT_12211,180.535
OUT_12212,174.856
OUT_12213,187.934
OUT_12214,390.296
OUT_12215,1055.607
OUT_12216,382.831
OUT_12217,165.609
OUT_12218,158.428
OUT_12219,203.819
OUT_12220,948.22
OUT_12221,157.643
OUT_12222,199.885
OUT_12223,363.413
OUT_12224,1010.78
OUT_12225,165.89
OUT_12226,178.16
OUT_12227,185.837
OUT_12228,169.019
OUT_12229,244.519
OUT_12230,183.443
OUT_12231,165.906
OUT_12232,178.342
OUT_12233,162.858
OUT_12234,168.972
OUT_12235,373.748
OUT_12236,197.94
OUT_12237,954.606
OUT_12238,155.424
OUT_12239,369.414
OUT_12240,262.409
OUT_12241,234.883
OUT_12242,1006.577
OUT_12243,181.306
OUT_12244,366.407
OUT_12245,240.867
OUT_12246,182.449
OUT_12247,193.033
OUT_12248,389.55
OUT_12249,2033.985
OUT_12250,1044.913
OUT_12251,175.497
OUT_12252,158.956
OUT_12253,310.229
OUT_12254,159.584
OUT_12255,936.188
OUT_12256,897.413
OUT_12257,131.121
OUT_12258,2018.294
OUT_12259,411.682
OUT_12260,184.821
OUT_12261,162.722
OUT_12262,393.919
OUT_12263,2065.992
OUT_12264,1978.217
OUT_12265,346.038
OUT_12266,254.102
OUT_12267,390.624
OUT_12268,2089.179
OUT_12269,194.543
OUT_12270,398.626
OUT_12271,175.532
OUT_12272,368.756
OUT_12273,324.252
OUT_12274,169.986
OUT_12275,363.816
OUT_12276,181.905
OUT_12277,2043.388
OUT_12278,251.758
OUT_12279,363.291
OUT_12280,349.632
OUT_12281,369.561
OUT_12282,357.211
OUT_12283,1435.82
OUT_12284,118.578
OUT_12285,371.628
OUT_12286,170.425
OUT_12287,211.719
OUT_12288,135.697
OUT_12289,183.806
OUT_12290,162.692
OUT_12291,949.788
OUT_12292,355.957
OUT_12293,236.762
OUT_12294,527.955
OUT_12295,1350.707
OUT_12296,166.773
OUT_12297,353.408
OUT_12298,353.6
OUT_12299,128.905
OUT_12300,207.701
OUT_12301,897.036
OUT_12302,213.377
OUT_12303,113.79
OUT_12304,132.44
OUT_12305,194.953
OUT_12306,2035.969
OUT_12307,152.618
OUT_12308,330.775
OUT_12309,174.539
OUT_12310,382.085
OUT_12311,373.649
OUT_12312,363.905
OUT_12313,156.313
OUT_12314,347.99
OUT_12315,168.551
OUT_12316,163.728
OUT_12317,160.285
OUT_12318,178.697
OUT_12319,182.057
OUT_12320,180.075
OUT_12321,155.532
OUT_12322,217.114
OUT_12323,228.448
OUT_12324,300.439
OUT_12325,350.062
OUT_12326,157.855
OUT_12327,965.77
OUT_12328,310.294
OUT_12329,178.552
OUT_12330,237.198
OUT_12331,950.407
OUT_12332,321.537
OUT_12333,401.913
OUT_12334,1966.511
OUT_12335,387.356
OUT_12336,213.258
OUT_12337,170.068
OUT_12338,441.012
OUT_12339,196.224
OUT_12340,372.154
OUT_12341,232.577
OUT_12342,225.209
OUT_12343,1005.821
OUT_12344,334.853
OUT_12345,2075.118
OUT_12346,974.548
OUT_12347,363.862
OUT_12348,2630.279
OUT_12349,383.108
OUT_12350,141.856
OUT_12351,173.214
OUT_12352,188.551
OUT_12353,224.09
OUT_12354,192.671
OUT_12355,387.659
OUT_12356,166.183
OUT_12357,189.47
OUT_12358,253.434
OUT_12359,160.532
OUT_12360,1000.437
OUT_12361,244.328
OUT_12362,189.035
OUT_12363,214.848
OUT_12364,149.348
OUT_12365,240.513
OUT_12366,213.625
OUT_12367,357.796
OUT_12368,2010.878
OUT_12369,875.16
OUT_12370,383.576
OUT_12371,1007.299
OUT_12372,2038.415
OUT_12373,323.459
OUT_12374,366.966
OUT_12375,364.847
OUT_12376,922.422
OUT_12377,179.125
OUT_12378,372.986
OUT_12379,221.778
OUT_12380,159.124
OUT_12381,924.184
OUT_12382,215.369
OUT_12383,251.157
OUT_12384,896.991
OUT_12385,195.949
OUT_12386,176.796
OUT_12387,388.527
OUT_12388,938.819
OUT_12389,381.877
OUT_12390,181.752
OUT_12391,343.111
OUT_12392,158.926
OUT_12393,376.991
OUT_12394,956.203
OUT_12395,244.413
OUT_12396,892.739
OUT_12397,123.994
OUT_12398,1993.731
OUT_12399,414.278
OUT_12400,2043.514
OUT_12401,1043.734
OUT_12402,385.427
OUT_12403,151.501
OUT_12404,194.236
OUT_12405,138.721
OUT_12406,358.526
OUT_12407,152.97
OUT_12408,171.156
OUT_12409,370.784
OUT_12410,404.224
OUT_12411,195.575
OUT_12412,336.254
OUT_12413,364.135
OUT_12414,1020.541
OUT_12415,341.633
OUT_12416,388.193
OUT_12417,954.766
OUT_12418,338.504
OUT_12419,150.268
OUT_12420,371.357
OUT_12421,386.37
OUT_12422,188.502
OUT_12423,379.631
OUT_12424,926.219
OUT_12425,2053.664
OUT_12426,185.869
OUT_12427,162.215
OUT_12428,160.499
OUT_12429,353.052
OUT_12430,315.516
OUT_12431,194.819
OUT_12432,255.033
OUT_12433,136.079
OUT_12434,339.079
OUT_12435,377.764
OUT_12436,972.613
OUT_12437,159.696
OUT_12438,211.858
OUT_12439,163.264
OUT_12440,960.604
OUT_12441,140.399
OUT_12442,403.732
OUT_12443,219.853
OUT_12444,909.303
OUT_12445,2179.963
OUT_12446,394.202
OUT_12447,139.457
OUT_12448,352.946
OUT_12449,259.424
OUT_12450,305.813
OUT_12451,168.999
OUT_12452,187.307
OUT_12453,221.178
OUT_12454,188.198
OUT_12455,168.366
OUT_12456,913.547
OUT_12457,150.367
OUT_12458,198.901
OUT_12459,397.146
OUT_12460,954.13
OUT_12461,143.608
OUT_12462,179.951
OUT_12463,1067.064
OUT_12464,357.63
OUT_12465,185.314
OUT_12466,183.945
OUT_12467,149.97
OUT_12468,178.301
OUT_12469,997.807
OUT_12470,368.327
OUT_12471,146.481
OUT_12472,243.703
OUT_12473,384.227
OUT_12474,201.904
OUT_12475,158.63
OUT_12476,370.334
OUT_12477,163.326
OUT_12478,153.519
OUT_12479,388.203
OUT_12480,1340.231
OUT_12481,259.721
OUT_12482,985.619
OUT_12483,904.56
OUT_12484,2021.357
OUT_12485,987.575
OUT_12486,166.106
OUT_12487,239.926
OUT_12488,923.46
OUT_12489,199.194
OUT_12490,144.324
OUT_12491,254.278
OUT_12492,2038.984
OUT_12493,163.536
OUT_12494,2053.75
OUT_12495,376.418
OUT_12496,439.57
OUT_12497,179.586
OUT_12498,311.191
OUT_12499,226.423
OUT_12500,154.616
OUT_12501,355.104
OUT_12502,979.811
OUT_12503,311.402
OUT_12504,179.581
OUT_12505,180.277
OUT_12506,210.446
OUT_12507,1009.414
OUT_12508,341.907
OUT_12509,956.31
OUT_12510,161.877
OUT_12511,169.565
OUT_12512,344.927
OUT_12513,395.88
OUT_12514,2007.463
OUT_12515,327.549
OUT_12516,221.384
OUT_12517,186.75
OUT_12518,979.469
OUT_12519,178.712
OUT_12520,206.622
OUT_12521,169.445
OUT_12522,956.002
OUT_12523,382.142
OUT_12524,161.013
OUT_12525,182.366
OUT_12526,189.61
OUT_12527,195.658
OUT_12528,148.342
OUT_12529,953.031
OUT_12530,959.861
OUT_12531,1003.476
OUT_12532,166.138
OUT_12533,232.369
OUT_12534,160.525
OUT_12535,192.037
OUT_12536,965.101
OUT_12537,176.906
OUT_12538,368.215
OUT_12539,242.219
OUT_12540,183.161
OUT_12541,166.207
OUT_12542,372.895
OUT_12543,199.459
OUT_12544,385.454
OUT_12545,195.58
OUT_12546,246.27
OUT_12547,239.269
OUT_12548,171.753
OUT_12549,197.899
OUT_12550,247.459
OUT_12551,162.196
OUT_12552,970.934
OUT_12553,348.796
OUT_12554,185.967
OUT_12555,216.318
OUT_12556,156.869
OUT_12557,251.758
OUT_12558,144.069
OUT_12559,238.808
OUT_12560,149.471
OUT_12561,2144.799
OUT_12562,965.385
OUT_12563,957.353
OUT_12564,373.938
OUT_12565,145.566
OUT_12566,167.764
OUT_12567,175.278
OUT_12568,143.101
OUT_12569,923.747
OUT_12570,379.32
OUT_12571,220.859
OUT_12572,952.07
OUT_12573,162.488
OUT_12574,158.907
OUT_12575,359.954
OUT_12576,136.921
OUT_12577,172.856
OUT_12578,337.477
OUT_12579,380.285
OUT_12580,969.646
OUT_12581,980.781
OUT_12582,988.879
OUT_12583,179.707
OUT_12584,230.328
OUT_12585,222.585
OUT_12586,172.292
OUT_12587,962.351
OUT_12588,2884.929
OUT_12589,253.922
OUT_12590,177.197
OUT_12591,362.687
OUT_12592,2049.427
OUT_12593,367.875
OUT_12594,1006.449
OUT_12595,436.455
OUT_12596,940.336
OUT_12597,209.045
OUT_12598,1037.935
OUT_12599,171.082
OUT_12600,380.64
OUT_12601,171.555
OUT_12602,173.924
OUT_12603,1004.733
OUT_12604,416.679
OUT_12605,419.904
OUT_12606,355.601
OUT_12607,353.24
OUT_12608,199.531
OUT_12609,174.352
OUT_12610,202.064
OUT_12611,375.621
OUT_12612,160.566
OUT_12613,159.883
OUT_12614,183.945
OUT_12615,377.447
OUT_12616,191.997
OUT_12617,132.295
OUT_12618,315.976
OUT_12619,177.614
OUT_12620,165.593
OUT_12621,900.755
OUT_12622,158.439
OUT_12623,1007.412
OUT_12624,2113.89
OUT_12625,2122.047
OUT_12626,188.516
OUT_12627,262.409
OUT_12628,361.201
OUT_12629,963.966
OUT_12630,378.258
OUT_12631,210.374
OUT_12632,982.403
OUT_12633,150.922
OUT_12634,224.625
OUT_12635,379.49
OUT_12636,162.438
OUT_12637,177.945
OUT_12638,2026.333
OUT_12639,143.347
OUT_12640,241.483
OUT_12641,988.538
OUT_12642,1978.459
OUT_12643,352.716
OUT_12644,405.38
OUT_12645,149.497
OUT_12646,262.409
OUT_12647,190.075
OUT_12648,249.792
OUT_12649,159.144
OUT_12650,143.686
OUT_12651,233.652
OUT_12652,359.531
OUT_12653,375.764
OUT_12654,1030.01
OUT_12655,299.979
OUT_12656,169.489
OUT_12657,186.11
OUT_12658,2026.363
OUT_12659,179.119
OUT_12660,348.713
OUT_12661,151.06
OUT_12662,190.033
OUT_12663,167.546
OUT_12664,329.724
OUT_12665,189.219
OUT_12666,962.668
OUT_12667,118.733
OUT_12668,363.498
OUT_12669,130.117
OUT_12670,380.721
OUT_12671,172.905
OUT_12672,942.503
OUT_12673,197.67
OUT_12674,180.811
OUT_12675,2077.701
OUT_12676,159.765
OUT_12677,390.273
OUT_12678,345.79
OUT_12679,170.459
OUT_12680,129.539
OUT_12681,199.807
OUT_12682,970.921
OUT_12683,2021.23
OUT_12684,140.448
OUT_12685,146.673
OUT_12686,152.633
OUT_12687,162.608
OUT_12688,142.083
OUT_12689,369.953
OUT_12690,406.215
OUT_12691,2018.714
OUT_12692,357.448
OUT_12693,377.818
OUT_12694,245.854
OUT_12695,156.231
OUT_12696,147.661
OUT_12697,1048.074
OUT_12698,315.027
OUT_12699,127.63
OUT_12700,184.032
OUT_12701,179.56
OUT_12702,1029.634
OUT_12703,134.878
OUT_12704,994.679
OUT_12705,940.907
OUT_12706,414.068
OUT_12707,350.342
OUT_12708,149.927
OUT_12709,351.555
OUT_12710,204.013
OUT_12711,181.73
OUT_12712,339.603
OUT_12713,176.365
OUT_12714,382.763
OUT_12715,141.814
OUT_12716,380.164
OUT_12717,359.528
OUT_12718,200.317
OUT_12719,373.003
OUT_12720,183.956
OUT_12721,150.255
OUT_12722,416.97
OUT_12723,153.421
OUT_12724,177.528
OUT_12725,230.306
OUT_12726,255.519
OUT_12727,143.421
OUT_12728,2070.307
OUT_12729,394.024
OUT_12730,988.261
OUT_12731,369.584
OUT_12732,148.325
OUT_12733,154.852
OUT_12734,951.277
OUT_12735,367.599
OUT_12736,168.483
OUT_12737,166.002
OUT_12738,130.037
OUT_12739,186.733
OUT_12740,950.526
OUT_12741,145.236
OUT_12742,2091.781
OUT_12743,378.481
OUT_12744,372.344
OUT_12745,1083.985
OUT_12746,194.877
OUT_12747,174.669
OUT_12748,191.407
OUT_12749,221.342
OUT_12750,298.14
OUT_12751,152.047
OUT_12752,138.704
OUT_12753,382.026
OUT_12754,965.554
OUT_12755,383.628
OUT_12756,176.247
OUT_12757,154.199
OUT_12758,141.412
OUT_12759,142.815
OUT_12760,192.225
OUT_12761,153.557
OUT_12762,186.098
OUT_12763,345.39
OUT_12764,262.409
OUT_12765,140.0
OUT_12766,165.519
OUT_12767,184.102
OUT_12768,251.758
OUT_12769,1006.207
OUT_12770,152.022
OUT_12771,159.564
OUT_12772,142.609
OUT_12773,173.632
OUT_12774,186.739
OUT_12775,180.526
OUT_12776,156.453
OUT_12777,401.013
OUT_12778,192.992
OUT_12779,143.376
OUT_12780,117.514
OUT_12781,213.906
OUT_12782,351.611
OUT_12783,957.075
OUT_12784,370.384
OUT_12785,363.996
OUT_12786,171.157
OUT_12787,180.314
OUT_12788,341.141
OUT_12789,384.977
OUT_12790,407.935
OUT_12791,130.545
OUT_12792,352.702
OUT_12793,415.725
OUT_12794,181.556
OUT_12795,209.952
OUT_12796,240.112
OUT_12797,156.949
OUT_12798,151.908
OUT_12799,159.044
OUT_12800,174.432
OUT_12801,373.193
OUT_12802,126.36
OUT_12803,132.213
OUT_12804,969.307
OUT_12805,134.067
OUT_12806,360.416
OUT_12807,974.765
OUT_12808,156.68
OUT_12809,303.046
OUT_12810,384.964
OUT_12811,353.475
OUT_12812,168.464
OUT_12813,380.146
OUT_12814,381.909
OUT_12815,994.184
OUT_12816,389.884
OUT_12817,411.929
OUT_12818,139.896
OUT_12819,137.502
OUT_12820,858.853
OUT_12821,376.935
OUT_12822,199.622
OUT_12823,186.629
OUT_12824,139.935
OUT_12825,152.132
OUT_12826,171.467
OUT_12827,180.577
OUT_12828,164.701
OUT_12829,144.079
OUT_12830,149.671
OUT_12831,125.439
OUT_12832,470.527
OUT_12833,356.609
OUT_12834,2048.463
OUT_12835,177.078
OUT_12836,380.22
OUT_12837,167.251
OUT_12838,196.081
OUT_12839,146.729
OUT_12840,165.844
OUT_12841,216.875
OUT_12842,844.46
OUT_12843,386.721
OUT_12844,364.337
OUT_12845,366.413
OUT_12846,242.437
OUT_12847,165.698
OUT_12848,2099.564
OUT_12849,340.923
OUT_12850,157.003
OUT_12851,345.651
OUT_12852,219.144
OUT_12853,153.557
OUT_12854,155.582
OUT_12855,2025.913
OUT_12856,131.587
OUT_12857,931.57
OUT_12858,183.885
OUT_12859,155.385
OUT_12860,160.268
OUT_12861,360.75
OUT_12862,414.215
OUT_12863,985.504
OUT_12864,151.696
OUT_12865,2687.813
OUT_12866,158.926
OUT_12867,368.919
OUT_12868,172.852
OUT_12869,226.832
OUT_12870,158.824
OUT_12871,169.157
OUT_12872,146.114
OUT_12873,2074.234
OUT_12874,2113.177
OUT_12875,982.123
OUT_12876,289.672
OUT_12877,150.306
OUT_12878,192.762
OUT_12879,354.781
OUT_12880,144.697
OUT_12881,340.099
OUT_12882,2121.421
OUT_12883,417.621
OUT_12884,173.976
OUT_12885,328.505
OUT_12886,356.395
OUT_12887,212.12
OUT_12888,142.586
OUT_12889,337.73
OUT_12890,2062.423
OUT_12891,336.386
OUT_12892,357.743
OUT_12893,162.535
OUT_12894,168.32
OUT_12895,173.939
OUT_12896,379.473
OUT_12897,152.5
OUT_12898,195.944
OUT_12899,205.425
OUT_12900,1127.596
OUT_12901,138.505
OUT_12902,210.779
OUT_12903,160.408
OUT_12904,325.415
OUT_12905,1026.112
OUT_12906,1048.757
OUT_12907,963.63
OUT_12908,171.142
OUT_12909,351.488
OUT_12910,149.403
OUT_12911,947.787
OUT_12912,262.409
OUT_12913,342.047
OUT_12914,217.09
OUT_12915,376.778
OUT_12916,169.93
OUT_12917,188.321
OUT_12918,358.483
OUT_12919,156.53
OUT_12920,228.139
OUT_12921,345.63
OUT_12922,181.648
OUT_12923,923.693
OUT_12924,375.024
OUT_12925,399.741
OUT_12926,862.974
OUT_12927,218.563
OUT_12928,224.989
OUT_12929,208.705
OUT_12930,367.38
OUT_12931,195.18
OUT_12932,2048.117
OUT_12933,366.019
OUT_12934,521.547
OUT_12935,911.062
OUT_12936,164.551
OUT_12937,178.604
OUT_12938,154.863
OUT_12939,2007.779
OUT_12940,131.852
OUT_12941,995.969
OUT_12942,371.015
OUT_12943,159.354
OUT_12944,357.708
OUT_12945,375.728
OUT_12946,325.467
OUT_12947,231.313
OUT_12948,159.95
OUT_12949,927.875
OUT_12950,332.122
OUT_12951,381.665
OUT_12952,211.36
OUT_12953,949.756
OUT_12954,171.372
OUT_12955,212.615
OUT_12956,140.727
OUT_12957,147.054
OUT_12958,384.661
OUT_12959,138.407
OUT_12960,368.33
OUT_12961,966.342
OUT_12962,175.555
OUT_12963,420.485
OUT_12964,166.91
OUT_12965,1041.079
OUT_12966,146.03
OUT_12967,127.636
OUT_12968,181.342
OUT_12969,2102.958
OUT_12970,355.938
OUT_12971,1056.035
OUT_12972,375.197
OUT_12973,134.383
OUT_12974,2066.453
OUT_12975,135.229
OUT_12976,997.245
OUT_12977,918.874
OUT_12978,2056.491
OUT_12979,385.275
OUT_12980,139.743
OUT_12981,193.353
OUT_12982,408.174
OUT_12983,167.854
OUT_12984,140.256
OUT_12985,905.461
OUT_12986,962.627
OUT_12987,2986.193
OUT_12988,143.195
OUT_12989,170.212
OUT_12990,365.749
OUT_12991,996.95
OUT_12992,322.063
OUT_12993,982.292
OUT_12994,362.098
OUT_12995,156.352
OUT_12996,362.314
OUT_12997,329.568
OUT_12998,159.643
OUT_12999,151.244
OUT_13000,354.817
OUT_13001,127.967
OUT_13002,182.616
OUT_13003,218.542
OUT_13004,342.276
OUT_13005,165.009
OUT_13006,210.64
OUT_13007,211.547
OUT_13008,2035.612
OUT_13009,213.034
OUT_13010,897.198
OUT_13011,145.246
OUT_13012,163.521
OUT_13013,136.589
OUT_13014,158.457
OUT_13015,385.774
OUT_13016,165.559
OUT_13017,1007.012
OUT_13018,320.826
OUT_13019,996.471
OUT_13020,345.886
OUT_13021,161.076
OUT_13022,208.539
OUT_13023,2104.128
OUT_13024,156.912
OUT_13025,198.919
OUT_13026,917.715
OUT_13027,305.684
OUT_13028,141.7
OUT_13029,335.424
OUT_13030,135.116
OUT_13031,196.952
OUT_13032,1012.181
OUT_13033,146.618
OUT_13034,117.207
OUT_13035,1988.91
OUT_13036,314.772
OUT_13037,124.589
OUT_13038,157.396
OUT_13039,362.664
OUT_13040,146.857
OUT_13041,228.352
OUT_13042,138.407
OUT_13043,126.586
OUT_13044,344.833
OUT_13045,174.901
OUT_13046,164.728
OUT_13047,156.704
OUT_13048,182.431
OUT_13049,149.256
OUT_13050,165.561
OUT_13051,168.615
OUT_13052,941.481
OUT_13053,316.37
OUT_13054,161.964
OUT_13055,1942.522
OUT_13056,294.806
OUT_13057,973.797
OUT_13058,207.457
OUT_13059,236.819
OUT_13060,169.209
OUT_13061,164.831
OUT_13062,134.094
OUT_13063,956.522
OUT_13064,251.758
OUT_13065,174.92
OUT_13066,306.872
OUT_13067,163.243
OUT_13068,161.656
OUT_13069,235.417
OUT_13070,118.888
OUT_13071,186.348
OUT_13072,951.868
OUT_13073,212.627
OUT_13074,127.341
OUT_13075,347.495
OUT_13076,361.97
OUT_13077,157.96
OUT_13078,141.561
OUT_13079,164.743
OUT_13080,131.579
OUT_13081,121.595
OUT_13082,158.438
OUT_13083,165.562
OUT_13084,152.767
OUT_13085,140.71
OUT_13086,247.096
OUT_13087,140.426
OUT_13088,937.037
OUT_13089,177.065
OUT_13090,261.474
OUT_13091,388.992
OUT_13092,363.295
OUT_13093,361.04
OUT_13094,170.897
OUT_13095,305.914
OUT_13096,401.079
OUT_13097,900.753
OUT_13098,153.396
OUT_13099,172.246
OUT_13100,118.051
OUT_13101,347.089
OUT_13102,140.897
OUT_13103,188.699
OUT_13104,359.188
OUT_13105,943.745
OUT_13106,186.514
OUT_13107,143.624
OUT_13108,177.835
OUT_13109,339.277
OUT_13110,193.045
OUT_13111,309.25
OUT_13112,159.781
OUT_13113,2074.366
OUT_13114,133.724
OUT_13115,133.52
OUT_13116,376.768
OUT_13117,149.94
OUT_13118,2125.003
OUT_13119,323.78
OUT_13120,385.857
OUT_13121,148.058
OUT_13122,251.758
OUT_13123,173.327
OUT_13124,192.41
OUT_13125,341.801
OUT_13126,164.934
OUT_13127,251.758
OUT_13128,944.349
OUT_13129,329.066
OUT_13130,354.881
OUT_13131,137.29
OUT_13132,165.787
OUT_13133,170.268
OUT_13134,181.039
OUT_13135,908.286
OUT_13136,207.772
OUT_13137,237.671
OUT_13138,197.84
OUT_13139,192.634
OUT_13140,1955.243
OUT_13141,352.017
OUT_13142,145.662
OUT_13143,190.286
OUT_13144,960.102
OUT_13145,134.138
OUT_13146,231.545
OUT_13147,140.04
OUT_13148,410.537
OUT_13149,961.389
OUT_13150,314.003
OUT_13151,391.092
OUT_13152,343.414
OUT_13153,337.898
OUT_13154,151.655
OUT_13155,185.014
OUT_13156,126.123
OUT_13157,354.725
OUT_13158,942.38
OUT_13159,147.513
OUT_13160,197.777
OUT_13161,144.314
OUT_13162,158.701
OUT_13163,135.193
OUT_13164,152.921
OUT_13165,379.939
OUT_13166,144.221
OUT_13167,494.31
OUT_13168,942.107
OUT_13169,210.584
OUT_13170,338.923
OUT_13171,359.711
OUT_13172,311.723
OUT_13173,917.11
OUT_13174,170.749
OUT_13175,154.093
OUT_13176,169.391
OUT_13177,349.528
OUT_13178,198.175
OUT_13179,163.857
OUT_13180,313.374
OUT_13181,204.662
OUT_13182,193.866
OUT_13183,145.373
OUT_13184,395.278
OUT_13185,326.364
OUT_13186,317.406
OUT_13187,145.598
OUT_13188,353.728
OUT_13189,359.814
OUT_13190,139.212
OUT_13191,150.574
OUT_13192,192.129
OUT_13193,139.561
OUT_13194,423.022
OUT_13195,177.905
OUT_13196,185.287
OUT_13197,193.558
OUT_13198,353.992
OUT_13199,154.075
OUT_13200,250.241
OUT_13201,498.672
OUT_13202,171.34
OUT_13203,371.003
OUT_13204,216.464
OUT_13205,151.943
OUT_13206,941.511
OUT_13207,169.8
OUT_13208,170.59
OUT_13209,189.134
OUT_13210,305.095
OUT_13211,133.853
OUT_13212,156.316
OUT_13213,316.629
OUT_13214,175.05
OUT_13215,154.096
OUT_13216,168.249
OUT_13217,174.798
OUT_13218,173.91
OUT_13219,130.443
OUT_13220,972.228
OUT_13221,157.319
OUT_13222,179.79
OUT_13223,349.948
OUT_13224,165.507
OUT_13225,196.021
OUT_13226,166.244
OUT_13227,389.811
OUT_13228,990.243
OUT_13229,125.981
OUT_13230,2084.055
OUT_13231,926.198
OUT_13232,2040.336
OUT_13233,165.915
OUT_13234,2787.728
OUT_13235,149.608
OUT_13236,140.803
OUT_13237,1978.624
OUT_13238,954.08
OUT_13239,177.98
OUT_13240,2000.037
OUT_13241,396.205
OUT_13242,186.942
OUT_13243,337.002
OUT_13244,188.542
OUT_13245,181.835
OUT_13246,323.068
OUT_13247,173.652
OUT_13248,123.228
OUT_13249,134.409
OUT_13250,175.651
OUT_13251,159.991
OUT_13252,979.422
OUT_13253,133.02
OUT_13254,2531.649
OUT_13255,138.615
OUT_13256,959.837
OUT_13257,146.769
OUT_13258,393.219
OUT_13259,254.236
OUT_13260,140.945
OUT_13261,228.288
OUT_13262,143.764
OUT_13263,141.287
OUT_13264,349.309
OUT_13265,164.343
OUT_13266,2122.99
OUT_13267,150.771
OUT_13268,181.715
OUT_13269,977.984
OUT_13270,969.465
OUT_13271,1032.042
OUT_13272,940.991
OUT_13273,148.108
OUT_13274,146.727
OUT_13275,132.19
OUT_13276,151.656
OUT_13277,411.441
OUT_13278,211.374
OUT_13279,342.32
OUT_13280,327.419
OUT_13281,1002.964
OUT_13282,147.461
OUT_13283,132.593
OUT_13284,1108.923
OUT_13285,970.824
OUT_13286,393.162
OUT_13287,234.752
OUT_13288,921.489
OUT_13289,1036.218
OUT_13290,204.3
OUT_13291,229.172
OUT_13292,360.456
OUT_13293,370.736
OUT_13294,346.019
OUT_13295,232.631
OUT_13296,2151.036
OUT_13297,319.15
OUT_13298,367.585
OUT_13299,157.698
OUT_13300,144.533
OUT_13301,135.586
OUT_13302,332.581
OUT_13303,360.957
OUT_13304,131.551
OUT_13305,135.187
OUT_13306,152.819
OUT_13307,179.768
OUT_13308,225.661
OUT_13309,343.8
OUT_13310,138.789
OUT_13311,362.394
OUT_13312,136.516
OUT_13313,168.153
OUT_13314,2130.608
OUT_13315,155.775
OUT_13316,158.747
OUT_13317,163.706
OUT_13318,875.984
OUT_13319,993.395
OUT_13320,971.234
OUT_13321,169.096
OUT_13322,213.73
OUT_13323,152.072
OUT_13324,332.662
OUT_13325,133.018
OUT_13326,154.761
OUT_13327,133.431
OUT_13328,140.754
OUT_13329,152.017
OUT_13330,255.347
OUT_13331,155.489
OUT_13332,150.845
OUT_13333,2068.48
OUT_13334,395.322
OUT_13335,2177.568
OUT_13336,176.162
OUT_13337,246.314
OUT_13338,918.313
OUT_13339,1011.647
OUT_13340,204.982
OUT_13341,150.842
OUT_13342,159.564
OUT_13343,959.755
OUT_13344,146.698
OUT_13345,164.178
OUT_13346,186.705
OUT_13347,1954.734
OUT_13348,156.67
OUT_13349,199.611
OUT_13350,920.716
OUT_13351,336.993
OUT_13352,364.697
OUT_13353,393.756
OUT_13354,150.699
OUT_13355,311.178
OUT_13356,218.098
OUT_13357,196.615
OUT_13358,235.745
OUT_13359,175.874
OUT_13360,290.592
OUT_13361,182.013
OUT_13362,234.085
OUT_13363,177.432
OUT_13364,399.753
OUT_13365,184.111
OUT_13366,318.461
OUT_13367,143.56
OUT_13368,351.439
OUT_13369,399.401
OUT_13370,1070.712
OUT_13371,168.643
OUT_13372,164.267
OUT_13373,185.466
OUT_13374,183.406
OUT_13375,235.209
OUT_13376,393.224
OUT_13377,365.507
OUT_13378,139.564
OUT_13379,2033.641
OUT_13380,333.26
OUT_13381,137.275
OUT_13382,148.501
OUT_13383,123.007
OUT_13384,323.775
OUT_13385,376.343
OUT_13386,262.409
OUT_13387,325.771
OUT_13388,294.191
OUT_13389,318.781
OUT_13390,952.014
OUT_13391,367.215
OUT_13392,935.658
OUT_13393,237.091
OUT_13394,155.313
OUT_13395,960.906
OUT_13396,155.686
OUT_13397,132.802
OUT_13398,151.592
OUT_13399,136.602
OUT_13400,154.028
OUT_13401,280.648
OUT_13402,359.81
OUT_13403,2026.284
OUT_13404,227.301
OUT_13405,369.097
OUT_13406,170.849
OUT_13407,210.569
OUT_13408,165.739
OUT_13409,309.226
OUT_13410,1020.17
OUT_13411,160.182
OUT_13412,2025.295
OUT_13413,363.55
OUT_13414,969.291
OUT_13415,167.331
OUT_13416,334.589
OUT_13417,1023.338
OUT_13418,181.152
OUT_13419,225.828
OUT_13420,215.874
OUT_13421,198.767
OUT_13422,208.045
OUT_13423,146.462
OUT_13424,163.14
OUT_13425,130.201
OUT_13426,174.619
OUT_13427,162.352
OUT_13428,211.113
OUT_13429,157.811
OUT_13430,856.876
OUT_13431,186.389
OUT_13432,130.189
OUT_13433,151.244
OUT_13434,171.484
OUT_13435,188.445
OUT_13436,170.816
OUT_13437,192.791
OUT_13438,208.83
OUT_13439,172.983
OUT_13440,963.82
OUT_13441,149.231
OUT_13442,971.212
OUT_13443,370.009
OUT_13444,132.682
OUT_13445,161.46
OUT_13446,942.893
OUT_13447,378.988
OUT_13448,927.844
OUT_13449,147.307
OUT_13450,329.863
OUT_13451,253.495
OUT_13452,172.948
OUT_13453,1002.173
OUT_13454,186.452
OUT_13455,371.587
OUT_13456,179.6
OUT_13457,326.467
OUT_13458,923.155
OUT_13459,135.929
OUT_13460,189.802
OUT_13461,173.937
OUT_13462,337.76
OUT_13463,145.525
OUT_13464,355.192
OUT_13465,154.967
OUT_13466,220.634
OUT_13467,160.342
OUT_13468,1014.83
OUT_13469,946.639
OUT_13470,355.141
OUT_13471,199.738
OUT_13472,334.365
OUT_13473,223.974
OUT_13474,176.647
OUT_13475,169.523
OUT_13476,325.978
OUT_13477,981.87
OUT_13478,321.128
OUT_13479,92.194
OUT_13480,182.831
OUT_13481,2053.115
OUT_13482,324.666
OUT_13483,178.465
OUT_13484,369.718
OUT_13485,908.899
OUT_13486,150.926
OUT_13487,163.573
OUT_13488,310.953
OUT_13489,350.483
OUT_13490,389.256
OUT_13491,160.338
OUT_13492,151.778
OUT_13493,232.239
OUT_13494,212.783
OUT_13495,164.667
OUT_13496,949.781
OUT_13497,223.779
OUT_13498,338.539
OUT_13499,382.776
OUT_13500,292.439
OUT_13501,348.058
OUT_13502,149.932
OUT_13503,180.12
OUT_13504,1006.784
OUT_13505,920.296
OUT_13506,991.163
OUT_13507,394.13
OUT_13508,213.883
OUT_13509,373.49
OUT_13510,158.19
OUT_13511,143.396
OUT_13512,157.786
OUT_13513,160.13
OUT_13514,2005.551
OUT_13515,352.855
OUT_13516,942.829
OUT_13517,309.707
OUT_13518,251.758
OUT_13519,262.409
OUT_13520,870.21
OUT_13521,151.643
OUT_13522,931.414
OUT_13523,159.541
OUT_13524,325.649
OUT_13525,214.366
OUT_13526,1020.044
OUT_13527,942.998
OUT_13528,183.401
OUT_13529,154.684
OUT_13530,964.477
OUT_13531,385.761
OUT_13532,189.214
OUT_13533,311.785
OUT_13534,1965.859
OUT_13535,142.825
OUT_13536,1018.579
OUT_13537,148.933
OUT_13538,160.999
OUT_13539,378.897
OUT_13540,2081.688
OUT_13541,133.455
OUT_13542,139.024
OUT_13543,357.836
OUT_13544,319.496
OUT_13545,286.822
OUT_13546,323.733
OUT_13547,350.366
OUT_13548,145.868
OUT_13549,407.655
OUT_13550,150.439
OUT_13551,351.671
OUT_13552,160.708
OUT_13553,131.205
OUT_13554,398.246
OUT_13555,154.981
OUT_13556,962.738
OUT_13557,122.442
OUT_13558,158.557
OUT_13559,141.089
OUT_13560,2865.382
OUT_13561,141.502
OUT_13562,860.51
OUT_13563,950.617
OUT_13564,233.45
OUT_13565,180.289
OUT_13566,197.645
OUT_13567,109.831
OUT_13568,398.543
OUT_13569,225.783
OUT_13570,155.346
OUT_13571,148.825
OUT_13572,144.941
OUT_13573,160.376
OUT_13574,959.859
OUT_13575,1001.515
OUT_13576,231.918
OUT_13577,174.571
OUT_13578,146.293
OUT_13579,958.457
OUT_13580,342.632
OUT_13581,151.604
OUT_13582,335.094
OUT_13583,207.986
OUT_13584,163.941
OUT_13585,151.742
OUT_13586,206.212
OUT_13587,170.892
OUT_13588,145.043
OUT_13589,172.0
OUT_13590,345.614
OUT_13591,153.212
OUT_13592,392.067
OUT_13593,144.605
OUT_13594,137.375
OUT_13595,947.516
OUT_13596,910.346
OUT_13597,129.579
OUT_13598,144.361
OUT_13599,2207.922
OUT_13600,170.727
OUT_13601,155.135
OUT_13602,360.597
OUT_13603,865.152
OUT_13604,152.197
OUT_13605,375.621
OUT_13606,134.164
OUT_13607,320.685
OUT_13608,341.694
OUT_13609,132.969
OUT_13610,173.563
OUT_13611,933.579
OUT_13612,127.815
OUT_13613,2183.394
OUT_13614,380.299
OUT_13615,164.499
OUT_13616,215.35
OUT_13617,413.595
OUT_13618,2079.291
OUT_13619,339.573
OUT_13620,1024.874
OUT_13621,136.538
OUT_13622,428.64
OUT_13623,421.725
OUT_13624,296.224
OUT_13625,368.747
OUT_13626,391.517
OUT_13627,354.027
OUT_13628,195.529
OUT_13629,149.88
OUT_13630,166.112
OUT_13631,357.103
OUT_13632,172.008
OUT_13633,328.636
OUT_13634,969.479
OUT_13635,166.509
OUT_13636,133.846
OUT_13637,103.974
OUT_13638,334.255
OUT_13639,2032.24
OUT_13640,390.585
OUT_13641,374.787
OUT_13642,945.55
OUT_13643,179.648
OUT_13644,1001.904
OUT_13645,912.008
OUT_13646,212.038
OUT_13647,2039.274
OUT_13648,2066.72
OUT_13649,964.363
OUT_13650,234.191
OUT_13651,380.357
OUT_13652,149.041
OUT_13653,252.634
OUT_13654,311.107
OUT_13655,139.155
OUT_13656,155.253
OUT_13657,310.658
OUT_13658,119.5
OUT_13659,124.626
OUT_13660,341.382
OUT_13661,109.969
OUT_13662,349.74
OUT_13663,328.81
OUT_13664,913.65
OUT_13665,2021.356
OUT_13666,154.979
OUT_13667,163.101
OUT_13668,323.843
OUT_13669,125.504
OUT_13670,884.574
OUT_13671,289.381
OUT_13672,370.376
OUT_13673,154.778
OUT_13674,133.059
OUT_13675,162.968
OUT_13676,135.678
OUT_13677,944.296
OUT_13678,985.052
OUT_13679,151.698
OUT_13680,177.899
OUT_13681,187.683
OUT_13682,223.442
OUT_13683,383.343
OUT_13684,356.431
OUT_13685,172.802
OUT_13686,119.141
OUT_13687,403.497
OUT_13688,144.709
OUT_13689,196.454
OUT_13690,195.347
OUT_13691,335.797
OUT_13692,155.915
OUT_13693,339.002
OUT_13694,2102.553
OUT_13695,165.515
OUT_13696,348.666
OUT_13697,354.989
OUT_13698,218.017
OUT_13699,393.281
OUT_13700,146.408
OUT_13701,197.143
OUT_13702,405.136
OUT_13703,143.381
OUT_13704,132.936
OUT_13705,207.914
OUT_13706,177.872
OUT_13707,175.14
OUT_13708,120.937
OUT_13709,177.68
OUT_13710,165.456
OUT_13711,139.791
OUT_13712,185.704
OUT_13713,186.461
OUT_13714,182.018
OUT_13715,966.939
OUT_13716,994.464
OUT_13717,349.057
OUT_13718,906.639
OUT_13719,363.645
OUT_13720,226.049
OUT_13721,327.353
OUT_13722,371.73
OUT_13723,392.505
OUT_13724,121.898
OUT_13725,158.531
OUT_13726,350.613
OUT_13727,170.694
OUT_13728,162.568
OUT_13729,165.817
OUT_13730,136.893
OUT_13731,208.361
OUT_13732,327.507
OUT_13733,173.664
OUT_13734,983.474
OUT_13735,221.372
OUT_13736,907.288
OUT_13737,969.253
OUT_13738,165.052
OUT_13739,131.924
OUT_13740,194.903
OUT_13741,230.718
OUT_13742,931.477
OUT_13743,143.968
OUT_13744,135.575
OUT_13745,173.79
OUT_13746,163.867
OUT_13747,318.106
OUT_13748,136.159
OUT_13749,143.366
OUT_13750,423.178
OUT_13751,199.043
OUT_13752,319.766
OUT_13753,2884.642
OUT_13754,207.058
OUT_13755,388.222
OUT_13756,169.048
OUT_13757,890.39
OUT_13758,947.818
OUT_13759,182.452
OUT_13760,362.506
OUT_13761,971.862
OUT_13762,978.566
OUT_13763,921.306
OUT_13764,240.796
OUT_13765,134.527
OUT_13766,251.29
OUT_13767,304.3
OUT_13768,310.555
OUT_13769,172.272
OUT_13770,148.412
OUT_13771,150.959
OUT_13772,148.95
OUT_13773,308.18
OUT_13774,199.14
OUT_13775,127.676
OUT_13776,364.693
OUT_13777,333.008
OUT_13778,135.19
OUT_13779,130.638
OUT_13780,913.744
OUT_13781,196.651
OUT_13782,131.495
OUT_13783,150.467
OUT_13784,173.319
OUT_13785,228.083
OUT_13786,376.093
OUT_13787,164.4
OUT_13788,170.771
OUT_13789,310.732
OUT_13790,364.969
OUT_13791,961.278
OUT_13792,236.261
OUT_13793,304.997
OUT_13794,169.015
OUT_13795,186.005
OUT_13796,289.48
OUT_13797,122.851
OUT_13798,166.262
OUT_13799,154.648
OUT_13800,931.132
OUT_13801,2019.87
OUT_13802,943.325
OUT_13803,194.123
OUT_13804,128.623
OUT_13805,210.853
OUT_13806,390.94
OUT_13807,355.578
OUT_13808,2182.866
OUT_13809,146.456
OUT_13810,186.975
OUT_13811,373.143
OUT_13812,953.946
OUT_13813,2123.522
OUT_13814,152.176
OUT_13815,936.533
OUT_13816,154.692
OUT_13817,309.93
OUT_13818,362.322
OUT_13819,385.162
OUT_13820,246.758
OUT_13821,946.652
OUT_13822,200.15
OUT_13823,349.781
OUT_13824,232.41
OUT_13825,154.126
OUT_13826,342.495
OUT_13827,299.962
OUT_13828,2020.748
OUT_13829,355.192
OUT_13830,139.851
OUT_13831,319.939
OUT_13832,193.05
OUT_13833,361.595
OUT_13834,375.707
OUT_13835,305.114
OUT_13836,245.701
OUT_13837,205.255
OUT_13838,164.797
OUT_13839,363.492
OUT_13840,348.786
OUT_13841,204.904
OUT_13842,126.6
OUT_13843,406.145
OUT_13844,202.708
OUT_13845,218.044
OUT_13846,181.886
OUT_13847,348.169
OUT_13848,170.83
OUT_13849,114.829
OUT_13850,158.712
OUT_13851,946.451
OUT_13852,169.674
OUT_13853,181.324
OUT_13854,165.96
OUT_13855,193.668
OUT_13856,174.325
OUT_13857,993.277
OUT_13858,918.823
OUT_13859,131.652
OUT_13860,234.098
OUT_13861,180.808
OUT_13862,202.47
OUT_13863,142.126
OUT_13864,150.755
OUT_13865,146.165
OUT_13866,170.899
OUT_13867,151.339
OUT_13868,173.488
OUT_13869,155.731
OUT_13870,135.825
OUT_13871,355.143
OUT_13872,174.106
OUT_13873,321.571
OUT_13874,155.902
OUT_13875,907.59
OUT_13876,348.783
OUT_13877,910.394
OUT_13878,309.31
OUT_13879,348.935
OUT_13880,2022.398
OUT_13881,304.616
OUT_13882,159.73
OUT_13883,1997.479
OUT_13884,945.345
OUT_13885,122.53
OUT_13886,178.687
OUT_13887,206.191
OUT_13888,165.63
OUT_13889,187.347
OUT_13890,151.723
OUT_13891,326.162
OUT_13892,144.953
OUT_13893,144.519
OUT_13894,403.8
OUT_13895,138.091
OUT_13896,420.244
OUT_13897,371.046
OUT_13898,201.105
OUT_13899,188.028
OUT_13900,322.561
OUT_13901,214.407
OUT_13902,341.96
OUT_13903,175.639
OUT_13904,885.68
OUT_13905,2020.002
OUT_13906,175.041
OUT_13907,365.638
OUT_13908,2069.539
OUT_13909,165.886
OUT_13910,211.6
OUT_13911,167.941
OUT_13912,904.304
OUT_13913,348.22
OUT_13914,410.884
OUT_13915,377.658
OUT_13916,343.786
OUT_13917,363.464
OUT_13918,315.226
OUT_13919,343.753
OUT_13920,174.382
OUT_13921,1993.712
OUT_13922,147.321
OUT_13923,207.156
OUT_13924,310.546
OUT_13925,893.321
OUT_13926,341.61
OUT_13927,160.986
OUT_13928,191.449
OUT_13929,124.448
OUT_13930,154.55
OUT_13931,366.264
OUT_13932,423.671
OUT_13933,404.203
OUT_13934,130.552
OUT_13935,302.921
OUT_13936,196.287
OUT_13937,993.982
OUT_13938,332.87
OUT_13939,159.127
OUT_13940,375.286
OUT_13941,172.906
OUT_13942,137.004
OUT_13943,949.321
OUT_13944,935.285
OUT_13945,110.011
OUT_13946,388.209
OUT_13947,394.64
OUT_13948,168.311
OUT_13949,251.758
OUT_13950,931.937
OUT_13951,399.381
OUT_13952,154.345
OUT_13953,339.354
OUT_13954,2061.701
OUT_13955,142.632
OUT_13956,931.008
OUT_13957,162.209
OUT_13958,360.157
OUT_13959,343.146
OUT_13960,134.228
OUT_13961,367.712
OUT_13962,167.589
OUT_13963,1055.644
OUT_13964,124.857
OUT_13965,385.202
OUT_13966,202.883
OUT_13967,176.53
OUT_13968,185.952
OUT_13969,360.639
OUT_13970,1026.409
OUT_13971,236.437
OUT_13972,1117.699
OUT_13973,349.729
OUT_13974,196.869
OUT_13975,856.214
OUT_13976,165.709
OUT_13977,951.999
OUT_13978,180.511
OUT_13979,329.627
OUT_13980,332.648
OUT_13981,2829.256
OUT_13982,2175.484
OUT_13983,163.976
OUT_13984,139.189
OUT_13985,164.631
OUT_13986,2002.753
OUT_13987,137.155
OUT_13988,362.832
OUT_13989,199.616
OUT_13990,185.555
OUT_13991,310.663
OUT_13992,993.257
OUT_13993,160.836
OUT_13994,323.457
OUT_13995,159.991
OUT_13996,2043.103
OUT_13997,174.016
OUT_13998,2064.728
OUT_13999,183.167
OUT_14000,175.323
OUT_14001,242.49
OUT_14002,171.53
OUT_14003,150.599
OUT_14004,162.704
OUT_14005,339.971
OUT_14006,149.867
OUT_14007,344.027
OUT_14008,347.903
OUT_14009,344.782
OUT_14010,145.313
OUT_14011,320.826
OUT_14012,206.147
OUT_14013,184.508
OUT_14014,1014.706
OUT_14015,933.634
OUT_14016,226.844
OUT_14017,362.64
OUT_14018,253.464
OUT_14019,299.047
OUT_14020,130.95
OUT_14021,299.859
OUT_14022,179.613
OUT_14023,2077.094
OUT_14024,953.848
OUT_14025,1010.226
OUT_14026,209.375
OUT_14027,136.657
OUT_14028,153.164
OUT_14029,996.228
OUT_14030,906.391
OUT_14031,313.351
OUT_14032,892.015
OUT_14033,930.933
OUT_14034,2068.103
OUT_14035,177.464
OUT_14036,931.898
OUT_14037,915.189
OUT_14038,155.25
OUT_14039,397.234
OUT_14040,369.998
OUT_14041,138.954
OUT_14042,174.951
OUT_14043,150.348
OUT_14044,167.639
OUT_14045,291.103
OUT_14046,207.696
OUT_14047,395.317
OUT_14048,166.863
OUT_14049,155.333
OUT_14050,2071.581
OUT_14051,336.364
OUT_14052,136.022
OUT_14053,132.583
OUT_14054,133.079
OUT_14055,127.636
OUT_14056,305.012
OUT_14057,937.15
OUT_14058,361.051
OUT_14059,203.537
OUT_14060,359.268
OUT_14061,303.729
OUT_14062,945.747
OUT_14063,2008.379
OUT_14064,232.639
OUT_14065,868.518
OUT_14066,224.059
OUT_14067,125.879
OUT_14068,365.967
OUT_14069,122.023
OUT_14070,312.338
OUT_14071,132.75
OUT_14072,327.56
OUT_14073,214.246
OUT_14074,820.569
OUT_14075,144.247
OUT_14076,938.711
OUT_14077,132.926
OUT_14078,365.967
OUT_14079,158.858
OUT_14080,330.966
OUT_14081,173.04
OUT_14082,910.393
OUT_14083,158.979
OUT_14084,194.904
OUT_14085,345.431
OUT_14086,917.56
OUT_14087,147.089
OUT_14088,364.638
OUT_14089,992.385
OUT_14090,986.64
OUT_14091,160.975
OUT_14092,134.412
OUT_14093,2047.58
OUT_14094,166.689
OUT_14095,387.259
OUT_14096,203.071
OUT_14097,168.558
OUT_14098,390.136
OUT_14099,357.17
OUT_14100,172.243
OUT_14101,218.001
OUT_14102,352.478
OUT_14103,157.876
OUT_14104,195.232
OUT_14105,179.57
OUT_14106,369.995
OUT_14107,164.468
OUT_14108,176.299
OUT_14109,944.185
OUT_14110,351.095
OUT_14111,917.306
OUT_14112,179.813
OUT_14113,164.778
OUT_14114,930.557
OUT_14115,158.306
OUT_14116,130.683
OUT_14117,344.851
OUT_14118,2103.896
OUT_14119,328.227
OUT_14120,136.972
OUT_14121,190.218
OUT_14122,155.706
OUT_14123,166.029
OUT_14124,222.911
OUT_14125,169.029
OUT_14126,356.536
OUT_14127,926.94
OUT_14128,171.735
OUT_14129,215.332
OUT_14130,117.709
OUT_14131,875.856
OUT_14132,395.399
OUT_14133,930.296
OUT_14134,151.771
OUT_14135,376.621
OUT_14136,130.968
OUT_14137,129.676
OUT_14138,174.56
OUT_14139,2010.281
OUT_14140,125.537
OUT_14141,129.018
OUT_14142,289.71
OUT_14143,179.017
OUT_14144,403.49
OUT_14145,310.386
OUT_14146,354.709
OUT_14147,356.696
OUT_14148,197.146
OUT_14149,168.036
OUT_14150,182.215
OUT_14151,185.7
OUT_14152,329.104
OUT_14153,262.409
OUT_14154,295.55
OUT_14155,201.414
OUT_14156,360.882
OUT_14157,147.265
OUT_14158,171.894
OUT_14159,316.704
OUT_14160,233.56
OUT_14161,160.827
OUT_14162,358.974
OUT_14163,121.097
OUT_14164,386.081
OUT_14165,336.742
OUT_14166,323.338
OUT_14167,154.383
OUT_14168,211.483
OUT_14169,336.353
OUT_14170,337.745
OUT_14171,194.717
OUT_14172,386.034
OUT_14173,360.458
OUT_14174,128.312
OUT_14175,916.82
OUT_14176,169.265
OUT_14177,148.425
OUT_14178,171.106
OUT_14179,314.485
OUT_14180,189.025
OUT_14181,160.938
OUT_14182,393.917
OUT_14183,148.085
OUT_14184,184.313
OUT_14185,146.183
OUT_14186,950.909
OUT_14187,139.401
OUT_14188,167.667
OUT_14189,290.681
OUT_14190,211.517
OUT_14191,981.769
OUT_14192,917.596
OUT_14193,194.089
OUT_14194,177.809
OUT_14195,934.9
OUT_14196,169.973
OUT_14197,868.502
OUT_14198,149.747
OUT_14199,157.621
OUT_14200,2007.955
OUT_14201,157.553
OUT_14202,129.147
OUT_14203,342.793
OUT_14204,147.766
OUT_14205,119.399
OUT_14206,171.737
OUT_14207,307.225
OUT_14208,2058.897
OUT_14209,348.858
OUT_14210,388.227
OUT_14211,175.947
OUT_14212,367.189
OUT_14213,162.347
OUT_14214,164.5
OUT_14215,343.564
OUT_14216,138.018
OUT_14217,1974.276
OUT_14218,161.085
OUT_14219,167.964
OUT_14220,227.504
OUT_14221,324.966
OUT_14222,2112.458
OUT_14223,143.0
OUT_14224,179.578
OUT_14225,906.575
OUT_14226,900.547
OUT_14227,250.574
OUT_14228,391.098
OUT_14229,424.592
OUT_14230,140.268
OUT_14231,1130.639
OUT_14232,188.724
OUT_14233,362.927
OUT_14234,159.531
OUT_14235,221.025
OUT_14236,361.906
OUT_14237,344.565
OUT_14238,350.314
OUT_14239,148.61
OUT_14240,2008.652
OUT_14241,963.776
OUT_14242,877.805
OUT_14243,350.336
OUT_14244,155.614
OUT_14245,137.264
OUT_14246,137.328
OUT_14247,310.52
OUT_14248,306.891
OUT_14249,394.745
OUT_14250,154.115
OUT_14251,961.672
OUT_14252,356.099
OUT_14253,282.304
OUT_14254,150.396
OUT_14255,160.463
OUT_14256,143.54
OUT_14257,364.984
OUT_14258,317.393
OUT_14259,171.211
OUT_14260,374.551
OUT_14261,145.922
OUT_14262,883.252
OUT_14263,365.8
OUT_14264,211.304
OUT_14265,330.724
OUT_14266,361.771
OUT_14267,302.631
OUT_14268,356.523
OUT_14269,365.997
OUT_14270,184.017
OUT_14271,307.064
OUT_14272,375.454
OUT_14273,370.691
OUT_14274,2072.996
OUT_14275,365.067
OUT_14276,159.357
OUT_14277,350.47
OUT_14278,225.324
OUT_14279,136.175
OUT_14280,949.608
OUT_14281,1914.548
OUT_14282,951.364
OUT_14283,385.049
OUT_14284,251.758
OUT_14285,142.689
OUT_14286,130.419
OUT_14287,388.747
OUT_14288,212.563
OUT_14289,190.524
OUT_14290,357.11
OUT_14291,366.947
OUT_14292,978.731
OUT_14293,144.158
OUT_14294,2069.145
OUT_14295,227.559
OUT_14296,167.94
OUT_14297,964.426
OUT_14298,329.178
OUT_14299,317.908
OUT_14300,878.808
OUT_14301,198.302
OUT_14302,181.863
OUT_14303,311.396
OUT_14304,164.683
OUT_14305,974.115
OUT_14306,127.324
OUT_14307,146.076
OUT_14308,149.029
OUT_14309,155.398
OUT_14310,393.261
OUT_14311,254.874
OUT_14312,163.695
OUT_14313,254.693
OUT_14314,411.384
OUT_14315,145.993
OUT_14316,382.841
OUT_14317,153.995
OUT_14318,964.759
OUT_14319,347.175
OUT_14320,173.939
OUT_14321,148.815
OUT_14322,394.649
OUT_14323,909.175
OUT_14324,179.933
OUT_14325,145.398
OUT_14326,419.942
OUT_14327,134.163
OUT_14328,893.802
OUT_14329,192.585
OUT_14330,220.891
OUT_14331,155.646
OUT_14332,377.782
OUT_14333,162.691
OUT_14334,933.554
OUT_14335,184.869
OUT_14336,938.047
OUT_14337,1996.375
OUT_14338,374.575
OUT_14339,177.002
OUT_14340,371.475
OUT_14341,370.19
OUT_14342,318.469
OUT_14343,349.861
OUT_14344,196.751
OUT_14345,154.043
OUT_14346,983.859
OUT_14347,184.637
OUT_14348,184.326
OUT_14349,381.578
OUT_14350,1060.499
OUT_14351,962.963
OUT_14352,921.261
OUT_14353,126.25
OUT_14354,227.249
OUT_14355,940.142
OUT_14356,507.746
OUT_14357,988.729
OUT_14358,138.261
OUT_14359,932.718
OUT_14360,201.737
OUT_14361,943.165
OUT_14362,153.537
OUT_14363,329.158
OUT_14364,1097.94
OUT_14365,405.957
OUT_14366,164.438
OUT_14367,1977.469
OUT_14368,329.617
OUT_14369,214.861
OUT_14370,403.333
OUT_14371,181.885
OUT_14372,291.9
OUT_14373,1026.512
OUT_14374,917.815
OUT_14375,336.412
OUT_14376,982.687
OUT_14377,209.275
OUT_14378,170.52
OUT_14379,369.39
OUT_14380,389.48
OUT_14381,392.069
OUT_14382,151.168
OUT_14383,351.046
OUT_14384,882.207
OUT_14385,232.698
OUT_14386,284.985
OUT_14387,154.548
OUT_14388,332.597
OUT_14389,346.888
OUT_14390,402.273
OUT_14391,972.446
OUT_14392,174.973
OUT_14393,358.59
OUT_14394,151.406
OUT_14395,146.588
OUT_14396,363.762
OUT_14397,186.871
OUT_14398,345.689
OUT_14399,170.121
OUT_14400,168.473
OUT_14401,234.897
OUT_14402,163.453
OUT_14403,141.548
OUT_14404,220.257
OUT_14405,165.62
OUT_14406,176.47
OUT_14407,162.836
OUT_14408,348.709
OUT_14409,169.5
OUT_14410,281.254
OUT_14411,144.458
OUT_14412,136.62
OUT_14413,171.305
OUT_14414,399.985
OUT_14415,1012.825
OUT_14416,265.962
OUT_14417,122.2
OUT_14418,121.097
OUT_14419,240.34
OUT_14420,138.04
OUT_14421,260.363
OUT_14422,196.683
OUT_14423,775.118
OUT_14424,270.203
OUT_14425,177.702
OUT_14426,119.132
OUT_14427,217.257
OUT_14428,138.31
OUT_14429,914.086
OUT_14430,354.499
OUT_14431,123.586
OUT_14432,191.741
OUT_14433,1047.92
OUT_14434,153.683
OUT_14435,331.077
OUT_14436,2004.625
OUT_14437,173.61
OUT_14438,982.031
OUT_14439,190.3
OUT_14440,364.578
OUT_14441,966.059
OUT_14442,979.11
OUT_14443,139.437
OUT_14444,387.05
OUT_14445,179.522
OUT_14446,152.191
OUT_14447,238.593
OUT_14448,168.82
OUT_14449,107.33
OUT_14450,907.102
OUT_14451,391.178
OUT_14452,154.468
OUT_14453,2139.74
OUT_14454,326.884
OUT_14455,237.76
OUT_14456,156.365
OUT_14457,372.352
OUT_14458,386.419
OUT_14459,373.098
OUT_14460,149.689
OUT_14461,313.26
OUT_14462,314.948
OUT_14463,297.338
OUT_14464,175.466
OUT_14465,159.867
OUT_14466,165.431
OUT_14467,996.744
OUT_14468,2123.069
OUT_14469,387.121
OUT_14470,355.738
OUT_14471,329.699
OUT_14472,383.411
OUT_14473,159.913
OUT_14474,140.881
OUT_14475,151.499
OUT_14476,889.379
OUT_14477,157.88
OUT_14478,138.789
OUT_14479,370.395
OUT_14480,169.548
OUT_14481,169.87
OUT_14482,959.39
OUT_14483,377.883
OUT_14484,257.364
OUT_14485,969.539
OUT_14486,155.749
OUT_14487,185.524
OUT_14488,321.301
OUT_14489,254.76
OUT_14490,313.129
OUT_14491,131.971
OUT_14492,172.342
OUT_14493,1955.905
OUT_14494,341.923
OUT_14495,345.097
OUT_14496,176.04
OUT_14497,135.087
OUT_14498,182.62
OUT_14499,185.768
OUT_14500,194.127
OUT_14501,164.307
OUT_14502,896.777
OUT_14503,130.6
OUT_14504,150.851
OUT_14505,980.754
OUT_14506,163.036
OUT_14507,163.219
OUT_14508,2037.3
OUT_14509,164.694
OUT_14510,352.965
OUT_14511,147.162
OUT_14512,153.616
OUT_14513,957.254
OUT_14514,2117.822
OUT_14515,345.832
OUT_14516,331.74
OUT_14517,179.608
OUT_14518,345.464
OUT_14519,1007.058
OUT_14520,351.337
OUT_14521,364.548
OUT_14522,330.233
OUT_14523,177.192
OUT_14524,884.952
OUT_14525,2073.275
OUT_14526,923.989
OUT_14527,209.425
OUT_14528,178.248
OUT_14529,337.687
OUT_14530,320.323
OUT_14531,360.222
OUT_14532,231.812
OUT_14533,188.413
OUT_14534,148.194
OUT_14535,387.646
OUT_14536,973.257
OUT_14537,336.843
OUT_14538,351.489
OUT_14539,202.722
OUT_14540,338.45
OUT_14541,156.991
OUT_14542,178.612
OUT_14543,151.167
OUT_14544,145.187
OUT_14545,164.115
OUT_14546,191.785
OUT_14547,2051.784
OUT_14548,153.875
OUT_14549,132.465
OUT_14550,186.626
OUT_14551,2023.593
OUT_14552,139.446
OUT_14553,917.578
OUT_14554,141.688
OUT_14555,357.976
OUT_14556,933.063
OUT_14557,406.475
OUT_14558,899.228
OUT_14559,176.11
OUT_14560,169.008
OUT_14561,341.468
OUT_14562,117.212
OUT_14563,235.295
OUT_14564,346.369
OUT_14565,156.217
OUT_14566,976.982
OUT_14567,144.925
OUT_14568,410.85
OUT_14569,190.377
OUT_14570,215.795
OUT_14571,371.731
OUT_14572,301.33
OUT_14573,339.592
OUT_14574,191.663
OUT_14575,205.303
OUT_14576,367.573
OUT_14577,1007.046
OUT_14578,152.674
OUT_14579,173.324
OUT_14580,178.991
OUT_14581,151.121
OUT_14582,240.226
OUT_14583,231.637
OUT_14584,951.977
OUT_14585,146.316
OUT_14586,2173.103
OUT_14587,133.816
OUT_14588,847.402
OUT_14589,368.439
OUT_14590,418.456
OUT_14591,180.691
OUT_14592,142.55
OUT_14593,129.293
OUT_14594,368.242
OUT_14595,212.221
OUT_14596,216.13
OUT_14597,188.682
OUT_14598,145.338
OUT_14599,162.009
OUT_14600,978.692
OUT_14601,888.814
OUT_14602,2143.005
OUT_14603,361.054
OUT_14604,153.789
OUT_14605,160.368
OUT_14606,385.767
OUT_14607,325.034
OUT_14608,1067.575
OUT_14609,143.813
OUT_14610,154.383
OUT_14611,400.464
OUT_14612,978.811
OUT_14613,328.687
OUT_14614,350.456
OUT_14615,2175.883
OUT_14616,139.903
OUT_14617,173.199
OUT_14618,193.255
OUT_14619,952.758
OUT_14620,171.397
OUT_14621,151.799
OUT_14622,353.836
OUT_14623,320.795
OUT_14624,146.992
OUT_14625,243.451
OUT_14626,382.232
OUT_14627,148.669
OUT_14628,384.607
OUT_14629,322.608
OUT_14630,2048.801
OUT_14631,911.823
OUT_14632,239.939
OUT_14633,254.881
OUT_14634,198.354
OUT_14635,943.863
OUT_14636,350.723
OUT_14637,181.481
OUT_14638,290.146
OUT_14639,331.807
OUT_14640,159.3
OUT_14641,340.173
OUT_14642,251.758
OUT_14643,174.52
OUT_14644,329.379
OUT_14645,881.306
OUT_14646,153.866
OUT_14647,251.587
OUT_14648,154.505
OUT_14649,350.861
OUT_14650,150.0
OUT_14651,354.2
OUT_14652,171.608
OUT_14653,205.597
OUT_14654,143.214
OUT_14655,201.149
OUT_14656,167.385
OUT_14657,136.412
OUT_14658,169.024
OUT_14659,206.468
OUT_14660,217.686
OUT_14661,130.724
OUT_14662,906.116
OUT_14663,2021.357
OUT_14664,991.561
OUT_14665,216.845
OUT_14666,132.593
OUT_14667,143.095
OUT_14668,115.619
OUT_14669,196.458
OUT_14670,365.099
OUT_14671,1975.701
OUT_14672,980.148
OUT_14673,381.409
OUT_14674,306.93
OUT_14675,157.056
OUT_14676,146.614
OUT_14677,214.388
OUT_14678,204.489
OUT_14679,327.346
OUT_14680,277.306
OUT_14681,995.283
OUT_14682,203.957
OUT_14683,994.811
OUT_14684,187.816
OUT_14685,348.529
OUT_14686,289.564
OUT_14687,387.656
OUT_14688,321.429
OUT_14689,162.697
OUT_14690,374.534
OUT_14691,215.499
OUT_14692,150.587
OUT_14693,348.889
OUT_14694,992.939
OUT_14695,174.136
OUT_14696,190.722
OUT_14697,138.519
OUT_14698,891.086
OUT_14699,953.72
OUT_14700,143.821
OUT_14701,192.269
OUT_14702,158.857
OUT_14703,139.749
OUT_14704,120.09
OUT_14705,373.603
OUT_14706,130.834
OUT_14707,166.721
OUT_14708,922.619
OUT_14709,961.881
OUT_14710,314.933
OUT_14711,152.848
OUT_14712,1087.22
OUT_14713,134.216
OUT_14714,353.502
OUT_14715,168.151
OUT_14716,152.95
OUT_14717,152.575
OUT_14718,167.683
OUT_14719,303.41
OUT_14720,1962.639
OUT_14721,338.418
OUT_14722,321.901
OUT_14723,416.373
OUT_14724,312.728
OUT_14725,916.513
OUT_14726,301.456
OUT_14727,151.536
OUT_14728,350.604
OUT_14729,160.43
OUT_14730,348.693
OUT_14731,154.471
OUT_14732,203.818
OUT_14733,163.5
OUT_14734,216.85
OUT_14735,372.255
OUT_14736,397.667
OUT_14737,156.754
OUT_14738,319.244
OUT_14739,351.805
OUT_14740,126.367
OUT_14741,925.858
OUT_14742,178.978
OUT_14743,1001.882
OUT_14744,137.609
OUT_14745,308.874
OUT_14746,154.788
OUT_14747,165.158
OUT_14748,168.267
OUT_14749,816.938
OUT_14750,346.415
OUT_14751,391.35
OUT_14752,933.359
OUT_14753,328.116
OUT_14754,916.676
OUT_14755,311.941
OUT_14756,326.48
OUT_14757,939.059
OUT_14758,323.896
OUT_14759,417.135
OUT_14760,989.116
OUT_14761,172.648
OUT_14762,357.563
OUT_14763,148.779
OUT_14764,186.039
OUT_14765,365.984
OUT_14766,371.187
OUT_14767,946.117
OUT_14768,366.838
OUT_14769,145.229
OUT_14770,380.758
OUT_14771,2070.397
OUT_14772,139.433
OUT_14773,944.309
OUT_14774,958.217
OUT_14775,183.067
OUT_14776,134.374
OUT_14777,390.809
OUT_14778,923.959
OUT_14779,180.382
OUT_14780,174.127
OUT_14781,154.085
OUT_14782,985.421
OUT_14783,354.909
OUT_14784,200.714
OUT_14785,218.334
OUT_14786,153.985
OUT_14787,960.606
OUT_14788,139.956
OUT_14789,142.012
OUT_14790,157.429
OUT_14791,335.804
OUT_14792,143.674
OUT_14793,162.071
OUT_14794,133.598
OUT_14795,144.987
OUT_14796,146.752
OUT_14797,153.457
OUT_14798,373.564
OUT_14799,974.424
OUT_14800,960.296
OUT_14801,169.245
OUT_14802,401.33
OUT_14803,301.716
OUT_14804,158.215
OUT_14805,161.676
OUT_14806,135.222
OUT_14807,198.588
OUT_14808,131.032
OUT_14809,2042.177
OUT_14810,373.076
OUT_14811,306.301
OUT_14812,146.187
OUT_14813,158.481
OUT_14814,278.73
OUT_14815,146.477
OUT_14816,177.506
OUT_14817,159.151
OUT_14818,926.099
OUT_14819,239.643
OUT_14820,969.426
OUT_14821,142.802
OUT_14822,2099.054
OUT_14823,947.789
OUT_14824,140.451
OUT_14825,389.688
OUT_14826,213.948
OUT_14827,201.552
OUT_14828,141.099
OUT_14829,101.716
OUT_14830,2081.903
OUT_14831,143.531
OUT_14832,262.409
OUT_14833,2092.666
OUT_14834,1016.651
OUT_14835,236.463
OUT_14836,371.638
OUT_14837,158.631
OUT_14838,162.47
OUT_14839,340.203
OUT_14840,193.778
OUT_14841,164.589
OUT_14842,412.219
OUT_14843,368.828
OUT_14844,187.178
OUT_14845,172.183
OUT_14846,941.307
OUT_14847,375.834
OUT_14848,155.979
OUT_14849,148.92
OUT_14850,222.058
OUT_14851,228.298
OUT_14852,223.764
OUT_14853,357.681
OUT_14854,219.948
OUT_14855,159.548
OUT_14856,1017.51
OUT_14857,333.405
OUT_14858,406.482
OUT_14859,953.367
OUT_14860,199.892
OUT_14861,159.079
OUT_14862,346.449
OUT_14863,378.653
OUT_14864,963.119
OUT_14865,283.516
OUT_14866,135.428
OUT_14867,171.987
OUT_14868,940.235
OUT_14869,958.653
OUT_14870,384.655
OUT_14871,326.414
OUT_14872,2003.49
OUT_14873,160.314
OUT_14874,2057.685
OUT_14875,2093.573
OUT_14876,905.728
OUT_14877,124.707
OUT_14878,435.044
OUT_14879,134.776
OUT_14880,147.497
OUT_14881,921.447
OUT_14882,897.826
OUT_14883,370.985
OUT_14884,925.504
OUT_14885,829.587
OUT_14886,144.999
OUT_14887,342.524
OUT_14888,191.573
OUT_14889,322.448
OUT_14890,146.666
OUT_14891,172.441
OUT_14892,250.702
OUT_14893,169.096
OUT_14894,295.831
OUT_14895,166.55
OUT_14896,223.717
OUT_14897,356.712
OUT_14898,179.919
OUT_14899,235.553
OUT_14900,173.36
OUT_14901,374.958
OUT_14902,284.952
OUT_14903,168.617
OUT_14904,439.899
OUT_14905,357.79
OUT_14906,159.732
OUT_14907,157.963
OUT_14908,337.727
OUT_14909,123.564
OUT_14910,148.477
OUT_14911,1032.553
OUT_14912,165.282
OUT_14913,391.411
OUT_14914,991.14
OUT_14915,170.977
OUT_14916,341.487
OUT_14917,161.076
OUT_14918,151.913
OUT_14919,248.669
OUT_14920,235.38
OUT_14921,194.461
OUT_14922,2063.529
OUT_14923,385.367
OUT_14924,389.026
OUT_14925,310.337
OUT_14926,305.478
OUT_14927,364.739
OUT_14928,928.337
OUT_14929,376.172
OUT_14930,970.687
OUT_14931,131.972
OUT_14932,138.593
OUT_14933,165.664
OUT_14934,334.871
OUT_14935,365.643
OUT_14936,340.733
OUT_14937,933.339
OUT_14938,347.514
OUT_14939,148.434
OUT_14940,886.032
OUT_14941,876.131
OUT_14942,148.9
OUT_14943,138.486
OUT_14944,157.069
OUT_14945,143.644
OUT_14946,937.882
OUT_14947,984.288
OUT_14948,155.165
OUT_14949,149.143
OUT_14950,165.101
OUT_14951,138.4
OUT_14952,214.399
OUT_14953,390.569
OUT_14954,337.342
OUT_14955,157.618
OUT_14956,351.191
OUT_14957,155.601
OUT_14958,910.481
OUT_14959,1995.562
OUT_14960,334.997
OUT_14961,235.013
OUT_14962,293.609
OUT_14963,372.028
OUT_14964,162.64
OUT_14965,317.483
OUT_14966,150.996
OUT_14967,346.285
OUT_14968,382.311
OUT_14969,149.37
OUT_14970,158.726
OUT_14971,375.868
OUT_14972,330.752
OUT_14973,142.865
OUT_14974,958.431
OUT_14975,201.156
OUT_14976,325.796
OUT_14977,412.187
OUT_14978,134.024
OUT_14979,214.288
OUT_14980,171.683
OUT_14981,1259.025
OUT_14982,371.099
OUT_14983,379.737
OUT_14984,182.703
OUT_14985,197.333
OUT_14986,993.48
OUT_14987,318.391
OUT_14988,306.173
OUT_14989,338.014
OUT_14990,294.91
OUT_14991,907.379
OUT_14992,910.22
OUT_14993,992.749
OUT_14994,975.606
OUT_14995,180.722
OUT_14996,179.871
OUT_14997,139.358
OUT_14998,322.303
OUT_14999,160.361
OUT_15000,162.981
OUT_15001,372.282
OUT_15002,151.268
OUT_15003,163.49
OUT_15004,366.351
OUT_15005,2394.894
OUT_15006,311.594
OUT_15007,2042.312
OUT_15008,369.607
OUT_15009,193.945
OUT_15010,165.599
OUT_15011,163.206
OUT_15012,302.087
OUT_15013,346.256
OUT_15014,153.013
OUT_15015,164.208
OUT_15016,170.155
OUT_15017,160.37
OUT_15018,166.348
OUT_15019,361.061
OUT_15020,943.015
OUT_15021,178.552
OUT_15022,318.676
OUT_15023,118.214
OUT_15024,313.279
OUT_15025,1003.91
OUT_15026,145.98
OUT_15027,362.155
OUT_15028,409.323
OUT_15029,158.597
OUT_15030,218.442
OUT_15031,184.509
OUT_15032,155.983
OUT_15033,396.417
OUT_15034,167.138
OUT_15035,368.433
OUT_15036,145.117
OUT_15037,147.737
OUT_15038,354.467
OUT_15039,343.284
OUT_15040,213.382
OUT_15041,844.7
OUT_15042,1003.749
OUT_15043,311.762
OUT_15044,134.375
OUT_15045,155.297
OUT_15046,1042.362
OUT_15047,2069.988
OUT_15048,181.019
OUT_15049,949.622
OUT_15050,181.616
OUT_15051,980.094
OUT_15052,945.019
OUT_15053,946.461
OUT_15054,324.72
OUT_15055,2056.565
OUT_15056,135.21
OUT_15057,2012.582
OUT_15058,240.121
OUT_15059,131.316
OUT_15060,170.237
OUT_15061,943.283
OUT_15062,317.336
OUT_15063,954.14
OUT_15064,133.198
OUT_15065,958.476
OUT_15066,203.179
OUT_15067,310.941
OUT_15068,131.466
OUT_15069,140.402
OUT_15070,347.718
OUT_15071,206.525
OUT_15072,315.325
OUT_15073,138.25
OUT_15074,151.466
OUT_15075,179.439
OUT_15076,970.182
OUT_15077,147.573
OUT_15078,980.171
OUT_15079,152.31
OUT_15080,125.324
OUT_15081,937.906
OUT_15082,985.147
OUT_15083,946.353
OUT_15084,156.336
OUT_15085,423.677
OUT_15086,213.082
OUT_15087,218.04
OUT_15088,178.091
OUT_15089,1971.33
OUT_15090,214.222
OUT_15091,917.626
OUT_15092,298.547
OUT_15093,987.941
OUT_15094,171.232
OUT_15095,176.362
OUT_15096,417.72
OUT_15097,140.198
OUT_15098,978.501
OUT_15099,176.439
OUT_15100,383.107
OUT_15101,307.401
OUT_15102,201.316
OUT_15103,927.467
OUT_15104,360.394
OUT_15105,153.377
OUT_15106,176.596
OUT_15107,196.843
OUT_15108,830.653
OUT_15109,201.98
OUT_15110,141.677
OUT_15111,410.154
OUT_15112,157.97
OUT_15113,178.717
OUT_15114,1014.274
OUT_15115,337.636
OUT_15116,309.572
OUT_15117,165.982
OUT_15118,155.087
OUT_15119,148.097
OUT_15120,170.867
OUT_15121,176.128
OUT_15122,881.189
OUT_15123,147.544
OUT_15124,165.394
OUT_15125,924.949
OUT_15126,160.394
OUT_15127,131.815
OUT_15128,213.294
OUT_15129,381.451
OUT_15130,161.08
OUT_15131,153.095
OUT_15132,989.073
OUT_15133,158.153
OUT_15134,364.771
OUT_15135,972.306
OUT_15136,181.537
OUT_15137,134.197
OUT_15138,134.444
OUT_15139,320.363
OUT_15140,117.666
OUT_15141,146.557
OUT_15142,190.655
OUT_15143,140.111
OUT_15144,207.767
OUT_15145,1997.525
OUT_15146,351.932
OUT_15147,951.384
OUT_15148,323.86
OUT_15149,284.69
OUT_15150,142.967
OUT_15151,170.199
OUT_15152,135.534
OUT_15153,388.483
OUT_15154,1020.906
OUT_15155,328.523
OUT_15156,988.569
OUT_15157,151.571
OUT_15158,985.243
OUT_15159,1088.038
OUT_15160,2054.756
OUT_15161,340.607
OUT_15162,135.003
OUT_15163,972.237
OUT_15164,155.159
OUT_15165,355.643
OUT_15166,373.657
OUT_15167,325.756
OUT_15168,881.86
OUT_15169,141.519
OUT_15170,335.639
OUT_15171,158.385
OUT_15172,182.035
OUT_15173,301.4
OUT_15174,232.176
OUT_15175,137.344
OUT_15176,327.424
OUT_15177,367.007
OUT_15178,150.018
OUT_15179,1982.9
OUT_15180,127.838
OUT_15181,348.756
OUT_15182,203.089
OUT_15183,893.934
OUT_15184,993.273
OUT_15185,996.806
OUT_15186,162.487
OUT_15187,307.303
OUT_15188,128.17
OUT_15189,338.26
OUT_15190,174.026
OUT_15191,165.237
OUT_15192,170.532
OUT_15193,383.119
OUT_15194,344.814
OUT_15195,152.083
OUT_15196,329.434
OUT_15197,136.527
OUT_15198,963.62
OUT_15199,300.966
OUT_15200,332.982
OUT_15201,183.135
OUT_15202,872.278
OUT_15203,439.061
OUT_15204,371.021
OUT_15205,160.225
OUT_15206,183.883
OUT_15207,162.261
OUT_15208,985.298
OUT_15209,220.662
OUT_15210,156.978
OUT_15211,167.821
OUT_15212,915.192
OUT_15213,146.48
OUT_15214,378.819
OUT_15215,354.021
OUT_15216,318.142
OUT_15217,133.991
OUT_15218,349.664
OUT_15219,338.34
OUT_15220,394.289
OUT_15221,165.944
OUT_15222,883.346
OUT_15223,157.834
OUT_15224,312.983
OUT_15225,166.844
OUT_15226,224.234
OUT_15227,119.242
OUT_15228,957.31
OUT_15229,171.348
OUT_15230,195.594
OUT_15231,407.368
OUT_15232,2117.741
OUT_15233,368.563
OUT_15234,130.813
OUT_15235,2159.631
OUT_15236,843.061
OUT_15237,150.626
OUT_15238,2088.272
OUT_15239,178.59
OUT_15240,354.156
OUT_15241,194.537
OUT_15242,162.319
OUT_15243,295.03
OUT_15244,163.827
OUT_15245,245.574
OUT_15246,1006.893
OUT_15247,185.882
OUT_15248,175.371
OUT_15249,923.306
OUT_15250,958.388
OUT_15251,312.612
OUT_15252,1933.252
OUT_15253,378.457
OUT_15254,178.536
OUT_15255,959.427
OUT_15256,979.473
OUT_15257,137.586
OUT_15258,199.764
OUT_15259,949.413
OUT_15260,1018.684
OUT_15261,164.681
OUT_15262,159.576
OUT_15263,317.81
OUT_15264,365.875
OUT_15265,145.24
OUT_15266,2084.428
OUT_15267,913.043
OUT_15268,158.683
OUT_15269,159.77
OUT_15270,153.56
OUT_15271,164.563
OUT_15272,928.299
OUT_15273,308.731
OUT_15274,290.491
OUT_15275,162.764
OUT_15276,169.732
OUT_15277,418.296
OUT_15278,174.393
OUT_15279,142.402
OUT_15280,389.599
OUT_15281,131.336
OUT_15282,397.37
OUT_15283,2039.856
OUT_15284,187.253
OUT_15285,2189.488
OUT_15286,240.247
OUT_15287,404.381
OUT_15288,223.499
OUT_15289,357.93
OUT_15290,312.544
OUT_15291,827.492
OUT_15292,212.884
OUT_15293,144.813
OUT_15294,2134.95
OUT_15295,138.641
OUT_15296,199.338
OUT_15297,156.977
OUT_15298,357.551
OUT_15299,958.78
OUT_15300,331.234
OUT_15301,338.779
OUT_15302,138.425
OUT_15303,441.739
OUT_15304,331.894
OUT_15305,152.933
OUT_15306,165.298
OUT_15307,200.155
OUT_15308,328.551
OUT_15309,150.739
OUT_15310,292.759
OUT_15311,325.913
OUT_15312,123.119
OUT_15313,354.747
OUT_15314,240.593
OUT_15315,2024.016
OUT_15316,953.695
OUT_15317,978.366
OUT_15318,377.757
OUT_15319,388.711
OUT_15320,352.654
OUT_15321,220.865
OUT_15322,923.4
OUT_15323,414.401
OUT_15324,295.23
OUT_15325,116.324
OUT_15326,160.716
OUT_15327,1313.631
OUT_15328,136.453
OUT_15329,1039.869
OUT_15330,146.073
OUT_15331,294.129
OUT_15332,148.648
OUT_15333,925.982
OUT_15334,323.668
OUT_15335,952.887
OUT_15336,164.324
OUT_15337,862.75
OUT_15338,205.083
OUT_15339,140.34
OUT_15340,973.391
OUT_15341,394.865
OUT_15342,2013.572
OUT_15343,339.674
OUT_15344,903.335
OUT_15345,131.816
OUT_15346,418.123
OUT_15347,240.8
OUT_15348,229.556
OUT_15349,329.638
OUT_15350,251.758
OUT_15351,301.827
OUT_15352,363.203
OUT_15353,2017.091
OUT_15354,226.194
OUT_15355,158.3
OUT_15356,1903.047
OUT_15357,152.177
OUT_15358,993.901
OUT_15359,219.194
OUT_15360,163.771
OUT_15361,342.381
OUT_15362,374.022
OUT_15363,375.26
OUT_15364,315.243
OUT_15365,204.762
OUT_15366,137.946
OUT_15367,156.151
OUT_15368,167.847
OUT_15369,340.441
OUT_15370,332.671
OUT_15371,161.077
OUT_15372,2034.218
OUT_15373,269.743
OUT_15374,175.806
OUT_15375,362.297
OUT_15376,854.483
OUT_15377,395.22
OUT_15378,166.361
OUT_15379,423.968
OUT_15380,202.624
OUT_15381,370.646
OUT_15382,342.78
OUT_15383,262.409
OUT_15384,131.374
OUT_15385,170.252
OUT_15386,165.612
OUT_15387,349.894
OUT_15388,183.556
OUT_15389,232.073
OUT_15390,985.555
OUT_15391,396.684
OUT_15392,356.866
OUT_15393,179.529
OUT_15394,171.769
OUT_15395,197.14
OUT_15396,147.869
OUT_15397,1000.91
OUT_15398,958.928
OUT_15399,1037.782
OUT_15400,1015.209
OUT_15401,227.597
OUT_15402,324.767
OUT_15403,169.635
OUT_15404,123.974
OUT_15405,146.892
OUT_15406,154.138
OUT_15407,341.332
OUT_15408,175.363
OUT_15409,381.901
OUT_15410,408.268
OUT_15411,372.31
OUT_15412,890.779
OUT_15413,182.63
OUT_15414,186.152
OUT_15415,1988.046
OUT_15416,359.717
OUT_15417,921.168
OUT_15418,920.173
OUT_15419,371.891
OUT_15420,305.939
OUT_15421,213.311
OUT_15422,159.338
OUT_15423,361.012
OUT_15424,1000.637
OUT_15425,392.194
OUT_15426,182.252
OUT_15427,123.646
OUT_15428,2075.859
OUT_15429,337.322
OUT_15430,149.272
OUT_15431,379.692
OUT_15432,200.341
OUT_15433,173.048
OUT_15434,163.665
OUT_15435,935.6
OUT_15436,142.731
OUT_15437,335.528
OUT_15438,370.41
OUT_15439,383.759
OUT_15440,173.19
OUT_15441,150.385
OUT_15442,1006.532
OUT_15443,151.424
OUT_15444,369.15
OUT_15445,173.585
OUT_15446,293.795
OUT_15447,380.524
OUT_15448,182.897
OUT_15449,961.368
OUT_15450,440.527
OUT_15451,1452.232
OUT_15452,329.976
OUT_15453,133.493
OUT_15454,289.461
OUT_15455,934.932
OUT_15456,190.395
OUT_15457,120.733
OUT_15458,1019.456
OUT_15459,187.665
OUT_15460,384.508
OUT_15461,993.707
OUT_15462,907.786
OUT_15463,323.135
OUT_15464,386.957
OUT_15465,156.661
OUT_15466,887.044
OUT_15467,379.763
OUT_15468,2774.405
OUT_15469,367.438
OUT_15470,929.12
OUT_15471,147.316
OUT_15472,945.836
OUT_15473,126.505
OUT_15474,337.107
OUT_15475,152.7
OUT_15476,121.14
OUT_15477,375.941
OUT_15478,151.415
OUT_15479,129.147
OUT_15480,954.871
OUT_15481,1025.969
OUT_15482,142.51
OUT_15483,374.022
OUT_15484,321.426
OUT_15485,359.61
OUT_15486,194.473
OUT_15487,1196.139
OUT_15488,233.654
OUT_15489,994.145
OUT_15490,150.864
OUT_15491,156.902
OUT_15492,155.406
OUT_15493,958.261
OUT_15494,373.043
OUT_15495,169.738
OUT_15496,2274.551
OUT_15497,935.969
OUT_15498,971.667
OUT_15499,191.04
OUT_15500,119.905
OUT_15501,170.377
OUT_15502,998.937
OUT_15503,154.324
OUT_15504,1013.133
OUT_15505,310.044
OUT_15506,1052.955
OUT_15507,292.224
OUT_15508,142.945
OUT_15509,881.576
OUT_15510,165.528
OUT_15511,2131.941
OUT_15512,958.419
OUT_15513,2025.847
OUT_15514,1961.808
OUT_15515,251.758
OUT_15516,360.188
OUT_15517,953.399
OUT_15518,310.855
OUT_15519,335.619
OUT_15520,155.458
OUT_15521,1064.935
OUT_15522,898.576
OUT_15523,274.544
OUT_15524,346.751
OUT_15525,147.674
OUT_15526,346.256
OUT_15527,413.03
OUT_15528,1017.241
OUT_15529,152.85
OUT_15530,152.295
OUT_15531,121.953
OUT_15532,999.371
OUT_15533,233.577
OUT_15534,2019.358
OUT_15535,316.217
OUT_15536,160.167
OUT_15537,411.323
OUT_15538,1002.586
OUT_15539,135.714
OUT_15540,179.545
OUT_15541,183.008
OUT_15542,199.838
OUT_15543,924.879
OUT_15544,134.563
OUT_15545,341.834
OUT_15546,143.724
OUT_15547,367.335
OUT_15548,995.319
OUT_15549,272.274
OUT_15550,192.46
OUT_15551,384.227
OUT_15552,2068.744
OUT_15553,131.823
OUT_15554,251.758
OUT_15555,157.282
OUT_15556,236.405
OUT_15557,142.675
OUT_15558,184.232
OUT_15559,202.339
OUT_15560,327.646
OUT_15561,133.368
OUT_15562,2131.522
OUT_15563,166.546
OUT_15564,174.373
OUT_15565,932.581
OUT_15566,138.923
OUT_15567,180.72
OUT_15568,153.4
OUT_15569,180.719
OUT_15570,156.839
OUT_15571,142.154
OUT_15572,144.718
OUT_15573,206.818
OUT_15574,290.572
OUT_15575,170.813
OUT_15576,170.371
OUT_15577,224.084
OUT_15578,946.696
OUT_15579,383.391
OUT_15580,324.644
OUT_15581,312.029
OUT_15582,336.892
OUT_15583,2101.963
OUT_15584,886.371
OUT_15585,161.396
OUT_15586,333.959
OUT_15587,298.678
OUT_15588,164.218
OUT_15589,153.949
OUT_15590,144.87
OUT_15591,154.098
OUT_15592,2101.427
OUT_15593,897.318
OUT_15594,220.157
OUT_15595,415.64
OUT_15596,1046.116
OUT_15597,121.076
OUT_15598,2062.741
OUT_15599,271.737
OUT_15600,305.76
OUT_15601,951.333
OUT_15602,176.317
OUT_15603,402.016
OUT_15604,394.42
OUT_15605,213.536
OUT_15606,420.059
OUT_15607,1000.588
OUT_15608,397.981
OUT_15609,329.186
OUT_15610,163.217
OUT_15611,185.188
OUT_15612,123.925
OUT_15613,1970.708
OUT_15614,165.356
OUT_15615,376.875
OUT_15616,141.182
OUT_15617,168.525
OUT_15618,255.337
OUT_15619,339.807
OUT_15620,201.685
OUT_15621,380.368
OUT_15622,145.667
OUT_15623,321.899
OUT_15624,909.61
OUT_15625,390.192
OUT_15626,971.056
OUT_15627,2073.335
OUT_15628,2026.131
OUT_15629,986.634
OUT_15630,138.616
OUT_15631,170.438
OUT_15632,172.598
OUT_15633,135.609
OUT_15634,383.599
OUT_15635,180.665
OUT_15636,197.59
OUT_15637,2238.522
OUT_15638,329.404
OUT_15639,142.665
OUT_15640,170.11
OUT_15641,210.518
OUT_15642,244.589
OUT_15643,151.171
OUT_15644,179.779
OUT_15645,188.339
OUT_15646,344.57
OUT_15647,240.134
OUT_15648,330.795
OUT_15649,369.185
OUT_15650,2002.0
OUT_15651,357.439
OUT_15652,164.944
OUT_15653,155.059
OUT_15654,146.083
OUT_15655,202.349
OUT_15656,119.256
OUT_15657,231.686
OUT_15658,144.821
OUT_15659,375.351
OUT_15660,168.943
OUT_15661,134.696
OUT_15662,371.172
OUT_15663,179.061
OUT_15664,971.76
OUT_15665,2036.386
OUT_15666,328.134
OUT_15667,957.181
OUT_15668,293.588
OUT_15669,936.277
OUT_15670,288.126
OUT_15671,136.109
OUT_15672,372.577
OUT_15673,994.332
OUT_15674,870.562
OUT_15675,337.506
OUT_15676,189.88
OUT_15677,342.595
OUT_15678,390.737
OUT_15679,198.712
OUT_15680,951.979
OUT_15681,168.51
OUT_15682,134.043
OUT_15683,134.111
OUT_15684,197.971
OUT_15685,318.398
OUT_15686,172.263
OUT_15687,185.911
OUT_15688,2022.929
OUT_15689,191.42
OUT_15690,364.196
OUT_15691,322.9
OUT_15692,177.979
OUT_15693,971.056
OUT_15694,356.423
OUT_15695,150.183
OUT_15696,378.036
OUT_15697,2092.03
OUT_15698,176.706
OUT_15699,157.599
OUT_15700,356.832
OUT_15701,321.59
OUT_15702,947.932
OUT_15703,147.824
OUT_15704,167.966
OUT_15705,178.342
OUT_15706,365.827
OUT_15707,886.439
OUT_15708,922.58
OUT_15709,172.574
OUT_15710,151.882
OUT_15711,221.795
OUT_15712,333.864
OUT_15713,194.305
OUT_15714,175.155
OUT_15715,257.772
OUT_15716,360.812
OUT_15717,2070.268
OUT_15718,161.777
OUT_15719,1017.19
OUT_15720,159.897
OUT_15721,158.697
OUT_15722,381.036
OUT_15723,148.935
OUT_15724,949.803
OUT_15725,155.25
OUT_15726,187.961
OUT_15727,412.622
OUT_15728,1994.88
OUT_15729,935.308
OUT_15730,299.778
OUT_15731,980.699
OUT_15732,186.909
OUT_15733,866.838
OUT_15734,142.819
OUT_15735,143.934
OUT_15736,271.739
OUT_15737,307.341
OUT_15738,351.321
OUT_15739,947.659
OUT_15740,333.011
OUT_15741,174.652
OUT_15742,188.342
OUT_15743,160.461
OUT_15744,170.501
OUT_15745,1016.077
OUT_15746,1008.604
OUT_15747,202.151
OUT_15748,923.913
OUT_15749,151.757
OUT_15750,989.627
OUT_15751,915.791
OUT_15752,138.538
OUT_15753,186.736
OUT_15754,420.212
OUT_15755,924.482
OUT_15756,900.203
OUT_15757,391.649
OUT_15758,361.079
OUT_15759,142.774
OUT_15760,375.653
OUT_15761,147.556
OUT_15762,361.361
OUT_15763,326.323
OUT_15764,383.785
OUT_15765,111.416
OUT_15766,141.36
OUT_15767,181.355
OUT_15768,221.063
OUT_15769,275.217
OUT_15770,185.474
OUT_15771,230.191
OUT_15772,332.229
OUT_15773,419.582
OUT_15774,388.666
OUT_15775,148.512
OUT_15776,170.263
OUT_15777,342.409
OUT_15778,319.27
OUT_15779,352.571
OUT_15780,1111.464
OUT_15781,313.793
OUT_15782,2002.149
OUT_15783,366.79
OUT_15784,131.252
OUT_15785,190.461
OUT_15786,134.847
OUT_15787,1039.685
OUT_15788,365.853
OUT_15789,154.351
OUT_15790,2028.63
OUT_15791,145.136
OUT_15792,355.589
OUT_15793,2109.529
OUT_15794,344.897
OUT_15795,372.344
OUT_15796,150.396
OUT_15797,971.434
OUT_15798,374.423
OUT_15799,993.721
OUT_15800,936.948
OUT_15801,956.614
OUT_15802,2050.39
OUT_15803,240.64
OUT_15804,236.4
OUT_15805,143.033
OUT_15806,172.344
OUT_15807,148.721
OUT_15808,387.276
OUT_15809,411.559
OUT_15810,151.52
OUT_15811,215.244
OUT_15812,311.634
OUT_15813,170.296
OUT_15814,1007.094
OUT_15815,244.151
OUT_15816,152.64
OUT_15817,163.177
OUT_15818,170.676
OUT_15819,136.37
OUT_15820,178.958
OUT_15821,124.472
OUT_15822,251.061
OUT_15823,202.928
OUT_15824,151.961
OUT_15825,918.519
OUT_15826,365.863
OUT_15827,174.509
OUT_15828,893.944
OUT_15829,322.564
OUT_15830,366.326
OUT_15831,136.023
OUT_15832,362.265
OUT_15833,115.921
OUT_15834,907.558
OUT_15835,174.685
OUT_15836,177.295
OUT_15837,2196.214
OUT_15838,933.147
OUT_15839,868.107
OUT_15840,969.407
OUT_15841,385.852
OUT_15842,213.774
OUT_15843,327.984
OUT_15844,187.051
OUT_15845,831.723
OUT_15846,290.127
OUT_15847,2014.357
OUT_15848,876.963
OUT_15849,992.164
OUT_15850,156.636
OUT_15851,181.829
OUT_15852,981.315
OUT_15853,2058.562
OUT_15854,310.733
OUT_15855,110.791
OUT_15856,153.66
OUT_15857,155.46
OUT_15858,185.377
OUT_15859,286.001
OUT_15860,141.727
OUT_15861,2020.538
OUT_15862,934.726
OUT_15863,232.775
OUT_15864,198.964
OUT_15865,358.001
OUT_15866,349.609
OUT_15867,346.06
OUT_15868,151.279
OUT_15869,392.204
OUT_15870,188.356
OUT_15871,2059.811
OUT_15872,336.418
OUT_15873,161.464
OUT_15874,1443.547
OUT_15875,157.15
OUT_15876,154.313
OUT_15877,2001.118
OUT_15878,373.854
OUT_15879,152.401
OUT_15880,387.044
OUT_15881,201.653
OUT_15882,859.28
OUT_15883,135.698
OUT_15884,134.672
OUT_15885,168.917
OUT_15886,967.284
OUT_15887,137.49
OUT_15888,125.998
OUT_15889,239.254
OUT_15890,2056.674
OUT_15891,168.182
OUT_15892,199.774
OUT_15893,138.172
OUT_15894,165.684
OUT_15895,1003.882
OUT_15896,167.564
OUT_15897,131.104
OUT_15898,149.686
OUT_15899,989.957
OUT_15900,353.171
OUT_15901,386.375
OUT_15902,134.019
OUT_15903,161.738
OUT_15904,221.626
OUT_15905,323.929
OUT_15906,1980.017
OUT_15907,153.047
OUT_15908,371.652
OUT_15909,277.24
OUT_15910,213.719
OUT_15911,367.67
OUT_15912,933.266
OUT_15913,119.745
OUT_15914,167.823
OUT_15915,134.238
OUT_15916,162.165
OUT_15917,126.582
OUT_15918,180.553
OUT_15919,979.232
OUT_15920,326.621
OUT_15921,966.17
OUT_15922,908.441
OUT_15923,183.539
OUT_15924,306.435
OUT_15925,153.623
OUT_15926,921.472
OUT_15927,173.72
OUT_15928,177.221
OUT_15929,380.768
OUT_15930,986.507
OUT_15931,894.701
OUT_15932,188.286
OUT_15933,167.457
OUT_15934,1021.068
OUT_15935,353.31
OUT_15936,191.01
OUT_15937,227.655
OUT_15938,160.016
OUT_15939,222.241
OUT_15940,178.317
OUT_15941,156.153
OUT_15942,929.218
OUT_15943,143.329
OUT_15944,147.265
OUT_15945,379.836
OUT_15946,182.671
OUT_15947,156.619
OUT_15948,138.235
OUT_15949,159.554
OUT_15950,190.746
OUT_15951,1984.866
OUT_15952,906.682
OUT_15953,331.112
OUT_15954,304.834
OUT_15955,1017.387
OUT_15956,201.912
OUT_15957,194.844
OUT_15958,893.536
OUT_15959,412.961
OUT_15960,131.105
OUT_15961,305.539
OUT_15962,306.148
OUT_15963,170.835
OUT_15964,129.008
OUT_15965,197.298
OUT_15966,355.341
OUT_15967,198.508
OUT_15968,1076.463
OUT_15969,163.784
OUT_15970,126.056
OUT_15971,2065.181
OUT_15972,331.918
OUT_15973,375.633
OUT_15974,395.754
OUT_15975,312.174
OUT_15976,149.468
OUT_15977,187.355
OUT_15978,370.294
OUT_15979,986.393
OUT_15980,198.031
OUT_15981,253.283
OUT_15982,147.047
OUT_15983,158.425
OUT_15984,211.601
OUT_15985,969.664
OUT_15986,368.596
OUT_15987,162.159
OUT_15988,182.794
OUT_15989,858.589
OUT_15990,347.707
OUT_15991,154.449
OUT_15992,131.203
OUT_15993,389.281
OUT_15994,347.974
OUT_15995,159.685
OUT_15996,979.578
OUT_15997,179.052
OUT_15998,338.119
OUT_15999,222.541
OUT_16000,906.74
OUT_16001,371.757
OUT_16002,148.884
OUT_16003,365.358
OUT_16004,916.714
OUT_16005,169.305
OUT_16006,387.593
OUT_16007,147.311
OUT_16008,442.57
OUT_16009,142.357
OUT_16010,162.169
OUT_16011,123.057
OUT_16012,225.675
OUT_16013,161.293
OUT_16014,149.104
OUT_16015,146.344
OUT_16016,1056.84
OUT_16017,153.846
OUT_16018,175.58
OUT_16019,319.662
OUT_16020,357.83
OUT_16021,201.594
OUT_16022,143.778
OUT_16023,410.331
OUT_16024,248.83
OUT_16025,346.636
OUT_16026,291.307
OUT_16027,166.787
OUT_16028,179.709
OUT_16029,345.592
OUT_16030,138.563
OUT_16031,360.354
OUT_16032,152.562
OUT_16033,189.237
OUT_16034,994.95
OUT_16035,360.453
OUT_16036,303.688
OUT_16037,231.403
OUT_16038,195.201
OUT_16039,230.965
OUT_16040,212.009
OUT_16041,2063.22
OUT_16042,385.257
OUT_16043,981.343
OUT_16044,164.514
OUT_16045,353.0
OUT_16046,396.175
OUT_16047,180.231
OUT_16048,359.857
OUT_16049,931.51
OUT_16050,199.117
OUT_16051,169.697
OUT_16052,177.098
OUT_16053,144.484
OUT_16054,342.689
OUT_16055,1003.219
OUT_16056,181.528
OUT_16057,172.685
OUT_16058,414.519
OUT_16059,230.374
OUT_16060,144.675
OUT_16061,196.709
OUT_16062,342.504
OUT_16063,341.399
OUT_16064,968.115
OUT_16065,176.838
OUT_16066,156.953
OUT_16067,136.917
OUT_16068,183.455
OUT_16069,339.919
OUT_16070,203.644
OUT_16071,2118.954
OUT_16072,140.085
OUT_16073,174.356
OUT_16074,161.459
OUT_16075,2045.346
OUT_16076,152.131
OUT_16077,353.119
OUT_16078,399.344
OUT_16079,356.03
OUT_16080,223.538
OUT_16081,146.885
OUT_16082,372.676
OUT_16083,975.054
OUT_16084,306.452
OUT_16085,2099.463
OUT_16086,921.168
OUT_16087,364.435
OUT_16088,987.553
OUT_16089,132.544
OUT_16090,164.678
OUT_16091,156.877
OUT_16092,243.464
OUT_16093,342.653
OUT_16094,2124.759
OUT_16095,168.743
OUT_16096,149.795
OUT_16097,947.92
OUT_16098,212.221
OUT_16099,359.338
OUT_16100,150.372
OUT_16101,211.328
OUT_16102,318.909
OUT_16103,287.445
OUT_16104,361.691
OUT_16105,323.409
OUT_16106,390.868
OUT_16107,335.0
OUT_16108,1891.733
OUT_16109,115.721
OUT_16110,212.1
OUT_16111,153.326
OUT_16112,360.397
OUT_16113,991.55
OUT_16114,996.652
OUT_16115,193.081
OUT_16116,970.992
OUT_16117,220.534
OUT_16118,130.398
OUT_16119,221.743
OUT_16120,216.623
OUT_16121,133.485
OUT_16122,113.772
OUT_16123,961.846
OUT_16124,303.171
OUT_16125,198.349
OUT_16126,345.777
OUT_16127,180.516
OUT_16128,406.076
OUT_16129,175.435
OUT_16130,321.299
OUT_16131,232.29
OUT_16132,167.021
OUT_16133,145.044
OUT_16134,178.698
OUT_16135,903.19
OUT_16136,888.913
OUT_16137,176.275
OUT_16138,161.228
OUT_16139,185.45
OUT_16140,338.91
OUT_16141,160.225
OUT_16142,954.363
OUT_16143,951.164
OUT_16144,947.666
OUT_16145,188.102
OUT_16146,1001.837
OUT_16147,310.615
OUT_16148,196.7
OUT_16149,222.661
OUT_16150,985.267
OUT_16151,241.622
OUT_16152,172.559
OUT_16153,994.87
OUT_16154,404.59
OUT_16155,169.313
OUT_16156,351.491
OUT_16157,130.231
OUT_16158,355.432
OUT_16159,198.534
OUT_16160,161.253
OUT_16161,355.812
OUT_16162,371.191
OUT_16163,163.63
OUT_16164,1189.092
OUT_16165,141.947
OUT_16166,167.463
OUT_16167,161.983
OUT_16168,227.372
OUT_16169,2015.671
OUT_16170,995.168
OUT_16171,292.188
OUT_16172,872.6
OUT_16173,393.509
OUT_16174,199.949
OUT_16175,151.352
OUT_16176,943.605
OUT_16177,306.575
OUT_16178,251.758
OUT_16179,365.344
OUT_16180,2102.336
OUT_16181,300.614
OUT_16182,144.497
OUT_16183,1969.288
OUT_16184,952.58
OUT_16185,905.569
OUT_16186,187.62
OUT_16187,185.564
OUT_16188,141.036
OUT_16189,373.243
OUT_16190,1001.981
OUT_16191,174.448
OUT_16192,347.798
OUT_16193,416.46
OUT_16194,1006.697
OUT_16195,2021.35
OUT_16196,322.951
OUT_16197,190.684
OUT_16198,182.141
OUT_16199,2106.497
OUT_16200,170.988
OUT_16201,995.26
OUT_16202,154.625
OUT_16203,127.154
OUT_16204,397.498
OUT_16205,158.328
OUT_16206,138.448
OUT_16207,316.126
OUT_16208,152.101
OUT_16209,883.822
OUT_16210,193.644
OUT_16211,218.018
OUT_16212,167.606
OUT_16213,146.899
OUT_16214,173.873
OUT_16215,878.048
OUT_16216,906.699
OUT_16217,369.133
OUT_16218,161.567
OUT_16219,946.766
OUT_16220,178.913
OUT_16221,241.323
OUT_16222,132.826
OUT_16223,2007.835
OUT_16224,167.241
OUT_16225,317.941
OUT_16226,244.803
OUT_16227,143.536
OUT_16228,2091.936
OUT_16229,2078.989
OUT_16230,385.425
OUT_16231,147.084
OUT_16232,198.706
OUT_16233,174.368
OUT_16234,406.985
OUT_16235,357.702
OUT_16236,161.812
OUT_16237,375.202
OUT_16238,2093.121
OUT_16239,163.301
OUT_16240,297.411
OUT_16241,157.295
OUT_16242,285.949
OUT_16243,909.459
OUT_16244,931.043
OUT_16245,933.221
OUT_16246,147.044
OUT_16247,173.117
OUT_16248,366.165
OUT_16249,124.811
OUT_16250,194.103
OUT_16251,118.216
OUT_16252,950.536
OUT_16253,186.004
OUT_16254,893.262
OUT_16255,924.731
OUT_16256,328.362
OUT_16257,145.132
OUT_16258,965.085
OUT_16259,158.636
OUT_16260,163.036
OUT_16261,325.227
OUT_16262,180.672
OUT_16263,132.444
OUT_16264,191.961
OUT_16265,145.459
OUT_16266,152.033
OUT_16267,161.639
OUT_16268,230.314
OUT_16269,362.972
OUT_16270,225.825
OUT_16271,931.336
OUT_16272,326.471
OUT_16273,911.752
OUT_16274,164.933
OUT_16275,961.597
OUT_16276,195.97
OUT_16277,119.758
OUT_16278,323.609
OUT_16279,376.939
OUT_16280,219.247
OUT_16281,178.811
OUT_16282,188.494
OUT_16283,332.001
OUT_16284,960.366
OUT_16285,120.48
OUT_16286,199.279
OUT_16287,364.176
OUT_16288,341.818
OUT_16289,155.841
OUT_16290,251.837
OUT_16291,160.229
OUT_16292,366.736
OUT_16293,401.563
OUT_16294,146.177
OUT_16295,192.527
OUT_16296,384.082
OUT_16297,384.351
OUT_16298,186.236
OUT_16299,369.857
OUT_16300,1041.825
OUT_16301,162.714
OUT_16302,900.356
OUT_16303,2006.778
OUT_16304,1959.011
OUT_16305,184.625
OUT_16306,208.974
OUT_16307,154.897
OUT_16308,163.377
OUT_16309,380.905
OUT_16310,376.704
OUT_16311,956.536
OUT_16312,174.53
OUT_16313,215.08
OUT_16314,1913.065
OUT_16315,960.527
OUT_16316,123.337
OUT_16317,983.79
OUT_16318,992.669
OUT_16319,195.726
OUT_16320,180.037
OUT_16321,340.364
OUT_16322,968.864
OUT_16323,375.998
OUT_16324,183.251
OUT_16325,103.3
OUT_16326,909.524
OUT_16327,301.832
OUT_16328,1000.692
OUT_16329,1985.504
OUT_16330,999.475
OUT_16331,2141.946
OUT_16332,243.239
OUT_16333,151.872
OUT_16334,974.052
OUT_16335,296.294
OUT_16336,2120.903
OUT_16337,144.646
OUT_16338,166.083
OUT_16339,142.778
OUT_16340,154.539
OUT_16341,379.998
OUT_16342,208.344
OUT_16343,951.022
OUT_16344,147.662
OUT_16345,138.795
OUT_16346,200.778
OUT_16347,159.524
OUT_16348,433.739
OUT_16349,886.518
OUT_16350,144.236
OUT_16351,986.421
OUT_16352,203.993
OUT_16353,193.14
OUT_16354,166.77
OUT_16355,134.119
OUT_16356,136.96
OUT_16357,173.531
OUT_16358,143.159
OUT_16359,392.053
OUT_16360,149.307
OUT_16361,158.859
OUT_16362,939.449
OUT_16363,127.81
OUT_16364,1002.545
OUT_16365,188.634
OUT_16366,123.169
OUT_16367,321.177
OUT_16368,156.51
OUT_16369,228.199
OUT_16370,320.046
OUT_16371,198.203
OUT_16372,146.018
OUT_16373,146.797
OUT_16374,157.854
OUT_16375,388.802
OUT_16376,173.931
OUT_16377,122.201
OUT_16378,262.409
OUT_16379,157.52
OUT_16380,136.717
OUT_16381,167.931
OUT_16382,965.262
OUT_16383,1002.141
OUT_16384,359.145
OUT_16385,169.123
OUT_16386,188.106
OUT_16387,363.126
OUT_16388,2060.425
OUT_16389,1032.593
OUT_16390,375.992
OUT_16391,154.039
OUT_16392,154.528
OUT_16393,206.325
OUT_16394,918.675
OUT_16395,122.075
OUT_16396,196.121
OUT_16397,980.795
OUT_16398,344.345
OUT_16399,175.439
OUT_16400,207.028
OUT_16401,247.352
OUT_16402,375.195
OUT_16403,992.914
OUT_16404,342.429
OUT_16405,192.911
OUT_16406,180.126
OUT_16407,341.936
OUT_16408,170.219
OUT_16409,329.229
OUT_16410,200.319
OUT_16411,377.594
OUT_16412,175.775
OUT_16413,900.876
OUT_16414,937.128
OUT_16415,203.333
OUT_16416,141.376
OUT_16417,1187.065
OUT_16418,149.17
OUT_16419,302.504
OUT_16420,151.599
OUT_16421,340.699
OUT_16422,264.286
OUT_16423,340.073
OUT_16424,918.929
OUT_16425,306.332
OUT_16426,1048.808
OUT_16427,153.786
OUT_16428,147.022
OUT_16429,395.715
OUT_16430,252.38
OUT_16431,143.215
OUT_16432,141.486
OUT_16433,295.39
OUT_16434,169.13
OUT_16435,996.2
OUT_16436,368.725
OUT_16437,2054.227
OUT_16438,139.855
OUT_16439,419.957
OUT_16440,140.424
OUT_16441,2075.92
OUT_16442,171.062
OUT_16443,148.044
OUT_16444,340.565
OUT_16445,166.31
OUT_16446,199.786
OUT_16447,145.073
OUT_16448,335.175
OUT_16449,391.046
OUT_16450,176.586
OUT_16451,913.826
OUT_16452,336.974
OUT_16453,196.36
OUT_16454,324.813
OUT_16455,370.021
OUT_16456,138.544
OUT_16457,326.179
OUT_16458,161.42
OUT_16459,946.178
OUT_16460,2060.558
OUT_16461,325.566
OUT_16462,154.332
OUT_16463,340.493
OUT_16464,169.536
OUT_16465,315.982
OUT_16466,266.005
OUT_16467,917.374
OUT_16468,361.716
OUT_16469,166.666
OUT_16470,914.56
OUT_16471,167.954
OUT_16472,130.04
OUT_16473,170.645
OUT_16474,139.682
OUT_16475,171.205
OUT_16476,167.674
OUT_16477,343.427
OUT_16478,384.171
OUT_16479,321.477
OUT_16480,402.705
OUT_16481,212.472
OUT_16482,189.582
OUT_16483,338.039
OUT_16484,373.912
OUT_16485,167.682
OUT_16486,226.142
OUT_16487,301.142
OUT_16488,2088.253
OUT_16489,310.126
OUT_16490,194.019
OUT_16491,194.993
OUT_16492,2092.703
OUT_16493,120.24
OUT_16494,344.476
OUT_16495,177.372
OUT_16496,293.245
OUT_16497,1128.271
OUT_16498,176.075
OUT_16499,338.31
OUT_16500,275.687
OUT_16501,284.918
OUT_16502,927.74
OUT_16503,135.807
OUT_16504,167.232
OUT_16505,122.944
OUT_16506,160.028
OUT_16507,145.965
OUT_16508,189.314
OUT_16509,198.325
OUT_16510,161.373
OUT_16511,922.745
OUT_16512,147.829
OUT_16513,300.088
OUT_16514,364.737
OUT_16515,378.377
OUT_16516,291.252
OUT_16517,323.229
OUT_16518,137.505
OUT_16519,153.554
OUT_16520,2085.724
OUT_16521,375.34
OUT_16522,221.523
OUT_16523,156.033
OUT_16524,301.173
OUT_16525,337.16
OUT_16526,250.615
OUT_16527,149.005
OUT_16528,146.772
OUT_16529,349.239
OUT_16530,1002.288
OUT_16531,986.897
OUT_16532,131.095
OUT_16533,359.92
OUT_16534,191.429
OUT_16535,128.996
OUT_16536,924.215
OUT_16537,400.234
OUT_16538,2234.589
OUT_16539,369.346
OUT_16540,946.557
OUT_16541,199.774
OUT_16542,345.313
OUT_16543,361.312
OUT_16544,410.232
OUT_16545,169.938
OUT_16546,176.284
OUT_16547,139.506
OUT_16548,2048.279
OUT_16549,184.122
OUT_16550,146.996
OUT_16551,292.943
OUT_16552,200.64
OUT_16553,359.784
OUT_16554,161.023
OUT_16555,158.883
OUT_16556,216.259
OUT_16557,204.518
OUT_16558,359.825
OUT_16559,411.604
OUT_16560,216.958
OUT_16561,178.984
OUT_16562,262.409
OUT_16563,152.222
OUT_16564,148.893
OUT_16565,135.223
OUT_16566,190.864
OUT_16567,162.832
OUT_16568,165.832
OUT_16569,359.078
OUT_16570,2011.53
OUT_16571,139.409
OUT_16572,173.947
OUT_16573,2020.27
OUT_16574,177.512
OUT_16575,206.761
OUT_16576,858.44
OUT_16577,228.614
OUT_16578,334.565
OUT_16579,349.856
OUT_16580,168.402
OUT_16581,173.266
OUT_16582,158.936
OUT_16583,919.921
OUT_16584,171.37
OUT_16585,191.82
OUT_16586,871.932
OUT_16587,135.023
OUT_16588,308.302
OUT_16589,162.047
OUT_16590,939.036
OUT_16591,162.317
OUT_16592,364.484
OUT_16593,1030.186
OUT_16594,156.263
OUT_16595,179.211
OUT_16596,2049.305
OUT_16597,2029.701
OUT_16598,973.564
OUT_16599,196.463
OUT_16600,194.658
OUT_16601,294.879
OUT_16602,921.566
OUT_16603,171.644
OUT_16604,128.123
OUT_16605,2088.747
OUT_16606,173.136
OUT_16607,367.856
OUT_16608,159.917
OUT_16609,331.477
OUT_16610,230.4
OUT_16611,131.574
OUT_16612,322.013
OUT_16613,168.701
OUT_16614,162.115
OUT_16615,163.165
OUT_16616,360.512
OUT_16617,330.119
OUT_16618,159.622
OUT_16619,319.556
OUT_16620,349.699
OUT_16621,156.409
OUT_16622,304.259
OUT_16623,976.496
OUT_16624,201.614
OUT_16625,174.203
OUT_16626,234.167
OUT_16627,161.108
OUT_16628,149.668
OUT_16629,147.287
OUT_16630,182.692
OUT_16631,350.451
OUT_16632,352.715
OUT_16633,975.536
OUT_16634,204.27
OUT_16635,159.549
OUT_16636,170.535
OUT_16637,137.761
OUT_16638,140.796
OUT_16639,2012.648
OUT_16640,348.409
OUT_16641,958.693
OUT_16642,373.572
OUT_16643,307.661
OUT_16644,331.707
OUT_16645,353.013
OUT_16646,329.424
OUT_16647,360.685
OUT_16648,190.051
OUT_16649,931.752
OUT_16650,210.123
OUT_16651,185.209
OUT_16652,423.173
OUT_16653,126.128
OUT_16654,965.638
OUT_16655,171.615
OUT_16656,1006.458
OUT_16657,914.503
OUT_16658,197.376
OUT_16659,964.103
OUT_16660,170.847
OUT_16661,206.481
OUT_16662,330.238
OUT_16663,177.242
OUT_16664,126.887
OUT_16665,401.437
OUT_16666,150.306
OUT_16667,130.782
OUT_16668,144.358
OUT_16669,154.289
OUT_16670,809.011
OUT_16671,204.955
OUT_16672,168.242
OUT_16673,304.188
OUT_16674,116.164
OUT_16675,902.593
OUT_16676,986.879
OUT_16677,206.751
OUT_16678,212.233
OUT_16679,203.557
OUT_16680,427.319
OUT_16681,171.026
OUT_16682,137.786
OUT_16683,188.835
OUT_16684,240.175
OUT_16685,356.278
OUT_16686,157.312
OUT_16687,970.336
OUT_16688,1961.067
OUT_16689,169.579
OUT_16690,821.741
OUT_16691,169.293
OUT_16692,324.548
OUT_16693,198.611
OUT_16694,388.145
OUT_16695,138.356
OUT_16696,151.185
OUT_16697,238.186
OUT_16698,382.112
OUT_16699,165.446
OUT_16700,176.552
OUT_16701,209.372
OUT_16702,346.836
OUT_16703,923.447
OUT_16704,178.507
OUT_16705,339.21
OUT_16706,144.452
OUT_16707,958.246
OUT_16708,164.412
OUT_16709,154.241
OUT_16710,133.154
OUT_16711,934.638
OUT_16712,1001.371
OUT_16713,152.303
OUT_16714,158.106
OUT_16715,156.55
OUT_16716,361.951
OUT_16717,367.769
OUT_16718,164.099
OUT_16719,361.896
OUT_16720,147.133
OUT_16721,387.172
OUT_16722,208.627
OUT_16723,179.882
OUT_16724,917.777
OUT_16725,339.666
OUT_16726,385.501
OUT_16727,157.226
OUT_16728,1010.542
OUT_16729,126.109
OUT_16730,157.301
OUT_16731,325.376
OUT_16732,371.17
OUT_16733,149.909
OUT_16734,182.015
OUT_16735,184.37
OUT_16736,147.246
OUT_16737,322.37
OUT_16738,949.757
OUT_16739,398.517
OUT_16740,399.603
OUT_16741,951.309
OUT_16742,1017.848
OUT_16743,180.721
OUT_16744,207.55
OUT_16745,355.358
OUT_16746,348.278
OUT_16747,299.746
OUT_16748,131.851
OUT_16749,885.76
OUT_16750,204.15
OUT_16751,155.686
OUT_16752,176.471
OUT_16753,931.52
OUT_16754,132.088
OUT_16755,170.706
OUT_16756,262.409
OUT_16757,374.362
OUT_16758,160.903
OUT_16759,171.389
OUT_16760,396.767
OUT_16761,177.675
OUT_16762,374.573
OUT_16763,134.423
OUT_16764,174.685
OUT_16765,159.007
OUT_16766,276.292
OUT_16767,155.952
OUT_16768,367.83
OUT_16769,974.806
OUT_16770,329.046
OUT_16771,190.94
OUT_16772,180.109
OUT_16773,151.538
OUT_16774,157.895
OUT_16775,951.733
OUT_16776,311.098
OUT_16777,300.891
OUT_16778,445.295
OUT_16779,152.145
OUT_16780,217.861
OUT_16781,192.004
OUT_16782,128.739
OUT_16783,368.913
OUT_16784,354.621
OUT_16785,961.296
OUT_16786,936.862
OUT_16787,881.309
OUT_16788,142.808
OUT_16789,138.332
OUT_16790,363.935
OUT_16791,868.059
OUT_16792,129.761
OUT_16793,344.373
OUT_16794,307.528
OUT_16795,130.694
OUT_16796,377.706
OUT_16797,151.477
OUT_16798,162.132
OUT_16799,151.16
OUT_16800,137.058
OUT_16801,168.589
OUT_16802,155.189
OUT_16803,155.943
OUT_16804,948.722
OUT_16805,183.675
OUT_16806,1016.869
OUT_16807,386.648
OUT_16808,940.006
OUT_16809,2109.946
OUT_16810,322.104
OUT_16811,161.524
OUT_16812,982.193
OUT_16813,976.078
OUT_16814,148.318
OUT_16815,936.694
OUT_16816,183.254
OUT_16817,355.849
OUT_16818,367.756
OUT_16819,160.589
OUT_16820,977.519
OUT_16821,398.844
OUT_16822,214.27
OUT_16823,154.366
OUT_16824,379.051
OUT_16825,180.162
OUT_16826,190.224
OUT_16827,2028.878
OUT_16828,317.113
OUT_16829,150.037
OUT_16830,1001.417
OUT_16831,128.262
OUT_16832,950.679
OUT_16833,361.137
OUT_16834,353.272
OUT_16835,141.486
OUT_16836,272.431
OUT_16837,229.81
OUT_16838,974.731
OUT_16839,338.036
OUT_16840,933.831
OUT_16841,926.882
OUT_16842,142.168
OUT_16843,155.047
OUT_16844,289.467
OUT_16845,156.485
OUT_16846,178.601
OUT_16847,202.698
OUT_16848,2076.4
OUT_16849,202.475
OUT_16850,162.6
OUT_16851,972.368
OUT_16852,320.262
OUT_16853,156.004
OUT_16854,208.17
OUT_16855,328.018
OUT_16856,375.672
OUT_16857,353.317
OUT_16858,985.534
OUT_16859,155.541
OUT_16860,274.355
OUT_16861,377.483
OUT_16862,220.018
OUT_16863,1056.385
OUT_16864,2025.57
OUT_16865,153.015
OUT_16866,361.126
OUT_16867,165.029
OUT_16868,942.203
OUT_16869,133.79
OUT_16870,331.239
OUT_16871,145.43
OUT_16872,948.316
OUT_16873,326.101
OUT_16874,398.824
OUT_16875,324.465
OUT_16876,926.597
OUT_16877,158.686
OUT_16878,250.498
OUT_16879,152.293
OUT_16880,962.606
OUT_16881,136.76
OUT_16882,306.903
OUT_16883,157.195
OUT_16884,975.983
OUT_16885,140.656
OUT_16886,127.392
OUT_16887,166.096
OUT_16888,328.011
OUT_16889,356.627
OUT_16890,142.271
OUT_16891,977.875
OUT_16892,109.477
OUT_16893,336.174
OUT_16894,350.949
OUT_16895,140.961
OUT_16896,148.077
OUT_16897,139.296
OUT_16898,133.13
OUT_16899,942.795
OUT_16900,901.158
OUT_16901,199.477
OUT_16902,311.787
OUT_16903,192.056
OUT_16904,159.176
OUT_16905,331.551
OUT_16906,147.205
OUT_16907,145.618
OUT_16908,960.564
OUT_16909,866.481
OUT_16910,125.884
OUT_16911,155.138
OUT_16912,154.605
OUT_16913,289.434
OUT_16914,188.099
OUT_16915,157.971
OUT_16916,135.231
OUT_16917,159.048
OUT_16918,191.478
OUT_16919,179.938
OUT_16920,303.938
OUT_16921,308.778
OUT_16922,184.794
OUT_16923,317.277
OUT_16924,921.184
OUT_16925,954.035
OUT_16926,142.712
OUT_16927,377.47
OUT_16928,315.427
OUT_16929,145.179
OUT_16930,376.795
OUT_16931,173.825
OUT_16932,423.816
OUT_16933,153.155
OUT_16934,392.346
OUT_16935,2647.15
OUT_16936,307.258
OUT_16937,975.946
OUT_16938,141.962
OUT_16939,122.424
OUT_16940,189.342
OUT_16941,152.134
OUT_16942,362.436
OUT_16943,126.125
OUT_16944,365.879
OUT_16945,155.802
OUT_16946,2113.657
OUT_16947,198.763
OUT_16948,143.95
OUT_16949,139.697
OUT_16950,179.097
OUT_16951,138.369
OUT_16952,161.984
OUT_16953,175.02
OUT_16954,258.717
OUT_16955,157.896
OUT_16956,155.89
OUT_16957,164.924
OUT_16958,943.003
OUT_16959,2075.857
OUT_16960,164.343
OUT_16961,368.773
OUT_16962,143.625
OUT_16963,210.025
OUT_16964,204.978
OUT_16965,309.355
OUT_16966,259.252
OUT_16967,385.384
OUT_16968,345.38
OUT_16969,326.791
OUT_16970,348.375
OUT_16971,932.293
OUT_16972,135.493
OUT_16973,158.112
OUT_16974,346.458
OUT_16975,360.521
OUT_16976,137.592
OUT_16977,1007.473
OUT_16978,146.678
OUT_16979,143.192
OUT_16980,159.303
OUT_16981,147.052
OUT_16982,158.189
OUT_16983,387.177
OUT_16984,162.672
OUT_16985,368.242
OUT_16986,2042.694
OUT_16987,345.234
OUT_16988,338.603
OUT_16989,380.777
OUT_16990,1999.805
OUT_16991,380.74
OUT_16992,169.252
OUT_16993,141.268
OUT_16994,333.132
OUT_16995,136.492
OUT_16996,356.069
OUT_16997,267.467
OUT_16998,219.28
OUT_16999,379.88
OUT_17000,152.427
OUT_17001,209.453
OUT_17002,361.398
OUT_17003,121.688
OUT_17004,358.442
OUT_17005,381.876
OUT_17006,353.355
OUT_17007,361.218
OUT_17008,954.313
OUT_17009,2029.791
OUT_17010,2020.786
OUT_17011,135.175
OUT_17012,190.116
OUT_17013,185.822
OUT_17014,2045.876
OUT_17015,408.261
OUT_17016,180.294
OUT_17017,144.585
OUT_17018,257.838
OUT_17019,390.049
OUT_17020,252.911
OUT_17021,956.49
OUT_17022,156.051
OUT_17023,183.94
OUT_17024,268.267
OUT_17025,1055.483
OUT_17026,251.758
OUT_17027,163.651
OUT_17028,968.178
OUT_17029,251.758
OUT_17030,151.33
OUT_17031,233.232
OUT_17032,144.339
OUT_17033,176.532
OUT_17034,318.412
OUT_17035,163.358
OUT_17036,152.004
OUT_17037,366.276
OUT_17038,161.728
OUT_17039,411.699
OUT_17040,250.46
OUT_17041,339.754
OUT_17042,204.34
OUT_17043,259.576
OUT_17044,1018.11
OUT_17045,173.35
OUT_17046,137.596
OUT_17047,964.16
OUT_17048,229.009
OUT_17049,2036.502
OUT_17050,339.004
OUT_17051,270.498
OUT_17052,230.501
OUT_17053,362.948
OUT_17054,349.813
OUT_17055,165.445
OUT_17056,369.193
OUT_17057,367.604
OUT_17058,1003.939
OUT_17059,378.722
OUT_17060,154.168
OUT_17061,348.852
OUT_17062,169.865
OUT_17063,132.836
OUT_17064,353.018
OUT_17065,206.613
OUT_17066,998.623
OUT_17067,2030.346
OUT_17068,332.867
OUT_17069,299.009
OUT_17070,364.219
OUT_17071,2037.272
OUT_17072,195.03
OUT_17073,375.913
OUT_17074,348.753
OUT_17075,201.482
OUT_17076,208.115
OUT_17077,204.66
OUT_17078,1056.827
OUT_17079,251.758
OUT_17080,336.553
OUT_17081,185.869
OUT_17082,2052.501
OUT_17083,145.643
OUT_17084,170.845
OUT_17085,978.806
OUT_17086,155.945
OUT_17087,1264.238
OUT_17088,1019.28
OUT_17089,143.324
OUT_17090,210.38
OUT_17091,127.181
OUT_17092,969.046
OUT_17093,165.916
OUT_17094,201.725
OUT_17095,309.156
OUT_17096,265.141
OUT_17097,220.804
OUT_17098,359.333
OUT_17099,429.914
OUT_17100,373.742
OUT_17101,949.507
OUT_17102,379.043
OUT_17103,143.258
OUT_17104,336.791
OUT_17105,236.0
OUT_17106,251.758
OUT_17107,369.56
OUT_17108,156.528
OUT_17109,174.901
OUT_17110,1026.095
OUT_17111,403.964
OUT_17112,199.137
OUT_17113,194.484
OUT_17114,198.853
OUT_17115,201.222
OUT_17116,152.471
OUT_17117,136.549
OUT_17118,160.611
OUT_17119,406.384
OUT_17120,170.6
OUT_17121,954.929
OUT_17122,312.754
OUT_17123,956.935
OUT_17124,929.048
OUT_17125,379.603
OUT_17126,198.209
OUT_17127,227.201
OUT_17128,181.652
OUT_17129,927.219
OUT_17130,261.012
OUT_17131,1979.48
OUT_17132,180.969
OUT_17133,198.428
OUT_17134,154.866
OUT_17135,341.929
OUT_17136,386.082
OUT_17137,384.602
OUT_17138,174.763
OUT_17139,150.843
OUT_17140,320.243
OUT_17141,367.458
OUT_17142,410.503
OUT_17143,386.122
OUT_17144,322.906
OUT_17145,107.117
OUT_17146,186.356
OUT_17147,161.011
OUT_17148,380.581
OUT_17149,349.212
OUT_17150,207.673
OUT_17151,230.805
OUT_17152,413.426
OUT_17153,2050.767
OUT_17154,168.303
OUT_17155,177.897
OUT_17156,161.532
OUT_17157,373.524
OUT_17158,338.403
OUT_17159,358.488
OUT_17160,896.125
OUT_17161,396.662
OUT_17162,1080.821
OUT_17163,262.409
OUT_17164,193.499
OUT_17165,165.729
OUT_17166,149.828
OUT_17167,1348.724
OUT_17168,161.031
OUT_17169,170.296
OUT_17170,197.313
OUT_17171,176.876
OUT_17172,966.318
OUT_17173,360.664
OUT_17174,162.798
OUT_17175,2081.166
OUT_17176,170.622
OUT_17177,357.627
OUT_17178,989.37
OUT_17179,315.286
OUT_17180,201.032
OUT_17181,187.394
OUT_17182,162.983
OUT_17183,932.695
OUT_17184,150.765
OUT_17185,195.926
OUT_17186,441.582
OUT_17187,2133.346
OUT_17188,168.996
OUT_17189,384.0
OUT_17190,169.736
OUT_17191,168.545
OUT_17192,923.546
OUT_17193,314.231
OUT_17194,389.678
OUT_17195,174.597
OUT_17196,138.081
OUT_17197,188.06
OUT_17198,436.779
OUT_17199,182.96
OUT_17200,433.67
OUT_17201,398.528
OUT_17202,361.732
OUT_17203,146.199
OUT_17204,345.435
OUT_17205,181.926
OUT_17206,393.794
OUT_17207,988.559
OUT_17208,957.956
OUT_17209,134.897
OUT_17210,227.599
OUT_17211,166.627
OUT_17212,166.619
OUT_17213,169.024
OUT_17214,398.418
OUT_17215,373.188
OUT_17216,2103.535
OUT_17217,160.172
OUT_17218,173.726
OUT_17219,211.267
OUT_17220,129.357
OUT_17221,166.35
OUT_17222,344.46
OUT_17223,167.349
OUT_17224,345.35
OUT_17225,366.734
OUT_17226,251.758
OUT_17227,209.809
OUT_17228,160.502
OUT_17229,214.668
OUT_17230,192.107
OUT_17231,1022.169
OUT_17232,911.131
OUT_17233,373.267
OUT_17234,486.048
OUT_17235,201.81
OUT_17236,168.474
OUT_17237,138.965
OUT_17238,268.46
OUT_17239,383.745
OUT_17240,376.225
OUT_17241,505.158
OUT_17242,343.459
OUT_17243,142.24
OUT_17244,178.669
OUT_17245,427.992
OUT_17246,389.284
OUT_17247,349.661
OUT_17248,353.484
OUT_17249,127.85
OUT_17250,397.9
OUT_17251,251.758
OUT_17252,198.021
OUT_17253,318.838
OUT_17254,158.823
OUT_17255,166.119
OUT_17256,196.506
OUT_17257,398.789
OUT_17258,173.462
OUT_17259,378.909
OUT_17260,353.285
OUT_17261,190.646
OUT_17262,170.984
OUT_17263,1091.739
OUT_17264,194.487
OUT_17265,174.321
OUT_17266,262.409
OUT_17267,207.317
OUT_17268,134.56
OUT_17269,379.705
OUT_17270,989.56
OUT_17271,173.059
OUT_17272,400.949
OUT_17273,364.552
OUT_17274,170.501
OUT_17275,398.801
OUT_17276,342.698
OUT_17277,354.446
OUT_17278,114.751
OUT_17279,226.084
OUT_17280,2043.399
OUT_17281,171.574
OUT_17282,367.69
OUT_17283,178.559
OUT_17284,174.421
OUT_17285,348.96
OUT_17286,178.517
OUT_17287,139.293
OUT_17288,201.728
OUT_17289,362.546
OUT_17290,164.609
OUT_17291,180.376
OUT_17292,159.399
OUT_17293,422.192
OUT_17294,159.342
OUT_17295,147.249
OUT_17296,168.359
OUT_17297,191.334
OUT_17298,139.859
OUT_17299,148.963
OUT_17300,154.258
OUT_17301,993.343
OUT_17302,329.862
OUT_17303,370.712
OUT_17304,967.492
OUT_17305,384.164
OUT_17306,169.526
OUT_17307,368.723
OUT_17308,325.934
OUT_17309,183.283
OUT_17310,212.766
OUT_17311,156.49
OUT_17312,996.068
OUT_17313,158.192
OUT_17314,934.912
OUT_17315,894.191
OUT_17316,256.763
OUT_17317,369.613
OUT_17318,981.007
OUT_17319,160.51
OUT_17320,367.686
OUT_17321,974.99
OUT_17322,392.278
OUT_17323,359.745
OUT_17324,1004.681
OUT_17325,479.33
OUT_17326,2106.153
OUT_17327,181.849
OUT_17328,379.449
OUT_17329,980.78
OUT_17330,142.146
OUT_17331,157.03
OUT_17332,175.65
OUT_17333,161.895
OUT_17334,922.436
OUT_17335,141.225
OUT_17336,164.109
OUT_17337,188.775
OUT_17338,336.393
OUT_17339,374.751
OUT_17340,147.491
OUT_17341,261.811
OUT_17342,357.967
OUT_17343,448.434
OUT_17344,168.82
OUT_17345,971.134
OUT_17346,153.726
OUT_17347,195.64
OUT_17348,1036.41
OUT_17349,197.648
OUT_17350,935.211
OUT_17351,147.382
OUT_17352,123.812
OUT_17353,159.056
OUT_17354,933.181
OUT_17355,243.092
OUT_17356,163.157
OUT_17357,163.094
OUT_17358,125.936
OUT_17359,239.957
OUT_17360,167.118
OUT_17361,155.965
OUT_17362,392.618
OUT_17363,207.413
OUT_17364,357.991
OUT_17365,222.96
OUT_17366,999.282
OUT_17367,155.339
OUT_17368,131.922
OUT_17369,166.371
OUT_17370,173.171
OUT_17371,2091.372
OUT_17372,924.274
OUT_17373,391.035
OUT_17374,1003.903
OUT_17375,237.968
OUT_17376,226.762
OUT_17377,236.561
OUT_17378,1015.34
OUT_17379,248.767
OUT_17380,269.527
OUT_17381,147.592
OUT_17382,235.428
OUT_17383,203.22
OUT_17384,202.325
OUT_17385,354.633
OUT_17386,360.404
OUT_17387,166.858
OUT_17388,156.024
OUT_17389,2094.8
OUT_17390,129.351
OUT_17391,153.613
OUT_17392,945.466
OUT_17393,205.447
OUT_17394,333.889
OUT_17395,215.694
OUT_17396,423.874
OUT_17397,346.983
OUT_17398,262.409
OUT_17399,195.185
OUT_17400,369.008
OUT_17401,159.868
OUT_17402,361.762
OUT_17403,358.385
OUT_17404,391.672
OUT_17405,959.286
OUT_17406,208.567
OUT_17407,150.361
OUT_17408,1064.164
OUT_17409,133.655
OUT_17410,159.938
OUT_17411,203.247
OUT_17412,139.519
OUT_17413,398.682
OUT_17414,383.588
OUT_17415,357.0
OUT_17416,974.701
OUT_17417,242.611
OUT_17418,405.728
OUT_17419,389.558
OUT_17420,374.564
OUT_17421,158.997
OUT_17422,996.632
OUT_17423,1002.79
OUT_17424,1995.754
OUT_17425,2152.548
OUT_17426,155.281
OUT_17427,194.889
OUT_17428,213.804
OUT_17429,168.178
OUT_17430,932.089
OUT_17431,212.995
OUT_17432,360.739
OUT_17433,974.636
OUT_17434,140.493
OUT_17435,1010.143
OUT_17436,950.842
OUT_17437,2078.756
OUT_17438,177.747
OUT_17439,131.88
OUT_17440,1004.939
OUT_17441,232.48
OUT_17442,201.863
OUT_17443,365.22
OUT_17444,133.318
OUT_17445,260.769
OUT_17446,332.461
OUT_17447,925.467
OUT_17448,180.825
OUT_17449,195.092
OUT_17450,359.538
OUT_17451,356.322
OUT_17452,227.935
OUT_17453,374.965
OUT_17454,151.304
OUT_17455,165.96
OUT_17456,152.92
OUT_17457,974.039
OUT_17458,180.345
OUT_17459,966.918
OUT_17460,384.294
OUT_17461,153.724
OUT_17462,126.125
OUT_17463,312.975
OUT_17464,373.18
OUT_17465,195.829
OUT_17466,140.224
OUT_17467,183.045
OUT_17468,374.122
OUT_17469,222.586
OUT_17470,162.348
OUT_17471,334.31
OUT_17472,163.378
OUT_17473,350.273
OUT_17474,1029.489
OUT_17475,166.908
OUT_17476,350.798
OUT_17477,962.642
OUT_17478,991.869
OUT_17479,176.981
OUT_17480,174.459
OUT_17481,126.424
OUT_17482,168.279
OUT_17483,358.799
OUT_17484,384.828
OUT_17485,165.609
OUT_17486,182.879
OUT_17487,236.249
OUT_17488,191.084
OUT_17489,191.256
OUT_17490,171.338
OUT_17491,334.857
OUT_17492,958.445
OUT_17493,251.758
OUT_17494,943.213
OUT_17495,1318.618
OUT_17496,161.423
OUT_17497,186.19
OUT_17498,148.144
OUT_17499,147.728
OUT_17500,513.755
OUT_17501,326.435
OUT_17502,378.904
OUT_17503,233.955
OUT_17504,146.658
OUT_17505,198.11
OUT_17506,865.525
OUT_17507,212.401
OUT_17508,924.127
OUT_17509,180.413
OUT_17510,177.637
OUT_17511,151.909
OUT_17512,179.314
OUT_17513,182.962
OUT_17514,147.353
OUT_17515,174.956
OUT_17516,344.328
OUT_17517,168.767
OUT_17518,116.491
OUT_17519,416.735
OUT_17520,323.071
OUT_17521,341.076
OUT_17522,1009.415
OUT_17523,180.804
OUT_17524,963.437
OUT_17525,187.069
OUT_17526,376.652
OUT_17527,357.188
OUT_17528,355.713
OUT_17529,196.305
OUT_17530,974.743
OUT_17531,227.713
OUT_17532,972.017
OUT_17533,145.489
OUT_17534,247.835
OUT_17535,382.271
OUT_17536,135.968
OUT_17537,188.95
OUT_17538,405.368
OUT_17539,152.995
OUT_17540,1010.935
OUT_17541,226.018
OUT_17542,351.944
OUT_17543,120.059
OUT_17544,176.502
OUT_17545,160.713
OUT_17546,178.304
OUT_17547,217.646
OUT_17548,166.955
OUT_17549,2089.107
OUT_17550,318.204
OUT_17551,175.034
OUT_17552,168.768
OUT_17553,163.419
OUT_17554,351.28
OUT_17555,162.626
OUT_17556,369.784
OUT_17557,155.25
OUT_17558,167.592
OUT_17559,386.67
OUT_17560,127.148
OUT_17561,154.195
OUT_17562,149.818
OUT_17563,158.677
OUT_17564,143.242
OUT_17565,195.382
OUT_17566,403.767
OUT_17567,371.644
OUT_17568,368.05
OUT_17569,208.109
OUT_17570,236.907
OUT_17571,250.489
OUT_17572,384.542
OUT_17573,152.961
OUT_17574,1032.69
OUT_17575,237.976
OUT_17576,201.788
OUT_17577,368.618
OUT_17578,141.808
OUT_17579,284.963
OUT_17580,237.261
OUT_17581,997.517
OUT_17582,204.819
OUT_17583,397.071
OUT_17584,1039.454
OUT_17585,1009.22
OUT_17586,148.579
OUT_17587,334.206
OUT_17588,259.099
OUT_17589,343.316
OUT_17590,160.456
OUT_17591,120.929
OUT_17592,239.798
OUT_17593,195.953
OUT_17594,156.157
OUT_17595,164.825
OUT_17596,960.889
OUT_17597,188.504
OUT_17598,2113.904
OUT_17599,149.428
OUT_17600,184.123
OUT_17601,1031.67
OUT_17602,970.105
OUT_17603,377.922
OUT_17604,986.273
OUT_17605,339.64
OUT_17606,2084.02
OUT_17607,963.985
OUT_17608,156.908
OUT_17609,183.745
OUT_17610,824.219
OUT_17611,178.449
OUT_17612,156.212
OUT_17613,335.483
OUT_17614,359.988
OUT_17615,352.317
OUT_17616,258.231
OUT_17617,169.682
OUT_17618,1993.726
OUT_17619,378.29
OUT_17620,147.941
OUT_17621,961.39
OUT_17622,989.833
OUT_17623,178.014
OUT_17624,350.473
OUT_17625,410.049
OUT_17626,141.972
OUT_17627,143.52
OUT_17628,143.106
OUT_17629,982.785
OUT_17630,365.124
OUT_17631,170.017
OUT_17632,332.143
OUT_17633,193.388
OUT_17634,135.918
OUT_17635,194.562
OUT_17636,976.31
OUT_17637,239.178
OUT_17638,153.096
OUT_17639,138.12
OUT_17640,287.333
OUT_17641,138.143
OUT_17642,223.601
OUT_17643,139.701
OUT_17644,135.627
OUT_17645,355.047
OUT_17646,937.325
OUT_17647,173.203
OUT_17648,233.053
OUT_17649,157.363
OUT_17650,158.391
OUT_17651,1029.637
OUT_17652,2037.279
OUT_17653,371.373
OUT_17654,346.171
OUT_17655,205.725
OUT_17656,940.95
OUT_17657,175.454
OUT_17658,138.042
OUT_17659,389.893
OUT_17660,961.261
OUT_17661,988.728
OUT_17662,986.047
OUT_17663,189.429
OUT_17664,929.39
OUT_17665,137.317
OUT_17666,154.417
OUT_17667,953.608
OUT_17668,999.98
OUT_17669,154.185
OUT_17670,181.942
OUT_17671,365.003
OUT_17672,176.217
OUT_17673,1033.751
OUT_17674,150.52
OUT_17675,346.111
OUT_17676,388.04
OUT_17677,970.679
OUT_17678,201.009
OUT_17679,377.967
OUT_17680,190.793
OUT_17681,139.462
OUT_17682,208.935
OUT_17683,383.353
OUT_17684,228.684
OUT_17685,337.828
OUT_17686,251.752
OUT_17687,2197.023
OUT_17688,398.056
OUT_17689,169.195
OUT_17690,159.495
OUT_17691,196.37
OUT_17692,182.104
OUT_17693,173.43
OUT_17694,1489.528
OUT_17695,118.706
OUT_17696,441.65
OUT_17697,305.421
OUT_17698,2202.235
OUT_17699,329.09
OUT_17700,143.152
OUT_17701,167.07
OUT_17702,259.086
OUT_17703,339.862
OUT_17704,137.131
OUT_17705,195.698
OUT_17706,214.655
OUT_17707,1010.149
OUT_17708,131.098
OUT_17709,391.897
OUT_17710,187.892
OUT_17711,163.833
OUT_17712,141.942
OUT_17713,160.558
OUT_17714,176.53
OUT_17715,175.77
OUT_17716,251.758
OUT_17717,943.057
OUT_17718,939.871
OUT_17719,181.359
OUT_17720,421.763
OUT_17721,330.515
OUT_17722,150.414
OUT_17723,178.167
OUT_17724,204.08
OUT_17725,159.284
OUT_17726,2080.673
OUT_17727,412.361
OUT_17728,143.44
OUT_17729,338.899
OUT_17730,195.385
OUT_17731,160.12
OUT_17732,355.804
OUT_17733,244.186
OUT_17734,164.777
OUT_17735,372.428
OUT_17736,973.222
OUT_17737,963.507
OUT_17738,985.047
OUT_17739,971.652
OUT_17740,467.745
OUT_17741,382.963
OUT_17742,353.07
OUT_17743,137.294
OUT_17744,332.152
OUT_17745,150.131
OUT_17746,220.178
OUT_17747,149.77
OUT_17748,193.61
OUT_17749,187.478
OUT_17750,179.34
OUT_17751,181.148
OUT_17752,1022.074
OUT_17753,425.756
OUT_17754,2093.327
OUT_17755,346.654
OUT_17756,359.422
OUT_17757,200.221
OUT_17758,213.631
OUT_17759,235.736
OUT_17760,159.555
OUT_17761,910.393
OUT_17762,344.199
OUT_17763,375.257
OUT_17764,376.157
OUT_17765,221.265
OUT_17766,251.629
OUT_17767,182.314
OUT_17768,181.426
OUT_17769,2061.315
OUT_17770,994.984
OUT_17771,365.015
OUT_17772,238.155
OUT_17773,149.738
OUT_17774,146.69
OUT_17775,371.835
OUT_17776,944.07
OUT_17777,333.793
OUT_17778,1062.034
OUT_17779,171.623
OUT_17780,322.507
OUT_17781,189.004
OUT_17782,389.754
OUT_17783,1214.529
OUT_17784,172.379
OUT_17785,238.016
OUT_17786,306.065
OUT_17787,169.701
OUT_17788,164.424
OUT_17789,205.762
OUT_17790,159.735
OUT_17791,980.615
OUT_17792,359.155
OUT_17793,149.007
OUT_17794,143.855
OUT_17795,214.818
OUT_17796,179.085
OUT_17797,156.689
OUT_17798,165.747
OUT_17799,132.11
OUT_17800,999.762
OUT_17801,328.961
OUT_17802,387.813
OUT_17803,156.619
OUT_17804,201.059
OUT_17805,2168.385
OUT_17806,201.554
OUT_17807,206.206
OUT_17808,327.617
OUT_17809,378.46
OUT_17810,158.241
OUT_17811,382.895
OUT_17812,112.126
OUT_17813,124.949
OUT_17814,181.493
OUT_17815,997.469
OUT_17816,168.503
OUT_17817,134.241
OUT_17818,949.397
OUT_17819,189.629
OUT_17820,950.509
OUT_17821,135.891
OUT_17822,131.274
OUT_17823,183.686
OUT_17824,386.424
OUT_17825,146.823
OUT_17826,383.236
OUT_17827,986.39
OUT_17828,157.027
OUT_17829,220.893
OUT_17830,950.082
OUT_17831,1014.98
OUT_17832,162.909
OUT_17833,146.496
OUT_17834,321.894
OUT_17835,378.01
OUT_17836,2116.631
OUT_17837,166.207
OUT_17838,940.846
OUT_17839,942.845
OUT_17840,159.686
OUT_17841,148.826
OUT_17842,180.699
OUT_17843,2048.481
OUT_17844,360.548
OUT_17845,1010.824
OUT_17846,369.672
OUT_17847,361.737
OUT_17848,175.415
OUT_17849,359.747
OUT_17850,170.907
OUT_17851,360.45
OUT_17852,364.126
OUT_17853,370.133
OUT_17854,2127.303
OUT_17855,986.805
OUT_17856,966.294
OUT_17857,148.403
OUT_17858,382.485
OUT_17859,321.803
OUT_17860,181.665
OUT_17861,174.91
OUT_17862,145.49
OUT_17863,160.428
OUT_17864,165.528
OUT_17865,132.171
OUT_17866,177.994
OUT_17867,382.885
OUT_17868,152.221
OUT_17869,363.591
OUT_17870,147.053
OUT_17871,349.411
OUT_17872,206.837
OUT_17873,166.86
OUT_17874,155.661
OUT_17875,403.109
OUT_17876,361.185
OUT_17877,229.803
OUT_17878,362.377
OUT_17879,187.569
OUT_17880,2005.183
OUT_17881,189.662
OUT_17882,344.581
OUT_17883,388.904
OUT_17884,960.866
OUT_17885,177.889
OUT_17886,375.73
OUT_17887,171.126
OUT_17888,135.428
OUT_17889,387.472
OUT_17890,185.342
OUT_17891,969.297
OUT_17892,205.456
OUT_17893,173.333
OUT_17894,232.774
OUT_17895,144.553
OUT_17896,184.175
OUT_17897,155.113
OUT_17898,191.979
OUT_17899,370.921
OUT_17900,176.124
OUT_17901,155.763
OUT_17902,937.529
OUT_17903,132.437
OUT_17904,145.603
OUT_17905,221.804
OUT_17906,1026.189
OUT_17907,371.368
OUT_17908,136.368
OUT_17909,158.608
OUT_17910,2119.272
OUT_17911,246.945
OUT_17912,346.487
OUT_17913,137.349
OUT_17914,149.988
OUT_17915,151.492
OUT_17916,218.664
OUT_17917,144.393
OUT_17918,953.999
OUT_17919,123.878
OUT_17920,142.04
OUT_17921,151.925
OUT_17922,157.316
OUT_17923,2111.68
OUT_17924,173.905
OUT_17925,118.422
OUT_17926,367.342
OUT_17927,380.467
OUT_17928,183.642
OUT_17929,180.381
OUT_17930,171.292
OUT_17931,163.421
OUT_17932,194.234
OUT_17933,891.463
OUT_17934,374.757
OUT_17935,419.46
OUT_17936,987.979
OUT_17937,381.307
OUT_17938,214.275
OUT_17939,163.842
OUT_17940,140.233
OUT_17941,153.429
OUT_17942,177.82
OUT_17943,210.015
OUT_17944,1051.405
OUT_17945,262.409
OUT_17946,178.201
OUT_17947,962.421
OUT_17948,149.083
OUT_17949,144.093
OUT_17950,185.272
OUT_17951,140.538
OUT_17952,143.039
OUT_17953,151.485
OUT_17954,219.238
OUT_17955,1070.726
OUT_17956,341.749
OUT_17957,394.93
OUT_17958,220.803
OUT_17959,172.257
OUT_17960,204.402
OUT_17961,147.775
OUT_17962,155.582
OUT_17963,360.502
OUT_17964,335.346
OUT_17965,150.108
OUT_17966,239.262
OUT_17967,973.585
OUT_17968,172.659
OUT_17969,181.433
OUT_17970,212.461
OUT_17971,242.764
OUT_17972,410.043
OUT_17973,986.55
OUT_17974,184.866
OUT_17975,1027.32
OUT_17976,152.411
OUT_17977,242.798
OUT_17978,166.805
OUT_17979,882.982
OUT_17980,186.296
OUT_17981,138.492
OUT_17982,151.075
OUT_17983,2067.899
OUT_17984,161.604
OUT_17985,156.878
OUT_17986,954.305
OUT_17987,1035.448
OUT_17988,953.919
OUT_17989,1964.403
OUT_17990,170.091
OUT_17991,326.869
OUT_17992,140.312
OUT_17993,161.45
OUT_17994,367.457
OUT_17995,1009.216
OUT_17996,165.473
OUT_17997,155.531
OUT_17998,160.552
OUT_17999,161.188
OUT_18000,170.593
OUT_18001,144.637
OUT_18002,249.611
OUT_18003,262.409
OUT_18004,387.975
OUT_18005,251.758
OUT_18006,920.541
OUT_18007,156.54
OUT_18008,157.931
OUT_18009,163.904
OUT_18010,202.162
OUT_18011,942.516
OUT_18012,988.208
OUT_18013,169.361
OUT_18014,155.057
OUT_18015,359.917
OUT_18016,157.693
OUT_18017,1036.226
OUT_18018,903.541
OUT_18019,137.62
OUT_18020,415.369
OUT_18021,130.044
OUT_18022,2070.864
OUT_18023,2078.129
OUT_18024,155.29
OUT_18025,354.126
OUT_18026,375.611
OUT_18027,372.168
OUT_18028,385.179
OUT_18029,2033.446
OUT_18030,144.424
OUT_18031,375.964
OUT_18032,146.342
OUT_18033,347.497
OUT_18034,321.691
OUT_18035,992.129
OUT_18036,1395.048
OUT_18037,149.998
OUT_18038,177.016
OUT_18039,179.741
OUT_18040,389.854
OUT_18041,187.333
OUT_18042,174.72
OUT_18043,175.954
OUT_18044,377.21
OUT_18045,366.589
OUT_18046,350.303
OUT_18047,162.275
OUT_18048,144.394
OUT_18049,199.569
OUT_18050,1001.384
OUT_18051,320.31
OUT_18052,157.0
OUT_18053,366.504
OUT_18054,144.893
OUT_18055,2058.977
OUT_18056,140.386
OUT_18057,218.709
OUT_18058,501.829
OUT_18059,217.819
OUT_18060,898.925
OUT_18061,372.635
OUT_18062,337.442
OUT_18063,129.118
OUT_18064,224.238
OUT_18065,152.73
OUT_18066,114.855
OUT_18067,381.125
OUT_18068,391.573
OUT_18069,153.466
OUT_18070,262.409
OUT_18071,2049.684
OUT_18072,962.898
OUT_18073,341.785
OUT_18074,196.387
OUT_18075,352.864
OUT_18076,147.92
OUT_18077,251.758
OUT_18078,378.627
OUT_18079,187.64
OUT_18080,179.314
OUT_18081,161.86
OUT_18082,196.246
OUT_18083,171.495
OUT_18084,164.516
OUT_18085,349.777
OUT_18086,1054.816
OUT_18087,369.841
OUT_18088,149.523
OUT_18089,216.362
OUT_18090,305.64
OUT_18091,392.614
OUT_18092,351.496
OUT_18093,338.985
OUT_18094,382.209
OUT_18095,414.053
OUT_18096,150.9
OUT_18097,151.672
OUT_18098,138.1
OUT_18099,1012.183
OUT_18100,423.709
OUT_18101,177.786
OUT_18102,410.38
OUT_18103,155.521
OUT_18104,415.348
OUT_18105,178.975
OUT_18106,383.039
OUT_18107,197.615
OUT_18108,380.585
OUT_18109,169.204
OUT_18110,913.972
OUT_18111,162.2
OUT_18112,251.758
OUT_18113,223.715
OUT_18114,164.647
OUT_18115,262.026
OUT_18116,139.848
OUT_18117,333.726
OUT_18118,197.609
OUT_18119,203.236
OUT_18120,191.111
OUT_18121,190.377
OUT_18122,160.646
OUT_18123,355.38
OUT_18124,159.278
OUT_18125,2070.69
OUT_18126,262.409
OUT_18127,148.872
OUT_18128,2095.334
OUT_18129,203.701
OUT_18130,991.336
OUT_18131,331.86
OUT_18132,176.622
OUT_18133,154.883
OUT_18134,136.979
OUT_18135,196.637
OUT_18136,335.415
OUT_18137,210.497
OUT_18138,216.162
OUT_18139,142.248
OUT_18140,185.39
OUT_18141,961.164
OUT_18142,145.149
OUT_18143,244.731
OUT_18144,389.044
OUT_18145,374.636
OUT_18146,408.264
OUT_18147,156.328
OUT_18148,192.143
OUT_18149,996.477
OUT_18150,978.446
OUT_18151,161.333
OUT_18152,353.419
OUT_18153,323.16
OUT_18154,402.395
OUT_18155,387.889
OUT_18156,405.47
OUT_18157,1003.097
OUT_18158,989.553
OUT_18159,179.383
OUT_18160,978.439
OUT_18161,175.795
OUT_18162,262.409
OUT_18163,946.338
OUT_18164,146.477
OUT_18165,252.241
OUT_18166,2084.074
OUT_18167,1016.088
OUT_18168,251.894
OUT_18169,187.092
OUT_18170,983.224
OUT_18171,210.784
OUT_18172,1059.227
OUT_18173,338.289
OUT_18174,369.789
OUT_18175,332.631
OUT_18176,135.815
OUT_18177,252.382
OUT_18178,169.506
OUT_18179,347.588
OUT_18180,164.808
OUT_18181,156.057
OUT_18182,173.458
OUT_18183,394.369
OUT_18184,178.263
OUT_18185,380.952
OUT_18186,331.253
OUT_18187,991.885
OUT_18188,182.467
OUT_18189,374.535
OUT_18190,158.513
OUT_18191,1018.093
OUT_18192,365.081
OUT_18193,156.278
OUT_18194,394.385
OUT_18195,385.303
OUT_18196,164.557
OUT_18197,238.797
OUT_18198,220.545
OUT_18199,153.95
OUT_18200,395.315
OUT_18201,187.054
OUT_18202,363.146
OUT_18203,912.002
OUT_18204,368.539
OUT_18205,152.68
OUT_18206,213.09
OUT_18207,965.568
OUT_18208,330.743
OUT_18209,1996.176
OUT_18210,1009.27
OUT_18211,343.056
OUT_18212,169.506
OUT_18213,154.378
OUT_18214,164.305
OUT_18215,336.795
OUT_18216,351.884
OUT_18217,352.617
OUT_18218,1313.436
OUT_18219,175.96
OUT_18220,952.533
OUT_18221,362.014
OUT_18222,356.248
OUT_18223,993.817
OUT_18224,359.508
OUT_18225,132.513
OUT_18226,965.933
OUT_18227,359.561
OUT_18228,154.303
OUT_18229,151.743
OUT_18230,184.158
OUT_18231,159.528
OUT_18232,172.559
OUT_18233,204.78
OUT_18234,943.953
OUT_18235,153.365
OUT_18236,172.146
OUT_18237,142.74
OUT_18238,138.239
OUT_18239,230.689
OUT_18240,903.166
OUT_18241,2005.83
OUT_18242,1015.918
OUT_18243,173.206
OUT_18244,164.21
OUT_18245,363.904
OUT_18246,377.607
OUT_18247,177.332
OUT_18248,374.98
OUT_18249,329.92
OUT_18250,250.565
OUT_18251,132.264
OUT_18252,189.729
OUT_18253,156.012
OUT_18254,950.06
OUT_18255,170.555
OUT_18256,196.706
OUT_18257,1034.662
OUT_18258,171.556
OUT_18259,198.259
OUT_18260,146.189
OUT_18261,288.159
OUT_18262,259.766
OUT_18263,937.963
OUT_18264,975.982
OUT_18265,404.854
OUT_18266,229.931
OUT_18267,993.639
OUT_18268,217.344
OUT_18269,262.409
OUT_18270,204.591
OUT_18271,206.075
OUT_18272,195.099
OUT_18273,177.063
OUT_18274,373.876
OUT_18275,955.345
OUT_18276,141.247
OUT_18277,159.573
OUT_18278,188.049
OUT_18279,2138.49
OUT_18280,200.114
OUT_18281,330.957
OUT_18282,167.648
OUT_18283,179.215
OUT_18284,167.236
OUT_18285,348.101
OUT_18286,945.825
OUT_18287,348.628
OUT_18288,205.135
OUT_18289,362.674
OUT_18290,968.411
OUT_18291,930.371
OUT_18292,251.758
OUT_18293,967.694
OUT_18294,167.414
OUT_18295,152.332
OUT_18296,981.593
OUT_18297,363.708
OUT_18298,195.295
OUT_18299,374.131
OUT_18300,368.608
OUT_18301,150.26
OUT_18302,256.286
OUT_18303,160.401
OUT_18304,150.658
OUT_18305,1027.272
OUT_18306,396.944
OUT_18307,138.74
OUT_18308,336.062
OUT_18309,411.634
OUT_18310,371.631
OUT_18311,251.758
OUT_18312,147.575
OUT_18313,370.411
OUT_18314,965.64
OUT_18315,161.216
OUT_18316,209.253
OUT_18317,346.188
OUT_18318,260.499
OUT_18319,336.643
OUT_18320,161.286
OUT_18321,958.785
OUT_18322,394.153
OUT_18323,370.963
OUT_18324,390.089
OUT_18325,156.528
OUT_18326,164.958
OUT_18327,165.879
OUT_18328,156.23
OUT_18329,161.575
OUT_18330,989.292
OUT_18331,948.745
OUT_18332,151.843
OUT_18333,206.209
OUT_18334,926.353
OUT_18335,387.392
OUT_18336,187.625
OUT_18337,929.767
OUT_18338,2046.469
OUT_18339,372.413
OUT_18340,152.371
OUT_18341,394.997
OUT_18342,383.25
OUT_18343,439.191
OUT_18344,267.18
OUT_18345,171.65
OUT_18346,341.679
OUT_18347,173.388
OUT_18348,200.316
OUT_18349,274.509
OUT_18350,154.479
OUT_18351,155.945
OUT_18352,2284.437
OUT_18353,219.68
OUT_18354,389.435
OUT_18355,153.665
OUT_18356,150.952
OUT_18357,179.498
OUT_18358,952.41
OUT_18359,170.789
OUT_18360,169.552
OUT_18361,346.329
OUT_18362,370.079
OUT_18363,322.778
OUT_18364,262.409
OUT_18365,367.202
OUT_18366,382.855
OUT_18367,207.842
OUT_18368,997.519
OUT_18369,414.33
OUT_18370,131.885
OUT_18371,172.996
OUT_18372,161.367
OUT_18373,157.504
OUT_18374,205.165
OUT_18375,224.465
OUT_18376,161.718
OUT_18377,2111.543
OUT_18378,387.795
OUT_18379,166.472
OUT_18380,504.77
OUT_18381,176.62
OUT_18382,914.16
OUT_18383,997.456
OUT_18384,171.668
OUT_18385,216.525
OUT_18386,174.768
OUT_18387,1348.341
OUT_18388,105.793
OUT_18389,251.758
OUT_18390,157.889
OUT_18391,362.697
OUT_18392,1017.093
OUT_18393,192.187
OUT_18394,394.357
OUT_18395,169.379
OUT_18396,167.041
OUT_18397,251.758
OUT_18398,979.705
OUT_18399,372.054
OUT_18400,227.584
OUT_18401,188.096
OUT_18402,232.325
OUT_18403,490.945
OUT_18404,167.669
OUT_18405,309.577
OUT_18406,154.759
OUT_18407,1000.097
OUT_18408,2035.802
OUT_18409,369.637
OUT_18410,368.95
OUT_18411,336.284
OUT_18412,164.082
OUT_18413,982.818
OUT_18414,402.382
OUT_18415,127.245
OUT_18416,413.563
OUT_18417,267.418
OUT_18418,193.64
OUT_18419,217.858
OUT_18420,376.831
OUT_18421,364.327
OUT_18422,359.193
OUT_18423,143.294
OUT_18424,218.956
OUT_18425,354.192
OUT_18426,141.369
OUT_18427,397.568
OUT_18428,194.506
OUT_18429,356.262
OUT_18430,241.197
OUT_18431,382.811
OUT_18432,157.233
OUT_18433,209.573
OUT_18434,163.913
OUT_18435,181.582
OUT_18436,189.765
OUT_18437,208.68
OUT_18438,198.801
OUT_18439,408.704
OUT_18440,1506.79
OUT_18441,198.253
OUT_18442,157.862
OUT_18443,177.115
OUT_18444,347.929
OUT_18445,146.562
OUT_18446,400.402
OUT_18447,979.34
OUT_18448,193.342
OUT_18449,371.215
OUT_18450,153.617
OUT_18451,149.116
OUT_18452,2072.797
OUT_18453,176.446
OUT_18454,991.572
OUT_18455,166.049
OUT_18456,176.35
OUT_18457,168.378
OUT_18458,198.51
OUT_18459,389.156
OUT_18460,181.911
OUT_18461,361.713
OUT_18462,147.743
OUT_18463,176.451
OUT_18464,144.476
OUT_18465,199.137
OUT_18466,168.849
OUT_18467,119.365
OUT_18468,2036.701
OUT_18469,348.301
OUT_18470,212.723
OUT_18471,188.738
OUT_18472,172.751
OUT_18473,919.284
OUT_18474,168.312
OUT_18475,157.137
OUT_18476,336.761
OUT_18477,1991.271
OUT_18478,197.437
OUT_18479,2140.626
OUT_18480,184.97
OUT_18481,1038.613
OUT_18482,396.091
OUT_18483,153.4
OUT_18484,262.409
OUT_18485,396.952
OUT_18486,1002.373
OUT_18487,166.941
OUT_18488,208.094
OUT_18489,157.906
OUT_18490,224.871
OUT_18491,1003.191
OUT_18492,174.519
OUT_18493,161.594
OUT_18494,233.756
OUT_18495,173.703
OUT_18496,183.9
OUT_18497,388.682
OUT_18498,134.55
OUT_18499,213.859
OUT_18500,180.878
OUT_18501,2110.227
OUT_18502,992.414
OUT_18503,136.987
OUT_18504,1014.342
OUT_18505,347.094
OUT_18506,336.864
OUT_18507,928.664
OUT_18508,351.459
OUT_18509,233.525
OUT_18510,165.182
OUT_18511,2099.52
OUT_18512,180.362
OUT_18513,203.391
OUT_18514,146.409
OUT_18515,151.632
OUT_18516,244.519
OUT_18517,159.129
OUT_18518,411.039
OUT_18519,285.077
OUT_18520,165.911
OUT_18521,435.701
OUT_18522,977.719
OUT_18523,981.79
OUT_18524,388.581
OUT_18525,208.228
OUT_18526,164.634
OUT_18527,414.943
OUT_18528,247.245
OUT_18529,187.684
OUT_18530,179.756
OUT_18531,339.749
OUT_18532,971.139
OUT_18533,198.97
OUT_18534,133.57
OUT_18535,179.626
OUT_18536,209.368
OUT_18537,958.938
OUT_18538,445.204
OUT_18539,355.227
OUT_18540,125.239
OUT_18541,352.161
OUT_18542,921.874
OUT_18543,171.168
OUT_18544,144.508
OUT_18545,959.192
OUT_18546,373.698
OUT_18547,360.523
OUT_18548,412.39
OUT_18549,367.254
OUT_18550,168.895
OUT_18551,197.764
OUT_18552,154.659
OUT_18553,191.805
OUT_18554,397.14
OUT_18555,371.188
OUT_18556,946.793
OUT_18557,159.87
OUT_18558,177.744
OUT_18559,310.835
OUT_18560,141.72
OUT_18561,146.539
OUT_18562,372.084
OUT_18563,195.34
OUT_18564,178.08
OUT_18565,251.758
OUT_18566,146.175
OUT_18567,340.39
OUT_18568,221.591
OUT_18569,381.624
OUT_18570,195.915
OUT_18571,169.006
OUT_18572,999.457
OUT_18573,389.225
OUT_18574,196.019
OUT_18575,311.585
OUT_18576,385.387
OUT_18577,324.031
OUT_18578,314.618
OUT_18579,297.637
OUT_18580,148.178
OUT_18581,388.657
OUT_18582,378.973
OUT_18583,174.5
OUT_18584,362.255
OUT_18585,149.828
OUT_18586,196.404
OUT_18587,372.995
OUT_18588,204.719
OUT_18589,997.371
OUT_18590,251.758
OUT_18591,253.184
OUT_18592,163.91
OUT_18593,367.219
OUT_18594,164.121
OUT_18595,176.862
OUT_18596,141.232
OUT_18597,382.945
OUT_18598,167.37
OUT_18599,182.706
OUT_18600,152.17
OUT_18601,141.523
OUT_18602,401.883
OUT_18603,141.75
OUT_18604,983.372
OUT_18605,188.726
OUT_18606,178.352
OUT_18607,956.127
OUT_18608,339.532
OUT_18609,168.194
OUT_18610,161.116
OUT_18611,379.051
OUT_18612,157.087
OUT_18613,164.644
OUT_18614,919.517
OUT_18615,156.597
OUT_18616,136.441
OUT_18617,401.592
OUT_18618,227.57
OUT_18619,349.735
OUT_18620,156.006
OUT_18621,221.065
OUT_18622,350.219
OUT_18623,1418.333
OUT_18624,217.498
OUT_18625,157.073
OUT_18626,354.283
OUT_18627,352.488
OUT_18628,371.155
OUT_18629,182.676
OUT_18630,948.522
OUT_18631,1118.847
OUT_18632,338.523
OUT_18633,160.248
OUT_18634,130.449
OUT_18635,379.478
OUT_18636,384.586
OUT_18637,1009.487
OUT_18638,151.046
OUT_18639,200.56
OUT_18640,240.283
OUT_18641,376.218
OUT_18642,164.247
OUT_18643,135.803
OUT_18644,185.72
OUT_18645,161.527
OUT_18646,345.983
OUT_18647,384.394
OUT_18648,1050.193
OUT_18649,312.486
OUT_18650,142.389
OUT_18651,137.328
OUT_18652,384.033
OUT_18653,132.205
OUT_18654,262.409
OUT_18655,164.821
OUT_18656,164.151
OUT_18657,160.239
OUT_18658,317.544
OUT_18659,980.47
OUT_18660,1032.194
OUT_18661,182.605
OUT_18662,382.438
OUT_18663,351.945
OUT_18664,154.659
OUT_18665,157.638
OUT_18666,142.826
OUT_18667,920.631
OUT_18668,473.367
OUT_18669,379.491
OUT_18670,356.703
OUT_18671,2093.132
OUT_18672,142.38
OUT_18673,228.362
OUT_18674,947.599
OUT_18675,980.218
OUT_18676,366.067
OUT_18677,222.77
OUT_18678,323.072
OUT_18679,369.801
OUT_18680,433.086
OUT_18681,231.787
OUT_18682,2148.317
OUT_18683,127.249
OUT_18684,974.389
OUT_18685,148.711
OUT_18686,140.853
OUT_18687,160.139
OUT_18688,361.781
OUT_18689,946.327
OUT_18690,197.57
OUT_18691,158.423
OUT_18692,184.126
OUT_18693,358.498
OUT_18694,228.152
OUT_18695,262.409
OUT_18696,380.099
OUT_18697,220.586
OUT_18698,164.298
OUT_18699,262.409
OUT_18700,383.63
OUT_18701,981.235
OUT_18702,322.697
OUT_18703,358.067
OUT_18704,160.29
OUT_18705,168.458
OUT_18706,157.131
OUT_18707,959.12
OUT_18708,152.109
OUT_18709,163.53
OUT_18710,148.79
OUT_18711,169.465
OUT_18712,385.056
OUT_18713,220.175
OUT_18714,952.797
OUT_18715,982.098
OUT_18716,201.474
OUT_18717,138.549
OUT_18718,199.222
OUT_18719,378.084
OUT_18720,204.974
OUT_18721,256.562
OUT_18722,192.585
OUT_18723,182.861
OUT_18724,262.559
OUT_18725,189.135
OUT_18726,174.173
OUT_18727,408.781
OUT_18728,336.205
OUT_18729,383.624
OUT_18730,148.513
OUT_18731,162.82
OUT_18732,1021.434
OUT_18733,216.316
OUT_18734,141.366
OUT_18735,391.991
OUT_18736,364.511
OUT_18737,2149.966
OUT_18738,2175.624
OUT_18739,366.78
OUT_18740,961.451
OUT_18741,360.959
OUT_18742,220.826
OUT_18743,225.044
OUT_18744,262.409
OUT_18745,964.698
OUT_18746,214.222
OUT_18747,161.489
OUT_18748,360.893
OUT_18749,224.969
OUT_18750,147.982
OUT_18751,919.671
OUT_18752,182.582
OUT_18753,181.063
OUT_18754,957.977
OUT_18755,376.943
OUT_18756,184.9
OUT_18757,175.261
OUT_18758,161.592
OUT_18759,153.454
OUT_18760,230.574
OUT_18761,1459.627
OUT_18762,349.368
OUT_18763,161.855
OUT_18764,147.629
OUT_18765,267.66
OUT_18766,362.744
OUT_18767,989.888
OUT_18768,978.035
OUT_18769,159.536
OUT_18770,236.827
OUT_18771,150.319
OUT_18772,983.4
OUT_18773,187.723
OUT_18774,374.54
OUT_18775,361.555
OUT_18776,164.119
OUT_18777,382.334
OUT_18778,142.491
OUT_18779,383.111
OUT_18780,141.288
OUT_18781,361.088
OUT_18782,450.894
OUT_18783,229.637
OUT_18784,169.486
OUT_18785,159.013
OUT_18786,240.103
OUT_18787,161.015
OUT_18788,2044.771
OUT_18789,341.858
OUT_18790,387.726
OUT_18791,1010.483
OUT_18792,214.679
OUT_18793,2047.73
OUT_18794,150.866
OUT_18795,401.518
OUT_18796,2170.562
OUT_18797,145.942
OUT_18798,141.04
OUT_18799,411.111
OUT_18800,399.266
OUT_18801,332.228
OUT_18802,2107.965
OUT_18803,205.29
OUT_18804,166.138
OUT_18805,2056.892
OUT_18806,142.864
OUT_18807,195.875
OUT_18808,214.595
OUT_18809,199.043
OUT_18810,229.575
OUT_18811,183.373
OUT_18812,211.267
OUT_18813,199.92
OUT_18814,335.032
OUT_18815,1074.612
OUT_18816,138.319
OUT_18817,197.653
OUT_18818,244.137
OUT_18819,954.487
OUT_18820,181.737
OUT_18821,400.894
OUT_18822,186.196
OUT_18823,376.027
OUT_18824,147.254
OUT_18825,1029.941
OUT_18826,335.425
OUT_18827,2025.325
OUT_18828,249.173
OUT_18829,322.96
OUT_18830,206.495
OUT_18831,177.882
OUT_18832,404.927
OUT_18833,387.62
OUT_18834,222.438
OUT_18835,980.987
OUT_18836,155.048
OUT_18837,203.394
OUT_18838,993.545
OUT_18839,224.697
OUT_18840,358.829
OUT_18841,174.284
OUT_18842,166.416
OUT_18843,348.014
OUT_18844,2055.653
OUT_18845,158.437
OUT_18846,175.657
OUT_18847,178.262
OUT_18848,381.472
OUT_18849,193.999
OUT_18850,2050.114
OUT_18851,159.705
OUT_18852,986.722
OUT_18853,389.197
OUT_18854,189.51
OUT_18855,1319.762
OUT_18856,163.8
OUT_18857,224.202
OUT_18858,1010.663
OUT_18859,139.985
OUT_18860,369.536
OUT_18861,155.94
OUT_18862,343.793
OUT_18863,1033.63
OUT_18864,357.63
OUT_18865,143.355
OUT_18866,930.3
OUT_18867,365.713
OUT_18868,211.264
OUT_18869,180.182
OUT_18870,401.44
OUT_18871,222.09
OUT_18872,357.906
OUT_18873,383.399
OUT_18874,999.903
OUT_18875,170.472
OUT_18876,399.078
OUT_18877,2086.567
OUT_18878,136.56
OUT_18879,220.586
OUT_18880,162.202
OUT_18881,251.758
OUT_18882,343.731
OUT_18883,347.046
OUT_18884,402.118
OUT_18885,963.638
OUT_18886,163.065
OUT_18887,189.034
OUT_18888,365.886
OUT_18889,138.837
OUT_18890,377.956
OUT_18891,206.141
OUT_18892,392.714
OUT_18893,147.168
OUT_18894,349.459
OUT_18895,144.642
OUT_18896,1013.556
OUT_18897,378.764
OUT_18898,169.389
OUT_18899,179.492
OUT_18900,347.9
OUT_18901,166.584
OUT_18902,373.183
OUT_18903,933.409
OUT_18904,372.103
OUT_18905,495.193
OUT_18906,125.459
OUT_18907,164.76
OUT_18908,178.323
OUT_18909,982.735
OUT_18910,408.198
OUT_18911,990.062
OUT_18912,961.694
OUT_18913,1002.659
OUT_18914,380.597
OUT_18915,372.622
OUT_18916,194.772
OUT_18917,140.158
OUT_18918,206.647
OUT_18919,970.948
OUT_18920,145.869
OUT_18921,380.891
OUT_18922,342.773
OUT_18923,200.672
OUT_18924,339.747
OUT_18925,490.776
OUT_18926,149.038
OUT_18927,180.743
OUT_18928,170.701
OUT_18929,350.953
OUT_18930,949.144
OUT_18931,197.055
OUT_18932,139.15
OUT_18933,356.143
OUT_18934,2213.455
OUT_18935,202.068
OUT_18936,155.698
OUT_18937,231.424
OUT_18938,306.371
OUT_18939,978.031
OUT_18940,239.357
OUT_18941,978.196
OUT_18942,409.38
OUT_18943,124.953
OUT_18944,303.806
OUT_18945,368.518
OUT_18946,200.597
OUT_18947,145.66
OUT_18948,367.057
OUT_18949,163.458
OUT_18950,978.817
OUT_18951,342.256
OUT_18952,352.928
OUT_18953,206.436
OUT_18954,158.821
OUT_18955,166.852
OUT_18956,987.437
OUT_18957,140.552
OUT_18958,980.221
OUT_18959,201.1
OUT_18960,175.579
OUT_18961,137.013
OUT_18962,388.47
OUT_18963,164.079
OUT_18964,162.532
OUT_18965,342.699
OUT_18966,335.351
OUT_18967,149.072
OUT_18968,386.844
OUT_18969,196.544
OUT_18970,399.059
OUT_18971,190.388
OUT_18972,318.601
OUT_18973,354.358
OUT_18974,239.954
OUT_18975,413.173
OUT_18976,216.666
OUT_18977,196.311
OUT_18978,262.409
OUT_18979,378.007
OUT_18980,142.199
OUT_18981,149.363
OUT_18982,973.232
OUT_18983,951.489
OUT_18984,176.6
OUT_18985,2895.27
OUT_18986,967.529
OUT_18987,148.335
OUT_18988,417.894
OUT_18989,198.307
OUT_18990,179.99
OUT_18991,250.087
OUT_18992,994.374
OUT_18993,167.535
OUT_18994,392.321
OUT_18995,10457.941
OUT_18996,343.634
OUT_18997,201.792
OUT_18998,1270.188
OUT_18999,203.632
OUT_19000,145.403
OUT_19001,150.901
OUT_19002,367.113
OUT_19003,180.908
OUT_19004,993.675
OUT_19005,161.171
OUT_19006,370.685
OUT_19007,168.651
OUT_19008,196.705
OUT_19009,121.736
OUT_19010,188.335
OUT_19011,153.431
OUT_19012,2157.659
OUT_19013,385.096
OUT_19014,137.182
OUT_19015,184.608
OUT_19016,165.466
OUT_19017,201.496
OUT_19018,1094.933
OUT_19019,194.567
OUT_19020,239.292
OUT_19021,265.599
OUT_19022,187.676
OUT_19023,386.818
OUT_19024,2023.885
OUT_19025,987.202
OUT_19026,405.525
OUT_19027,297.439
OUT_19028,951.303
OUT_19029,349.842
OUT_19030,2051.228
OUT_19031,238.15
OUT_19032,163.367
OUT_19033,405.8
OUT_19034,355.855
OUT_19035,171.341
OUT_19036,164.853
OUT_19037,213.425
OUT_19038,995.777
OUT_19039,2078.491
OUT_19040,2043.847
OUT_19041,397.778
OUT_19042,407.384
OUT_19043,920.979
OUT_19044,356.48
OUT_19045,932.429
OUT_19046,388.868
OUT_19047,143.14
OUT_19048,201.021
OUT_19049,938.221
OUT_19050,345.459
OUT_19051,956.12
OUT_19052,360.348
OUT_19053,146.399
OUT_19054,370.678
OUT_19055,218.682
OUT_19056,191.143
OUT_19057,157.63
OUT_19058,379.687
OUT_19059,182.344
OUT_19060,362.477
OUT_19061,327.965
OUT_19062,366.428
OUT_19063,365.971
OUT_19064,390.018
OUT_19065,189.043
OUT_19066,177.458
OUT_19067,151.679
OUT_19068,2026.488
OUT_19069,334.397
OUT_19070,188.246
OUT_19071,146.888
OUT_19072,373.322
OUT_19073,292.993
OUT_19074,206.073
OUT_19075,978.496
OUT_19076,318.751
OUT_19077,167.001
OUT_19078,172.704
OUT_19079,174.005
OUT_19080,152.063
OUT_19081,166.749
OUT_19082,194.137
OUT_19083,207.04
OUT_19084,176.131
OUT_19085,363.711
OUT_19086,226.729
OUT_19087,131.147
OUT_19088,223.831
OUT_19089,364.256
OUT_19090,389.567
OUT_19091,2079.56
OUT_19092,943.592
OUT_19093,153.056
OUT_19094,1031.034
OUT_19095,173.159
OUT_19096,225.203
OUT_19097,142.145
OUT_19098,243.011
OUT_19099,211.479
OUT_19100,368.363
OUT_19101,174.352
OUT_19102,193.831
OUT_19103,365.315
OUT_19104,342.26
OUT_19105,387.091
OUT_19106,135.85
OUT_19107,190.763
OUT_19108,143.426
OUT_19109,205.142
OUT_19110,362.749
OUT_19111,146.182
OUT_19112,172.192
OUT_19113,187.295
OUT_19114,327.994
OUT_19115,962.468
OUT_19116,361.895
OUT_19117,164.577
OUT_19118,191.562
OUT_19119,357.682
OUT_19120,402.309
OUT_19121,2082.809
OUT_19122,391.687
OUT_19123,141.828
OUT_19124,251.758
OUT_19125,961.24
OUT_19126,2050.461
OUT_19127,133.286
OUT_19128,137.275
OUT_19129,383.197
OUT_19130,327.883
OUT_19131,379.27
OUT_19132,384.042
OUT_19133,940.47
OUT_19134,419.359
OUT_19135,492.116
OUT_19136,199.762
OUT_19137,346.524
OUT_19138,180.465
OUT_19139,369.02
OUT_19140,180.847
OUT_19141,183.037
OUT_19142,956.118
OUT_19143,186.784
OUT_19144,169.94
OUT_19145,157.263
OUT_19146,377.151
OUT_19147,127.91
OUT_19148,198.995
OUT_19149,236.645
OUT_19150,252.186
OUT_19151,2064.284
OUT_19152,347.401
OUT_19153,330.591
OUT_19154,962.582
OUT_19155,133.779
OUT_19156,159.197
OUT_19157,140.428
OUT_19158,167.797
OUT_19159,971.523
OUT_19160,564.315
OUT_19161,332.03
OUT_19162,216.207
OUT_19163,372.171
OUT_19164,325.832
OUT_19165,208.684
OUT_19166,210.654
OUT_19167,357.243
OUT_19168,262.409
OUT_19169,397.867
OUT_19170,159.651
OUT_19171,164.954
OUT_19172,156.892
OUT_19173,167.093
OUT_19174,167.269
OUT_19175,158.845
OUT_19176,339.058
OUT_19177,975.027
OUT_19178,138.938
OUT_19179,148.891
OUT_19180,168.69
OUT_19181,147.24
OUT_19182,382.451
OUT_19183,160.107
OUT_19184,178.796
OUT_19185,595.371
OUT_19186,985.988
OUT_19187,2035.846
OUT_19188,192.345
OUT_19189,148.065
OUT_19190,348.919
OUT_19191,248.565
OUT_19192,148.129
OUT_19193,170.585
OUT_19194,395.438
OUT_19195,387.157
OUT_19196,356.741
OUT_19197,149.858
OUT_19198,151.914
OUT_19199,218.434
OUT_19200,262.409
OUT_19201,2057.164
OUT_19202,173.001
OUT_19203,251.758
OUT_19204,1040.203
OUT_19205,192.183
OUT_19206,376.113
OUT_19207,333.569
OUT_19208,344.284
OUT_19209,286.675
OUT_19210,322.551
OUT_19211,989.988
OUT_19212,204.796
OUT_19213,134.702
OUT_19214,942.425
OUT_19215,139.776
OUT_19216,352.272
OUT_19217,377.436
OUT_19218,251.758
OUT_19219,163.508
OUT_19220,251.758
OUT_19221,125.257
OUT_19222,155.744
OUT_19223,175.412
OUT_19224,129.181
OUT_19225,387.976
OUT_19226,173.581
OUT_19227,365.771
OUT_19228,135.082
OUT_19229,341.294
OUT_19230,933.617
OUT_19231,136.923
OUT_19232,380.725
OUT_19233,355.152
OUT_19234,148.111
OUT_19235,983.426
OUT_19236,387.196
OUT_19237,182.929
OUT_19238,183.368
OUT_19239,222.24
OUT_19240,356.531
OUT_19241,149.018
OUT_19242,211.249
OUT_19243,349.859
OUT_19244,408.231
OUT_19245,149.704
OUT_19246,313.427
OUT_19247,194.442
OUT_19248,387.315
OUT_19249,405.839
OUT_19250,176.408
OUT_19251,137.664
OUT_19252,985.639
OUT_19253,340.814
OUT_19254,160.112
OUT_19255,333.538
OUT_19256,179.805
OUT_19257,351.426
OUT_19258,2071.607
OUT_19259,217.765
OUT_19260,180.88
OUT_19261,339.409
OUT_19262,159.354
OUT_19263,340.078
OUT_19264,166.531
OUT_19265,344.486
OUT_19266,355.792
OUT_19267,154.028
OUT_19268,359.677
OUT_19269,141.036
OUT_19270,172.992
OUT_19271,358.669
OUT_19272,180.138
OUT_19273,1366.838
OUT_19274,169.518
OUT_19275,2037.973
OUT_19276,167.683
OUT_19277,153.631
OUT_19278,909.7
OUT_19279,158.604
OUT_19280,135.43
OUT_19281,170.2
OUT_19282,951.956
OUT_19283,356.787
OUT_19284,940.121
OUT_19285,380.621
OUT_19286,243.829
OUT_19287,189.197
OUT_19288,191.57
OUT_19289,348.445
OUT_19290,186.894
OUT_19291,1008.482
OUT_19292,142.863
OUT_19293,237.719
OUT_19294,361.684
OUT_19295,392.443
OUT_19296,373.26
OUT_19297,227.578
OUT_19298,981.637
OUT_19299,158.316
OUT_19300,981.532
OUT_19301,177.146
OUT_19302,162.956
OUT_19303,2082.797
OUT_19304,143.171
OUT_19305,213.045
OUT_19306,157.418
OUT_19307,2359.539
OUT_19308,927.816
OUT_19309,142.15
OUT_19310,2060.78
OUT_19311,2564.869
OUT_19312,2086.453
OUT_19313,146.148
OUT_19314,217.134
OUT_19315,231.436
OUT_19316,352.196
OUT_19317,162.262
OUT_19318,1028.184
OUT_19319,348.134
OUT_19320,1001.099
OUT_19321,152.995
OUT_19322,231.58
OUT_19323,940.442
OUT_19324,374.94
OUT_19325,1040.944
OUT_19326,184.282
OUT_19327,148.595
OUT_19328,146.988
OUT_19329,182.627
OUT_19330,139.412
OUT_19331,340.754
OUT_19332,954.054
OUT_19333,1046.482
OUT_19334,169.543
OUT_19335,168.981
OUT_19336,139.359
OUT_19337,225.646
OUT_19338,151.158
OUT_19339,899.986
OUT_19340,180.227
OUT_19341,962.224
OUT_19342,954.87
OUT_19343,135.478
OUT_19344,977.595
OUT_19345,385.745
OUT_19346,208.632
OUT_19347,230.551
OUT_19348,2062.9
OUT_19349,364.809
OUT_19350,969.891
OUT_19351,131.91
OUT_19352,154.045
OUT_19353,365.438
OUT_19354,114.154
OUT_19355,1001.107
OUT_19356,963.245
OUT_19357,998.114
OUT_19358,388.127
OUT_19359,198.815
OUT_19360,999.911
OUT_19361,158.592
OUT_19362,372.911
OUT_19363,400.217
OUT_19364,175.207
OUT_19365,2638.154
OUT_19366,1970.041
OUT_19367,370.026
OUT_19368,1473.767
OUT_19369,157.01
OUT_19370,125.879
OUT_19371,192.56
OUT_19372,360.843
OUT_19373,186.977
OUT_19374,162.191
OUT_19375,177.024
OUT_19376,163.151
OUT_19377,181.159
OUT_19378,171.484
OUT_19379,214.857
OUT_19380,216.126
OUT_19381,305.815
OUT_19382,1018.375
OUT_19383,381.405
OUT_19384,170.47
OUT_19385,215.492
OUT_19386,173.876
OUT_19387,244.737
OUT_19388,332.719
OUT_19389,207.332
OUT_19390,180.123
OUT_19391,164.328
OUT_19392,144.038
OUT_19393,381.544
OUT_19394,359.026
OUT_19395,166.744
OUT_19396,144.523
OUT_19397,951.134
OUT_19398,190.564
OUT_19399,161.417
OUT_19400,139.945
OUT_19401,930.899
OUT_19402,189.387
OUT_19403,327.42
OUT_19404,160.934
OUT_19405,987.892
OUT_19406,182.178
OUT_19407,972.647
OUT_19408,232.009
OUT_19409,396.247
OUT_19410,159.972
OUT_19411,226.02
OUT_19412,158.822
OUT_19413,216.607
OUT_19414,144.809
OUT_19415,321.722
OUT_19416,1009.953
OUT_19417,1007.325
OUT_19418,360.821
OUT_19419,200.504
OUT_19420,381.698
OUT_19421,174.085
OUT_19422,175.424
OUT_19423,365.331
OUT_19424,151.628
OUT_19425,347.301
OUT_19426,137.169
OUT_19427,215.485
OUT_19428,123.887
OUT_19429,199.095
OUT_19430,168.711
OUT_19431,367.427
OUT_19432,153.635
OUT_19433,143.098
OUT_19434,2073.378
OUT_19435,202.708
OUT_19436,365.282
OUT_19437,390.564
OUT_19438,219.868
OUT_19439,185.612
OUT_19440,369.318
OUT_19441,170.2
OUT_19442,193.052
OUT_19443,352.714
OUT_19444,221.251
OUT_19445,395.526
OUT_19446,144.021
OUT_19447,257.176
OUT_19448,228.123
OUT_19449,973.082
OUT_19450,153.814
OUT_19451,361.474
OUT_19452,379.791
OUT_19453,165.702
OUT_19454,198.826
OUT_19455,144.119
OUT_19456,178.869
OUT_19457,134.529
OUT_19458,409.861
OUT_19459,363.902
OUT_19460,347.962
OUT_19461,195.807
OUT_19462,1007.429
OUT_19463,1022.411
OUT_19464,249.966
OUT_19465,183.938
OUT_19466,177.073
OUT_19467,365.951
OUT_19468,212.766
OUT_19469,167.435
OUT_19470,152.49
OUT_19471,374.238
OUT_19472,364.851
OUT_19473,1096.726
OUT_19474,195.687
OUT_19475,211.267
OUT_19476,351.768
OUT_19477,134.354
OUT_19478,418.813
OUT_19479,187.86
OUT_19480,140.182
OUT_19481,379.867
OUT_19482,360.096
OUT_19483,181.015
OUT_19484,222.006
OUT_19485,290.965
OUT_19486,251.758
OUT_19487,361.239
OUT_19488,146.757
OUT_19489,136.898
OUT_19490,262.409
OUT_19491,237.114
OUT_19492,323.327
OUT_19493,984.233
OUT_19494,262.409
OUT_19495,1009.686
OUT_19496,144.02
OUT_19497,171.377
OUT_19498,177.897
OUT_19499,217.616
OUT_19500,173.897
OUT_19501,152.67
OUT_19502,1053.768
OUT_19503,182.02
OUT_19504,140.134
OUT_19505,158.21
OUT_19506,327.202
OUT_19507,183.719
OUT_19508,151.848
OUT_19509,367.79
OUT_19510,251.758
OUT_19511,394.503
OUT_19512,398.052
OUT_19513,367.345
OUT_19514,965.878
OUT_19515,192.362
OUT_19516,176.993
OUT_19517,218.022
OUT_19518,161.112
OUT_19519,930.468
OUT_19520,167.372
OUT_19521,962.759
OUT_19522,254.237
OUT_19523,196.632
OUT_19524,155.077
OUT_19525,148.35
OUT_19526,164.274
OUT_19527,203.321
OUT_19528,210.726
OUT_19529,178.098
OUT_19530,132.882
OUT_19531,350.948
OUT_19532,210.285
OUT_19533,229.126
OUT_19534,213.294
OUT_19535,966.529
OUT_19536,162.978
OUT_19537,963.387
OUT_19538,369.004
OUT_19539,371.07
OUT_19540,380.367
OUT_19541,397.886
OUT_19542,150.864
OUT_19543,174.035
OUT_19544,984.281
OUT_19545,158.299
OUT_19546,383.081
OUT_19547,329.667
OUT_19548,2147.325
OUT_19549,401.997
OUT_19550,399.438
OUT_19551,435.684
OUT_19552,1017.185
OUT_19553,142.559
OUT_19554,988.331
OUT_19555,198.987
OUT_19556,991.515
OUT_19557,242.949
OUT_19558,219.898
OUT_19559,237.455
OUT_19560,1014.093
OUT_19561,280.633
OUT_19562,368.806
OUT_19563,134.253
OUT_19564,163.133
OUT_19565,386.359
OUT_19566,173.403
OUT_19567,185.88
OUT_19568,349.93
OUT_19569,155.754
OUT_19570,952.668
OUT_19571,449.474
OUT_19572,333.47
OUT_19573,225.853
OUT_19574,2089.995
OUT_19575,235.169
OUT_19576,421.811
OUT_19577,304.019
OUT_19578,158.584
OUT_19579,131.753
OUT_19580,238.405
OUT_19581,164.708
OUT_19582,200.372
OUT_19583,336.921
OUT_19584,385.368
OUT_19585,353.502
OUT_19586,236.669
OUT_19587,1019.963
OUT_19588,2335.057
OUT_19589,378.907
OUT_19590,348.31
OUT_19591,185.167
OUT_19592,335.875
OUT_19593,356.467
OUT_19594,349.217
OUT_19595,2683.824
OUT_19596,185.549
OUT_19597,363.914
OUT_19598,174.302
OUT_19599,1003.7
OUT_19600,388.43
OUT_19601,132.922
OUT_19602,969.759
OUT_19603,166.254
OUT_19604,146.921
OUT_19605,974.406
OUT_19606,151.649
OUT_19607,172.726
OUT_19608,175.305
OUT_19609,168.053
OUT_19610,186.112
OUT_19611,524.824
OUT_19612,181.216
OUT_19613,936.801
OUT_19614,963.245
OUT_19615,935.732
OUT_19616,143.401
OUT_19617,362.286
OUT_19618,215.447
OUT_19619,177.278
OUT_19620,173.786
OUT_19621,161.078
OUT_19622,234.333
OUT_19623,364.923
OUT_19624,143.572
OUT_19625,984.656
OUT_19626,173.623
OUT_19627,358.97
OUT_19628,985.269
OUT_19629,370.713
OUT_19630,199.609
OUT_19631,185.035
OUT_19632,379.687
OUT_19633,331.233
OUT_19634,2231.722
OUT_19635,140.235
OUT_19636,930.072
OUT_19637,2102.314
OUT_19638,168.538
OUT_19639,208.955
OUT_19640,197.681
OUT_19641,926.129
OUT_19642,348.91
OUT_19643,353.186
OUT_19644,920.903
OUT_19645,248.439
OUT_19646,2099.942
OUT_19647,138.507
OUT_19648,2119.758
OUT_19649,183.589
OUT_19650,186.11
OUT_19651,251.758
OUT_19652,988.673
OUT_19653,425.191
OUT_19654,361.448
OUT_19655,169.843
OUT_19656,340.785
OUT_19657,343.715
OUT_19658,163.994
OUT_19659,174.486
OUT_19660,968.849
OUT_19661,1032.739
OUT_19662,184.977
OUT_19663,158.388
OUT_19664,186.901
OUT_19665,341.948
OUT_19666,978.453
OUT_19667,140.606
OUT_19668,364.956
OUT_19669,296.3
OUT_19670,375.767
OUT_19671,353.949
OUT_19672,964.96
OUT_19673,174.022
OUT_19674,408.689
OUT_19675,401.02
OUT_19676,374.205
OUT_19677,362.944
OUT_19678,393.101
OUT_19679,136.373
OUT_19680,315.13
OUT_19681,386.255
OUT_19682,144.078
OUT_19683,207.333
OUT_19684,439.2
OUT_19685,141.491
OUT_19686,240.143
OUT_19687,397.547
OUT_19688,215.457
OUT_19689,171.686
OUT_19690,175.011
OUT_19691,943.523
OUT_19692,130.468
OUT_19693,147.748
OUT_19694,162.188
OUT_19695,373.289
OUT_19696,929.329
OUT_19697,348.934
OUT_19698,194.197
OUT_19699,239.656
OUT_19700,179.51
OUT_19701,132.074
OUT_19702,210.92
OUT_19703,1046.744
OUT_19704,395.696
OUT_19705,187.064
OUT_19706,165.592
OUT_19707,172.661
OUT_19708,296.282
OUT_19709,972.176
OUT_19710,153.32
OUT_19711,161.594
OUT_19712,142.04
OUT_19713,189.76
OUT_19714,195.354
OUT_19715,401.919
OUT_19716,382.826
OUT_19717,183.616
OUT_19718,147.544
OUT_19719,170.894
OUT_19720,154.414
OUT_19721,161.0
OUT_19722,157.873
OUT_19723,163.945
OUT_19724,227.778
OUT_19725,346.013
OUT_19726,227.984
OUT_19727,218.891
OUT_19728,965.557
OUT_19729,1007.354
OUT_19730,1012.123
OUT_19731,179.692
OUT_19732,184.545
OUT_19733,159.966
OUT_19734,400.514
OUT_19735,173.603
OUT_19736,167.788
OUT_19737,170.253
OUT_19738,328.12
OUT_19739,117.054
OUT_19740,141.262
OUT_19741,203.449
OUT_19742,441.006
OUT_19743,1292.949
OUT_19744,962.358
OUT_19745,347.432
OUT_19746,202.334
OUT_19747,132.188
OUT_19748,160.292
OUT_19749,210.17
OUT_19750,398.85
OUT_19751,162.369
OUT_19752,181.064
OUT_19753,364.477
OUT_19754,132.892
OUT_19755,1017.0
OUT_19756,377.824
OUT_19757,1005.286
OUT_19758,406.073
OUT_19759,149.817
OUT_19760,230.045
OUT_19761,331.793
OUT_19762,154.281
OUT_19763,209.787
OUT_19764,251.758
OUT_19765,122.55
OUT_19766,226.265
OUT_19767,202.466
OUT_19768,207.609
OUT_19769,2060.675
OUT_19770,141.731
OUT_19771,148.433
OUT_19772,1079.45
OUT_19773,233.879
OUT_19774,1001.296
OUT_19775,262.409
OUT_19776,340.317
OUT_19777,348.7
OUT_19778,153.764
OUT_19779,168.212
OUT_19780,381.827
OUT_19781,149.065
OUT_19782,262.409
OUT_19783,208.919
OUT_19784,185.724
OUT_19785,366.24
OUT_19786,403.098
OUT_19787,334.258
OUT_19788,991.839
OUT_19789,182.771
OUT_19790,203.761
OUT_19791,247.19
OUT_19792,167.895
OUT_19793,170.881
OUT_19794,335.357
OUT_19795,163.232
OUT_19796,253.783
OUT_19797,142.262
OUT_19798,181.66
OUT_19799,171.441
OUT_19800,389.888
OUT_19801,353.098
OUT_19802,2021.621
OUT_19803,990.292
OUT_19804,364.073
OUT_19805,893.659
OUT_19806,913.856
OUT_19807,196.73
OUT_19808,901.848
OUT_19809,401.523
OUT_19810,360.668
OUT_19811,189.373
OUT_19812,165.73
OUT_19813,175.224
OUT_19814,222.862
OUT_19815,183.782
OUT_19816,158.871
OUT_19817,966.085
OUT_19818,171.986
OUT_19819,181.321
OUT_19820,164.27
OUT_19821,353.929
OUT_19822,164.927
OUT_19823,319.595
OUT_19824,209.65
OUT_19825,158.806
OUT_19826,417.348
OUT_19827,2081.731
OUT_19828,1032.527
OUT_19829,135.864
OUT_19830,391.449
OUT_19831,325.559
OUT_19832,156.358
OUT_19833,300.26
OUT_19834,384.421
OUT_19835,174.314
OUT_19836,247.359
OUT_19837,1181.96
OUT_19838,152.658
OUT_19839,137.937
OUT_19840,161.641
OUT_19841,192.945
OUT_19842,313.124
OUT_19843,358.853
OUT_19844,176.806
OUT_19845,181.21
OUT_19846,159.95
OUT_19847,200.917
OUT_19848,149.821
OUT_19849,191.598
OUT_19850,2090.304
OUT_19851,149.603
OUT_19852,2762.944
OUT_19853,496.706
OUT_19854,157.239
OUT_19855,161.721
OUT_19856,948.182
OUT_19857,158.564
OUT_19858,185.604
OUT_19859,987.619
OUT_19860,156.43
OUT_19861,265.736
OUT_19862,182.146
OUT_19863,352.13
OUT_19864,155.435
OUT_19865,1961.012
OUT_19866,213.7
OUT_19867,388.745
OUT_19868,251.758
OUT_19869,165.798
OUT_19870,149.192
OUT_19871,372.1
OUT_19872,184.001
OUT_19873,187.675
OUT_19874,411.336
OUT_19875,360.322
OUT_19876,385.881
OUT_19877,355.496
OUT_19878,355.714
OUT_19879,234.145
OUT_19880,159.851
OUT_19881,194.881
OUT_19882,194.655
OUT_19883,121.738
OUT_19884,158.423
OUT_19885,334.201
OUT_19886,251.758
OUT_19887,371.959
OUT_19888,146.396
OUT_19889,262.409
OUT_19890,250.779
OUT_19891,246.051
OUT_19892,349.422
OUT_19893,368.817
OUT_19894,991.256
OUT_19895,183.234
OUT_19896,1449.114
OUT_19897,197.995
OUT_19898,930.637
OUT_19899,370.737
OUT_19900,156.847
OUT_19901,262.409
OUT_19902,166.148
OUT_19903,161.523
OUT_19904,162.914
OUT_19905,132.643
OUT_19906,200.624
OUT_19907,349.054
OUT_19908,199.141
OUT_19909,188.079
OUT_19910,169.237
OUT_19911,175.809
OUT_19912,1022.101
OUT_19913,192.462
OUT_19914,226.878
OUT_19915,152.531
OUT_19916,148.008
OUT_19917,199.854
OUT_19918,162.721
OUT_19919,194.717
OUT_19920,162.3
OUT_19921,404.827
OUT_19922,177.472
OUT_19923,352.888
OUT_19924,200.623
OUT_19925,361.022
OUT_19926,262.409
OUT_19927,170.672
OUT_19928,400.437
OUT_19929,361.185
OUT_19930,155.029
OUT_19931,378.299
OUT_19932,164.121
OUT_19933,141.919
OUT_19934,919.461
OUT_19935,1002.058
OUT_19936,249.347
OUT_19937,405.247
OUT_19938,163.892
OUT_19939,161.064
OUT_19940,1017.002
OUT_19941,965.379
OUT_19942,215.056
OUT_19943,969.767
OUT_19944,251.758
OUT_19945,164.455
OUT_19946,230.441
OUT_19947,1060.912
OUT_19948,224.015
OUT_19949,251.758
OUT_19950,211.203
OUT_19951,943.397
OUT_19952,166.025
OUT_19953,336.513
OUT_19954,945.086
OUT_19955,239.546
OUT_19956,251.758
OUT_19957,986.343
OUT_19958,144.111
OUT_19959,963.582
OUT_19960,995.217
OUT_19961,169.673
OUT_19962,393.262
OUT_19963,255.822
OUT_19964,369.747
OUT_19965,384.255
OUT_19966,195.302
OUT_19967,253.082
OUT_19968,174.839
OUT_19969,144.807
OUT_19970,415.377
OUT_19971,391.323
OUT_19972,143.55
OUT_19973,168.336
OUT_19974,157.586
OUT_19975,353.793
OUT_19976,162.232
OUT_19977,2078.018
OUT_19978,950.321
OUT_19979,398.705
OUT_19980,158.34
OUT_19981,171.976
OUT_19982,153.109
OUT_19983,217.155
OUT_19984,345.978
OUT_19985,977.646
OUT_19986,394.078
OUT_19987,144.068
OUT_19988,180.093
OUT_19989,174.032
OUT_19990,152.759
OUT_19991,1034.515
OUT_19992,364.662
OUT_19993,353.903
OUT_19994,329.621
OUT_19995,332.091
OUT_19996,341.043
OUT_19997,160.244
OUT_19998,358.448
OUT_19999,179.692
OUT_20000,210.249
